accident_count,alcohol_count,fatal_count,property_damage_count,avg_stop_hour,unique_locations,repeat_risk
0,0,0,0,8.0,1,0
0,0,0,0,1.0,1,0
0,0,0,0,11.4,4,0
0,0,0,0,10.0,1,0
0,0,0,0,10.0,1,0
0,0,0,0,13.0,1,0
0,0,0,0,16.0,1,0
0,0,0,0,21.0,1,0
0,0,0,0,9.0,1,0
0,0,0,0,10.0,1,0
0,0,0,0,16.0,1,0
0,0,0,0,2.0,1,0
0,0,0,0,20.0,1,0
0,0,0,0,18.0,1,0
0,0,0,0,18.0,1,0
0,0,0,0,23.0,1,0
0,0,0,0,17.0,1,0
0,0,0,0,10.0,1,0
0,0,0,0,10.0,1,0
0,0,0,0,21.0,1,0
0,0,0,0,21.0,1,0
0,0,0,0,17.0,1,0
0,0,0,0,16.0,1,0
0,0,0,0,5.0,1,0
0,0,0,0,22.0,1,0
0,0,0,0,8.0,1,0
0,0,0,0,17.0,1,0
0,0,0,0,13.0,1,0
0,0,0,0,19.0,1,0
0,0,0,0,23.0,1,0
0,0,0,0,3.0,1,0
0,0,0,0,2.0,1,0
0,0,0,0,11.0,1,0
0,0,0,0,9.0,1,0
0,0,0,0,9.0,1,0
0,0,0,0,1.0,1,0
0,0,0,0,3.0,1,0
0,0,0,0,16.0,1,0
0,0,0,0,1.0,1,0
0,0,0,0,20.0,1,0
0,0,0,0,10.0,1,0
0,0,0,0,12.0,1,0
0,0,0,0,17.0,1,0
0,0,0,0,16.0,1,0
0,0,0,0,8.0,1,0
0,0,0,0,12.0,1,0
0,0,0,0,23.0,1,0
0,0,0,0,14.0,2,0
0,0,0,0,0.0,1,0
0,0,0,0,16.0,1,0
0,0,0,0,17.0,1,0
0,0,0,0,17.0,1,0
0,0,0,0,13.0,1,0
0,0,0,0,13.0,1,0
0,0,0,0,17.0,1,0
0,0,0,0,8.0,1,0
0,0,0,0,1.0,1,0
0,0,0,0,8.0,1,0
0,0,0,0,17.0,1,0
0,0,0,0,23.0,1,0
0,0,0,0,21.0,1,0
0,0,0,0,0.0,1,0
0,0,0,0,21.0,1,0
0,0,0,0,10.0,1,0
0,0,0,0,22.0,1,0
0,0,0,0,2.0,1,0
0,0,0,0,14.0,1,0
0,0,0,0,23.0,1,0
0,0,0,0,2.0,1,0
0,0,0,0,23.0,1,0
0,0,0,0,1.0,1,0
0,0,0,0,13.0,1,0
0,0,0,0,8.0,1,0
0,0,0,0,15.0,1,0
0,0,0,0,8.0,1,0
0,0,0,0,21.0,1,0
0,0,0,0,20.0,1,0
0,0,0,0,23.0,1,0
0,0,0,0,16.0,1,0
0,0,0,0,2.0,1,0
0,0,0,0,23.0,1,0
0,0,0,0,22.0,1,0
0,0,0,0,14.0,1,0
0,0,0,0,6.0,1,0
0,0,0,0,10.0,1,0
0,0,0,0,12.0,1,0
0,0,0,0,17.0,1,0
0,0,0,0,9.5,2,0
0,0,0,0,14.666666666666666,3,0
0,0,0,0,15.0,2,0
0,0,0,0,11.25,3,0
0,0,0,0,8.0,2,0
0,0,0,0,17.0,1,0
0,0,0,0,17.0,1,0
0,0,0,0,19.0,1,0
0,0,0,0,7.0,1,0
0,0,0,0,19.0,1,0
0,0,0,0,15.545454545454545,10,0
0,0,0,0,18.5,2,0
0,0,0,0,16.0,2,0
0,0,0,0,22.0,1,0
0,0,0,0,3.0,1,0
0,0,0,1,22.666666666666668,2,0
0,0,0,0,16.0,2,0
0,0,0,0,10.0,1,0
0,0,0,0,2.0,1,0
0,0,0,0,8.0,1,0
0,0,0,0,8.0,2,0
0,0,0,0,1.0,1,0
0,0,0,0,22.0,1,0
0,0,0,0,0.6666666666666666,2,0
0,0,0,0,21.0,1,0
0,0,0,0,18.0,1,0
0,0,0,0,15.0,2,0
0,0,0,0,12.0,1,0
0,0,0,0,4.75,5,0
0,0,0,0,11.0,4,0
0,0,0,0,16.0,4,0
0,0,0,0,8.75,4,0
0,0,0,0,16.166666666666668,4,0
0,0,0,0,13.5,4,0
0,0,0,0,12.0,4,0
0,0,0,0,13.428571428571429,5,0
0,0,0,0,12.0,2,0
0,0,0,0,18.0,5,0
0,0,0,0,11.75,3,0
0,0,0,0,2.0,1,0
0,0,0,0,8.2,3,0
0,0,0,0,6.0,1,0
0,0,0,0,14.4,7,0
0,0,0,0,14.833333333333334,4,0
0,0,0,0,15.875,4,0
0,0,0,0,13.0,9,1
0,0,0,0,11.272727272727273,6,0
0,0,0,0,13.923076923076923,6,1
0,0,0,0,18.1,6,0
0,0,0,0,15.142857142857142,5,0
0,0,0,0,15.5,9,0
0,0,0,0,10.875,6,0
0,0,0,0,17.6,3,0
0,0,0,0,7.166666666666667,4,0
0,0,0,0,16.0,2,0
0,0,0,0,9.0,1,0
0,0,0,0,23.0,1,0
0,0,0,0,23.0,1,0
0,0,0,0,23.0,1,0
0,0,0,0,14.5,2,0
0,0,0,0,17.25,3,0
0,0,0,0,10.0,1,0
0,0,0,0,14.0,1,0
0,0,0,0,20.0,1,0
0,0,0,0,10.0,1,0
0,0,0,0,7.0,1,0
0,0,0,0,22.0,1,0
0,0,0,0,0.0,1,0
0,0,0,0,1.0,1,0
0,0,0,0,1.5,2,0
0,0,0,0,14.0,1,0
0,0,0,0,10.272727272727273,7,0
0,0,0,0,9.0,4,0
0,0,0,0,16.90909090909091,7,0
0,0,0,0,13.45,16,1
0,0,0,0,9.043478260869565,14,1
0,0,0,0,12.380952380952381,10,1
0,0,0,0,11.588235294117647,14,1
0,0,0,0,11.461538461538462,8,1
0,0,0,0,14.727272727272727,18,1
0,0,0,0,16.133333333333333,13,1
0,0,0,0,10.8,5,0
0,0,0,0,8.428571428571429,5,0
0,0,0,0,14.789473684210526,12,1
0,0,0,0,8.0,1,0
0,0,0,0,10.0,1,0
0,0,0,0,21.0,1,0
0,0,0,0,15.0,1,0
0,0,0,0,11.2,4,0
0,0,0,0,20.5,2,0
0,0,0,0,15.333333333333334,3,0
0,0,0,0,16.8,3,0
0,0,0,0,22.0,1,0
0,0,0,0,20.0,1,0
0,0,0,0,22.0,3,0
0,0,0,0,16.0,1,0
0,0,0,0,13.0,1,0
0,0,0,1,10.0,1,0
0,0,0,0,13.0,1,0
0,0,0,0,13.0,2,0
0,0,0,0,18.0,1,0
0,0,0,0,1.0,1,0
0,0,0,0,22.0,1,0
0,0,1,0,11.11111111111111,8,0
0,0,0,0,13.571428571428571,5,0
0,0,0,0,16.0,6,0
0,0,0,0,12.1,6,0
0,0,0,0,16.0,1,0
0,0,0,0,15.0,1,0
0,0,0,0,16.833333333333332,6,0
0,0,0,0,16.0,3,0
0,0,0,0,8.5,2,0
0,0,0,0,19.0,1,0
0,0,0,0,13.0,1,0
0,0,0,0,6.0,1,0
0,0,0,0,13.0,1,0
0,0,0,0,11.0,1,0
0,0,0,0,15.0,1,0
0,0,0,0,7.0,4,0
0,0,0,0,14.5,2,0
0,0,0,0,14.761904761904763,18,1
0,0,0,0,16.058823529411764,16,1
0,0,0,0,13.75,12,1
0,0,0,0,11.608695652173912,14,1
0,0,0,2,13.65,30,1
0,0,0,0,23.0,1,0
0,0,0,0,15.0,1,0
0,0,0,0,21.0,1,0
0,0,0,0,0.0,1,0
0,0,0,0,13.25,4,0
0,0,0,0,8.5,3,0
0,0,0,0,13.0,4,0
0,0,0,0,22.0,1,0
0,0,0,0,19.0,1,0
0,0,0,2,15.0,1,0
0,0,0,0,12.0,1,0
0,0,0,0,21.0,1,0
0,0,0,0,15.0,1,0
0,0,0,0,15.666666666666666,3,0
0,0,0,0,14.0,1,0
0,0,0,0,23.0,1,0
0,0,0,0,8.0,1,0
0,0,0,0,23.0,1,0
0,0,0,0,21.0,1,0
0,0,0,0,12.428571428571429,5,0
0,0,0,0,18.285714285714285,5,0
0,0,0,0,12.333333333333334,5,0
0,0,0,0,12.6,6,0
0,0,0,0,10.0,1,0
0,0,0,0,6.2,4,0
0,0,0,0,14.0,2,0
0,0,0,0,20.0,1,0
0,0,0,0,3.0,1,0
0,0,0,0,22.0,1,0
0,0,0,0,9.0,1,0
0,0,0,0,18.0,1,0
0,0,0,0,8.0,1,0
0,0,0,0,15.0,1,0
0,0,0,0,9.0,1,0
0,0,0,0,20.0,1,0
0,0,0,0,21.0,1,0
0,0,0,0,1.0,1,0
0,0,0,0,5.5,2,0
0,0,0,1,20.5,2,0
0,0,0,0,10.0,1,0
0,0,0,0,21.0,1,0
0,0,0,0,23.0,1,0
0,0,0,0,9.0,1,0
0,0,0,0,19.0,1,0
0,0,0,0,3.0,1,0
0,0,0,0,13.285714285714286,6,0
0,0,0,0,12.0,1,0
0,0,0,0,14.0,1,0
0,0,0,0,8.666666666666666,5,0
0,0,0,0,16.0,1,0
0,0,0,0,10.0,1,0
0,0,0,0,15.0,3,0
0,0,0,0,11.5,2,0
0,0,0,0,8.0,1,0
0,0,0,0,16.0,1,0
0,0,0,0,8.0,2,0
0,0,0,0,14.0,1,0
0,0,0,0,18.0,1,0
0,0,0,0,15.0,2,0
0,0,0,0,23.0,1,0
0,0,0,0,13.0,1,0
0,0,0,0,20.0,1,0
0,0,0,0,22.0,1,0
0,0,0,0,17.0,1,0
0,0,0,0,22.0,1,0
0,0,0,0,14.0,3,0
0,0,0,0,22.0,1,0
0,0,0,0,5.0,2,0
0,0,0,0,3.0,1,0
0,0,0,0,23.0,1,0
0,0,0,0,23.0,1,0
0,0,0,0,3.0,1,0
0,0,0,0,17.0,1,0
0,0,0,0,18.0,1,0
0,0,0,0,16.0,1,0
0,0,0,0,11.0,1,0
0,0,0,0,23.0,1,0
0,0,0,0,17.0,1,0
0,0,0,0,12.5,2,0
0,0,0,0,10.0,1,0
0,0,0,0,22.0,1,0
0,0,0,0,10.0,1,0
0,0,0,0,13.5,2,0
0,0,0,0,18.0,1,0
0,0,0,0,0.0,1,0
0,0,0,0,18.0,1,0
0,0,0,0,10.833333333333334,5,0
0,0,0,0,10.375,6,0
0,0,0,0,8.0,2,0
0,0,0,0,12.8,4,0
0,0,0,0,14.75,8,0
0,0,0,0,18.333333333333332,5,0
0,0,0,0,10.666666666666666,10,1
0,0,0,0,14.61111111111111,16,1
0,0,0,0,10.0,9,0
0,0,0,0,13.5,9,0
0,0,0,0,14.23076923076923,11,1
0,0,0,0,8.714285714285714,5,0
0,0,0,0,9.666666666666666,6,0
0,0,0,0,13.5,4,0
0,0,0,0,10.0,6,0
0,0,0,0,7.5,3,0
0,0,0,0,8.2,12,1
0,0,0,0,14.5,6,0
0,0,0,0,11.0,5,0
0,0,0,0,11.8,5,0
0,0,0,0,14.333333333333334,3,0
0,0,0,0,7.0,1,0
0,0,0,0,17.0,1,0
0,0,0,0,23.0,1,0
0,0,0,1,17.875,6,0
0,0,0,0,3.0,1,0
0,0,0,0,13.125,7,0
0,0,0,1,15.4,5,0
0,0,0,0,14.555555555555555,7,0
0,0,0,0,13.0,10,1
0,0,0,0,16.363636363636363,9,0
0,0,0,0,15.428571428571429,12,1
0,0,0,0,13.545454545454545,10,0
0,0,0,0,13.0,19,1
0,0,0,0,13.434782608695652,15,1
0,0,0,0,13.842105263157896,12,1
0,0,0,0,13.933333333333334,11,1
0,0,0,0,13.4,8,0
0,0,0,0,7.5625,9,1
0,0,0,0,16.0,2,0
0,0,0,0,7.571428571428571,9,1
0,0,0,1,8.0,5,0
0,0,0,0,6.083333333333333,7,1
0,0,0,0,16.285714285714285,6,0
0,0,0,0,14.333333333333334,3,0
0,0,0,0,9.25,8,0
0,0,0,0,0.0,2,0
0,0,0,0,10.0,1,0
0,0,0,0,16.0,1,0
0,0,0,0,13.0,1,0
0,0,0,0,23.0,1,0
0,0,0,0,22.0,1,0
0,0,0,0,12.0,1,0
0,0,0,0,7.0,1,0
0,0,0,1,5.0,1,0
0,0,0,0,11.0,1,0
0,0,0,0,22.0,1,0
0,0,0,0,23.0,1,0
0,0,0,0,22.75,2,0
0,0,0,0,11.0,2,0
0,0,0,0,3.0,1,0
0,0,0,0,17.333333333333332,2,0
0,0,0,0,12.88888888888889,12,1
0,0,0,0,11.166666666666666,7,1
0,0,0,2,15.916666666666666,10,1
0,0,0,0,10.083333333333334,10,1
0,0,0,0,12.75,10,1
0,0,0,0,16.764705882352942,13,1
0,0,0,0,10.25,33,1
0,0,0,0,15.25,11,1
0,2,0,3,12.96923076923077,46,1
0,0,0,0,12.5,48,1
0,0,0,4,10.322033898305085,44,1
0,3,0,2,12.924528301886792,30,1
0,0,0,0,12.08,35,1
0,0,0,4,12.548387096774194,23,1
0,0,0,1,10.823529411764707,28,1
0,0,0,0,9.857142857142858,18,1
0,0,0,0,15.31578947368421,17,1
0,0,0,0,11.466666666666667,13,1
0,0,0,3,14.666666666666666,16,1
0,0,0,0,10.916666666666666,18,1
0,0,0,0,7.578947368421052,17,1
0,0,0,0,11.875,8,0
0,0,0,0,9.222222222222221,9,0
0,0,0,0,11.25,4,0
0,0,0,0,8.0,1,0
0,0,0,0,18.0,1,0
0,0,0,0,23.0,1,0
0,0,0,0,22.0,1,0
0,0,0,0,14.0,1,0
0,0,0,0,22.0,1,0
0,0,0,0,18.0,1,0
0,0,0,0,20.0,1,0
0,0,0,0,17.0,1,0
0,0,0,0,8.0,1,0
0,0,0,0,21.0,1,0
0,0,0,0,10.0,1,0
0,0,0,0,23.0,1,0
0,0,0,0,10.0,1,0
0,0,0,0,18.0,1,0
0,0,0,0,10.0,1,0
0,0,0,0,3.0,1,0
0,0,0,0,1.0,1,0
0,0,0,0,23.0,1,0
0,0,0,0,12.11111111111111,9,0
0,0,0,0,19.5,4,0
0,0,0,0,17.0,5,0
0,0,0,0,11.666666666666666,6,0
0,0,0,0,15.833333333333334,2,0
0,0,0,0,16.714285714285715,5,0
0,0,0,0,1.0,1,0
0,0,0,0,10.0,1,0
0,0,0,0,22.0,1,0
0,0,0,0,0.0,1,0
0,0,0,0,3.0,1,0
0,0,0,0,21.0,1,0
0,0,0,0,23.0,1,0
0,0,0,0,10.0,1,0
0,0,0,0,2.0,1,0
0,0,0,0,6.0,1,0
0,0,0,0,23.0,1,0
0,0,0,0,8.0,1,0
0,0,0,0,8.0,1,0
0,0,0,0,9.0,1,0
0,0,0,0,7.0,1,0
0,0,0,0,17.0,1,0
0,0,0,2,12.8,23,1
0,0,0,0,13.3125,12,1
0,0,0,0,12.5,4,0
0,0,0,0,11.375,8,0
0,0,0,0,6.333333333333333,3,0
0,0,0,0,20.0,1,0
0,0,0,0,0.0,1,0
0,0,0,0,19.5,2,0
0,0,0,0,22.0,1,0
0,0,0,0,19.0,1,0
0,0,0,0,22.0,1,0
0,0,0,0,22.0,1,0
0,0,0,0,13.0,1,0
0,0,0,0,17.0,1,0
0,0,0,0,18.0,1,0
0,0,0,0,22.0,1,0
0,0,0,0,14.541666666666666,10,1
0,0,0,0,14.2,12,1
0,0,0,0,19.25,9,1
0,0,0,0,15.8125,12,1
0,0,0,0,17.295454545454547,31,1
0,0,0,1,14.702702702702704,24,1
0,0,0,2,14.538461538461538,29,1
0,0,0,3,12.55,16,1
0,0,0,0,12.795454545454545,28,1
0,0,0,3,14.833333333333334,21,1
0,0,0,3,12.978260869565217,32,1
0,0,0,0,18.1,5,0
0,0,0,0,17.375,6,0
0,0,0,0,19.0,2,0
0,0,0,0,16.166666666666668,5,0
0,0,0,0,13.0,1,0
0,0,0,0,11.0,5,0
0,0,0,0,3.0,1,0
0,0,0,0,11.0,2,0
0,0,0,0,19.5,3,0
0,0,0,0,17.0,1,0
0,0,0,0,17.0,1,0
0,0,0,0,19.0,1,0
0,0,0,0,20.0,1,0
0,0,0,0,11.0,1,0
0,0,0,0,22.0,1,0
0,0,0,0,14.0,1,0
0,0,0,0,2.0,1,0
0,0,0,0,0.0,1,0
0,0,0,0,13.0,1,0
0,0,0,0,21.0,1,0
0,0,0,0,15.857142857142858,3,0
0,0,0,0,21.0,1,0
0,0,0,0,17.0,1,0
0,0,0,0,15.0,5,0
0,0,0,0,11.0,6,0
0,0,0,0,14.222222222222221,7,0
0,0,0,0,15.583333333333334,6,1
0,0,0,0,12.666666666666666,18,1
0,0,0,0,9.0,1,0
0,0,0,0,12.0,1,0
0,0,0,0,22.0,1,0
0,0,0,0,21.0,1,0
0,0,0,0,8.0,1,0
0,0,0,0,8.0,1,0
0,0,0,0,17.0,1,0
0,0,0,0,1.0,1,0
0,0,0,0,2.0,1,0
0,0,0,0,16.0,1,0
0,0,0,0,15.0,1,0
0,0,0,0,17.0,1,0
0,0,0,0,0.0,1,0
0,0,0,0,23.0,1,0
0,0,0,0,13.333333333333334,2,0
0,0,0,0,10.5,2,0
0,0,0,0,12.333333333333334,2,0
0,0,0,0,12.666666666666666,5,0
0,0,0,0,8.0,1,0
0,0,0,0,16.75,2,0
0,0,0,0,12.0,1,0
0,0,0,0,14.0,1,0
0,0,0,0,10.6,3,0
0,0,0,0,15.0,2,0
0,0,0,0,16.0,2,0
0,0,0,0,14.0,1,0
0,0,0,0,20.0,1,0
0,0,0,0,20.5,3,0
0,0,0,0,12.577777777777778,36,1
0,0,0,1,13.477611940298507,52,1
0,0,0,1,14.035714285714286,65,1
0,0,0,2,13.886363636363637,76,1
0,0,0,1,11.060975609756097,64,1
0,0,0,0,12.529411764705882,57,1
0,0,0,0,12.702702702702704,55,1
0,0,0,1,11.428571428571429,46,1
0,0,0,0,12.333333333333334,46,1
0,0,0,7,12.053571428571429,47,1
0,0,0,1,14.366666666666667,50,1
0,0,1,1,12.483333333333333,56,1
0,0,0,1,12.096774193548388,26,1
0,0,0,2,14.68,41,1
0,0,0,5,13.975,33,1
0,0,0,1,12.947368421052632,35,1
0,0,0,0,12.526315789473685,17,1
0,0,0,0,18.0,1,0
0,0,0,0,13.0,1,0
0,0,0,0,21.0,1,0
0,0,0,0,1.0,1,0
0,0,0,0,1.0,1,0
0,0,0,0,20.0,1,0
0,0,0,0,23.0,1,0
0,0,0,0,12.0,1,0
0,0,0,0,18.0,1,0
0,0,0,0,13.0,1,0
0,0,0,0,10.0,1,0
0,0,0,0,23.0,1,0
0,0,0,0,19.0,1,0
0,0,0,0,9.0,1,0
0,0,0,0,14.0,1,0
0,0,0,0,1.0,1,0
0,0,0,0,13.0,1,0
0,0,0,0,9.0,1,0
0,0,0,0,16.0,1,0
0,0,0,0,7.0,1,0
0,0,0,0,10.0,1,0
0,0,0,1,11.666666666666666,20,1
0,0,0,0,13.916666666666666,17,1
0,0,0,0,15.6,9,0
0,0,0,0,10.642857142857142,11,1
0,0,0,1,12.028571428571428,24,1
0,0,0,0,15.555555555555555,7,0
0,0,0,0,15.703703703703704,25,1
0,0,0,0,10.2,19,1
0,0,0,0,11.344827586206897,25,1
0,0,0,1,14.823529411764707,15,1
0,0,0,0,14.785714285714286,12,1
0,0,0,0,14.0,1,0
0,0,0,0,1.0,1,0
0,0,0,0,14.333333333333334,2,0
0,0,0,0,9.0,1,0
0,0,0,0,22.0,1,0
0,0,0,0,10.428571428571429,6,0
0,0,0,0,10.5,2,0
0,0,0,0,10.5,4,0
0,0,0,0,7.75,3,0
0,0,0,0,16.0,6,0
0,0,0,0,18.0,4,0
0,0,0,0,17.428571428571427,5,0
0,0,0,0,22.5,2,0
0,0,0,0,18.25,7,0
0,0,0,0,4.111111111111111,4,0
0,0,0,0,9.928571428571429,14,1
0,0,0,0,14.363636363636363,9,0
0,0,0,0,4.5,2,0
0,0,0,0,16.125,5,0
0,0,0,0,22.0,1,0
0,0,0,0,18.333333333333332,2,0
0,0,0,0,8.0,1,0
0,0,0,0,8.0,1,0
0,0,0,0,9.0,1,0
0,0,0,0,8.0,1,0
0,0,0,0,15.0,1,0
0,0,0,0,13.0,1,0
0,0,0,0,1.0,1,0
0,0,0,0,23.0,1,0
0,0,0,0,20.0,1,0
0,0,0,0,7.0,1,0
0,0,0,4,13.7012987012987,50,1
0,0,0,0,13.81578947368421,29,1
0,0,0,1,10.566666666666666,21,1
0,0,0,6,12.563636363636364,37,1
0,0,0,0,11.215384615384615,48,1
0,0,0,0,18.6,2,0
0,0,0,0,0.0,1,0
0,0,0,0,18.0,1,0
0,0,0,0,22.0,1,0
0,0,0,0,23.0,1,0
0,0,0,0,11.0,1,0
0,0,0,0,21.0,1,0
0,0,0,0,1.0,1,0
0,0,0,0,0.0,1,0
0,0,0,0,8.0,1,0
0,0,0,0,19.333333333333332,2,0
0,0,0,0,6.25,2,0
0,0,0,1,8.0,1,0
0,0,0,0,16.0,1,0
0,0,0,0,0.0,1,0
0,0,0,0,23.0,1,0
0,0,0,0,4.5,2,0
0,0,0,0,1.0,1,0
0,0,0,0,6.0,1,0
0,0,0,0,2.0,1,0
0,0,0,0,3.5,2,0
0,0,0,0,2.0,1,0
0,0,0,0,6.0,1,0
0,0,0,0,8.5,2,0
0,0,0,0,18.0,1,0
0,0,0,0,23.0,1,0
0,0,0,0,12.0,1,0
0,0,0,0,8.0,1,0
0,0,0,0,22.0,1,0
0,0,0,0,23.0,1,0
0,0,0,0,15.0,1,0
0,0,0,0,9.0,1,0
0,0,0,0,22.0,1,0
0,0,0,3,16.333333333333332,8,1
0,0,0,0,15.571428571428571,6,0
0,0,0,0,4.4,3,0
0,0,0,0,16.727272727272727,9,0
0,0,0,0,6.916666666666667,11,1
0,0,0,0,13.25,4,0
0,0,0,1,13.954545454545455,15,1
0,0,0,0,9.583333333333334,11,1
0,0,0,0,13.4,5,0
0,0,0,0,15.5,4,0
0,0,0,0,10.222222222222221,8,0
0,0,0,0,14.666666666666666,11,1
0,0,0,0,10.333333333333334,6,0
0,0,0,0,10.61111111111111,14,1
0,0,0,0,12.583333333333334,11,1
0,0,0,0,10.866666666666667,13,1
0,0,0,0,9.166666666666666,6,0
0,0,0,0,9.0,1,0
0,0,0,0,11.0,1,0
0,0,0,0,9.0,1,0
0,0,0,0,9.0,1,0
0,0,0,0,9.0,2,0
0,0,0,0,12.0,1,0
0,0,0,0,9.0,1,0
0,0,0,0,12.25,4,0
0,0,0,0,12.0,1,0
0,0,0,0,7.5,2,0
0,0,0,0,7.0,1,0
0,0,0,0,16.0,1,0
0,0,0,0,13.5,4,0
0,0,0,0,8.0,1,0
0,0,0,0,13.0,1,0
0,0,0,0,13.5,2,0
0,0,0,0,22.0,1,0
0,0,0,0,5.0,1,0
0,0,0,0,20.0,1,0
0,0,0,0,14.0,1,0
0,0,0,0,17.0,1,0
0,0,0,0,17.5,3,0
0,0,0,0,12.5,1,0
0,0,0,1,5.444444444444445,6,0
0,0,0,0,10.75,4,0
0,0,0,0,15.6,5,0
0,1,0,0,18.0,9,0
0,0,0,0,17.0,9,1
0,0,0,0,14.666666666666666,7,0
0,0,0,0,12.5,2,0
0,0,0,0,15.5,4,0
0,0,0,3,13.166666666666666,4,0
0,0,0,1,13.0,9,0
0,0,0,0,13.75,4,0
0,0,0,0,16.0,10,0
0,0,0,0,9.0,1,0
0,0,0,0,12.0,6,0
0,0,0,0,15.5,4,0
0,0,0,0,18.0,1,0
0,0,0,0,21.0,1,0
0,0,0,0,11.0,1,0
0,0,0,2,19.0,1,0
0,0,0,0,1.0,2,0
0,0,0,1,12.0,2,0
0,0,0,0,9.0,1,0
0,0,0,0,19.0,1,0
0,0,0,0,21.5,2,0
0,0,0,0,9.0,1,0
0,0,0,0,22.0,1,0
0,0,0,0,12.0,1,0
0,0,0,0,23.0,1,0
0,0,0,0,11.0,1,0
0,0,0,0,14.0,1,0
0,0,0,0,20.0,1,0
0,0,0,0,8.0,1,0
0,0,0,0,23.0,1,0
0,0,0,0,6.0,2,0
0,0,0,0,17.666666666666668,3,0
0,0,0,0,23.0,1,0
0,0,0,0,15.0,2,0
0,0,0,0,5.0,1,0
0,0,0,0,11.0,1,0
0,0,0,0,18.0,1,0
0,0,0,0,8.0,1,0
0,0,0,0,16.0,1,0
0,0,0,0,16.0,1,0
0,0,0,0,11.0,1,0
0,0,0,0,17.0,1,0
0,0,0,0,10.0,1,0
0,0,0,0,10.75,2,0
0,0,0,0,14.0,1,0
0,0,0,0,12.0,1,0
0,0,0,0,4.75,3,0
0,0,0,0,11.0,1,0
0,0,0,0,16.0,1,0
0,0,0,0,19.666666666666668,2,0
0,0,0,1,14.31578947368421,33,1
0,0,0,0,12.368421052631579,17,1
0,0,0,0,12.833333333333334,6,0
0,0,0,0,9.0,3,0
0,0,0,0,22.0,1,0
0,0,0,0,22.0,1,0
0,0,0,0,17.0,1,0
0,0,0,0,12.0,2,0
0,0,0,0,7.818181818181818,6,0
0,0,0,0,16.916666666666668,9,1
0,0,0,0,4.909090909090909,7,0
0,0,0,0,15.75,23,1
0,0,0,2,10.981132075471699,37,1
0,0,0,0,12.0,30,1
0,0,0,1,12.338709677419354,46,1
0,0,0,0,12.767676767676768,71,1
0,0,0,1,14.411042944785276,130,1
0,0,0,1,13.615789473684211,139,1
0,0,0,5,11.678756476683938,121,1
0,3,0,0,13.232876712328768,59,1
0,0,0,0,12.322033898305085,87,1
0,0,0,0,15.392857142857142,42,1
0,3,0,2,12.693548387096774,46,1
0,0,0,0,9.583333333333334,11,1
0,0,0,3,11.84,52,1
0,0,0,1,12.08695652173913,21,1
0,0,0,3,13.3125,13,1
0,0,0,0,3.0,3,0
0,0,0,0,18.666666666666668,3,0
0,0,0,0,13.666666666666666,3,0
0,0,0,0,22.0,1,0
0,0,0,0,13.0,1,0
0,0,0,0,12.0,1,0
0,0,0,0,1.6,2,0
0,0,0,0,18.25,3,0
0,0,0,0,17.0,1,0
0,0,0,0,18.0,1,0
0,0,0,0,15.0,1,0
0,0,0,0,8.0,1,0
0,0,0,0,12.0,1,0
0,0,0,0,1.0,1,0
0,0,0,0,17.0,1,0
0,0,0,0,22.0,1,0
0,0,0,0,10.0,1,0
0,0,0,0,5.0,1,0
0,0,0,0,2.0,1,0
0,0,0,0,10.0,1,0
0,0,0,0,0.0,1,0
0,0,0,0,11.0,1,0
0,0,0,0,20.0,1,0
0,0,0,0,8.0,1,0
0,0,0,0,17.0,1,0
0,0,0,0,21.0,1,0
0,0,0,0,2.0,1,0
0,0,0,0,7.0,2,0
0,0,0,0,0.0,1,0
0,0,0,0,7.0,1,0
0,0,0,0,11.0,1,0
0,0,0,0,2.0,1,0
0,0,0,0,3.375,3,0
0,0,0,0,15.2875,57,1
0,0,0,2,14.885714285714286,43,1
0,0,0,2,13.273684210526316,67,1
0,0,0,0,13.093023255813954,35,1
0,0,0,2,13.325581395348838,34,1
0,0,0,3,10.715909090909092,67,1
0,0,0,4,11.53191489361702,72,1
0,0,0,4,11.944444444444445,40,1
0,2,0,0,14.468354430379748,60,1
0,0,0,0,14.407407407407407,22,1
0,0,0,0,15.5,9,1
0,0,0,0,22.0,1,0
0,0,0,0,17.0,1,0
0,0,0,0,21.0,1,0
0,0,0,0,16.0,1,0
0,2,0,0,9.333333333333334,2,0
0,0,0,0,23.0,1,0
0,0,0,0,10.0,1,0
0,0,0,0,8.0,1,0
0,0,0,0,20.0,1,0
0,0,0,0,22.0,1,0
0,0,0,0,22.0,1,0
0,0,0,0,16.5,2,0
0,0,0,0,14.5,2,0
0,0,0,0,22.0,1,0
0,0,0,0,18.0,1,0
0,0,0,0,14.0,1,0
0,0,0,0,13.0,1,0
0,0,0,0,16.0,1,0
0,0,0,0,0.0,1,0
0,0,0,0,2.0,1,0
0,0,0,0,7.0,1,0
0,0,0,0,13.5,2,0
0,0,0,0,16.833333333333332,3,0
0,0,0,0,20.0,1,0
0,0,0,0,11.0,1,0
0,0,0,0,18.0,1,0
0,0,0,0,11.0,1,0
0,0,0,0,7.0,1,0
0,0,0,0,22.0,1,0
0,0,0,0,22.0,1,0
0,0,0,0,18.0,1,0
0,0,0,0,9.0,1,0
0,0,0,0,6.0,1,0
0,0,0,0,16.0,1,0
0,0,0,0,23.0,1,0
0,0,0,0,18.0,1,0
0,0,0,0,19.0,1,0
0,0,0,0,22.0,1,0
0,0,0,0,21.0,1,0
0,0,0,0,18.0,1,0
0,0,0,0,3.0,1,0
0,0,0,0,23.0,1,0
0,0,0,0,15.0,1,0
0,0,0,0,10.5,2,0
0,0,0,0,9.0,1,0
0,0,0,0,13.0,1,0
0,0,0,0,1.0,1,0
0,0,0,0,12.5,4,0
0,0,0,0,10.0,1,0
0,0,0,0,21.0,1,0
0,0,0,0,17.142857142857142,6,0
0,0,0,0,23.0,1,0
0,0,0,0,4.5,3,0
0,0,0,0,1.0,2,0
0,0,0,0,23.0,1,0
0,0,0,0,20.5,2,0
0,0,0,0,22.25,3,0
0,0,0,0,7.0,1,0
0,0,0,0,22.0,1,0
0,0,0,1,6.0,1,0
0,0,0,0,8.0,1,0
0,0,0,0,18.0,1,0
0,0,0,0,12.727272727272727,7,0
0,0,0,0,4.0,3,0
0,0,0,0,10.0,2,0
0,0,0,0,13.61111111111111,17,1
0,0,0,0,14.823529411764707,15,1
0,0,0,0,17.9,15,1
0,0,0,0,13.678571428571429,23,1
0,0,0,0,16.666666666666668,9,0
0,0,0,2,9.357142857142858,12,1
0,0,0,0,16.2,12,1
0,0,0,1,15.4,14,1
0,0,0,1,13.380952380952381,30,1
0,0,0,0,14.13888888888889,27,1
0,0,0,0,17.0,9,0
0,0,0,0,10.470588235294118,13,1
0,0,0,0,13.3125,16,1
0,0,0,0,1.0,1,0
0,0,0,0,17.0,1,0
0,0,0,0,11.0,1,0
0,0,0,0,17.0,1,0
0,0,0,0,8.0,1,0
0,0,0,0,17.25,4,0
0,0,0,0,6.0,1,0
0,0,0,0,2.0,1,0
0,0,0,0,8.0,1,0
0,0,0,0,4.0,1,0
0,0,0,0,9.0,2,0
0,0,0,0,12.4,5,0
0,0,0,0,14.333333333333334,3,0
0,0,0,0,16.25,3,0
0,0,0,0,13.625,7,0
0,0,0,0,16.0,1,0
0,0,0,0,18.0,1,0
0,0,0,0,22.0,1,0
0,0,0,0,18.0,1,0
0,0,0,0,13.0,1,0
0,0,0,0,19.0,1,0
0,0,0,0,17.0,1,0
0,0,0,0,14.0,2,0
0,0,0,0,10.0,1,0
0,0,0,0,10.0,1,0
0,0,0,0,16.0,1,0
0,0,0,0,8.0,1,0
0,0,0,0,16.0,1,0
0,0,0,0,17.0,1,0
0,0,0,0,14.0,2,0
0,0,0,0,11.666666666666666,3,0
0,0,0,0,23.0,1,0
0,0,0,0,9.0,2,0
0,0,0,0,16.0,1,0
0,0,0,0,8.5,2,0
0,0,0,0,0.0,1,0
0,0,0,0,9.0,1,0
0,0,0,0,16.0,1,0
0,0,0,0,21.0,1,0
0,0,0,0,9.0,1,0
0,0,0,0,23.0,1,0
0,0,0,0,0.0,1,0
0,0,0,0,15.0,2,0
0,0,0,0,17.0,1,0
0,0,0,0,21.0,1,0
0,0,0,0,12.272727272727273,5,0
0,0,0,0,17.0,1,0
0,0,0,0,16.0,2,0
0,0,0,0,11.0,1,0
0,0,0,0,9.0,3,0
0,0,0,0,18.0,1,0
0,0,0,0,6.0,2,0
0,0,0,0,10.0,1,0
0,0,0,0,12.0,1,0
0,0,0,0,22.0,1,0
0,0,0,0,22.0,1,0
0,0,0,0,11.0,1,0
0,0,0,0,21.0,1,0
0,0,0,0,12.0,1,0
0,0,0,0,6.0,1,0
0,0,0,0,16.0,1,0
0,0,0,0,14.0,1,0
0,0,0,0,8.0,1,0
0,0,0,0,10.0,1,0
0,0,0,0,7.0,1,0
0,0,0,0,10.0,1,0
0,0,0,0,7.333333333333333,3,0
0,0,0,0,22.0,1,0
0,0,0,0,8.0,1,0
0,0,0,0,10.0,1,0
0,0,0,0,7.0,1,0
0,0,0,0,12.5,2,0
0,0,0,0,18.5,2,0
0,0,0,0,18.0,1,0
0,0,0,0,7.0,1,0
0,0,0,0,20.0,1,0
0,0,0,0,7.0,1,0
0,0,0,0,15.0,1,0
0,0,0,0,22.0,1,0
0,0,0,0,10.0,1,0
0,0,0,0,8.0,1,0
0,0,0,0,9.0,1,0
0,0,0,0,14.0,1,0
0,0,0,0,16.666666666666668,3,0
0,0,0,0,22.5,2,0
0,0,0,0,14.857142857142858,7,0
0,0,0,0,9.777777777777779,13,1
0,0,0,0,13.142857142857142,12,1
0,0,0,0,12.4,15,1
0,0,0,1,13.407407407407407,21,1
0,0,0,0,12.571428571428571,12,1
0,0,0,0,12.731707317073171,35,1
0,0,0,0,13.666666666666666,45,1
0,0,0,0,12.738095238095237,31,1
0,0,0,0,15.693548387096774,51,1
0,0,0,0,14.43939393939394,57,1
0,0,1,1,13.903225806451612,75,1
0,0,0,1,12.534090909090908,78,1
0,0,0,2,10.320754716981131,79,1
0,0,0,1,13.546875,56,1
0,0,0,1,11.0,41,1
0,0,0,0,11.882352941176471,39,1
0,0,0,0,13.45,39,1
0,0,0,1,9.818181818181818,10,0
0,0,0,0,11.290322580645162,27,1
0,0,0,0,11.882352941176471,16,1
0,0,0,0,19.4,5,0
0,0,0,0,12.916666666666666,11,1
0,0,0,0,17.0,3,0
0,0,0,0,23.0,1,0
0,0,0,0,15.0,1,0
0,0,0,1,18.0,1,0
0,0,0,0,17.0,1,0
0,0,0,0,15.0,3,0
0,0,0,0,3.0,1,0
0,0,0,0,14.0,1,0
0,0,0,0,14.0,1,0
0,0,0,0,22.0,1,0
0,0,0,0,17.0,1,0
0,0,0,0,12.0,1,0
0,0,0,0,8.0,2,0
0,0,0,0,20.0,1,0
0,0,0,0,23.0,1,0
0,0,0,0,13.0,1,0
0,0,0,0,21.0,1,0
0,0,0,0,22.0,1,0
0,0,0,0,22.0,1,0
0,0,0,0,9.0,1,0
0,0,0,0,0.0,1,0
0,0,0,0,21.0,1,0
0,0,0,0,8.8,8,0
0,0,0,0,13.25,3,0
0,0,0,0,17.0,1,0
0,0,0,0,0.0,1,0
0,0,0,0,7.0,1,0
0,0,0,0,19.5,2,0
0,0,0,0,22.0,1,0
0,0,0,0,17.0,1,0
0,0,0,0,8.75,3,0
0,0,0,0,15.0,4,0
0,0,0,0,10.333333333333334,3,0
0,0,0,0,5.8,4,0
0,0,0,0,5.666666666666667,3,0
0,0,0,0,13.0,1,0
0,0,0,0,19.5,2,0
0,0,0,0,23.0,1,0
0,0,0,0,23.0,1,0
0,0,0,0,0.0,1,0
0,0,0,0,9.0,1,0
0,0,0,0,22.0,1,0
0,0,0,0,18.0,2,0
0,0,0,0,15.0,1,0
0,0,0,0,12.0,1,0
0,0,0,0,13.0,1,0
0,0,0,0,13.0,1,0
0,0,0,0,7.0,1,0
0,0,0,0,10.0,1,0
0,0,0,0,20.5,2,0
0,0,0,0,9.0,1,0
0,0,0,0,0.0,1,0
0,0,0,0,23.0,1,0
0,0,0,0,8.285714285714286,5,0
0,0,0,0,11.083333333333334,8,1
0,0,0,1,16.214285714285715,12,1
0,0,0,0,14.428571428571429,13,1
0,0,0,2,13.090909090909092,8,0
0,0,0,1,10.785714285714286,9,1
0,0,0,0,14.571428571428571,6,0
0,0,0,0,13.666666666666666,8,0
0,0,0,0,17.0,5,0
0,0,0,0,14.428571428571429,6,0
0,0,0,0,14.11111111111111,9,0
0,0,0,0,15.5,4,0
0,0,0,0,9.5,3,0
0,0,0,0,13.6,4,0
0,0,0,0,10.666666666666666,4,0
0,0,0,0,10.8,4,0
0,0,0,0,14.0,1,0
0,0,0,0,17.0,1,0
0,0,0,0,22.0,1,0
0,0,0,0,21.0,1,0
0,0,0,0,16.5,4,0
0,0,0,0,11.4,5,0
0,0,0,0,7.0,2,0
0,0,0,0,12.0,2,0
0,0,0,0,11.0,2,0
0,0,0,0,14.307692307692308,11,1
0,0,0,0,10.5,2,0
0,0,0,0,13.0,1,0
0,0,0,0,10.666666666666666,3,0
0,0,0,0,22.0,1,0
0,0,0,0,22.0,1,0
0,0,0,0,8.0,1,0
0,0,0,0,9.0,1,0
0,0,0,0,23.0,1,0
0,0,0,0,5.0,1,0
0,0,0,0,9.0,1,0
0,0,0,0,17.0,1,0
0,0,0,0,20.0,1,0
0,0,0,0,8.0,1,0
0,0,0,0,22.0,1,0
0,0,0,0,17.75,3,0
0,0,0,0,5.2,5,0
0,0,0,1,17.333333333333332,6,0
0,0,0,0,12.0,5,0
0,0,0,0,18.22222222222222,10,1
0,0,0,0,18.0,7,0
0,0,0,0,15.0,2,0
0,0,0,0,23.0,1,0
0,0,0,0,15.0,2,0
0,0,0,0,18.0,1,0
0,0,0,0,11.0,1,0
0,0,0,0,17.0,1,0
0,0,0,0,9.0,1,0
0,0,0,0,11.5,2,0
0,0,0,0,7.4,4,0
0,0,0,0,13.0,1,0
0,0,0,0,12.0,3,0
0,0,0,0,22.0,1,0
0,0,0,0,12.0,3,0
0,0,0,0,22.0,1,0
0,0,0,0,12.0,1,0
0,0,0,0,15.666666666666666,2,0
0,0,0,0,11.333333333333334,3,0
0,0,0,0,7.5,2,0
0,0,0,0,13.0,3,0
0,0,0,0,9.333333333333334,3,0
0,0,0,0,14.0,3,0
0,0,0,0,15.0,1,0
0,0,0,0,12.0,1,0
0,0,0,0,20.0,2,0
0,0,0,0,18.5,2,0
0,0,0,0,8.0,1,0
0,0,0,0,11.0,2,0
0,0,0,0,6.666666666666667,3,0
0,0,0,0,13.333333333333334,3,0
0,0,0,0,9.222222222222221,9,0
0,0,0,0,15.555555555555555,8,0
0,0,0,0,11.0,9,0
0,0,0,0,16.0,1,0
0,0,0,0,12.5,4,0
0,0,0,0,16.0,1,0
0,0,0,0,15.666666666666666,3,0
0,0,0,0,22.0,1,0
0,0,0,0,21.0,1,0
0,0,0,0,7.0,1,0
0,0,0,0,12.0,5,0
0,0,0,0,9.333333333333334,3,0
0,0,0,0,13.5,2,0
0,0,0,0,7.0,1,0
0,0,0,0,22.0,1,0
0,0,0,0,22.0,1,0
0,0,0,0,7.0,1,0
0,0,0,0,11.0,1,0
0,0,0,0,11.0,1,0
0,0,0,0,11.466666666666667,13,1
0,0,0,0,10.75,18,1
0,0,0,1,13.105263157894736,16,1
0,0,0,0,11.925,37,1
0,0,0,0,13.318181818181818,21,1
0,0,0,0,14.74074074074074,24,1
0,0,0,0,11.617647058823529,29,1
0,0,0,0,12.5,16,1
0,0,0,0,12.444444444444445,18,1
0,0,0,0,14.6,5,0
0,0,0,0,12.727272727272727,10,0
0,0,0,0,12.88888888888889,17,1
0,0,0,0,13.0,7,0
0,0,0,0,13.166666666666666,22,1
0,0,0,0,13.636363636363637,10,0
0,0,0,0,13.2,5,0
0,0,0,0,6.2,3,0
0,0,0,0,1.0,1,0
0,0,0,0,23.0,1,0
0,0,0,0,19.0,1,0
0,0,0,0,20.0,1,0
0,0,0,0,2.0,1,0
0,0,0,0,9.0,2,0
0,0,0,0,23.0,1,0
0,0,0,0,23.0,1,0
0,0,0,0,11.0,1,0
0,0,0,0,11.5,2,0
0,0,0,0,23.0,1,0
0,0,0,0,10.5,2,0
0,0,0,0,14.1,8,0
0,0,0,0,11.75,7,0
0,0,0,0,12.333333333333334,4,0
0,0,0,1,18.5,8,0
0,0,0,0,11.777777777777779,9,0
0,0,0,0,15.777777777777779,23,1
0,0,0,0,11.3125,15,1
0,0,0,3,10.478260869565217,19,1
0,0,0,0,13.857142857142858,7,0
0,0,0,0,12.625,13,1
0,0,0,0,15.333333333333334,3,0
0,0,0,3,12.0,6,0
0,0,0,0,13.0,2,0
0,0,0,0,8.88888888888889,5,0
0,0,0,0,18.0,1,0
0,0,0,0,18.333333333333332,2,0
0,0,0,0,17.0,1,0
0,0,0,0,21.0,1,0
0,0,0,0,21.0,1,0
0,0,0,0,1.0,1,0
0,0,0,0,14.5,2,0
0,0,0,0,15.2,14,1
0,0,0,1,13.375,6,0
0,0,0,1,11.909090909090908,11,0
0,0,0,0,14.166666666666666,4,0
0,0,0,0,15.0,8,0
0,0,0,0,14.222222222222221,13,1
0,0,0,0,17.0,11,1
0,0,0,0,11.6,4,0
0,0,0,0,11.5,4,0
0,0,0,0,15.75,4,0
0,0,0,0,15.0,1,0
0,0,0,0,0.0,1,0
0,0,0,0,13.0,1,0
0,0,0,0,20.0,1,0
0,0,0,0,8.0,1,0
0,0,0,0,8.0,1,0
0,0,0,0,18.0,1,0
0,0,0,0,15.0,1,0
0,0,0,0,1.0,1,0
0,0,0,0,14.0,1,0
0,0,0,0,10.0,1,0
0,0,0,0,1.0,1,0
0,0,0,0,1.0,1,0
0,0,0,0,0.0,1,0
0,0,0,0,16.0,1,0
0,0,0,0,17.0,1,0
0,0,0,0,11.0,1,0
0,0,0,0,21.0,1,0
0,0,0,0,17.0,1,0
0,0,0,0,22.0,1,0
0,0,0,0,22.0,1,0
0,0,0,0,22.0,1,0
0,0,0,0,21.0,1,0
0,4,0,0,17.0,1,0
0,0,0,0,23.0,1,0
0,0,0,0,8.0,1,0
0,0,0,0,12.0,1,0
0,0,0,0,18.0,1,0
0,0,0,0,12.0,1,0
0,0,0,0,13.0,1,0
0,0,0,0,19.0,1,0
0,0,0,0,18.0,1,0
0,0,0,0,16.0,1,0
0,0,0,0,18.0,1,0
0,0,0,0,0.0,1,0
0,0,0,0,8.0,1,0
0,0,0,0,21.0,1,0
0,0,0,0,23.0,1,0
0,0,0,0,0.0,1,0
0,0,0,0,14.0,1,0
0,0,0,0,11.0,1,0
0,0,0,0,10.0,1,0
0,0,0,0,17.0,1,0
0,0,0,0,8.0,1,0
0,0,0,0,8.0,1,0
0,0,0,0,5.0,1,0
0,0,0,0,16.0,1,0
0,0,0,0,17.0,2,0
0,0,0,0,17.0,1,0
0,0,0,0,18.0,1,0
0,0,0,0,8.0,1,0
0,0,0,0,6.0,1,0
0,0,0,0,20.0,1,0
0,0,0,0,18.0,1,0
0,0,0,0,10.0,1,0
0,0,0,0,14.0,1,0
0,0,0,0,14.0,1,0
0,0,0,0,20.0,2,0
0,0,0,0,17.0,1,0
0,0,0,0,23.0,1,0
0,0,0,0,0.0,1,0
0,0,0,0,23.0,1,0
0,0,0,0,15.0,1,0
0,0,0,0,8.0,1,0
0,0,0,0,10.0,1,0
0,0,0,0,20.0,1,0
0,0,0,0,15.0,2,0
0,0,0,0,20.0,1,0
0,0,0,0,17.5,2,0
0,0,0,0,3.0,1,0
0,0,0,0,13.0,1,0
0,0,0,0,15.0,1,0
0,0,0,0,15.0,1,0
0,0,0,0,20.0,1,0
0,0,0,0,1.0,1,0
0,0,0,0,13.0,1,0
0,0,0,0,0.0,1,0
0,0,0,0,14.0,1,0
0,0,0,0,8.333333333333334,2,0
0,0,0,0,12.0,1,0
0,0,0,0,16.666666666666668,3,0
0,0,0,0,12.0,2,0
0,0,0,0,14.0,1,0
0,0,0,0,3.0,1,0
0,0,0,0,12.0,1,0
0,0,0,0,14.0,1,0
0,0,0,0,22.0,2,0
0,0,0,0,17.0,1,0
0,0,0,0,8.0,2,0
0,0,0,3,14.0,1,0
0,0,0,0,16.0,1,0
0,0,0,0,9.0,1,0
0,0,0,0,5.75,2,0
0,0,0,0,14.5,2,0
0,0,0,0,7.0,1,0
0,0,0,0,7.0,1,0
0,0,0,0,12.0,1,0
0,0,0,1,6.5,2,0
0,0,0,0,14.0,1,0
0,0,0,0,2.0,1,0
0,0,0,0,23.0,1,0
0,0,0,0,19.0,1,0
0,0,0,0,8.0,1,0
0,0,0,0,13.333333333333334,3,0
0,0,0,0,22.5,2,0
0,0,0,0,11.125,6,0
0,0,0,0,10.8,5,0
0,0,0,0,16.428571428571427,6,0
0,0,0,0,14.333333333333334,5,0
0,0,0,0,8.375,6,0
0,0,0,0,10.333333333333334,3,0
0,0,0,0,11.666666666666666,3,0
0,0,0,0,23.0,1,0
0,0,0,0,7.0,1,0
0,0,0,0,0.0,1,0
0,0,0,0,14.0,2,0
0,0,0,0,2.6666666666666665,2,0
0,0,0,0,15.142857142857142,3,0
0,0,0,0,8.0,1,0
0,0,0,0,6.0,1,0
0,0,0,0,12.0,3,0
0,0,0,0,17.0,1,0
0,0,0,0,14.0,2,0
0,0,0,0,17.0,1,0
0,0,0,0,10.333333333333334,3,0
0,0,0,0,23.0,1,0
0,0,0,0,15.0,1,0
0,0,0,0,15.0,1,0
0,0,0,0,16.0,1,0
0,0,0,0,16.0,1,0
0,0,0,0,17.0,1,0
0,0,0,0,9.0,1,0
0,0,0,0,8.0,1,0
0,0,0,0,20.0,1,0
0,0,0,0,10.0,1,0
0,0,0,0,14.0,1,0
0,0,0,0,17.0,1,0
0,0,0,0,6.0,1,0
0,0,0,0,9.0,1,0
0,0,0,0,21.0,2,0
0,0,0,0,10.0,1,0
0,0,0,0,9.666666666666666,3,0
0,0,0,0,16.0,5,0
0,0,0,0,6.0,2,0
0,0,0,0,17.0,1,0
0,0,0,0,13.0,1,0
0,0,0,0,17.0,1,0
0,0,0,0,3.4444444444444446,7,0
0,0,0,0,9.333333333333334,2,0
0,0,0,0,17.0,1,0
0,0,0,0,16.75,3,0
0,0,0,0,12.571428571428571,5,0
0,0,0,0,10.125,7,0
0,0,0,0,15.0,3,0
0,0,0,0,12.833333333333334,4,0
0,0,0,0,13.428571428571429,7,0
0,0,0,0,7.6,5,0
0,0,0,0,8.0,1,0
0,0,0,0,17.0,1,0
0,0,0,0,4.5,2,0
0,0,0,0,22.0,1,0
0,0,0,0,17.0,1,0
0,0,0,0,12.0,1,0
0,0,0,0,22.0,1,0
0,0,0,0,8.75,5,0
0,0,0,0,5.333333333333333,2,0
0,0,0,0,11.0,3,0
0,0,0,0,18.333333333333332,2,0
0,0,0,0,13.0,4,0
0,0,0,0,19.0,1,0
0,0,0,0,16.0,2,0
0,0,0,0,14.333333333333334,3,0
0,0,0,0,20.666666666666668,2,0
0,0,0,0,7.25,3,0
0,0,0,0,14.75,4,0
0,0,0,0,13.5,2,0
0,0,0,0,5.0,3,0
0,0,0,0,22.0,1,0
0,0,0,0,12.6,4,0
0,0,0,0,8.0,2,0
0,0,0,0,19.0,1,0
0,0,0,0,18.0,1,0
0,0,0,0,23.0,1,0
0,0,0,0,12.0,1,0
0,0,0,0,18.0,1,0
0,0,0,0,13.0,1,0
0,0,0,0,23.0,1,0
0,0,0,0,10.0,1,0
0,0,0,0,7.0,1,0
0,0,0,0,6.0,1,0
0,0,0,0,9.0,1,0
0,0,0,0,11.0,1,0
0,0,0,0,8.0,1,0
0,0,0,0,20.0,1,0
0,0,0,0,23.0,1,0
0,0,0,0,8.0,1,0
0,0,0,0,23.0,1,0
0,0,0,0,22.0,1,0
0,0,0,0,6.5,3,0
0,0,0,0,14.571428571428571,3,0
0,0,0,0,18.833333333333332,7,1
0,0,0,0,10.625,8,0
0,0,0,0,9.090909090909092,8,0
0,0,0,1,10.32,19,1
0,0,0,2,13.206896551724139,22,1
0,0,0,0,13.15625,26,1
0,0,0,0,13.392857142857142,24,1
0,0,0,0,14.107142857142858,20,1
0,0,0,2,9.793103448275861,22,1
0,0,0,0,12.757575757575758,23,1
0,0,0,0,11.0,22,1
0,0,0,0,13.31578947368421,15,1
0,0,0,0,10.4375,15,1
0,0,0,0,13.26923076923077,22,1
0,0,0,0,12.846153846153847,21,1
0,0,0,0,10.46875,27,1
0,0,0,0,12.166666666666666,27,1
0,0,0,0,14.071428571428571,14,1
0,0,0,0,15.125,20,1
0,0,0,1,11.375,8,0
0,0,0,0,14.4,4,0
0,0,0,0,11.0,2,0
0,0,0,0,19.0,1,0
0,0,0,0,16.0,1,0
0,0,0,0,22.0,1,0
0,0,0,0,8.0,1,0
0,0,0,0,9.0,1,0
0,0,0,0,0.0,1,0
0,0,0,0,0.0,1,0
0,0,0,0,20.0,1,0
0,0,0,0,12.333333333333334,6,0
0,0,0,0,15.333333333333334,3,0
0,0,0,0,16.0,2,0
0,0,0,0,13.5,2,0
0,0,0,0,9.5,2,0
0,0,0,0,18.0,1,0
0,0,0,0,19.0,1,0
0,0,0,0,11.0,5,0
0,0,0,1,10.481481481481481,21,1
0,0,0,0,9.0,8,0
0,0,0,0,12.333333333333334,3,0
0,0,0,0,1.0,1,0
0,0,0,0,22.0,1,0
0,0,0,0,22.0,1,0
0,0,0,0,11.0,1,0
0,0,0,0,14.0,1,0
0,0,0,0,12.0,1,0
0,0,0,0,23.0,1,0
0,0,0,0,22.0,1,0
0,0,0,0,12.0,1,0
0,0,0,0,11.0,1,0
0,0,0,0,19.0,1,0
0,0,0,0,11.0,1,0
0,0,0,0,9.0,1,0
0,0,0,0,10.0,1,0
0,0,0,0,14.0,1,0
0,0,0,0,8.0,1,0
0,0,0,0,16.0,1,0
0,0,0,0,8.5,2,0
0,0,0,0,23.0,1,0
0,0,0,0,22.0,1,0
0,0,0,0,8.0,1,0
0,0,0,0,23.0,1,0
0,0,0,0,17.0,1,0
0,0,0,0,18.09090909090909,5,0
0,0,0,5,11.6,9,1
0,0,0,0,9.722222222222221,8,1
0,0,0,0,12.904761904761905,17,1
0,0,0,0,15.521739130434783,15,1
0,0,0,0,11.953488372093023,28,1
0,0,0,2,13.254237288135593,43,1
0,0,0,1,13.702127659574469,40,1
0,0,0,1,13.24074074074074,44,1
0,0,0,0,12.333333333333334,41,1
0,0,0,1,10.434782608695652,34,1
0,0,0,2,13.214285714285714,32,1
0,0,0,2,13.8125,32,1
0,0,0,0,13.416666666666666,29,1
0,0,0,0,13.566666666666666,25,1
0,0,0,0,12.872340425531915,34,1
0,0,0,0,12.1,19,1
0,0,0,0,11.3,26,1
0,0,0,2,13.142857142857142,28,1
0,0,0,0,13.461538461538462,13,1
0,0,0,0,19.571428571428573,4,0
0,0,0,1,8.615384615384615,10,1
0,0,0,0,17.5,2,0
0,0,0,0,8.0,1,0
0,0,0,0,12.0,1,0
0,0,0,0,9.0,1,0
0,0,0,0,11.0,1,0
0,0,0,0,20.0,1,0
0,0,0,0,7.0,2,0
0,0,0,0,21.5,2,0
0,0,0,0,23.0,1,0
0,0,0,0,20.0,3,0
0,0,0,0,11.5,2,0
0,0,0,0,16.125,11,1
0,0,0,0,6.571428571428571,5,0
0,0,0,0,15.818181818181818,9,0
0,0,0,0,16.375,11,1
0,0,0,1,13.3,9,0
0,0,0,0,15.0,2,0
0,0,0,0,7.5,2,0
0,0,0,0,16.0,1,0
0,0,0,0,19.0,1,0
0,0,0,0,21.0,1,0
0,0,0,0,0.0,1,0
0,0,0,0,19.0,1,0
0,0,0,0,20.0,1,0
0,0,0,2,23.0,1,0
0,0,0,0,23.0,1,0
0,0,0,0,22.0,1,0
0,0,0,0,12.0,1,0
0,0,0,0,23.0,1,0
0,0,0,0,23.0,1,0
0,0,0,0,2.0,1,0
0,0,0,0,19.0,6,0
0,0,0,2,12.0625,10,1
0,0,0,0,16.2,9,0
0,0,1,0,16.76923076923077,10,1
0,0,0,0,13.55,13,1
0,0,0,0,12.461538461538462,9,1
0,0,0,0,10.761904761904763,14,1
0,0,0,0,9.6875,12,1
0,0,0,0,11.208333333333334,17,1
0,0,0,0,15.818181818181818,7,0
0,0,0,0,12.64,18,1
0,0,0,0,16.0,2,0
0,0,0,0,10.818181818181818,7,0
0,0,0,0,10.333333333333334,4,0
0,0,0,5,11.272727272727273,15,1
0,0,0,0,13.5,14,1
0,0,0,0,13.571428571428571,19,1
0,0,0,0,16.941176470588236,12,1
0,0,0,0,7.888888888888889,8,0
0,0,0,0,8.0,1,0
0,0,0,0,15.0,1,0
0,0,0,0,16.333333333333332,8,0
0,0,0,0,11.571428571428571,6,0
0,0,0,0,15.6,4,0
0,0,0,0,19.666666666666668,3,0
0,0,0,0,20.0,1,0
0,0,0,0,20.0,1,0
0,0,0,0,19.0,1,0
0,0,0,0,22.0,1,0
0,0,0,0,4.666666666666667,2,0
0,0,0,0,22.0,2,0
0,0,0,0,9.0,1,0
0,0,0,0,10.0,2,0
0,0,0,0,22.0,1,0
0,0,0,0,11.0,2,0
0,0,0,0,6.0,1,0
0,0,0,0,23.0,1,0
0,0,0,0,14.0,2,0
0,0,0,0,7.0,2,0
0,0,0,0,11.0,1,0
0,0,0,0,14.2,2,0
0,0,0,0,21.0,1,0
0,0,0,0,14.5,2,0
0,0,0,0,15.055555555555555,10,1
0,0,0,0,2.0,2,0
0,0,0,0,10.833333333333334,6,0
0,0,0,0,7.0,4,0
0,0,0,0,10.666666666666666,3,0
0,0,0,0,14.333333333333334,2,0
0,0,0,0,10.0,1,0
0,0,0,0,11.333333333333334,3,0
0,0,0,0,0.0,1,0
0,0,0,0,9.0,1,0
0,0,0,0,9.0,1,0
0,0,0,0,12.0,1,0
0,0,0,0,10.0,1,0
0,0,0,0,11.0,1,0
0,0,0,0,2.0,1,0
0,0,0,0,8.0,1,0
0,0,0,0,13.0,1,0
0,0,0,0,0.0,1,0
0,0,0,0,9.0,3,0
0,0,0,0,16.0,1,0
0,0,0,0,12.857142857142858,6,0
0,0,0,0,8.5,2,0
0,0,0,0,22.333333333333332,2,0
0,0,0,0,10.0,3,0
0,0,0,0,19.0,2,0
0,0,0,0,22.0,1,0
0,0,0,0,14.5,2,0
0,0,0,0,9.0,1,0
0,0,0,0,14.0,1,0
0,0,0,0,2.0,1,0
0,0,0,0,10.0,1,0
0,0,0,0,0.0,1,0
0,0,0,0,12.5,2,0
0,0,0,0,19.0,1,0
0,0,0,0,7.0,1,0
0,0,0,0,18.0,1,0
0,0,0,0,23.0,1,0
0,0,0,0,14.0,1,0
0,0,0,0,1.0,1,0
0,0,0,0,12.0,1,0
0,0,0,0,23.0,1,0
0,0,0,0,4.0,1,0
0,0,0,0,2.0,1,0
0,0,0,0,16.0,1,0
0,0,0,0,22.0,1,0
0,0,0,0,22.0,1,0
0,0,0,0,15.0,1,0
0,0,0,1,15.0,1,0
0,0,0,0,0.0,1,0
0,0,0,0,9.0,1,0
0,0,0,0,11.571428571428571,3,0
0,0,0,0,17.0,1,0
0,0,0,0,20.0,1,0
0,0,0,0,23.0,1,0
0,0,0,0,3.0,1,0
0,0,0,0,16.0,1,0
0,0,0,0,17.0,1,0
0,0,0,0,15.0,1,0
0,0,0,0,10.666666666666666,3,0
0,0,0,0,14.4,10,0
0,0,0,0,11.333333333333334,3,0
0,0,0,0,8.0,1,0
0,0,0,0,8.0,1,0
0,0,0,0,17.0,1,0
0,0,0,0,19.0,1,0
0,0,0,0,15.0,1,0
0,0,0,0,10.0,1,0
0,0,0,0,20.0,1,0
0,0,0,0,15.4,5,0
0,0,0,4,11.652173913043478,16,1
0,0,0,1,11.285714285714286,7,0
0,0,0,1,13.4,22,1
0,0,0,2,15.857142857142858,12,1
0,0,0,2,13.045454545454545,20,1
0,0,0,5,14.333333333333334,21,1
0,0,0,0,15.428571428571429,18,1
0,0,0,0,14.777777777777779,8,0
0,0,0,0,13.0,5,0
0,0,0,0,19.0,1,0
0,0,0,0,13.333333333333334,2,0
0,0,0,0,23.0,1,0
0,0,0,0,7.0,1,0
0,0,0,0,16.5,2,0
0,0,0,0,0.0,1,0
0,0,0,0,13.666666666666666,14,1
0,0,0,0,10.666666666666666,15,1
0,0,0,0,11.916666666666666,8,1
0,0,0,0,10.0,2,0
0,0,0,0,9.75,4,0
0,0,0,1,11.4,10,0
0,0,0,0,11.1,8,0
0,0,0,0,9.0,9,0
0,0,0,0,12.2,13,1
0,0,0,0,8.0,1,0
0,0,0,0,11.857142857142858,7,0
0,0,0,0,11.0,1,0
0,0,0,0,14.0,1,0
0,0,0,0,0.0,1,0
0,0,0,0,16.0,1,0
0,0,0,0,6.0,1,0
0,0,0,0,17.0,1,0
0,0,0,0,2.0,1,0
0,0,0,0,8.0,1,0
0,0,0,0,9.0,1,0
0,0,0,0,8.0,1,0
0,0,0,0,17.0,1,0
0,0,0,0,19.5,2,0
0,0,0,0,0.0,1,0
0,0,0,0,15.0,1,0
0,0,0,0,6.8,3,0
0,0,0,0,4.6,2,0
0,0,0,0,20.0,1,0
0,0,0,0,18.0,1,0
0,0,0,0,19.5,2,0
0,0,0,1,13.4,4,0
0,0,0,0,20.5,4,0
0,0,0,0,12.0,2,0
0,0,0,0,18.0,1,0
0,0,0,0,11.0,1,0
0,0,0,0,12.6,4,0
0,0,0,0,12.0,1,0
0,0,0,0,19.8,4,0
0,0,0,0,14.666666666666666,6,0
0,0,0,0,14.4,4,0
0,0,0,0,10.6,4,0
0,0,0,0,10.333333333333334,2,0
0,0,0,0,10.0,1,0
0,0,0,0,11.666666666666666,2,0
0,0,0,0,13.0,1,0
0,0,0,0,13.0,1,0
0,0,0,0,8.0,1,0
0,0,0,0,5.0,2,0
0,0,0,0,16.2,5,0
0,0,0,0,21.0,1,0
0,0,0,0,16.5,5,0
0,0,0,0,9.692307692307692,10,1
0,0,0,0,11.0,3,0
0,0,0,0,18.2,5,0
0,0,0,0,21.0,1,0
0,0,0,0,11.5,2,0
0,0,0,0,13.0,1,0
0,0,0,0,15.0,2,0
0,0,0,0,23.0,1,0
0,0,0,0,10.0,1,0
0,0,0,0,6.0,1,0
0,0,0,0,22.0,1,0
0,0,0,0,11.0,1,0
0,0,0,0,7.0,1,0
0,0,0,0,21.0,1,0
0,0,0,0,17.0,1,0
0,0,0,0,9.0,1,0
0,0,0,0,17.0,1,0
0,0,0,0,14.666666666666666,3,0
0,0,0,0,23.0,1,0
0,0,0,0,10.0,1,0
0,0,0,0,13.0,1,0
0,0,0,0,20.0,1,0
0,0,0,0,9.0,1,0
0,0,0,0,17.0,1,0
0,0,0,0,23.0,1,0
0,0,0,1,14.0,1,0
0,0,0,0,3.0,1,0
0,0,0,0,15.0,1,0
0,0,0,0,0.0,1,0
0,0,0,0,21.0,1,0
0,0,0,0,12.666666666666666,3,0
0,0,0,0,9.0,1,0
0,0,0,0,12.0,1,0
0,0,0,0,15.0,1,0
0,0,0,0,13.0,1,0
0,0,0,0,21.0,1,0
0,0,0,0,16.0,1,0
0,0,0,0,10.0,1,0
0,0,0,0,12.0,2,0
0,0,0,0,22.0,1,0
0,0,0,0,4.0,1,0
0,0,0,0,9.333333333333334,3,0
0,0,0,0,7.714285714285714,5,0
0,0,0,0,15.5,4,0
0,0,0,0,13.727272727272727,8,0
0,0,0,0,13.545454545454545,10,0
0,0,0,0,12.333333333333334,6,0
0,0,0,0,10.5,11,1
0,0,0,0,8.4,9,0
0,0,0,0,16.22222222222222,5,0
0,0,0,0,8.0,1,0
0,0,0,0,2.0,1,0
0,0,0,0,9.0,1,0
0,0,0,0,15.0,2,0
0,0,0,0,19.333333333333332,2,0
0,0,0,0,10.0,3,0
0,0,0,0,8.0,2,0
0,0,0,0,15.0,1,0
0,0,0,0,8.0,1,0
0,0,0,0,15.0,4,0
0,0,0,0,13.75,4,0
0,0,0,0,10.8,5,0
0,0,0,0,7.75,4,0
0,0,0,0,8.75,3,0
0,0,0,0,12.0,3,0
0,0,0,0,10.333333333333334,3,0
0,0,0,0,8.0,1,0
0,0,0,0,9.0,2,0
0,0,0,0,22.0,1,0
0,0,0,0,11.0,2,0
0,0,0,0,17.0,1,0
0,0,0,0,23.0,1,0
0,0,0,0,13.0,6,0
0,0,0,0,17.0,1,0
0,0,0,0,20.0,1,0
0,0,0,0,13.0,1,0
0,0,0,0,8.0,1,0
0,0,0,0,22.0,1,0
0,0,0,0,22.0,1,0
0,0,0,0,12.0,2,0
0,0,0,0,7.25,3,0
0,0,0,0,11.5,2,0
0,0,0,0,14.375,8,0
0,0,0,0,12.0,2,0
0,0,0,0,10.909090909090908,10,0
0,0,0,0,13.0,9,0
0,0,0,0,10.38888888888889,13,1
0,0,0,0,13.333333333333334,9,0
0,0,0,0,12.5,4,0
0,0,0,0,5.666666666666667,3,0
0,0,0,0,17.0,1,0
0,0,0,0,20.0,1,0
0,0,0,0,16.0,1,0
0,0,0,0,14.0,1,0
0,0,0,0,12.0,1,0
0,0,0,0,0.0,1,0
0,0,0,0,14.0,4,1
0,0,0,0,16.0,3,0
0,0,0,0,6.75,3,0
0,0,0,0,15.0,1,0
0,0,0,0,3.0,1,0
0,0,0,0,11.0,6,0
0,0,0,0,14.0,1,0
0,0,0,0,21.0,1,0
0,0,0,0,13.0,2,0
0,0,0,0,20.5,2,0
0,0,0,0,20.0,1,0
0,0,0,0,0.0,1,0
0,0,0,0,15.0,1,0
0,0,0,0,12.0,1,0
0,0,0,0,9.0,1,0
0,0,0,0,13.0,1,0
0,0,0,0,10.0,1,0
0,0,0,0,13.0,1,0
0,0,0,0,17.0,1,0
0,0,0,0,20.0,1,0
0,0,0,0,1.0,1,0
0,0,0,0,6.0,1,0
0,0,0,0,12.0,1,0
0,0,0,0,23.0,1,0
0,0,0,0,23.0,1,0
0,0,0,0,13.0,1,0
0,0,0,0,17.0,1,0
0,0,0,0,14.0,1,0
0,0,0,0,8.0,1,0
0,0,0,0,19.0,1,0
0,0,0,0,16.0,1,0
0,0,0,0,19.0,1,0
0,0,0,0,8.0,1,0
0,0,0,0,14.0,1,0
0,0,0,0,10.0,1,0
0,0,0,0,9.0,1,0
0,0,0,0,13.0,1,0
0,0,0,0,21.0,1,0
0,0,0,2,18.0,1,0
0,0,0,0,17.0,1,0
0,0,0,0,11.0,1,0
0,0,0,0,11.0,1,0
0,0,0,0,8.0,1,0
0,0,0,0,11.0,1,0
0,0,0,0,13.0,1,0
0,0,0,0,13.0,1,0
0,0,0,0,22.0,1,0
0,0,0,0,17.0,1,0
0,0,0,0,23.0,1,0
0,0,0,0,11.0,1,0
0,0,0,0,21.0,1,0
0,0,0,0,19.0,1,0
0,0,0,0,8.0,1,0
0,0,0,0,18.0,1,0
0,0,0,0,1.0,1,0
0,0,0,0,9.0,1,0
0,0,0,0,23.0,1,0
0,0,0,0,11.0,1,0
0,0,0,0,16.0,2,0
0,0,0,0,15.0,1,0
0,0,0,0,20.0,1,0
0,0,0,0,1.0,1,0
0,0,0,0,22.0,1,0
0,0,0,1,16.0,1,0
0,0,0,0,13.0,1,0
0,0,0,0,22.0,1,0
0,0,0,0,18.0,1,0
0,0,0,0,11.0,1,0
0,0,0,0,19.0,1,0
0,0,0,0,16.0,1,0
0,0,0,0,3.0,1,0
0,0,0,0,14.0,1,0
0,0,0,0,9.0,1,0
0,0,0,0,20.0,1,0
0,0,0,0,9.0,1,0
0,0,0,0,11.5,2,0
0,0,0,0,9.0,1,0
0,0,0,0,12.0,3,0
0,0,0,0,11.5,2,0
0,0,0,0,10.0,2,0
0,0,0,0,11.0,1,0
0,0,0,0,16.0,2,0
0,0,0,0,22.0,1,0
0,0,0,0,12.0,1,0
0,0,0,0,9.0,1,0
0,0,0,0,14.0,1,0
0,0,0,0,23.0,1,0
0,0,0,0,15.0,1,0
0,0,0,0,9.0,1,0
0,0,0,0,8.0,1,0
0,0,0,0,11.5,2,0
0,0,0,0,12.0,2,0
0,0,0,0,14.5,2,0
0,0,0,0,10.0,1,0
0,0,0,0,18.0,1,0
0,0,0,0,14.0,1,0
0,0,0,0,20.0,1,0
0,0,0,0,18.0,1,0
0,0,0,0,21.0,1,0
0,0,0,0,10.0,1,0
0,0,0,0,11.0,1,0
0,0,0,0,6.0,1,0
0,0,0,0,16.0,1,0
0,0,0,0,16.0,1,0
0,0,0,0,20.0,1,0
0,0,0,0,8.0,1,0
0,0,0,0,9.0,1,0
0,0,0,0,15.0,1,0
0,0,0,0,23.0,1,0
0,0,0,0,0.0,1,0
0,0,0,0,6.0,1,0
0,0,0,0,23.0,1,0
0,0,0,0,3.0,1,0
0,0,0,0,12.0,1,0
0,0,0,0,8.0,1,0
0,0,0,0,17.0,1,0
0,0,0,0,6.0,1,0
0,0,0,0,11.0,1,0
0,0,0,0,2.0,1,0
0,0,0,0,0.0,1,0
0,0,0,0,13.0,1,0
0,0,0,0,9.0,1,0
0,0,0,0,15.0,1,0
0,0,0,0,17.0,1,0
0,0,0,0,0.0,1,0
0,0,0,0,9.0,1,0
0,0,0,0,16.0,1,0
0,0,0,0,23.0,1,0
0,0,0,0,8.0,1,0
0,0,0,0,19.0,1,0
0,0,0,0,12.0,1,0
0,0,0,0,21.333333333333332,2,0
0,0,0,0,18.5,3,0
0,0,0,0,15.5,2,0
0,0,0,0,8.75,4,0
0,0,0,0,10.285714285714286,2,0
0,0,0,0,14.428571428571429,4,0
0,0,0,0,8.0,1,0
0,0,0,0,13.0,2,0
0,0,0,0,3.25,3,0
0,0,0,0,10.5,2,0
0,0,0,0,21.0,1,0
0,0,0,0,17.0,2,0
0,0,0,1,7.0,2,0
0,0,0,0,7.0,1,0
0,0,0,0,22.0,1,0
0,0,0,0,10.0,1,0
0,0,0,0,20.0,1,0
0,0,0,0,8.0,1,0
0,0,0,0,11.0,1,0
0,0,0,0,9.0,1,0
0,0,0,0,21.0,1,0
0,0,0,0,9.0,1,0
0,0,0,0,23.0,1,0
0,0,0,1,2.0,1,0
0,0,0,0,9.0,1,0
0,0,0,0,16.0,1,0
0,0,0,0,15.0,1,0
0,0,0,0,11.0,3,0
0,0,0,0,16.0,1,0
0,0,0,0,18.0,1,0
0,0,0,0,18.0,1,0
0,0,0,0,8.0,1,0
0,0,0,0,14.0,1,0
0,0,0,0,9.0,1,0
0,0,0,0,7.0,1,0
0,0,0,0,14.6,4,0
0,0,0,0,0.0,1,0
0,0,0,0,17.0,1,0
0,0,0,0,22.0,1,0
0,0,0,0,8.0,1,0
0,0,0,0,3.0,1,0
0,0,0,0,22.0,1,0
0,0,0,0,22.0,1,0
0,0,0,0,7.0,1,0
0,0,0,0,7.0,1,0
0,0,0,0,9.0,1,0
0,0,0,0,8.0,1,0
0,0,0,0,19.0,1,0
0,0,0,0,21.0,1,0
0,0,0,0,14.5,2,0
0,0,0,0,0.0,1,0
0,0,0,0,16.0,1,0
0,0,0,0,14.0,1,0
0,0,0,0,5.75,3,0
0,0,0,0,10.333333333333334,3,0
0,0,0,0,17.666666666666668,3,0
0,0,0,0,5.25,3,0
0,0,0,0,6.0,2,0
0,0,0,0,2.0,1,0
0,0,0,0,13.0,3,0
0,0,0,0,9.5,4,0
0,0,0,0,14.666666666666666,2,0
0,0,0,0,20.4,4,0
0,0,0,0,16.0,1,0
0,0,0,0,13.666666666666666,3,0
0,0,0,0,1.0,1,0
0,0,0,0,11.666666666666666,3,0
0,0,0,0,13.0,4,0
0,0,0,0,15.0,1,0
0,0,0,0,11.0,1,0
0,0,0,0,18.333333333333332,2,0
0,0,0,0,2.0,1,0
0,0,0,0,0.0,1,0
0,0,0,0,21.0,1,0
0,0,0,0,18.0,1,0
0,0,0,0,0.0,1,0
0,0,0,0,2.0,1,0
0,0,0,0,3.0,1,0
0,0,0,0,7.0,1,0
0,0,0,0,22.0,2,0
0,0,0,0,9.4,5,0
0,0,0,0,14.8,5,0
0,0,0,0,2.0,1,0
0,0,0,0,20.0,1,0
0,0,0,0,9.222222222222221,6,0
0,0,0,0,12.6,2,0
0,0,0,1,18.0,3,0
0,0,0,0,6.0,2,0
0,0,0,0,14.5,4,0
0,0,0,0,0.0,1,0
0,0,0,1,13.0,2,0
0,0,0,0,13.4,4,0
0,0,0,0,13.0,3,0
0,0,0,0,10.0,1,0
0,0,0,0,7.0,1,0
0,0,0,0,0.0,1,0
0,0,0,0,21.0,1,0
0,0,0,0,8.0,1,0
0,0,0,0,18.333333333333332,3,0
0,0,0,0,6.0,2,0
0,0,0,0,19.0,2,0
0,0,0,0,20.0,2,0
0,0,0,0,2.6666666666666665,2,0
0,0,0,0,9.4,4,0
0,0,0,3,15.88888888888889,6,0
0,0,0,0,9.0,1,0
0,0,0,0,4.0,1,0
0,0,0,0,13.0,1,0
0,0,0,0,11.0,1,0
0,0,0,0,12.0,1,0
0,0,0,0,1.0,1,0
0,0,0,0,10.0,1,0
0,0,0,0,14.0,1,0
0,0,0,0,10.0,1,0
0,0,0,0,8.0,1,0
0,0,0,0,20.0,1,0
0,0,0,0,7.0,1,0
0,0,0,0,9.0,1,0
0,0,0,0,8.0,1,0
0,0,0,0,15.0,1,0
0,0,0,0,8.0,1,0
0,0,0,0,14.0,1,0
0,0,0,0,16.833333333333332,3,0
0,0,0,0,21.0,1,0
0,0,0,0,0.0,1,0
0,0,0,0,12.333333333333334,3,0
0,0,0,0,14.625,5,0
0,0,0,0,14.75,4,0
0,0,0,0,12.777777777777779,9,0
0,0,0,0,12.4,9,0
0,0,0,1,13.2,5,0
0,0,0,0,18.1875,14,1
0,0,0,0,12.692307692307692,11,1
0,0,0,0,11.266666666666667,14,1
0,0,0,0,16.333333333333332,5,0
0,0,0,0,12.625,14,1
0,0,0,0,13.764705882352942,14,1
0,0,0,0,12.833333333333334,6,0
0,0,0,0,12.975609756097562,35,1
0,0,0,0,10.91304347826087,20,1
0,0,0,0,12.25,14,1
0,0,0,0,16.0,8,0
0,0,0,0,12.4,13,1
0,0,0,0,15.5,5,0
0,0,0,0,10.142857142857142,5,0
0,0,0,0,16.333333333333332,6,0
0,0,0,0,4.0,3,0
0,0,0,0,7.0,5,0
0,0,0,0,12.333333333333334,2,0
0,0,0,0,16.0,1,0
0,0,0,0,20.0,1,0
0,0,0,0,20.0,1,0
0,0,0,0,9.0,1,0
0,0,0,0,4.0,1,0
0,0,0,0,2.0,1,0
0,0,0,0,0.0,1,0
0,0,0,0,11.285714285714286,4,0
0,0,0,0,14.666666666666666,3,0
0,0,0,0,21.0,1,0
0,0,0,0,21.8,3,0
0,0,0,0,2.0,1,0
0,0,0,0,23.0,2,0
0,0,0,0,0.0,1,0
0,0,0,0,19.0,1,0
0,0,0,0,22.25,2,0
0,0,0,0,0.0,1,0
0,0,0,0,9.0,1,0
0,0,0,0,23.0,1,0
0,0,0,0,21.0,1,0
0,0,0,0,4.0,1,0
0,0,0,0,1.0,1,0
0,0,0,0,1.0,1,0
0,0,0,0,20.0,1,0
0,0,0,0,8.0,1,0
0,0,0,0,23.0,1,0
0,0,0,0,19.0,1,0
0,0,0,0,23.0,1,0
0,0,0,0,14.333333333333334,2,0
0,0,0,0,17.0,1,0
0,0,0,0,0.0,1,0
0,0,0,0,22.0,1,0
0,0,0,0,17.0,2,0
0,0,0,0,0.0,1,0
0,0,0,0,17.0,1,0
0,0,0,0,22.0,1,0
0,0,0,0,17.666666666666668,2,0
0,0,0,0,20.0,1,0
0,0,0,0,13.0,1,0
0,0,0,0,14.333333333333334,3,0
0,0,0,0,12.0,4,0
0,0,0,0,3.6666666666666665,3,0
0,0,0,0,22.0,4,0
0,0,0,0,14.0,5,0
0,0,0,0,9.0,2,0
0,0,0,0,10.0,1,0
0,0,0,0,19.5,3,0
0,0,0,0,15.0,2,0
0,0,0,0,11.0,1,0
0,0,0,0,12.25,4,0
0,0,0,0,14.5,2,0
0,0,0,0,12.5,2,0
0,0,0,0,14.0,2,0
0,0,0,0,0.0,1,0
0,0,0,0,7.0,1,0
0,0,0,0,3.0,1,0
0,0,0,0,18.0,1,0
0,0,0,0,12.0,1,0
0,0,0,0,7.4,3,0
0,0,0,0,10.173913043478262,17,1
0,0,0,0,17.636363636363637,10,0
0,0,0,0,13.4,4,0
0,0,0,0,12.0,1,0
0,0,0,0,1.0,1,0
0,0,0,0,8.8,5,0
0,0,0,0,12.0,1,0
0,0,0,0,23.0,1,0
0,0,0,0,21.0,1,0
0,0,0,0,8.0,1,0
0,0,0,0,11.0,1,0
0,0,0,0,2.0,1,0
0,0,0,0,23.0,1,0
0,0,0,0,18.181818181818183,9,0
0,0,0,0,17.0,1,0
0,0,0,0,19.0,1,0
0,0,0,0,14.0,1,0
0,0,0,0,7.0,1,0
0,0,0,0,19.0,2,0
0,0,0,0,12.80952380952381,15,1
0,0,0,0,14.925,28,1
0,0,0,0,1.0,1,0
0,0,0,0,22.0,1,0
0,0,0,0,4.0,2,0
0,0,0,0,17.0,1,0
0,0,0,0,1.0,1,0
0,0,0,0,15.0,1,0
0,0,0,0,15.8,3,0
0,0,0,0,15.0,2,0
0,0,0,0,13.25,4,0
0,0,0,0,3.0,1,0
0,0,0,0,2.0,1,0
0,0,0,0,1.0,1,0
0,0,0,0,18.0,1,0
0,0,0,0,17.0,1,0
0,0,0,0,14.0,1,0
0,0,0,0,1.0,1,0
0,0,0,0,19.0,1,0
0,0,0,0,1.0,1,0
0,0,0,0,8.666666666666666,2,0
0,0,0,0,19.0,3,0
0,0,0,0,3.0,1,0
0,0,0,5,3.0,1,0
0,0,0,0,9.833333333333334,3,0
0,0,0,0,9.0,1,0
0,0,0,0,1.0,1,0
0,0,0,0,2.0,1,0
0,0,0,0,17.666666666666668,2,0
0,0,0,0,22.0,1,0
0,0,0,0,11.0,1,0
0,0,0,0,11.5,2,0
0,0,0,0,11.25,4,0
0,0,0,0,6.0,1,0
0,0,0,0,14.0,1,0
0,0,0,0,7.0,1,0
0,0,0,0,19.0,1,0
0,0,0,0,12.0,1,0
0,0,0,0,16.0,1,0
0,0,0,0,7.5,2,0
0,0,0,0,18.0,2,0
0,0,0,0,18.625,8,0
0,0,0,0,18.22222222222222,7,0
0,0,0,1,16.666666666666668,4,0
0,0,0,3,19.5,6,0
0,0,0,0,15.4,3,0
0,0,0,0,12.5,5,0
0,0,0,0,9.0,1,0
0,0,0,0,10.5,2,0
0,0,0,0,15.0,1,0
0,0,0,0,17.0,1,0
0,0,0,0,21.0,1,0
0,0,0,0,20.0,1,0
0,0,0,0,1.0,1,0
0,0,0,0,2.0,1,0
0,0,0,0,20.0,1,0
0,0,0,0,9.0,1,0
0,0,0,0,0.0,1,0
0,0,0,0,14.0,1,0
0,0,0,0,11.333333333333334,3,0
0,0,0,0,23.0,1,0
0,0,0,0,10.0,1,0
0,0,0,0,7.0,1,0
0,0,0,0,23.0,1,0
0,0,0,1,20.5,2,0
0,0,0,0,1.0,1,0
0,0,0,0,22.0,1,0
0,0,0,0,10.6,2,0
0,0,0,0,10.0,1,0
0,0,0,0,16.23076923076923,6,1
0,0,0,0,15.5,4,0
0,0,0,0,12.875,6,0
0,0,0,0,10.2,4,0
0,0,0,0,20.0,1,0
0,0,0,0,20.333333333333332,2,0
0,0,0,0,1.0,1,0
0,0,0,0,14.029411764705882,26,1
0,0,0,1,14.075471698113208,44,1
0,0,0,0,12.536585365853659,34,1
0,0,0,0,18.44,15,1
0,0,0,1,11.45,16,1
0,4,0,3,14.098901098901099,74,1
0,0,0,0,14.333333333333334,3,0
0,0,0,0,0.0,1,0
0,0,0,0,14.333333333333334,3,0
0,0,0,0,7.8,2,0
0,0,0,0,16.0,1,0
0,0,0,0,0.0,1,0
0,0,0,0,18.0,1,0
0,0,0,0,23.0,1,0
0,0,0,0,16.0,1,0
0,0,0,0,11.666666666666666,3,0
0,0,0,0,9.0,1,0
0,0,0,3,18.0,1,0
0,0,0,0,8.875,10,1
0,0,0,0,12.1,10,0
0,0,0,0,12.428571428571429,5,0
0,0,0,1,8.0,4,0
0,0,0,0,14.75,8,0
0,0,0,0,22.0,1,0
0,0,0,0,15.833333333333334,8,1
0,0,0,0,21.0,1,0
0,0,0,0,1.0,1,0
0,0,0,0,14.0,1,0
0,0,0,0,18.0,1,0
0,0,0,0,6.0,2,0
0,0,0,0,16.0,5,0
0,0,0,0,20.0,1,0
0,0,0,0,13.5,3,0
0,0,0,0,12.0,3,0
0,0,0,0,17.375,12,1
0,0,0,3,11.363636363636363,7,0
0,0,0,0,17.5,10,1
0,0,0,0,11.125,7,0
0,0,0,0,16.0,2,0
0,0,0,2,8.764705882352942,12,1
0,0,0,0,12.571428571428571,3,0
0,0,0,0,2.0,1,0
0,0,0,0,21.0,1,0
0,0,0,0,8.0,1,0
0,0,0,0,9.0,1,0
0,0,0,0,22.0,1,0
0,0,0,0,0.0,1,0
0,0,0,0,8.0,1,0
0,0,0,0,16.0,1,0
0,0,0,0,15.0,1,0
0,0,0,0,17.0,1,0
0,0,0,0,16.0,1,0
0,0,0,0,13.0,1,0
0,0,0,0,11.0,1,0
0,0,0,0,7.0,1,0
0,0,0,0,17.0,1,0
0,0,0,0,8.0,4,0
0,0,0,1,11.0,4,0
0,0,0,0,14.0,1,0
0,0,0,0,5.75,2,0
0,0,0,0,9.0,1,0
0,0,0,0,22.0,1,0
0,0,0,0,16.0,1,0
0,0,0,0,14.0,1,0
0,0,0,0,1.3333333333333333,2,0
0,0,0,0,19.5,3,0
0,0,0,0,17.333333333333332,2,0
0,0,0,0,1.0,1,0
0,0,0,0,21.0,2,0
0,0,0,0,20.0,1,0
0,0,0,0,14.0,4,0
0,0,0,0,12.6,5,0
0,0,0,0,17.666666666666668,2,0
0,0,0,0,13.0,1,0
0,0,0,0,10.0,1,0
0,0,0,0,1.0,1,0
0,0,0,0,11.0,1,0
0,0,0,0,11.0,1,0
0,0,0,0,7.333333333333333,2,0
0,0,0,0,1.0,1,0
0,0,0,0,14.0,1,0
0,0,0,0,17.0,1,0
0,0,0,0,15.0,1,0
0,0,0,0,17.0,1,0
0,0,0,0,10.0,1,0
0,0,0,0,0.0,1,0
0,0,0,0,19.0,1,0
0,0,0,0,23.0,1,0
0,0,0,0,17.0,1,0
0,0,0,0,13.071428571428571,8,1
0,0,0,0,17.125,6,0
0,0,0,0,18.6,11,1
0,0,0,0,10.0,9,1
0,0,0,0,12.5,14,1
0,0,0,0,4.0,2,0
0,0,0,0,17.0,2,0
0,0,0,0,20.5,2,0
0,0,0,0,17.0,1,0
0,0,0,7,14.0,2,0
0,0,0,1,13.60952380952381,73,1
0,0,0,2,13.869565217391305,33,1
0,0,0,2,11.947368421052632,42,1
0,0,0,0,10.741935483870968,24,1
0,0,0,1,13.102803738317757,93,1
0,0,0,0,10.925925925925926,23,1
0,0,0,2,11.782051282051283,66,1
0,0,0,0,12.6,18,1
0,0,0,3,12.74074074074074,16,1
0,0,0,0,14.428571428571429,7,0
0,0,0,0,2.0,1,0
0,0,0,0,3.0,1,0
0,0,0,0,8.666666666666666,3,0
0,0,0,0,11.25,23,1
0,0,0,3,11.818181818181818,9,0
0,0,0,0,11.5,2,0
0,0,0,0,14.0,2,0
0,0,0,0,12.0,1,0
0,0,0,0,1.0,2,0
0,0,0,0,21.5,2,0
0,0,0,0,16.428571428571427,6,0
0,0,0,0,10.933333333333334,8,1
0,0,0,0,22.0,1,0
0,0,0,0,20.0,1,0
0,0,0,0,12.705882352941176,14,1
0,0,0,1,9.4,11,1
0,0,0,0,20.333333333333332,3,0
0,0,0,0,10.0,1,0
0,0,0,0,8.714285714285714,7,0
0,0,0,0,18.4,3,0
0,0,0,0,8.75,4,0
0,0,0,0,19.22222222222222,5,0
0,0,0,0,15.5,3,0
0,0,0,0,12.0,1,0
0,0,0,0,10.0,1,0
0,0,0,0,10.0,1,0
0,0,0,0,13.0,1,0
0,0,0,0,18.0,1,0
0,0,0,0,19.5,2,0
0,0,0,0,9.0,3,0
0,0,0,0,21.0,1,0
0,0,0,0,18.0,1,0
0,0,0,0,22.0,1,0
0,0,0,0,6.0,1,0
0,0,0,0,16.0,1,0
0,0,0,0,10.0,1,0
0,0,0,0,13.0,1,0
0,0,0,0,10.0,1,0
0,0,0,0,3.0,1,0
0,0,0,0,22.0,1,0
0,0,0,0,17.0,1,0
0,0,0,0,6.0,1,0
0,0,0,0,13.55,12,1
0,0,0,0,8.8,3,0
0,0,0,0,15.0,10,1
0,0,0,0,6.75,4,0
0,0,0,0,19.5,2,0
0,0,0,0,19.0,1,0
0,0,0,0,16.0,1,0
0,0,0,0,1.0,1,0
0,0,0,0,15.411764705882353,9,1
0,0,0,0,11.666666666666666,3,0
0,0,0,0,10.615384615384615,5,1
0,0,0,0,12.75,8,0
0,0,0,0,14.0,2,0
0,0,0,0,12.0,23,1
0,0,0,0,5.25,2,0
0,0,0,0,7.0,1,0
0,0,0,0,23.0,1,0
0,0,0,1,14.0,1,0
0,0,0,0,16.5,4,0
0,0,0,0,15.0,3,0
0,0,0,0,7.2,4,0
0,0,0,0,20.666666666666668,4,0
0,0,0,0,5.666666666666667,5,0
0,0,0,0,12.076923076923077,11,1
0,0,0,0,22.0,1,0
0,0,0,0,16.0,10,0
0,0,0,0,17.0,2,0
0,0,0,0,13.0,3,0
0,0,0,0,7.6,4,0
0,0,0,0,17.0,7,0
0,0,0,0,0.3333333333333333,2,0
0,0,0,0,16.0,1,0
0,0,0,0,20.0,1,0
0,0,0,0,3.0,1,0
0,0,0,0,16.0,1,0
0,0,0,0,10.0,1,0
0,0,0,0,16.0,1,0
0,0,0,0,16.0,1,0
0,0,0,0,13.0,1,0
0,0,0,0,19.0,1,0
0,0,0,0,13.0,4,0
0,0,0,2,0.0,1,0
0,0,0,0,15.0,1,0
0,0,0,0,14.0,1,0
0,0,0,0,20.0,1,0
0,0,0,0,10.0,1,0
0,0,0,0,20.0,1,0
0,0,0,0,5.0,1,0
0,0,0,0,15.0,1,0
0,0,0,0,3.0,1,0
0,0,0,0,10.0,1,0
0,0,0,0,13.0,1,0
0,0,0,0,4.5,2,0
0,0,0,0,2.0,1,0
0,0,0,0,12.727272727272727,31,1
0,0,0,3,12.766666666666667,22,1
0,0,0,0,12.666666666666666,15,1
0,0,0,0,12.266666666666667,11,1
0,0,0,2,11.473684210526315,17,1
0,0,0,0,13.714285714285714,6,0
0,0,0,2,13.647058823529411,12,1
0,0,0,0,10.166666666666666,4,0
0,0,0,0,10.25,4,0
0,0,0,0,4.0,1,0
0,0,0,0,18.0,1,0
0,0,0,0,19.0,1,0
0,0,0,0,12.0,1,0
0,0,0,0,7.0,1,0
0,0,0,0,9.3,8,0
0,0,0,0,22.0,1,0
0,0,0,0,11.5,2,0
0,0,0,0,9.0,5,0
0,0,0,0,13.0,6,0
0,0,0,0,4.428571428571429,3,0
0,0,0,0,10.0,1,0
0,0,0,0,2.0,3,0
0,0,0,0,13.25,4,0
0,0,0,0,14.6,4,0
0,0,0,0,12.0,1,0
0,0,0,0,3.6666666666666665,3,0
0,0,0,0,23.0,1,0
0,0,0,0,8.0,1,0
0,0,0,0,11.0,1,0
0,0,0,0,15.0,1,0
0,0,0,0,3.0,1,0
0,0,0,0,23.0,1,0
0,0,0,0,23.0,1,0
0,0,0,0,16.0,1,0
0,0,0,0,9.0,1,0
0,0,0,0,4.0,1,0
0,0,0,0,22.0,1,0
0,0,0,0,7.0,1,0
0,0,0,0,21.0,1,0
0,0,0,0,21.0,2,0
0,0,0,0,1.0,1,0
0,0,0,0,13.0,1,0
0,0,0,0,20.0,1,0
0,0,0,0,19.0,3,0
0,0,0,0,9.0,1,0
0,0,0,0,2.0,1,0
0,0,0,0,23.0,1,0
0,0,0,0,9.666666666666666,2,0
0,0,0,0,16.0,1,0
0,0,0,0,19.0,1,0
0,0,0,0,19.0,1,0
0,0,0,0,13.666666666666666,2,0
0,0,0,0,20.0,1,0
0,0,0,0,0.0,2,0
0,0,0,0,18.25,3,0
0,0,0,0,17.25,2,0
0,0,0,0,14.333333333333334,3,0
0,0,0,0,10.333333333333334,2,0
0,0,0,0,12.714285714285714,4,0
0,0,0,0,10.5,4,0
0,0,0,0,8.0,3,0
0,0,0,0,21.0,1,0
0,3,0,0,11.8,2,0
0,0,0,0,20.0,2,0
0,0,0,0,17.0,1,0
0,0,0,0,22.0,1,0
0,0,0,0,1.0,1,0
0,0,0,0,13.0,1,0
0,0,0,0,13.0,1,0
0,0,0,0,0.0,1,0
0,0,0,0,1.0,1,0
0,0,0,0,11.0,1,0
0,0,0,0,18.0,1,0
0,0,0,0,18.0,1,0
0,0,0,0,10.0,1,0
0,0,0,1,5.0,1,0
0,0,0,0,6.0,1,0
0,0,0,0,12.133333333333333,13,1
0,0,0,0,8.5,12,1
0,0,0,0,10.571428571428571,11,1
0,0,0,0,10.0,2,0
0,0,0,0,11.75,3,0
0,0,0,0,14.666666666666666,2,0
0,0,0,0,11.0,2,0
0,0,0,0,14.5,2,0
0,0,0,0,13.0,1,0
0,0,0,0,15.642857142857142,9,1
0,0,0,0,8.5,3,0
0,0,0,0,18.0,1,0
0,0,0,0,11.0,3,0
0,0,0,0,8.0,1,0
0,0,0,0,10.0,1,0
0,0,0,0,11.5,2,0
0,0,0,0,23.0,1,0
0,0,0,0,18.0,2,0
0,0,0,0,23.0,1,0
0,0,0,4,14.0,2,0
0,0,0,0,10.2,3,0
0,0,0,0,7.0,1,0
0,0,0,0,12.0,1,0
0,0,0,0,13.0,2,0
0,0,0,0,17.0,1,0
0,0,0,0,16.0,1,0
0,0,0,0,13.0,1,0
0,0,0,0,10.0,1,0
0,0,0,0,7.0,1,0
0,0,0,0,21.0,1,0
0,0,0,0,15.0,1,0
0,0,0,0,5.0,1,0
0,0,0,0,15.0,1,0
0,0,0,0,12.0,1,0
0,0,0,0,22.0,1,0
0,0,0,0,16.285714285714285,5,0
0,0,0,0,14.0,1,0
0,0,0,0,18.0,4,0
0,0,0,0,8.833333333333334,4,0
0,0,0,0,11.571428571428571,5,0
0,0,0,0,11.25,10,1
0,0,0,0,13.125,6,0
0,0,0,0,6.882352941176471,9,1
0,0,0,0,14.3,8,0
0,0,0,0,5.888888888888889,6,0
0,0,0,0,13.555555555555555,7,0
0,0,0,2,11.307692307692308,10,1
0,0,0,0,11.457142857142857,25,1
0,0,0,0,8.947368421052632,15,1
0,0,0,0,14.25,8,0
0,0,0,0,13.0,3,0
0,0,0,0,11.25,14,1
0,0,0,0,10.7,8,0
0,0,0,0,10.923076923076923,13,1
0,0,0,0,12.88888888888889,8,0
0,0,0,0,8.4,9,0
0,0,0,0,12.0,1,0
0,0,0,0,12.0,1,0
0,0,0,0,8.0,1,0
0,0,0,0,19.0,1,0
0,0,0,0,23.0,1,0
0,0,0,0,22.0,1,0
0,0,0,0,12.0,1,0
0,0,0,0,21.0,1,0
0,0,0,0,14.0,1,0
0,0,0,0,0.0,1,0
0,0,0,0,9.0,2,0
0,0,0,0,11.714285714285714,6,0
0,0,0,0,14.0,1,0
0,0,0,0,15.4,13,1
0,0,0,0,11.142857142857142,11,1
0,0,0,0,2.2,4,0
0,0,0,0,13.8,10,1
0,0,0,0,14.909090909090908,18,1
0,0,0,0,13.5,5,0
0,0,0,0,12.0,8,0
0,0,0,0,13.636363636363637,11,0
0,0,0,1,17.555555555555557,6,0
0,0,0,0,13.0,16,1
0,0,0,0,14.2,14,1
0,0,0,0,12.962962962962964,18,1
0,0,0,0,14.166666666666666,10,1
0,0,0,0,22.0,1,0
0,0,0,1,13.333333333333334,18,1
0,0,0,0,15.0,6,0
0,0,0,0,13.533333333333333,14,1
0,0,0,0,5.2,9,1
0,0,0,0,11.76923076923077,10,1
0,0,0,0,18.0,4,0
0,0,0,0,19.5,2,0
0,0,0,0,23.0,1,0
0,0,0,0,12.0,1,0
0,0,0,0,23.0,1,0
0,0,0,0,9.0,1,0
0,0,0,0,6.5,2,0
0,0,0,0,2.0,1,0
0,0,0,0,8.0,1,0
0,0,0,0,8.0,1,0
0,0,0,0,11.0,1,0
0,0,0,0,7.0,1,0
0,0,0,0,16.0,1,0
0,0,0,0,11.0,2,0
0,0,0,0,14.0,1,0
0,0,0,0,9.0,1,0
0,0,0,0,16.0,1,0
0,0,0,0,8.0,1,0
0,0,0,0,1.0,1,0
0,0,0,0,14.0,1,0
0,0,0,0,22.0,1,0
0,0,0,0,14.0,1,0
0,4,0,0,2.0,1,0
0,0,0,0,14.0,1,0
0,0,0,0,9.0,1,0
0,0,0,0,23.0,1,0
0,0,0,0,12.0,1,0
0,0,0,0,16.0,1,0
0,0,0,0,17.0,1,0
0,0,0,0,10.0,1,0
0,0,0,0,2.0,1,0
0,0,0,0,19.0,1,0
0,0,0,0,23.0,1,0
0,0,0,0,7.0,1,0
0,0,0,0,9.333333333333334,3,0
0,0,0,0,7.0,1,0
0,0,0,0,16.75,3,0
0,0,0,0,13.0,1,0
0,0,0,0,18.625,6,0
0,0,0,0,15.714285714285714,4,0
0,0,0,0,14.714285714285714,10,1
0,0,0,1,14.25,8,0
0,0,0,0,9.583333333333334,10,1
0,0,0,0,15.653846153846153,19,1
0,0,0,0,12.692307692307692,10,1
0,0,0,0,16.0,21,1
0,0,0,2,16.916666666666668,30,1
0,0,0,0,12.163934426229508,42,1
0,0,0,1,11.987012987012987,59,1
0,0,0,0,11.831683168316832,75,1
0,1,0,1,12.597938144329897,79,1
0,0,0,5,13.64102564102564,55,1
0,0,0,0,13.552631578947368,52,1
0,0,0,1,10.827586206896552,44,1
0,0,0,1,10.537313432835822,108,1
0,0,0,0,12.692307692307692,80,1
0,0,0,2,12.273684210526316,82,1
0,0,0,0,11.591836734693878,42,1
0,0,0,0,12.925925925925926,24,1
0,0,0,1,12.891891891891891,61,1
0,0,0,1,12.862068965517242,21,1
0,0,0,1,11.78,41,1
0,0,0,0,12.10204081632653,41,1
0,0,0,0,10.428571428571429,25,1
0,0,0,0,14.6,10,0
0,0,0,0,7.0,1,0
0,0,0,0,16.0,1,0
0,0,0,0,12.0,1,0
0,0,0,0,13.0,1,0
0,0,0,0,10.0,1,0
0,0,0,0,14.0,1,0
0,0,0,0,23.0,1,0
0,0,0,0,23.0,1,0
0,0,0,0,23.0,1,0
0,0,0,0,1.0,1,0
0,0,0,0,8.0,1,0
0,0,0,0,20.0,1,0
0,0,0,0,2.3333333333333335,2,0
0,0,0,0,20.0,1,0
0,0,0,0,23.0,1,0
0,0,0,0,22.0,1,0
0,0,0,0,17.0,1,0
0,0,0,0,7.0,2,0
0,0,0,0,9.0,1,0
0,0,0,0,12.0,1,0
0,0,0,0,22.0,1,0
0,0,0,0,22.0,1,0
0,0,0,0,1.0,1,0
0,0,0,0,2.0,1,0
0,0,0,0,2.0,1,0
0,0,0,0,22.0,1,0
0,0,0,0,21.0,1,0
0,0,0,0,5.0,2,0
0,0,0,0,20.0,1,0
0,0,0,0,10.333333333333334,3,0
0,0,0,0,6.0,1,0
0,0,0,0,15.0,1,0
0,0,0,0,2.0,1,0
0,0,0,0,7.0,1,0
0,0,0,0,9.0,1,0
0,0,0,0,23.0,1,0
0,0,0,0,7.0,1,0
0,0,0,0,22.0,1,0
0,0,0,0,20.0,1,0
0,0,0,0,0.0,1,0
0,0,0,0,11.0,1,0
0,0,0,0,20.0,1,0
0,0,0,0,14.5,2,0
0,0,0,0,20.5,2,0
0,0,0,0,16.25,3,0
0,0,0,0,10.5,9,1
0,0,0,0,22.0,1,0
0,0,0,0,13.666666666666666,8,0
0,0,0,0,15.153846153846153,19,1
0,0,0,0,13.571428571428571,11,1
0,0,0,0,16.38888888888889,11,1
0,0,0,0,8.818181818181818,9,0
0,0,0,0,11.0,10,1
0,0,0,0,14.571428571428571,10,1
0,0,0,0,9.666666666666666,3,0
0,0,0,1,0.0,1,0
0,0,0,0,17.5,2,0
0,0,0,0,5.0,1,0
0,0,0,0,11.0,1,0
0,0,0,0,5.0,1,0
0,0,0,0,22.0,1,0
0,0,0,0,10.166666666666666,4,0
0,0,0,0,19.0,2,0
0,0,0,0,8.0,2,0
0,0,0,0,22.0,1,0
0,0,0,0,17.0,1,0
0,0,0,0,14.6,4,0
0,0,0,0,13.25,3,0
0,0,0,0,7.0,1,0
0,0,0,0,7.5,2,0
0,0,0,0,16.25,6,0
0,0,0,0,16.0,1,0
0,0,0,0,1.5,2,0
0,0,0,1,13.0,1,0
0,0,0,0,9.0,1,0
0,0,0,0,1.0,1,0
0,0,0,0,9.0,1,0
0,0,0,0,10.0,1,0
0,0,0,0,23.0,1,0
0,0,0,0,20.0,1,0
0,0,0,0,23.0,1,0
0,0,0,0,1.0,1,0
0,0,0,0,16.0,1,0
0,0,0,0,1.0,1,0
0,0,0,0,15.0,1,0
0,0,0,0,9.0,1,0
0,0,0,0,13.0,1,0
0,0,0,0,12.0,1,0
0,0,0,0,23.0,1,0
0,0,0,0,14.0,1,0
0,0,0,0,11.0,1,0
0,0,0,0,11.631578947368421,14,1
0,0,0,0,14.318181818181818,14,1
0,0,0,3,13.058823529411764,12,1
0,0,0,0,11.52,21,1
0,0,0,0,22.0,1,0
0,0,0,0,14.0,2,0
0,0,0,0,12.0,3,0
0,0,0,0,15.692307692307692,9,1
0,0,0,0,11.777777777777779,8,0
0,0,0,0,14.0,3,0
0,0,0,0,10.8,14,1
0,0,0,0,13.545454545454545,9,0
0,0,0,0,13.68421052631579,14,1
0,0,0,0,11.666666666666666,3,0
0,0,0,0,12.181818181818182,9,0
0,0,0,0,20.0,1,0
0,0,0,2,13.166666666666666,10,1
0,0,0,0,10.0,1,0
0,0,0,0,14.0,2,0
0,0,0,0,20.0,1,0
0,0,0,0,16.0,2,0
0,0,0,0,20.0,2,0
0,0,0,0,14.333333333333334,3,0
0,0,0,0,10.0,1,0
0,0,0,0,13.0,2,0
0,0,0,0,12.142857142857142,4,0
0,0,0,0,8.0,1,0
0,0,0,0,9.0,1,0
0,0,0,0,10.0,1,0
0,0,0,0,12.0,3,0
0,0,0,0,10.0,1,0
0,0,0,0,2.0,1,0
0,0,0,0,9.0,1,0
0,0,0,0,10.0,1,0
0,0,0,0,12.0,1,0
0,0,0,0,7.0,1,0
0,0,0,0,16.0,1,0
0,0,0,0,21.0,1,0
0,0,0,0,20.4,4,0
0,0,0,0,18.0,1,0
0,0,0,0,1.0,1,0
0,0,0,0,3.0,1,0
0,0,0,0,22.0,1,0
0,0,0,0,1.0,1,0
0,0,0,1,10.666666666666666,3,0
0,0,0,0,11.38888888888889,13,1
0,0,0,0,16.272727272727273,7,0
0,0,0,0,12.055555555555555,14,1
0,0,0,0,12.666666666666666,20,1
0,0,0,0,9.666666666666666,13,1
0,0,0,0,9.428571428571429,5,0
0,0,0,0,13.8125,11,1
0,0,0,0,16.0,1,0
0,0,0,0,22.0,1,0
0,0,0,0,13.0,1,0
0,0,0,0,8.25,4,0
0,0,0,0,9.266666666666667,10,1
0,0,0,0,1.0,1,0
0,0,0,0,15.0,1,0
0,0,0,0,14.0,3,0
0,0,0,0,18.0,1,0
0,0,0,0,18.75,3,0
0,0,0,0,15.0,2,0
0,0,0,0,14.5,3,0
0,0,0,0,8.0,3,0
0,0,0,0,20.0,1,0
0,0,0,0,1.0,1,0
0,0,0,0,15.0,1,0
0,0,0,0,7.0,1,0
0,0,0,0,14.5,2,0
0,0,0,0,16.0,1,0
0,0,0,0,23.0,1,0
0,0,0,0,18.5,2,0
0,0,0,0,20.0,1,0
0,0,0,0,22.0,1,0
0,0,0,0,11.0,1,0
0,0,0,0,16.0,1,0
0,0,0,0,7.0,1,0
0,0,0,0,1.0,1,0
0,0,0,0,2.0,1,0
0,0,0,0,18.0,1,0
0,0,0,0,17.666666666666668,3,0
0,0,0,0,23.0,1,0
0,0,0,0,14.5,3,0
0,0,0,0,20.0,1,0
0,0,0,0,13.61111111111111,15,1
0,0,0,0,13.0,4,0
0,0,0,0,10.777777777777779,7,0
0,0,0,0,14.555555555555555,15,1
0,0,1,0,13.727272727272727,10,0
0,0,0,0,14.833333333333334,10,1
0,0,0,0,14.333333333333334,11,1
0,0,0,0,6.875,7,0
0,0,0,0,14.333333333333334,5,0
0,0,0,0,12.0,1,0
0,0,0,0,14.833333333333334,4,0
0,0,0,0,8.0,1,0
0,0,0,0,19.0,1,0
0,0,0,0,4.0,1,0
0,0,0,0,15.0,1,0
0,0,0,0,8.0,1,0
0,0,0,0,18.333333333333332,2,0
0,0,0,0,1.0,1,0
0,0,0,0,0.0,1,0
0,0,0,0,21.0,1,0
0,0,0,0,12.5,2,0
0,0,0,0,16.4,5,0
0,0,0,0,8.0,1,0
0,0,0,0,11.25,4,0
0,0,0,0,15.0,2,0
0,0,0,0,14.333333333333334,2,0
0,0,0,0,13.666666666666666,3,0
0,0,0,0,20.5,2,0
0,0,0,0,2.0,1,0
0,0,0,0,11.0,1,0
0,0,0,0,3.0,1,0
0,0,0,0,22.0,1,0
0,0,0,0,22.0,1,0
0,0,0,0,15.0,2,0
0,0,0,0,14.8,6,0
0,0,0,0,19.0,5,0
0,0,0,0,12.333333333333334,10,1
0,0,0,0,15.75,4,0
0,0,0,0,11.5,2,0
0,0,0,0,11.333333333333334,3,0
0,0,0,0,12.0,2,0
0,0,0,0,7.0,1,0
0,0,0,0,2.0,1,0
0,0,0,0,16.0,1,0
0,0,0,0,7.0,1,0
0,0,0,0,4.666666666666667,4,0
0,0,0,0,8.875,6,0
0,0,0,0,17.0,2,0
0,0,0,0,7.0,2,0
0,0,0,0,10.0,1,0
0,0,0,0,20.0,1,0
0,0,0,0,10.0,1,0
0,0,0,2,11.4,4,0
0,0,0,0,15.11111111111111,5,0
0,0,0,0,8.75,9,1
0,0,0,0,13.5,2,0
0,0,0,0,21.0,3,0
0,0,0,0,15.2,5,0
0,0,0,0,7.25,2,0
0,0,0,0,13.333333333333334,3,0
0,0,0,0,10.0,1,0
0,0,0,0,17.0,1,0
0,0,0,0,10.0,1,0
0,0,0,0,13.0,1,0
0,0,0,0,11.0,1,0
0,0,0,0,9.0,1,0
0,0,0,0,14.0,1,0
0,0,0,0,16.0,1,0
0,0,0,0,22.0,1,0
0,0,0,0,19.0,1,0
0,0,0,0,2.0,1,0
0,0,0,0,1.0,1,0
0,0,0,0,21.0,1,0
0,0,0,0,8.0,1,0
0,0,0,0,12.0,1,0
0,0,0,0,15.5,2,0
0,0,0,0,19.0,1,0
0,0,0,0,6.6,2,0
0,0,0,0,12.0,1,0
0,0,0,0,0.0,1,0
0,0,0,0,1.0,1,0
0,0,0,0,12.6,4,0
0,0,0,0,0.0,1,0
0,0,0,0,20.0,1,0
0,0,0,0,1.0,1,0
0,0,0,0,19.0,1,0
0,0,0,0,0.0,1,0
0,0,0,0,0.0,1,0
0,0,0,0,15.0,1,0
0,0,0,0,13.0,1,0
0,0,0,0,21.0,1,0
0,0,0,0,22.0,1,0
0,0,0,0,11.0,1,0
0,0,0,0,15.0,1,0
0,0,0,0,12.0,1,0
0,0,0,0,22.0,1,0
0,0,0,0,12.0,1,0
0,0,0,0,8.0,1,0
0,0,0,0,11.2,4,0
0,0,0,0,12.0,1,0
0,0,0,0,3.2,3,0
0,0,0,0,13.0,3,0
0,0,0,0,22.0,1,0
0,0,0,0,9.0,1,0
0,0,0,0,11.5,2,0
0,0,0,0,1.0,1,0
0,0,0,0,14.5,2,0
0,0,0,0,0.0,1,0
0,0,0,0,0.0,1,0
0,0,0,0,0.0,1,0
0,0,0,0,0.0,1,0
0,0,0,0,3.0,1,0
0,0,0,0,10.0,1,0
0,0,0,0,19.0,1,0
0,0,0,0,15.0,1,0
0,0,0,0,1.0,1,0
0,0,0,0,23.0,1,0
0,0,0,0,17.0,1,0
0,0,0,0,11.0,1,0
0,0,0,0,3.0,1,0
0,0,0,0,23.0,1,0
0,0,0,0,23.0,1,0
0,0,0,0,22.0,1,0
0,0,0,0,14.0,1,0
0,0,0,0,17.0,1,0
0,0,0,0,20.0,1,0
0,0,0,0,9.0,1,0
0,0,0,0,19.0,1,0
0,0,0,0,21.0,1,0
0,0,0,0,17.0,1,0
0,0,0,0,14.0,1,0
0,0,0,0,23.0,1,0
0,0,0,0,11.0,1,0
0,0,0,0,14.0,1,0
0,0,0,0,17.0,1,0
0,0,0,0,14.0,2,0
0,0,0,0,14.857142857142858,6,0
0,0,0,0,19.0,5,0
0,0,0,0,17.666666666666668,2,0
0,0,0,0,8.0,1,0
0,0,0,0,10.333333333333334,2,0
0,0,0,0,2.0,1,0
0,0,0,0,0.0,1,0
0,0,0,0,17.625,5,0
0,0,0,0,13.0,3,0
0,0,0,1,11.666666666666666,3,0
0,0,0,0,16.0,1,0
0,0,0,0,0.0,1,0
0,0,0,0,6.0,1,0
0,0,0,0,10.0,1,0
0,0,0,0,10.0,3,0
0,0,0,0,20.0,1,0
0,0,0,0,8.0,1,0
0,0,0,0,22.0,1,0
0,0,0,0,2.0,1,0
0,0,0,0,13.0,2,0
0,2,0,0,15.4,4,0
0,0,0,0,12.0,5,0
0,0,0,0,14.0,6,0
0,0,0,0,8.0,7,1
0,0,0,0,13.0,1,0
0,0,0,0,6.25,2,0
0,0,0,0,23.0,1,0
0,0,0,0,17.6,4,0
0,0,0,0,15.8,3,0
0,0,0,0,18.571428571428573,6,0
0,0,0,0,3.5,3,0
0,0,0,0,19.0,1,0
0,0,0,0,17.833333333333332,6,0
0,0,0,0,11.875,7,0
0,0,0,0,9.0,1,0
0,0,0,0,9.5,3,0
0,0,0,0,10.5,5,0
0,0,0,0,17.22222222222222,5,0
0,0,0,0,1.0,1,0
0,0,0,0,2.0,1,0
0,0,0,0,14.0,1,0
0,0,0,0,17.0,1,0
0,0,0,0,0.0,1,0
0,0,0,1,16.5,3,0
0,0,0,0,15.666666666666666,3,0
0,0,0,0,9.0,1,0
0,0,0,0,16.0,2,0
0,0,0,0,17.0,1,0
0,0,0,0,4.0,1,0
0,0,0,0,19.0,1,0
0,0,0,0,15.0,1,0
0,0,0,0,0.0,1,0
0,0,0,0,1.0,1,0
0,0,0,0,22.0,1,0
0,0,0,0,13.0,1,0
0,0,0,0,20.0,3,0
0,0,0,0,9.125,5,0
0,0,0,0,16.333333333333332,3,0
0,0,0,0,9.833333333333334,6,0
0,0,0,0,9.0,1,0
0,0,0,0,11.0,1,0
0,0,0,0,8.0,1,0
0,0,0,0,12.0,1,0
0,0,0,0,17.0,1,0
0,0,0,0,13.2,5,0
0,0,0,0,14.4,8,0
0,0,0,0,7.428571428571429,7,0
0,0,0,0,4.5,2,0
0,0,0,0,22.0,1,0
0,0,0,0,8.4,2,0
0,0,0,0,13.6,5,0
0,0,0,0,0.0,1,0
0,0,0,0,8.0,1,0
0,0,0,0,21.0,1,0
0,0,0,0,2.0,1,0
0,0,0,0,7.5,6,0
0,0,0,0,10.166666666666666,4,0
0,0,0,0,9.8,4,0
0,0,0,0,10.75,3,0
0,0,0,0,1.0,1,0
0,0,0,0,13.0,1,0
0,0,0,0,14.666666666666666,2,0
0,0,0,0,7.0,1,0
0,0,0,0,11.0,1,0
0,0,0,0,16.0,1,0
0,0,0,0,21.0,1,0
0,0,0,0,16.0,1,0
0,0,0,0,13.0,1,0
0,0,0,0,1.0,1,0
0,0,0,0,17.0,1,0
0,0,0,0,15.0,1,0
0,0,0,0,1.0,1,0
0,0,0,0,0.0,1,0
0,0,0,0,2.0,1,0
0,0,0,0,19.0,1,0
0,0,0,0,20.0,1,0
0,0,0,0,13.0,1,0
0,0,0,0,14.0,1,0
0,0,0,0,13.0,1,0
0,0,0,0,22.0,1,0
0,0,0,0,18.333333333333332,2,0
0,0,0,0,7.0,2,0
0,0,0,0,10.0,1,0
0,0,0,0,10.0,1,0
0,0,0,0,14.0,1,0
0,0,0,0,0.0,1,0
0,0,0,0,1.0,1,0
0,0,0,0,15.0,1,0
0,0,0,0,23.0,1,0
0,0,0,0,6.0,1,0
0,0,0,0,17.0,1,0
0,0,0,0,17.0,1,0
0,0,0,0,17.0,1,0
0,0,0,0,19.0,1,0
0,0,0,0,10.0,1,0
0,0,0,0,2.0,1,0
0,0,0,0,18.0,1,0
0,0,0,0,10.0,1,0
0,0,0,0,9.0,1,0
0,0,0,0,8.0,1,0
0,0,0,0,9.0,1,0
0,0,0,0,10.0,1,0
0,0,0,0,11.0,1,0
0,0,0,0,10.0,1,0
0,0,0,0,2.0,1,0
0,0,0,0,22.0,3,0
0,0,0,0,16.0,1,0
0,0,0,0,11.0,1,0
0,0,0,0,10.0,1,0
0,0,0,2,15.0,3,0
0,0,0,0,19.0,1,0
0,0,0,0,8.0,1,0
0,0,0,0,10.2,5,0
0,0,0,0,11.333333333333334,4,0
0,0,0,0,15.142857142857142,10,1
0,0,0,2,11.666666666666666,6,0
0,0,0,0,12.0,2,0
0,0,0,0,7.4,8,0
0,0,0,0,13.714285714285714,7,0
0,0,0,0,12.25,4,0
0,0,0,0,14.5,6,0
0,0,0,0,14.25,10,1
0,0,0,0,15.0,10,0
0,0,0,0,10.0,2,0
0,0,0,0,14.0,7,0
0,0,0,0,14.333333333333334,6,0
0,0,0,0,11.333333333333334,3,0
0,0,0,0,11.333333333333334,3,0
0,0,0,0,2.6666666666666665,2,0
0,0,0,0,13.0,1,0
0,0,0,0,16.0,1,0
0,0,0,0,23.0,1,0
0,0,0,0,17.0,1,0
0,0,0,0,21.0,1,0
0,0,0,2,14.333333333333334,2,0
0,0,0,0,22.0,1,0
0,0,0,0,9.0,1,0
0,0,0,0,8.0,1,0
0,0,0,0,12.0,1,0
0,0,0,0,20.0,1,0
0,0,0,0,14.5,2,0
0,0,0,0,21.0,1,0
0,0,0,0,0.5,2,0
0,0,0,0,13.5,3,0
0,0,0,0,20.5,2,0
0,0,0,0,13.0,1,0
0,0,0,0,13.666666666666666,3,0
0,0,0,0,10.0,2,0
0,0,0,0,9.0,1,0
0,0,0,0,4.0,1,0
0,0,0,0,19.0,1,0
0,0,0,0,14.0,1,0
0,0,0,0,20.0,1,0
0,0,0,0,3.0,1,0
0,0,0,0,22.0,1,0
0,0,0,0,16.0,1,0
0,0,0,0,10.75,3,0
0,0,0,0,17.666666666666668,3,0
0,0,0,0,10.0,1,0
0,0,0,0,13.5,4,0
0,0,0,0,22.5,2,0
0,0,0,0,17.0,2,0
0,0,0,0,11.666666666666666,3,0
0,0,0,0,16.0,1,0
0,0,0,0,23.0,1,0
0,0,0,0,17.5,2,0
0,0,0,0,17.0,1,0
0,0,0,0,1.0,1,0
0,0,0,0,22.0,1,0
0,0,0,0,12.0,1,0
0,0,0,0,21.0,1,0
0,0,0,0,11.0,2,0
0,0,0,0,19.0,1,0
0,0,0,0,21.0,2,0
0,0,0,0,15.0,1,0
0,0,0,0,13.0,1,0
0,0,0,0,0.0,1,0
0,0,0,0,15.0,1,0
0,0,0,0,16.0,1,0
0,0,0,0,7.0,1,0
0,0,0,0,17.0,1,0
0,0,0,0,16.0,1,0
0,0,1,0,17.0,1,0
0,0,0,0,20.0,1,0
0,0,0,0,9.0,3,0
0,0,0,0,10.0,1,0
0,0,0,0,10.666666666666666,3,0
0,0,0,0,14.0,1,0
0,0,0,0,1.0,1,0
0,0,0,0,23.0,1,0
0,0,0,0,1.0,1,0
0,0,0,0,23.0,1,0
0,0,0,0,0.0,1,0
0,0,0,0,20.0,1,0
0,0,0,0,20.0,1,0
0,0,0,0,8.0,1,0
0,0,0,0,15.0,1,0
0,0,0,0,9.0,1,0
0,0,0,0,17.0,1,0
0,0,0,0,9.0,1,0
0,0,0,0,11.0,1,0
0,0,0,0,14.0,1,0
0,0,0,0,2.0,1,0
0,0,0,0,10.0,1,0
0,0,0,0,0.0,1,0
0,0,0,0,16.0,1,0
0,0,0,0,10.0,1,0
0,0,0,0,17.0,1,0
0,0,0,0,23.0,1,0
0,0,0,0,20.0,1,0
0,0,0,0,15.0,1,0
0,0,0,0,12.0,1,0
0,0,0,0,5.0,1,0
0,0,0,0,9.0,1,0
0,0,0,0,2.0,1,0
0,0,0,0,14.4,5,0
0,0,0,0,10.6,3,0
0,0,0,0,8.0,1,0
0,0,0,0,12.25,4,0
0,0,0,0,21.142857142857142,6,0
0,0,0,0,8.666666666666666,3,0
0,0,0,0,12.909090909090908,10,0
0,0,0,0,11.692307692307692,11,1
0,0,0,0,10.090909090909092,9,0
0,0,0,0,18.11111111111111,7,0
0,0,0,0,13.666666666666666,14,1
0,0,0,1,9.25,9,1
0,0,0,0,15.833333333333334,6,0
0,0,0,0,15.4,6,0
0,0,0,0,14.363636363636363,10,0
0,0,0,0,3.0,1,0
0,0,0,0,19.0,1,0
0,0,0,0,10.0,4,0
0,0,0,0,4.0,1,0
0,0,0,0,14.176470588235293,13,1
0,0,0,0,14.5,3,0
0,0,0,0,4.0,2,0
0,0,0,0,11.0,1,0
0,0,0,0,13.0,2,0
0,0,0,0,16.4,4,0
0,0,0,0,15.0,3,0
0,0,0,0,12.2,4,0
0,0,0,0,10.0,1,0
0,1,0,0,15.777777777777779,8,0
0,0,0,0,16.8,3,0
0,0,0,0,14.25,9,1
0,0,0,0,9.0,1,0
0,0,0,0,9.375,7,0
0,0,0,0,20.0,1,0
0,0,0,0,0.0,1,0
0,0,0,0,22.0,2,0
0,0,0,0,5.0,2,0
0,0,0,0,17.0,2,0
0,0,0,0,10.333333333333334,3,0
0,0,0,0,8.0,1,0
0,0,0,0,12.0,1,0
0,0,0,0,11.5,2,0
0,0,0,0,6.0,1,0
0,0,0,0,6.0,2,0
0,0,0,0,16.4,2,0
0,0,0,0,20.0,2,0
0,0,0,0,7.25,2,0
0,0,0,0,8.0,1,0
0,0,0,0,22.0,1,0
0,0,0,0,15.0,1,0
0,0,0,0,0.0,1,0
0,0,0,0,10.0,1,0
0,0,0,0,22.0,1,0
0,0,0,0,18.0,1,0
0,0,0,0,10.0,1,0
0,0,0,0,10.0,1,0
0,0,0,0,14.0,1,0
0,0,0,0,13.0,1,0
0,0,0,0,11.0,1,0
0,0,0,0,4.0,1,0
0,0,0,0,10.0,1,0
0,0,0,0,8.0,1,0
0,0,0,0,11.0,1,0
0,0,0,0,12.0,1,0
0,0,0,0,6.0,1,0
0,0,0,0,10.0,1,0
0,0,0,0,20.0,2,0
0,0,0,0,23.0,1,0
0,0,0,0,7.0,1,0
0,0,0,0,21.0,1,0
0,0,0,0,20.0,1,0
0,0,0,0,11.0,1,0
0,0,0,0,23.0,1,0
0,0,0,0,16.0,1,0
0,0,0,0,17.0,1,0
0,0,0,0,3.0,1,0
0,0,0,0,23.0,2,0
0,0,0,0,17.5,2,0
0,0,0,0,3.0,1,0
0,0,0,0,17.0,3,0
0,0,0,0,19.75,3,0
0,0,0,0,17.0,1,0
0,0,0,0,3.0,1,0
0,0,0,0,1.0,1,0
0,0,0,0,22.0,1,0
0,0,0,0,20.0,1,0
0,0,0,0,23.0,1,0
0,0,0,0,23.0,1,0
0,0,0,0,13.0,1,0
0,0,0,0,7.0,1,0
0,0,0,0,1.0,1,0
0,0,0,0,2.0,1,0
0,0,0,0,20.0,1,0
0,0,0,0,8.0,1,0
0,0,0,0,14.0,1,0
0,0,0,0,12.0,1,0
0,0,0,0,15.5,2,0
0,0,0,0,23.0,1,0
0,0,0,0,16.5,4,0
0,0,0,0,13.0,3,0
0,0,0,0,13.666666666666666,4,0
0,0,0,0,18.6,7,0
0,0,0,0,13.818181818181818,10,0
0,0,0,0,9.5,7,0
0,0,0,0,10.909090909090908,8,0
0,0,0,0,6.75,3,0
0,0,0,0,12.666666666666666,3,0
0,0,0,0,18.0,5,0
0,0,0,0,14.6,13,1
0,0,0,0,8.4,10,0
0,0,0,0,13.3,10,0
0,0,0,0,12.0,9,0
0,0,0,0,13.066666666666666,10,1
0,0,0,0,12.6,9,0
0,0,0,0,13.75,2,0
0,0,0,0,0.0,1,0
0,0,0,0,10.5,2,0
0,0,0,0,11.0,1,0
0,0,0,0,12.5,2,0
0,0,0,0,9.0,2,0
0,0,0,0,10.5,3,0
0,0,0,1,7.0,1,0
0,0,0,0,17.0,2,0
0,0,0,0,11.8,4,0
0,0,0,0,15.142857142857142,7,0
0,0,0,0,13.666666666666666,3,0
0,0,0,0,16.6,4,0
0,0,0,0,23.0,1,0
0,0,0,0,22.0,1,0
0,0,0,0,10.5,2,0
0,0,0,0,5.666666666666667,3,0
0,0,0,0,13.0,4,0
0,0,0,0,20.0,1,0
0,0,0,0,10.5,2,0
0,0,0,0,14.2,5,0
0,0,0,0,15.0,2,0
0,0,0,0,3.3333333333333335,2,0
0,0,0,0,14.5,3,0
0,0,0,0,14.75,4,0
0,0,0,0,19.0,1,0
0,0,0,0,6.0,1,0
0,0,0,0,16.0,1,0
0,0,0,0,14.333333333333334,3,0
0,0,0,0,12.666666666666666,3,0
0,0,0,0,14.0,2,0
0,0,0,0,19.0,1,0
0,0,0,0,12.0,1,0
0,0,0,0,7.0,1,0
0,0,0,0,19.0,1,0
0,0,0,0,8.0,1,0
0,0,0,0,8.75,7,0
0,0,0,0,13.058823529411764,15,1
0,0,0,2,14.545454545454545,8,0
0,0,0,0,12.857142857142858,25,1
0,0,0,1,11.095238095238095,21,1
0,0,0,0,10.166666666666666,19,1
0,0,0,0,13.428571428571429,14,1
0,0,0,0,8.61111111111111,12,1
0,0,0,0,15.25,8,0
0,0,0,0,11.666666666666666,12,1
0,0,0,0,9.8,9,0
0,0,0,0,14.2,5,0
0,0,0,0,12.4,14,1
0,0,0,0,10.25,12,1
0,0,0,0,16.444444444444443,9,0
0,0,0,0,15.555555555555555,8,0
0,0,0,0,12.5,2,0
0,0,0,0,19.0,1,0
0,0,0,0,0.0,1,0
0,0,0,0,19.0,1,0
0,0,0,1,11.0,1,0
0,0,0,0,11.0,1,0
0,0,0,0,10.0,1,0
0,0,0,0,8.0,1,0
0,0,0,0,18.0,1,0
0,0,0,0,13.0,1,0
0,0,0,0,12.0,1,0
0,0,0,0,5.0,1,0
0,0,0,0,0.0,1,0
0,0,0,0,21.0,2,0
0,0,0,0,15.0,1,0
0,0,0,0,13.666666666666666,5,0
0,0,0,0,14.0625,14,1
0,0,0,1,8.444444444444445,7,0
0,0,0,0,11.875,8,0
0,0,0,0,12.666666666666666,5,0
0,0,0,0,19.0,1,0
0,0,0,0,10.0,1,0
0,0,0,0,20.0,2,0
0,0,0,0,12.0,1,0
0,0,0,0,8.0,1,0
0,0,0,0,16.0,1,0
0,0,0,0,13.0,1,0
0,0,0,0,15.212765957446809,35,1
0,0,0,1,10.206896551724139,24,1
0,0,0,0,11.366666666666667,21,1
0,0,0,0,14.48,21,1
0,0,0,1,11.653846153846153,24,1
0,0,0,0,17.5,5,0
0,0,0,0,14.714285714285714,7,0
0,0,0,0,13.88888888888889,9,0
0,0,0,0,16.22222222222222,9,0
0,0,0,3,13.534883720930232,30,1
0,0,0,0,13.571428571428571,18,1
0,0,0,1,14.0,13,1
0,0,0,0,14.625,14,1
0,0,0,0,12.9,10,0
0,0,0,0,15.666666666666666,4,0
0,0,0,0,13.0,1,0
0,0,0,0,12.0,1,0
0,0,0,0,23.0,1,0
0,0,0,0,14.0,1,0
0,0,0,0,8.0,1,0
0,0,0,0,18.0,1,0
0,0,0,0,12.0,1,0
0,0,0,0,11.5,2,0
0,0,0,0,22.0,1,0
0,0,0,0,16.0,3,0
0,0,0,0,23.0,1,0
0,0,0,0,17.0,2,0
0,0,0,0,12.0,1,0
0,0,0,0,13.0,1,0
0,0,0,0,14.0,1,0
0,0,0,0,18.5,2,0
0,0,0,0,15.0,1,0
0,0,0,0,23.0,1,0
0,0,0,1,12.0,1,0
0,0,0,0,0.0,1,0
0,0,0,0,3.0,1,0
0,0,0,0,12.657142857142857,33,1
0,0,0,1,12.963636363636363,42,1
0,0,0,0,14.479166666666666,29,1
0,0,0,0,14.81578947368421,31,1
0,0,0,0,13.48,20,1
0,0,0,3,10.9375,24,1
0,0,0,0,15.7,10,0
0,0,0,0,10.705882352941176,16,1
0,0,0,0,14.416666666666666,21,1
0,0,0,0,15.055555555555555,16,1
0,0,0,0,11.911764705882353,29,1
0,0,0,0,11.925925925925926,26,1
0,0,0,2,13.82857142857143,30,1
0,0,0,0,12.941176470588236,15,1
0,0,0,0,15.444444444444445,29,1
0,0,0,0,12.2,18,1
0,0,0,0,15.181818181818182,10,0
0,0,0,0,19.0,1,0
0,0,0,0,12.0,1,0
0,0,0,0,11.0,1,0
0,0,0,0,7.0,1,0
0,0,0,0,18.5,4,0
0,0,0,0,12.5,4,0
0,0,0,0,9.846153846153847,8,1
0,0,0,0,9.833333333333334,5,0
0,0,0,0,7.0,4,0
0,0,0,0,10.0,3,0
0,0,0,0,10.625,6,0
0,0,0,0,14.0,3,0
0,0,0,0,0.0,1,0
0,0,0,0,21.0,1,0
0,0,0,0,12.0,1,0
0,0,0,0,2.0,1,0
0,0,0,0,11.0,1,0
0,0,0,0,0.0,1,0
0,0,0,0,22.0,1,0
0,0,0,0,8.0,1,0
0,0,0,0,1.0,1,0
0,0,0,0,20.0,1,0
0,0,0,0,12.0,1,0
0,0,0,0,11.0,3,0
0,0,0,0,10.0,1,0
0,0,0,0,12.0,1,0
0,0,0,0,13.2,3,0
0,0,0,0,14.0,2,0
0,0,0,0,18.5,2,0
0,0,0,0,14.0,1,0
0,0,0,0,10.0,1,0
0,0,0,1,8.863636363636363,11,1
0,0,0,0,13.0,4,0
0,0,0,0,18.5,3,0
0,0,0,0,21.0,1,0
0,0,0,0,6.666666666666667,3,0
0,0,0,0,13.0,2,0
0,0,0,0,15.153846153846153,7,1
0,0,0,0,13.666666666666666,3,0
0,0,0,0,0.0,1,0
0,0,0,0,23.0,1,0
0,0,0,0,13.0,1,0
0,0,0,0,1.0,1,0
0,0,0,3,7.2,2,0
0,0,0,0,20.0,1,0
0,0,0,0,12.0,1,0
0,0,0,0,21.0,1,0
0,0,0,0,19.0,1,0
0,0,0,0,0.0,1,0
0,0,0,0,17.428571428571427,2,0
0,0,0,0,11.0,1,0
0,0,0,0,10.0,1,0
0,0,0,0,15.0,1,0
0,0,0,0,18.0,1,0
0,0,0,0,9.0,1,0
0,0,0,0,12.0,1,0
0,0,0,0,10.0,1,0
0,0,0,0,8.666666666666666,2,0
0,0,0,0,13.0,1,0
0,0,0,0,15.0,1,0
0,0,0,0,14.0,1,0
0,0,0,0,7.0,1,0
0,0,0,0,13.0,1,0
0,0,0,0,9.0,1,0
0,0,0,0,11.0,1,0
0,0,0,0,9.0,1,0
0,0,0,0,12.0,1,0
0,0,0,0,22.0,1,0
0,0,0,0,15.0,1,0
0,0,0,0,21.0,1,0
0,0,0,1,21.0,1,0
0,0,0,0,20.0,1,0
0,0,0,0,23.0,1,0
0,0,0,0,23.0,1,0
0,0,0,0,18.0,1,0
0,0,0,0,1.0,1,0
0,0,0,0,15.0,1,0
0,0,0,0,9.0,1,0
0,0,0,0,10.0,1,0
0,0,0,0,8.0,1,0
0,0,0,0,23.0,1,0
0,0,0,0,12.0,1,0
0,0,0,0,12.0,1,0
0,0,0,0,21.0,1,0
0,0,0,0,0.0,1,0
0,0,0,0,8.0,1,0
0,0,0,0,21.0,1,0
0,0,0,0,20.0,1,0
0,0,0,0,19.0,1,0
0,0,0,0,23.0,1,0
0,0,0,0,22.0,1,0
0,0,0,0,22.0,1,0
0,0,0,0,11.0,1,0
0,0,0,0,23.0,1,0
0,0,0,0,14.0,1,0
0,0,0,0,14.0,1,0
0,0,0,0,18.0,1,0
0,0,0,0,19.0,1,0
0,0,0,0,14.0,2,0
0,0,0,0,13.0,1,0
0,0,0,0,11.0,2,0
0,0,0,0,16.0,1,0
0,0,0,0,5.0,1,0
0,0,0,0,15.0,2,0
0,0,0,0,10.666666666666666,4,0
0,0,0,0,8.0,1,0
0,0,0,0,15.333333333333334,2,0
0,0,0,0,14.666666666666666,3,0
0,0,0,0,5.333333333333333,4,0
0,0,0,0,9.0,2,0
0,0,0,0,16.0,1,0
0,0,0,0,21.0,1,0
0,0,0,0,11.0,1,0
0,0,0,0,14.5,2,0
0,0,0,0,12.0,1,0
0,0,0,0,11.0,1,0
0,0,0,0,13.0,1,0
0,0,0,0,22.0,1,0
0,0,0,0,8.0,1,0
0,0,0,0,3.0,1,0
0,0,0,0,13.0,1,0
0,0,0,0,7.0,1,0
0,0,0,0,23.0,1,0
0,0,0,0,17.5,2,0
0,0,0,0,20.0,2,0
0,0,0,0,2.0,1,0
0,0,0,0,8.0,1,0
0,0,0,0,11.0,1,0
0,0,0,0,22.0,1,0
0,0,0,0,8.0,1,0
0,0,0,0,17.0,1,0
0,0,0,0,22.0,1,0
0,0,0,0,11.0,1,0
0,0,0,0,17.0,1,0
0,0,0,0,12.0,1,0
0,0,0,0,0.0,1,0
0,0,0,0,14.0,1,0
0,0,0,0,20.0,2,0
0,0,0,0,14.0,2,0
0,0,0,0,6.5,2,0
0,0,0,0,18.25,4,0
0,0,0,0,17.714285714285715,5,0
0,0,0,0,14.75,10,1
0,0,0,0,15.25,6,0
0,0,0,0,19.5,2,0
0,0,0,1,16.4375,15,1
0,0,0,0,12.363636363636363,10,0
0,0,0,0,17.714285714285715,6,0
0,0,0,0,10.25,7,1
0,0,0,0,16.5,4,0
0,0,0,0,14.0,3,0
0,0,0,0,10.0,1,0
0,0,0,0,0.0,1,0
0,0,0,0,8.0,1,0
0,0,0,0,20.0,1,0
0,0,0,1,7.666666666666667,3,0
0,0,0,0,11.0,2,0
0,0,0,0,15.0,2,0
0,0,0,0,13.666666666666666,3,0
0,0,0,0,15.0,1,0
0,0,0,0,7.0,1,0
0,0,0,0,23.0,1,0
0,0,0,0,23.0,1,0
0,0,0,0,16.0,1,0
0,0,0,0,5.0,2,0
0,0,0,0,18.0,3,0
0,0,0,0,15.0,1,0
0,0,0,0,19.285714285714285,5,0
0,0,0,0,14.333333333333334,5,0
0,0,0,0,8.75,5,0
0,0,0,0,10.454545454545455,9,0
0,0,0,0,17.88888888888889,12,1
0,0,0,0,12.75,14,1
0,0,0,0,15.363636363636363,10,0
0,0,0,0,16.88888888888889,8,0
0,0,0,0,17.05263157894737,15,1
0,0,0,0,12.777777777777779,8,0
0,0,0,0,17.166666666666668,5,0
0,0,0,0,2.0,2,0
0,0,0,0,2.0,1,0
0,0,0,0,20.0,4,0
0,0,0,0,3.5,2,0
0,0,0,0,8.0,1,0
0,0,0,0,21.0,2,0
0,0,0,0,9.5,2,0
0,0,0,0,22.0,2,0
0,0,0,0,23.0,1,0
0,0,0,0,17.0,1,0
0,0,0,0,19.333333333333332,2,0
0,0,0,0,23.0,1,0
0,0,0,0,12.0,1,0
0,0,0,0,9.4,4,0
0,0,0,0,14.727272727272727,8,0
0,0,0,0,11.0,8,0
0,0,0,0,9.538461538461538,10,1
0,0,0,0,12.6,4,0
0,0,0,0,16.0,19,1
0,0,0,0,14.7,17,1
0,0,0,1,10.916666666666666,20,1
0,0,0,0,15.681818181818182,18,1
0,0,0,0,14.428571428571429,18,1
0,0,0,0,14.290322580645162,25,1
0,0,0,0,13.307692307692308,20,1
0,0,0,0,15.133333333333333,7,1
0,0,0,0,17.714285714285715,7,0
0,0,0,0,7.833333333333333,4,0
0,0,0,0,14.444444444444445,7,0
0,0,0,0,9.25,5,0
0,0,0,0,13.0,1,0
0,0,0,0,12.6,5,0
0,0,0,0,14.333333333333334,5,0
0,0,0,0,10.0625,9,1
0,0,0,0,9.125,7,0
0,0,0,0,9.0,1,0
0,0,0,0,21.0,1,0
0,0,0,0,4.0,1,0
0,0,0,0,17.0,1,0
0,0,0,0,14.0,1,0
0,0,0,0,8.0,1,0
0,0,0,0,0.0,1,0
0,0,0,0,8.0,1,0
0,0,0,0,20.0,1,0
0,0,0,0,1.0,1,0
0,0,0,0,23.0,1,0
0,0,0,0,3.0,1,0
0,0,0,0,15.0,1,0
0,0,0,0,12.428571428571429,4,0
0,0,0,0,18.333333333333332,3,0
0,0,0,0,18.416666666666668,10,1
0,3,0,2,10.470588235294118,11,1
0,0,0,0,14.923076923076923,9,1
0,1,0,2,9.243243243243244,27,1
0,0,0,0,13.894736842105264,13,1
0,0,0,0,15.666666666666666,3,0
0,0,0,0,0.0,1,0
0,0,0,0,13.0,1,0
0,0,0,0,19.0,1,0
0,0,0,0,13.8,3,0
0,0,0,0,15.666666666666666,3,0
0,0,0,0,6.0,1,0
0,0,0,0,13.0,1,0
0,0,0,0,11.0,1,0
0,0,0,0,20.0,1,0
0,0,0,0,22.0,1,0
0,0,0,0,22.0,1,0
0,0,0,0,14.0,1,0
0,0,0,0,12.0,1,0
0,0,0,0,10.5,2,0
0,0,0,0,12.0,1,0
0,0,0,0,2.0,1,0
0,0,0,0,14.1875,12,1
0,0,0,0,9.857142857142858,6,0
0,0,0,0,4.888888888888889,7,0
0,0,0,0,15.25,14,1
0,0,0,0,16.25,7,0
0,0,0,0,12.666666666666666,3,0
0,0,0,1,15.0,7,0
0,0,0,0,15.0,6,0
0,0,0,0,12.625,7,0
0,0,0,0,15.666666666666666,2,0
0,0,0,0,14.0,1,0
0,0,0,0,9.0,1,0
0,0,0,0,6.5,5,0
0,0,0,0,12.2,4,0
0,0,0,0,11.625,8,0
0,0,0,0,14.0,1,0
0,0,0,0,0.0,1,0
0,0,0,0,8.0,1,0
0,0,0,0,22.0,1,0
0,0,0,0,1.0,1,0
0,0,0,0,21.0,1,0
0,0,0,0,16.0,1,0
0,0,0,0,14.0,1,0
0,0,0,0,17.0,1,0
0,0,0,0,0.0,1,0
0,0,0,0,7.0,1,0
0,0,0,0,19.0,2,0
0,0,0,0,12.0,1,0
0,0,0,0,16.0,1,0
0,0,0,0,20.0,1,0
0,0,0,0,15.0,1,0
0,0,0,0,15.0,1,0
0,0,0,0,18.0,1,0
0,0,0,0,15.0,1,0
0,0,0,0,18.333333333333332,2,0
0,0,0,0,7.0,1,0
0,0,0,0,1.0,1,0
0,0,0,0,12.291666666666666,17,1
0,0,0,0,12.166666666666666,6,0
0,0,0,0,15.4,5,0
0,0,0,0,15.6,6,0
0,0,0,0,13.0,3,0
0,0,0,0,13.636363636363637,10,0
0,0,0,0,11.5,4,0
0,0,0,0,16.75,6,0
0,0,0,0,12.75,3,0
0,0,0,0,16.333333333333332,6,0
0,0,0,0,6.666666666666667,2,0
0,0,0,0,9.0,2,0
0,0,0,0,16.5,2,0
0,0,0,0,1.0,1,0
0,0,0,0,1.0,1,0
0,0,0,0,21.0,1,0
0,0,0,0,13.0,1,0
0,0,0,0,13.0,1,0
0,0,0,0,17.0,1,0
0,0,0,0,15.0,1,0
0,0,0,0,18.0,1,0
0,0,0,0,10.0,1,0
0,0,0,0,1.0,1,0
0,0,0,0,19.0,1,0
0,0,0,0,9.0,1,0
0,0,0,0,16.0,2,0
0,0,0,0,2.5,2,0
0,0,0,0,23.0,1,0
0,0,0,0,9.0,1,0
0,0,0,0,20.0,1,0
0,0,0,0,22.0,1,0
0,0,0,0,3.0,1,0
0,0,0,0,23.0,1,0
0,0,0,0,20.0,1,0
0,0,0,0,19.0,1,0
0,0,0,0,15.0,6,0
0,0,0,0,19.333333333333332,4,0
0,0,0,0,13.833333333333334,4,0
0,0,0,0,15.5,2,0
0,0,0,0,18.0,6,0
0,0,0,0,9.9,3,0
0,0,0,0,11.0,1,0
0,0,0,0,16.0,1,0
0,0,0,0,2.0,1,0
0,0,0,0,23.0,1,0
0,0,0,0,17.0,1,0
0,0,0,1,17.0,1,0
0,0,0,0,9.0,1,0
0,0,0,0,12.0,1,0
0,0,0,0,15.0,1,0
0,0,0,0,18.0,1,0
0,0,0,0,14.0,1,0
0,0,0,0,8.0,1,0
0,0,0,0,15.25,3,0
0,0,0,0,11.0,1,0
0,0,0,1,12.5,2,0
0,0,0,0,7.166666666666667,4,0
0,0,0,0,17.0,4,0
0,0,0,0,14.066666666666666,9,1
0,0,0,0,21.666666666666668,3,0
0,0,0,0,17.285714285714285,5,0
0,0,0,0,17.2,5,0
0,0,0,0,11.8,7,0
0,0,0,0,16.5,4,0
0,0,0,0,16.0,1,0
0,0,0,0,21.0,1,0
0,0,0,0,23.0,1,0
0,0,0,0,22.0,1,0
0,0,0,0,2.0,1,0
0,0,0,0,10.0,1,0
0,0,0,0,10.0,1,0
0,0,0,0,10.0,1,0
0,0,0,0,15.454545454545455,5,0
0,0,0,0,11.0,1,0
0,0,0,0,22.0,1,0
0,0,0,0,23.0,1,0
0,0,0,0,9.0,1,0
0,0,0,0,17.0,1,0
0,0,0,0,12.0,1,0
0,0,0,0,7.0,1,0
0,0,0,0,15.625,8,0
0,0,0,1,15.73913043478261,15,1
0,0,0,0,18.25,4,0
0,0,0,0,22.0,1,0
0,0,0,0,6.428571428571429,5,0
0,0,0,0,17.666666666666668,2,0
0,0,0,0,23.0,1,0
0,0,0,0,20.0,1,0
0,0,0,0,13.0,1,0
0,0,0,0,17.0,1,0
0,0,0,0,1.0,1,0
0,0,0,0,22.0,1,0
0,0,0,0,8.0,1,0
0,0,0,0,9.0,1,0
0,0,0,0,17.0,1,0
0,0,0,0,22.0,1,0
0,0,0,0,14.6,3,0
0,0,0,0,9.0,1,0
0,0,0,0,16.0,1,0
0,0,0,0,17.666666666666668,3,0
0,0,0,0,22.0,1,0
0,0,0,0,14.0,1,0
0,0,0,0,13.0,1,0
0,0,0,0,8.0,1,0
0,0,0,0,20.0,1,0
0,0,0,0,20.5,2,0
0,0,0,0,15.0,1,0
0,0,0,0,6.5,2,0
0,0,0,0,18.666666666666668,2,0
0,0,0,0,20.0,1,0
0,0,0,0,7.0,1,0
0,0,0,0,11.666666666666666,3,0
0,0,0,0,15.0,1,0
0,0,0,0,22.0,1,0
0,0,0,0,0.0,1,0
0,0,0,1,19.0,1,0
0,0,0,0,17.0,1,0
0,0,0,0,11.0,1,0
0,0,0,0,0.0,1,0
0,0,0,0,22.0,1,0
0,0,0,0,9.5,2,0
0,0,0,0,1.0,1,0
0,0,0,0,12.0,1,0
0,0,0,0,12.5,2,0
0,0,0,0,15.0,1,0
0,0,0,1,13.0,2,0
0,0,0,0,10.714285714285714,4,0
0,0,0,0,19.0,2,0
0,0,0,0,11.0,3,0
0,0,0,0,10.0,2,0
0,0,0,0,14.285714285714286,6,0
0,0,0,0,19.75,3,0
0,0,0,2,5.0,1,0
0,0,0,0,10.565217391304348,18,1
0,0,0,0,12.2,7,0
0,0,0,0,15.0,1,0
0,0,0,0,7.666666666666667,2,0
0,0,0,0,23.0,1,0
0,0,0,0,5.5,2,0
0,0,0,0,14.0,1,0
0,0,0,0,2.0,1,0
0,0,0,0,17.0,4,0
0,0,0,0,1.0,1,0
0,0,0,0,10.0,1,0
0,0,0,0,8.2,2,0
0,0,0,0,19.0,2,0
0,0,0,0,13.2,5,0
0,0,0,0,10.4,5,0
0,0,0,0,22.5,2,0
0,0,0,0,15.0,1,0
0,0,0,0,15.0,1,0
0,0,0,1,17.0,1,0
0,0,0,0,8.0,1,0
0,0,0,0,14.0,1,0
0,0,0,0,18.0,1,0
0,0,0,1,15.0,1,0
0,0,0,0,12.0,1,0
0,0,0,0,21.0,1,0
0,0,0,1,7.0,1,0
0,0,0,0,20.0,1,0
0,0,0,0,20.5,2,0
0,0,0,0,6.5,2,0
0,0,0,0,10.5,2,0
0,0,0,0,17.0,2,0
0,0,0,0,0.0,1,0
0,0,0,0,23.0,1,0
0,0,0,0,17.0,1,0
0,0,0,0,14.0,1,0
0,0,0,0,8.0,1,0
0,0,0,0,21.0,1,0
0,0,0,0,16.0,1,0
0,0,0,0,13.0,1,0
0,0,0,0,10.333333333333334,3,0
0,0,0,0,21.0,1,0
0,0,0,0,13.25,4,0
0,0,0,0,5.0,2,0
0,0,0,0,9.0,1,0
0,0,0,0,9.0,2,0
0,0,0,0,11.0,4,0
0,0,0,0,12.857142857142858,5,0
0,0,0,0,7.75,4,0
0,0,0,0,15.0,1,0
0,0,0,0,14.125,7,0
0,0,0,0,18.0,2,0
0,0,0,0,19.0,1,0
0,0,0,0,10.0,1,0
0,0,0,0,8.0,1,0
0,0,0,0,9.0,1,0
0,0,0,0,15.0,1,0
0,0,0,0,19.0,1,0
0,0,0,0,11.0,2,0
0,0,0,0,1.0,1,0
0,0,0,0,17.0,1,0
0,0,0,0,16.0,1,0
0,0,0,0,12.0,1,0
0,0,0,0,17.0,2,0
0,0,0,0,7.0,1,0
0,0,0,0,9.0,1,0
0,0,0,0,8.0,1,0
0,0,0,0,11.333333333333334,3,0
0,0,0,0,9.0,1,0
0,0,0,0,15.0,3,0
0,0,0,0,11.0,2,0
0,0,0,0,17.0,1,0
0,0,0,0,12.0,1,0
0,0,0,0,13.0,4,0
0,0,0,0,7.5,2,0
0,0,0,0,17.0,3,0
0,0,0,0,4.0,1,0
0,0,0,0,13.0,1,0
0,0,0,0,22.0,1,0
0,0,0,0,13.0,1,0
0,0,0,0,10.0,1,0
0,0,0,0,8.0,1,0
0,0,0,0,8.0,1,0
0,0,0,0,18.0,1,0
0,0,0,0,21.0,1,0
0,0,0,0,22.0,1,0
0,0,0,0,19.0,1,0
0,0,0,0,11.0,1,0
0,0,0,0,20.0,1,0
0,0,0,0,15.0,1,0
0,0,0,0,10.0,1,0
0,0,0,0,23.0,1,0
0,0,0,0,12.76923076923077,13,1
0,0,0,2,10.826086956521738,15,1
0,0,0,0,19.333333333333332,2,0
0,0,0,2,15.25,3,0
0,0,0,0,15.0,1,0
0,0,0,0,12.5,2,0
0,0,0,0,23.0,1,0
0,0,0,0,3.0,1,0
0,0,0,0,2.0,1,0
0,0,0,0,12.0,1,0
0,0,0,0,13.0,1,0
0,0,0,0,8.0,2,0
0,0,0,0,17.0,1,0
0,0,0,0,22.0,1,0
0,0,0,0,0.0,1,0
0,0,0,0,23.0,1,0
0,0,0,0,20.0,1,0
0,0,0,0,21.0,1,0
0,0,0,0,23.0,1,0
0,0,0,0,9.0,1,0
0,0,0,0,11.5,2,0
0,0,0,0,3.0,1,0
0,0,0,0,23.0,1,0
0,0,0,0,10.0,1,0
0,0,0,0,21.0,1,0
0,0,0,0,19.0,1,0
0,0,0,0,13.25,4,0
0,0,0,0,23.0,1,0
0,0,0,0,18.0,1,0
0,0,0,0,6.0,2,0
0,0,0,0,0.0,1,0
0,0,0,0,17.0,1,0
0,0,0,0,9.0,1,0
0,0,0,0,11.0,1,0
0,0,0,0,7.0,1,0
0,0,0,0,13.0,1,0
0,0,0,0,23.0,1,0
0,0,0,0,19.0,1,0
0,0,0,0,13.6,4,0
0,0,0,0,11.0,2,0
0,0,0,2,15.875,5,0
0,0,0,0,12.5,4,0
0,0,0,0,10.1,10,0
0,0,0,0,11.95,15,1
0,0,0,0,17.3,9,0
0,0,0,0,10.666666666666666,6,0
0,0,0,0,15.851851851851851,25,1
0,0,0,0,12.76923076923077,24,1
0,0,0,3,16.03846153846154,22,1
0,0,0,0,10.761904761904763,20,1
0,0,0,0,11.692307692307692,22,1
0,0,0,0,15.166666666666666,17,1
0,0,0,0,11.892857142857142,22,1
0,0,0,0,12.7,9,0
0,0,0,1,10.466666666666667,13,1
0,0,0,0,14.0,9,0
0,0,0,0,10.0,7,0
0,0,0,0,17.0,1,0
0,0,0,0,18.5,2,0
0,0,0,0,19.1,5,0
0,0,0,0,19.0,4,0
0,0,0,0,11.833333333333334,6,0
0,0,0,0,9.0,1,0
0,0,0,0,17.0,2,0
0,0,0,0,16.0,1,0
0,0,0,0,21.0,1,0
0,0,0,0,1.0,1,0
0,0,0,0,18.0,1,0
0,0,0,0,23.0,1,0
0,0,0,0,13.0,1,0
0,0,0,0,9.0,1,0
0,0,0,0,5.0,2,0
0,0,0,0,17.571428571428573,6,0
0,0,0,0,13.0,2,0
0,0,0,0,18.0,2,0
0,0,0,0,11.0,1,0
0,0,0,0,14.285714285714286,4,0
0,0,0,0,17.0,3,0
0,0,0,0,14.666666666666666,3,0
0,0,0,0,23.0,1,0
0,0,0,0,10.0,2,0
0,0,0,0,20.0,1,0
0,0,0,0,2.0,1,0
0,0,0,0,11.0,1,0
0,0,0,0,16.333333333333332,2,0
0,0,0,0,19.0,1,0
0,0,0,0,14.0,2,0
0,0,0,0,15.5,2,0
0,0,0,0,3.0,1,0
0,0,0,0,6.0,1,0
0,0,0,0,3.0,1,0
0,0,0,0,13.0,1,0
0,0,0,0,19.0,1,0
0,0,0,0,1.0,1,0
0,0,0,0,17.0,1,0
0,0,0,0,13.0,1,0
0,0,0,0,16.0,1,0
0,0,0,0,4.0,1,0
0,0,0,0,16.5,2,0
0,0,0,0,20.0,1,0
0,0,0,0,21.0,1,0
0,0,0,0,17.0,1,0
0,0,0,0,18.0,1,0
0,0,0,0,23.0,1,0
0,0,0,0,17.0,1,0
0,0,0,0,9.0,1,0
0,0,0,0,13.0,1,0
0,0,0,0,22.0,1,0
0,0,0,0,5.333333333333333,2,0
0,0,0,0,10.0,1,0
0,0,0,0,19.333333333333332,2,0
0,0,0,0,17.0,1,0
0,0,0,0,7.0,1,0
0,0,0,0,16.0,1,0
0,0,0,0,19.0,1,0
0,0,0,0,13.25,3,0
0,0,0,0,14.5,2,0
0,0,0,0,10.0,1,0
0,0,0,0,15.0,1,0
0,0,0,0,15.0,1,0
0,0,0,0,17.0,1,0
0,0,0,0,1.0,1,0
0,0,0,0,11.333333333333334,2,0
0,0,0,0,22.0,1,0
0,0,0,0,15.0,1,0
0,0,0,0,16.0,1,0
0,0,0,0,22.0,1,0
0,0,0,0,16.0,1,0
0,0,0,0,9.0,1,0
0,0,0,0,23.0,1,0
0,0,0,0,11.0,1,0
0,0,0,0,7.0,1,0
0,0,0,0,8.5,2,0
0,0,0,0,7.0,1,0
0,0,0,0,14.0,1,0
0,0,0,0,9.0,1,0
0,0,0,0,22.0,1,0
0,0,0,0,1.6666666666666667,3,0
0,0,0,0,14.4,5,0
0,0,0,0,4.5,2,0
0,0,0,0,11.5,4,0
0,0,0,0,11.666666666666666,2,0
0,0,0,0,10.0,2,0
0,0,0,0,12.0,1,0
0,0,0,0,9.0,1,0
0,0,0,0,11.833333333333334,6,0
0,0,0,0,8.0,2,0
0,0,0,0,11.0,5,0
0,0,0,0,12.5,2,0
0,0,0,0,21.0,2,0
0,0,0,0,15.0,2,0
0,0,0,0,0.0,1,0
0,0,0,0,1.0,1,0
0,0,0,0,9.0,1,0
0,0,0,0,3.75,2,0
0,0,0,0,3.0,1,0
0,0,0,0,17.5,2,0
0,0,0,0,22.0,1,0
0,0,0,0,21.0,1,0
0,0,0,0,12.0,1,0
0,0,0,0,15.0,1,0
0,0,0,0,19.0,1,0
0,0,0,0,18.0,1,0
0,0,0,0,1.0,1,0
0,0,0,0,9.0,1,0
0,0,0,0,6.0,1,0
0,0,0,0,8.0,1,0
0,0,0,0,23.0,1,0
0,0,0,0,12.0,1,0
0,0,0,0,17.0,1,0
0,0,0,0,14.0,1,0
0,0,0,0,18.0,1,0
0,0,0,0,21.0,1,0
0,0,0,0,23.0,1,0
0,0,0,0,22.0,1,0
0,0,0,0,2.0,1,0
0,0,0,0,23.0,1,0
0,0,0,0,17.0,1,0
0,0,0,0,23.0,1,0
0,0,0,0,20.0,1,0
0,0,0,0,17.0,1,0
0,0,0,0,11.0,1,0
0,0,0,0,9.0,1,0
0,0,0,0,13.0,1,0
0,0,0,0,2.0,1,0
0,0,0,0,22.0,1,0
0,0,0,0,15.0,1,0
0,0,0,1,19.0,1,0
0,0,0,0,13.0,1,0
0,0,0,0,21.0,1,0
0,0,0,0,22.0,1,0
0,0,0,0,16.0,1,0
0,0,0,0,19.0,1,0
0,0,0,0,1.0,1,0
0,0,0,0,22.0,1,0
0,0,0,0,1.0,1,0
0,0,0,0,21.0,1,0
0,0,0,0,16.0,1,0
0,0,0,0,19.0,1,0
0,0,0,0,10.0,1,0
0,0,0,0,20.0,1,0
0,0,0,0,17.0,1,0
0,0,0,0,21.0,1,0
0,0,0,0,8.0,1,0
0,0,0,0,13.0,1,0
0,0,0,0,11.0,1,0
0,0,0,0,8.0,1,0
0,0,0,0,21.0,1,0
0,0,0,0,14.0,1,0
0,0,0,0,11.0,1,0
0,0,0,0,12.0,1,0
0,0,0,0,7.0,1,0
0,0,0,0,7.0,1,0
0,0,0,0,13.0,1,0
0,0,0,0,5.0,1,0
0,0,0,0,20.0,1,0
0,0,0,0,23.0,1,0
0,0,0,0,20.0,1,0
0,0,0,0,15.0,1,0
0,0,0,0,0.0,1,0
0,0,0,0,19.0,1,0
0,0,0,0,21.0,1,0
0,0,0,0,11.0,1,0
0,0,0,0,10.0,1,0
0,0,0,0,15.0,1,0
0,0,0,0,1.0,1,0
0,0,0,0,3.0,1,0
0,0,0,0,14.0,1,0
0,0,0,0,21.0,1,0
0,0,0,0,6.0,1,0
0,0,0,0,2.0,1,0
0,0,0,0,17.5,2,0
0,0,0,0,17.0,1,0
0,0,0,0,20.0,2,0
0,0,0,0,22.0,1,0
0,0,0,0,23.0,1,0
0,0,0,0,12.0,1,0
0,0,0,0,6.0,1,0
0,0,0,0,21.0,1,0
0,0,0,0,10.0,1,0
0,0,0,0,8.0,1,0
0,0,0,0,8.285714285714286,2,0
0,0,0,0,12.0,1,0
0,0,0,0,19.0,1,0
0,0,0,0,9.0,1,0
0,0,0,0,8.5,2,0
0,0,0,1,0.0,1,0
0,0,0,0,3.0,1,0
0,0,0,0,19.0,1,0
0,0,0,0,2.0,1,0
0,0,0,0,19.0,1,0
0,0,0,0,18.0,1,0
0,0,0,0,6.0,1,0
0,0,0,0,9.166666666666666,4,0
0,0,0,0,2.0,1,0
0,0,0,0,15.5,2,0
0,0,0,0,5.5,2,0
0,0,0,0,12.666666666666666,2,0
0,0,0,0,0.5,2,0
0,0,0,0,12.0,1,0
0,0,0,0,10.0,1,0
0,0,0,0,7.0,1,0
0,0,0,0,17.0,1,0
0,0,0,0,15.0,1,0
0,0,0,0,1.0,1,0
0,0,0,0,15.0,1,0
0,0,0,0,16.0,1,0
0,0,0,0,7.0,1,0
0,0,0,0,9.0,1,0
0,0,0,0,19.0,1,0
0,0,0,0,0.0,1,0
0,0,0,0,4.0,1,0
0,0,0,0,21.0,1,0
0,0,0,0,13.0,1,0
0,0,0,0,7.0,1,0
0,0,0,0,17.0,2,0
0,0,0,0,0.0,1,0
0,0,0,0,7.0,1,0
0,0,0,0,4.0,1,0
0,0,0,0,10.0,1,0
0,0,0,0,21.0,1,0
0,0,0,0,11.0,1,0
0,0,0,0,16.0,1,0
0,0,0,0,1.0,1,0
0,0,0,0,13.0,1,0
0,0,0,0,0.0,1,0
0,0,0,0,11.0,1,0
0,0,0,0,16.0,1,0
0,0,0,0,23.0,1,0
0,0,0,0,12.0,1,0
0,0,0,0,15.0,1,0
0,0,0,0,3.0,1,0
0,0,0,0,22.0,1,0
0,0,0,0,21.0,1,0
0,0,0,0,8.0,1,0
0,0,0,0,18.0,1,0
0,0,0,0,21.0,1,0
0,0,0,0,17.0,1,0
0,0,0,0,13.0,1,0
0,0,0,0,14.0,1,0
0,0,0,0,14.5,2,0
0,0,0,0,11.666666666666666,3,0
0,0,0,0,16.0,1,0
0,0,0,0,2.0,1,0
0,0,0,0,3.0,1,0
0,0,0,0,7.0,2,0
0,0,0,0,1.0,1,0
0,0,0,0,10.0,1,0
0,0,0,0,17.0,2,0
0,0,0,0,9.0,1,0
0,0,0,0,23.0,2,0
0,0,0,0,11.0,1,0
0,0,0,0,13.0,1,0
0,0,0,0,21.0,1,0
0,0,0,0,18.0,1,0
0,0,0,0,13.4,3,0
0,0,0,0,8.0,1,0
0,0,0,0,19.0,1,0
0,0,0,0,23.0,1,0
0,0,0,0,12.0,1,0
0,0,0,0,18.0,1,0
0,0,0,0,9.0,1,0
0,0,0,0,11.6,3,0
0,0,0,0,3.0,1,0
0,0,0,0,0.0,1,0
0,0,0,0,14.0,2,0
0,0,0,1,8.0,1,0
0,0,0,0,18.09090909090909,3,0
0,0,0,0,15.0,2,0
0,0,0,1,18.0,3,0
0,0,0,0,16.0,1,0
0,0,0,0,16.0,4,0
0,0,0,0,7.0,1,0
0,0,0,0,20.0,1,0
0,0,0,0,8.0,1,0
0,0,0,0,18.0,1,0
0,0,0,0,15.5,2,0
0,0,0,0,11.0,2,0
0,0,0,0,18.0,1,0
0,0,0,0,6.75,3,0
0,0,0,0,20.0,2,0
0,0,0,0,23.0,1,0
0,0,0,0,22.0,2,0
0,0,0,0,12.75,4,0
0,0,0,0,4.25,2,0
0,0,0,0,13.0,3,0
0,0,0,0,9.0,2,0
0,0,0,0,22.0,1,0
0,0,0,0,21.0,1,0
0,0,0,0,8.333333333333334,2,0
0,0,0,0,21.0,2,0
0,0,0,0,10.5,2,0
0,0,0,0,11.5,2,0
0,0,0,0,14.0,2,0
0,0,0,0,13.5,2,0
0,0,0,0,6.5,2,0
0,0,0,0,23.0,1,0
0,0,0,0,23.0,1,0
0,0,0,0,11.0,1,0
0,0,0,0,14.0,1,0
0,0,0,0,18.666666666666668,2,0
0,0,0,0,18.2,4,0
0,0,0,0,10.5,2,0
0,0,0,0,23.0,1,0
0,0,0,2,16.0,1,0
0,0,0,0,15.5,2,0
0,0,0,0,21.0,1,0
0,0,0,0,15.714285714285714,6,0
0,0,0,0,6.571428571428571,3,0
0,0,0,0,16.88888888888889,6,0
0,0,0,0,16.333333333333332,5,0
0,0,0,0,14.6,3,0
0,0,0,0,13.3,8,0
0,0,0,0,14.285714285714286,6,0
0,0,0,0,20.5,3,0
0,0,0,0,16.166666666666668,4,0
0,0,0,0,17.428571428571427,5,0
0,0,0,0,11.75,7,0
0,0,0,0,17.0,1,0
0,0,0,0,4.0,2,0
0,0,0,0,21.0,1,0
0,0,0,0,13.333333333333334,3,0
0,0,0,0,21.0,1,0
0,0,0,0,1.0,1,0
0,0,0,0,17.0,1,0
0,0,0,0,17.0,1,0
0,0,0,0,11.0,1,0
0,0,0,0,15.166666666666666,5,0
0,0,0,0,19.0,5,0
0,0,0,0,22.75,2,0
0,0,0,0,0.0,1,0
0,0,0,0,16.0,1,0
0,0,0,0,15.0,3,0
0,0,0,0,14.0,1,0
0,0,0,0,18.0,1,0
0,0,0,0,10.0,1,0
0,0,0,0,23.0,1,0
0,0,0,0,5.0,1,0
0,0,0,0,9.0,1,0
0,0,0,0,0.0,1,0
0,0,0,0,12.0,1,0
0,0,0,0,13.0,1,0
0,0,0,0,14.0,1,0
0,0,0,0,11.0,1,0
0,0,0,0,16.0,1,0
0,0,0,0,2.0,1,0
0,0,0,0,11.0,1,0
0,0,0,0,16.0,1,0
0,0,0,0,3.0,1,0
0,0,0,0,12.0,1,0
0,0,0,0,15.8125,21,1
0,0,0,2,11.411764705882353,13,1
0,0,0,0,14.6875,23,1
0,0,0,0,11.285714285714286,13,1
0,0,0,0,11.0,9,0
0,0,0,2,11.55,15,1
0,0,0,1,14.307692307692308,10,1
0,0,0,0,20.5,2,0
0,0,0,0,10.214285714285714,11,1
0,0,0,1,13.5,11,1
0,0,0,0,12.76923076923077,8,1
0,0,0,0,15.0,2,0
0,0,0,0,16.4,4,0
0,0,0,0,8.0,1,0
0,0,0,0,23.0,1,0
0,0,0,0,21.0,1,0
0,0,0,0,1.0,1,0
0,0,0,0,22.0,1,0
0,0,0,0,20.666666666666668,3,0
0,0,0,0,22.0,1,0
0,0,0,0,15.0,1,0
0,0,0,0,23.0,1,0
0,0,0,0,22.333333333333332,2,0
0,0,0,0,14.0,3,0
0,0,0,0,13.0,10,1
0,0,0,0,12.714285714285714,9,1
0,0,0,0,12.041666666666666,13,1
0,0,0,0,13.294117647058824,10,1
0,0,0,0,15.631578947368421,16,1
0,0,0,0,17.6,4,0
0,0,0,0,22.0,1,0
0,0,0,1,18.5,4,0
0,0,0,0,1.0,1,0
0,0,0,0,15.25,2,0
0,0,0,0,9.0,1,0
0,0,0,0,12.666666666666666,2,0
0,0,0,0,8.0,1,0
0,0,0,0,21.0,1,0
0,0,0,0,18.5,2,0
0,0,0,0,12.0,1,0
0,0,0,0,18.0,1,0
0,0,0,0,14.333333333333334,2,0
0,0,0,0,13.5,4,0
0,0,0,0,19.0,2,0
0,0,0,0,18.363636363636363,7,0
0,0,0,0,19.5,2,0
0,0,0,0,10.777777777777779,11,1
0,0,0,0,10.333333333333334,3,0
0,0,0,0,11.0,1,0
0,0,0,0,18.666666666666668,2,0
0,0,0,0,18.0,1,0
0,0,0,0,21.0,1,0
0,0,0,0,12.5,2,0
0,0,0,0,22.0,1,0
0,0,0,0,21.0,1,0
0,0,0,0,16.0,1,0
0,0,0,0,0.0,1,0
0,0,0,0,11.0,1,0
0,0,0,0,23.0,1,0
0,0,0,0,8.0,1,0
0,0,0,0,9.0,1,0
0,0,0,0,9.0,1,0
0,0,0,0,20.0,1,0
0,0,0,0,1.0,3,0
0,0,0,0,12.5,2,0
0,0,0,0,13.424242424242424,21,1
0,0,0,0,12.192307692307692,19,1
0,0,0,0,11.75,28,1
0,0,0,0,11.64,22,1
0,0,0,0,13.76923076923077,8,1
0,0,0,2,10.823529411764707,30,1
0,0,0,0,12.5,16,1
0,0,0,0,11.9,9,0
0,0,0,2,16.875,7,0
0,0,0,0,13.0,6,0
0,0,0,0,15.666666666666666,6,0
0,0,0,2,10.75,13,1
0,0,0,0,7.333333333333333,3,0
0,0,0,0,11.9,9,0
0,0,0,0,15.3,9,0
0,0,0,0,15.0,1,0
0,0,0,0,14.0,1,0
0,0,0,0,0.0,1,0
0,0,0,0,0.0,1,0
0,0,0,0,0.0,1,0
0,0,0,0,23.0,1,0
0,0,0,0,23.0,1,0
0,0,0,0,10.0,1,0
0,0,0,0,5.333333333333333,2,0
0,0,0,0,18.0,1,0
0,0,0,0,22.0,1,0
0,0,0,2,2.0,1,0
0,0,0,0,14.0,1,0
0,0,0,0,10.0,1,0
0,0,0,0,0.0,1,0
0,0,0,0,21.0,1,0
0,0,0,0,5.5,2,0
0,0,0,0,7.0,1,0
0,0,0,0,17.0,1,0
0,0,0,0,23.0,1,0
0,0,0,0,10.0,1,0
0,0,0,0,22.0,1,0
0,0,0,0,18.0,1,0
0,0,0,0,20.0,1,0
0,0,0,0,8.0,1,0
0,0,0,0,9.0,1,0
0,0,0,0,4.0,1,0
0,0,0,0,17.0,1,0
0,0,0,0,1.0,1,0
0,0,0,0,23.0,1,0
0,0,0,0,10.0,1,0
0,0,0,0,2.0,1,0
0,0,0,0,18.0,1,0
0,0,0,0,16.0,1,0
0,0,0,0,15.0,1,0
0,0,0,0,9.0,1,0
0,0,0,0,22.0,1,0
0,0,0,0,2.0,1,0
0,0,0,0,5.0,2,0
0,0,0,0,21.0,1,0
0,0,0,0,3.0,1,0
0,0,0,0,3.0,1,0
0,0,0,0,20.0,1,0
0,0,0,0,18.0,1,0
0,0,0,0,15.5,3,0
0,0,0,0,17.0,1,0
0,0,0,0,12.333333333333334,3,0
0,0,0,0,8.333333333333334,2,0
0,0,0,0,16.0,1,0
0,0,0,0,16.333333333333332,3,0
0,0,0,0,14.5,3,0
0,0,0,0,23.0,1,0
0,0,0,0,15.0,1,0
0,0,0,0,10.0,1,0
0,0,0,0,18.0,1,0
0,0,0,0,16.0,1,0
0,0,0,0,8.0,1,0
0,0,0,0,16.0,2,0
0,0,0,0,6.75,3,0
0,0,0,0,11.0,1,0
0,0,0,0,15.5,2,0
0,0,0,0,16.0,1,0
0,0,0,0,14.956521739130435,13,1
0,0,0,1,11.0,2,0
0,0,0,0,13.142857142857142,8,1
0,0,0,0,11.428571428571429,5,0
0,0,0,0,7.0,1,0
0,0,0,0,18.0,2,0
0,0,0,0,12.0,3,0
0,0,0,0,9.0,5,0
0,0,0,0,16.0,1,0
0,0,0,0,19.0,1,0
0,0,0,0,15.0,1,0
0,0,0,0,22.0,1,0
0,0,0,0,3.0,1,0
0,0,0,0,12.0,1,0
0,0,0,0,10.0,1,0
0,0,0,0,17.0,1,0
0,0,0,0,21.0,1,0
0,0,0,0,12.5,3,0
0,0,0,0,16.6,5,0
0,0,0,0,18.666666666666668,5,0
0,0,0,0,19.666666666666668,3,0
0,0,0,0,12.0,1,0
0,0,0,0,22.333333333333332,2,0
0,0,0,0,19.6,6,0
0,0,0,0,17.571428571428573,7,0
0,0,0,0,17.5,2,0
0,0,0,0,11.5,2,0
0,0,0,0,19.0,2,0
0,0,0,0,0.0,1,0
0,0,0,0,15.166666666666666,5,0
0,0,0,0,23.0,1,0
0,0,0,0,5.25,3,0
0,0,0,0,14.0,2,0
0,0,0,0,9.0,1,0
0,0,0,0,14.0,1,0
0,0,0,0,17.0,1,0
0,0,0,0,6.5,2,0
0,0,0,0,2.0,1,0
0,0,0,0,15.0,1,0
0,0,0,0,22.0,1,0
0,0,0,0,9.0,3,0
0,0,0,0,15.0,1,0
0,0,0,0,0.0,1,0
0,0,0,0,0.0,1,0
0,0,0,0,6.0,1,0
0,0,0,0,10.0,1,0
0,0,0,0,11.0,2,0
0,0,0,0,0.0,1,0
0,0,0,0,12.0,1,0
0,0,0,0,23.0,1,0
0,0,0,0,11.0,2,0
0,0,0,0,9.0,1,0
0,0,0,0,9.333333333333334,2,0
0,0,0,0,15.0,1,0
0,0,0,0,22.0,1,0
0,0,0,0,19.0,1,0
0,0,0,0,20.0,2,0
0,0,0,0,19.0,1,0
0,0,0,0,2.0,1,0
0,0,0,0,23.0,1,0
0,0,0,0,19.0,1,0
0,0,0,0,19.0,1,0
0,0,0,0,18.0,1,0
0,0,0,0,12.2,5,0
0,0,0,0,9.0,1,0
0,0,0,0,17.0,2,0
0,0,0,0,6.5,2,0
0,0,0,0,1.0,1,0
0,0,0,0,11.0,1,0
0,0,0,0,1.0,1,0
0,0,0,0,23.0,1,0
0,0,0,0,21.75,2,0
0,0,0,1,16.0,1,0
0,0,0,0,22.0,1,0
0,0,0,0,22.0,1,0
0,0,0,0,17.0,1,0
0,0,0,0,0.0,1,0
0,0,0,0,12.0,1,0
0,0,0,0,16.0,1,0
0,0,0,0,15.0,1,0
0,0,0,0,23.0,1,0
0,0,0,0,0.0,1,0
0,0,0,0,16.0,1,0
0,0,0,0,13.0,1,0
0,0,0,0,16.0,1,0
0,0,0,0,16.0,1,0
0,0,0,0,13.0,1,0
0,0,0,0,8.0,1,0
0,0,0,0,1.0,1,0
0,0,0,0,10.0,1,0
0,0,0,0,22.0,2,0
0,0,0,0,19.0,1,0
0,0,0,0,23.0,1,0
0,0,0,0,20.25,3,0
0,0,0,0,17.0,4,0
0,0,0,0,23.0,2,0
0,0,0,0,13.0,1,0
0,0,0,0,16.0,1,0
0,0,0,0,10.0,1,0
0,0,0,0,5.25,2,0
0,0,0,0,14.0,1,0
0,0,0,0,19.0,2,0
0,0,0,0,18.0,1,0
0,0,0,0,14.0,1,0
0,0,0,0,7.0,1,0
0,0,0,0,11.0,1,0
0,0,0,0,9.0,1,0
0,0,0,0,16.0,1,0
0,0,0,0,23.0,1,0
0,0,0,0,19.0,1,0
0,0,0,0,9.0,1,0
0,0,0,0,12.0,1,0
0,0,0,0,8.0,1,0
0,0,0,0,22.0,1,0
0,0,0,0,17.0,1,0
0,0,0,0,22.0,1,0
0,0,0,0,23.0,1,0
0,0,0,0,4.0,1,0
0,0,0,0,21.0,1,0
0,0,0,0,21.5,2,0
0,0,0,0,11.0,1,0
0,0,0,0,12.0,2,0
0,0,0,0,12.333333333333334,3,0
0,0,0,0,22.0,1,0
0,0,0,0,10.0,2,0
0,0,0,0,19.0,2,0
0,0,0,0,15.666666666666666,3,0
0,0,0,0,18.666666666666668,3,0
0,0,0,0,10.0,1,0
0,0,0,0,13.0,2,0
0,0,0,0,11.0,2,0
0,0,0,0,11.5,2,0
0,0,0,0,8.0,1,0
0,0,0,0,23.0,1,0
0,0,0,0,0.0,1,0
0,0,0,0,23.0,1,0
0,0,0,0,1.0,1,0
0,0,0,0,17.0,1,0
0,0,0,0,3.0,1,0
0,0,0,0,10.5,2,0
0,0,0,0,2.0,1,0
0,0,0,0,10.0,1,0
0,0,0,0,15.0,2,0
0,0,0,0,20.0,1,0
0,0,0,0,20.0,1,0
0,0,0,0,6.5,4,0
0,0,0,0,16.75,3,0
0,0,0,0,22.5,2,0
0,0,0,0,14.75,2,0
0,0,0,0,15.857142857142858,4,0
0,0,0,0,20.0,2,0
0,0,0,1,7.0,3,0
0,0,0,0,17.0,1,0
0,0,0,0,9.0,1,0
0,0,0,0,17.5,2,0
0,0,0,0,13.0,1,0
0,0,0,0,23.0,1,0
0,0,0,0,18.0,1,0
0,0,0,0,22.0,1,0
0,0,0,0,7.0,1,0
0,0,0,0,2.0,1,0
0,0,0,0,6.0,1,0
0,0,0,0,13.0,1,0
0,0,0,0,16.0,1,0
0,0,0,0,9.0,1,0
0,0,0,0,10.0,1,0
0,0,0,0,20.0,1,0
0,0,0,0,8.0,1,0
0,0,0,0,15.5,2,0
0,0,0,0,17.0,1,0
0,0,0,0,19.5,2,0
0,0,0,0,17.8,3,0
0,0,0,0,13.0,2,0
0,0,0,0,19.285714285714285,4,0
0,0,0,0,13.285714285714286,6,0
0,0,0,1,13.642857142857142,13,1
0,0,0,0,9.555555555555555,7,0
0,0,0,0,12.583333333333334,8,1
0,0,0,0,9.8,9,0
0,0,0,0,15.0,10,1
0,0,0,0,13.5,10,0
0,0,0,0,13.0,22,1
0,0,0,0,9.529411764705882,15,1
0,0,0,0,8.052631578947368,14,1
0,0,0,0,13.448275862068966,23,1
0,0,0,0,15.107142857142858,23,1
0,0,0,0,14.722222222222221,17,1
0,0,0,0,9.555555555555555,15,1
0,0,0,0,12.89655172413793,22,1
0,0,0,0,17.083333333333332,10,1
0,0,0,0,7.25,4,0
0,0,0,0,14.181818181818182,10,0
0,0,0,0,20.0,2,0
0,0,0,0,14.777777777777779,7,0
0,0,0,0,7.5,10,1
0,0,0,0,12.25,3,0
0,0,0,0,12.0,1,0
0,0,0,0,15.0,1,0
0,0,0,0,9.0,1,0
0,0,0,0,10.0,1,0
0,0,0,0,16.0,1,0
0,0,0,0,15.666666666666666,4,0
0,0,0,0,19.25,2,0
0,0,0,0,9.0,1,0
0,0,0,0,20.0,1,0
0,0,0,0,18.0,1,0
0,0,0,0,16.0,1,0
0,0,0,0,12.0,1,0
0,0,0,0,22.0,1,0
0,0,0,0,0.0,1,0
0,0,0,0,22.0,1,0
0,0,0,0,22.0,1,0
0,0,0,0,6.0,3,0
0,0,0,0,12.0,1,0
0,0,0,0,16.0,1,0
0,0,0,0,3.0,1,0
0,0,0,0,19.0,1,0
0,0,0,0,19.0,1,0
0,0,0,0,15.0,1,0
0,0,0,0,1.0,1,0
0,0,0,0,11.0,1,0
0,0,0,0,20.0,1,0
0,0,0,0,12.0,1,0
0,0,0,0,22.0,1,0
0,0,0,0,0.0,1,0
0,0,0,0,22.0,1,0
0,0,0,0,22.0,1,0
0,0,0,0,19.0,1,0
0,0,0,0,14.0,1,0
0,0,0,0,12.666666666666666,3,0
0,0,0,0,22.0,1,0
0,0,0,0,15.894736842105264,10,1
0,0,0,0,12.9,8,0
0,0,0,0,14.785714285714286,12,1
0,0,0,3,15.181818181818182,10,0
0,0,0,0,15.142857142857142,7,0
0,0,0,0,14.882352941176471,16,1
0,0,0,0,16.375,8,0
0,0,0,0,8.88888888888889,8,0
0,0,0,0,10.25,4,0
0,0,0,0,14.666666666666666,5,0
0,0,0,0,22.0,1,0
0,0,0,0,10.0,1,0
0,0,0,0,9.0,1,0
0,0,0,0,16.0,1,0
0,0,0,0,16.0,1,0
0,0,0,0,12.0,1,0
0,0,0,0,22.0,2,0
0,0,0,0,19.0,1,0
0,0,0,0,10.0,1,0
0,0,0,0,23.0,1,0
0,0,0,0,22.0,1,0
0,0,0,0,10.0,1,0
0,0,0,0,19.0,1,0
0,0,0,0,20.333333333333332,2,0
0,0,0,0,5.333333333333333,3,0
0,0,0,0,7.666666666666667,3,0
0,0,0,0,17.0,4,0
0,0,0,0,16.333333333333332,6,0
0,0,0,0,12.444444444444445,5,0
0,0,0,1,18.0,6,0
0,0,0,0,14.6,5,0
0,0,0,0,0.0,1,0
0,0,0,0,20.0,1,0
0,0,0,0,17.5,2,0
0,0,0,0,13.0,1,0
0,0,0,0,16.0,1,0
0,0,0,0,23.0,1,0
0,0,0,0,19.0,1,0
0,0,0,0,9.0,1,0
0,0,0,0,18.0,1,0
0,0,0,0,12.2,4,0
0,0,0,0,20.0,2,0
0,0,0,0,20.0,2,0
0,0,0,0,18.0,2,0
0,0,0,0,15.142857142857142,4,0
0,0,0,0,20.0,1,0
0,0,0,0,15.4,4,0
0,0,0,0,11.0,1,0
0,0,0,0,22.0,1,0
0,0,0,0,16.0,1,0
0,0,0,0,18.0,1,0
0,0,0,0,9.0,1,0
0,0,0,0,22.0,1,0
0,0,0,0,15.0,1,0
0,0,0,0,22.0,1,0
0,0,0,0,10.0,1,0
0,0,0,0,23.0,1,0
0,0,0,0,14.666666666666666,2,0
0,0,0,0,23.0,1,0
0,0,0,0,0.0,1,0
0,0,0,0,17.0,1,0
0,0,0,0,8.0,1,0
0,0,0,0,20.0,1,0
0,0,0,0,21.0,1,0
0,0,0,0,16.0,1,0
0,0,0,0,13.5,2,0
0,0,0,0,5.75,5,0
0,0,0,0,11.31578947368421,15,1
0,0,0,0,15.0,9,0
0,0,0,0,13.764705882352942,16,1
0,0,0,2,13.076923076923077,17,1
0,0,0,0,16.666666666666668,3,0
0,0,0,0,10.523809523809524,17,1
0,0,0,0,14.23076923076923,11,1
0,0,0,0,11.4,4,0
0,0,0,0,14.3,9,0
0,0,0,0,17.714285714285715,5,0
0,0,0,0,11.166666666666666,6,0
0,0,0,0,13.333333333333334,3,0
0,0,0,0,5.25,3,0
0,0,0,0,5.6,3,0
0,0,0,0,10.0,1,0
0,0,0,0,15.0,1,0
0,0,0,0,6.0,1,0
0,0,0,0,23.0,1,0
0,0,0,0,18.0,1,0
0,0,0,0,10.0,1,0
0,0,0,0,4.0,1,0
0,0,0,0,15.0,1,0
0,0,0,0,10.0,1,0
0,0,0,0,14.5,2,0
0,0,0,0,20.0,1,0
0,0,0,0,3.6666666666666665,2,0
0,0,0,0,22.0,1,0
0,0,0,0,1.0,1,0
0,0,0,0,1.0,1,0
0,0,0,0,1.0,1,0
0,0,0,0,18.0,1,0
0,0,0,0,22.0,1,0
0,0,0,0,15.0,1,0
0,0,0,0,23.0,1,0
0,0,0,0,20.0,1,0
0,0,0,0,17.0,1,0
0,0,0,0,13.0,1,0
0,0,0,0,15.0,1,0
0,0,0,0,14.0,1,0
0,0,0,0,13.333333333333334,2,0
0,0,0,0,17.0,1,0
0,0,0,0,22.0,1,0
0,0,0,0,9.0,1,0
0,0,0,0,10.0,1,0
0,0,0,0,22.0,1,0
0,0,0,0,11.5,2,0
0,0,0,0,16.0,1,0
0,0,0,0,11.0,1,0
0,0,0,0,6.0,1,0
0,0,0,0,21.0,1,0
0,0,0,0,22.0,1,0
0,0,0,0,20.0,3,0
0,0,0,0,16.0,1,0
0,0,0,0,16.0,2,0
0,0,0,0,7.0,1,0
0,0,0,0,2.0,1,0
0,0,0,0,19.0,1,0
0,0,0,0,9.0,1,0
0,0,0,0,8.0,2,0
0,0,0,0,15.666666666666666,3,0
0,0,0,0,10.0,1,0
0,0,0,0,11.5,2,0
0,0,0,0,16.0,1,0
0,0,0,0,9.0,1,0
0,0,0,0,6.2,4,0
0,0,0,0,4.25,2,0
0,0,0,0,18.875,6,0
0,0,0,0,10.0,1,0
0,0,0,0,20.0,1,0
0,0,0,0,1.0,2,0
0,0,0,0,11.333333333333334,3,0
0,0,0,0,8.8,5,0
0,0,0,0,18.0,1,0
0,0,0,0,7.4,4,0
0,0,0,0,17.0,1,0
0,0,0,0,10.0,1,0
0,0,0,0,17.0,1,0
0,0,0,0,21.0,1,0
0,0,0,0,17.0,2,0
0,0,0,0,7.0,1,0
0,0,0,0,9.0,1,0
0,0,0,1,12.5,5,0
0,0,0,0,12.5,2,0
0,0,0,0,16.2,8,0
0,0,0,0,12.333333333333334,3,0
0,0,0,0,12.571428571428571,6,0
0,0,0,0,14.0,2,0
0,0,0,0,9.0,1,0
0,0,0,0,9.0,1,0
0,0,0,0,0.0,1,0
0,0,0,0,21.0,1,0
0,0,0,0,12.0,1,0
0,0,0,0,4.0,1,0
0,0,0,0,16.0,1,0
0,0,0,0,11.0,1,0
0,0,0,0,20.0,1,0
0,0,0,0,21.0,1,0
0,0,0,0,23.0,1,0
0,0,0,0,17.0,2,0
0,0,0,0,13.4,4,0
0,0,0,0,17.333333333333332,3,0
0,0,0,0,15.0,2,0
0,0,0,0,17.5,2,0
0,0,0,0,8.0,1,0
0,0,0,0,13.0,1,0
0,0,0,0,12.0,2,0
0,0,0,0,11.0,1,0
0,0,0,0,8.0,1,0
0,0,0,0,13.5,2,0
0,0,0,0,8.5,2,0
0,0,0,0,7.25,4,0
0,0,0,0,15.0,1,0
0,0,0,0,7.0,1,0
0,0,0,0,22.0,1,0
0,0,0,0,17.5,3,0
0,0,0,0,8.0,1,0
0,0,0,0,6.0,1,0
0,0,0,0,7.0,1,0
0,0,0,0,23.0,1,0
0,0,0,0,9.5,5,0
0,0,0,0,8.0,6,0
0,0,0,0,18.666666666666668,8,0
0,0,0,0,14.461538461538462,12,1
0,0,0,0,12.529411764705882,14,1
0,0,0,2,10.133333333333333,13,1
0,0,0,0,13.5,2,0
0,0,0,0,15.1875,12,1
0,0,0,0,12.9375,14,1
0,0,0,0,8.833333333333334,5,0
0,0,0,0,14.4,4,0
0,0,0,0,9.727272727272727,10,0
0,0,0,0,11.0,4,0
0,0,0,0,11.0,2,0
0,0,0,0,9.0,3,0
0,0,0,0,1.0,1,0
0,0,0,0,12.0,2,0
0,0,0,0,16.0,1,0
0,0,0,0,17.0,1,0
0,0,0,0,21.0,1,0
0,0,0,0,2.0,1,0
0,0,0,0,13.0,1,0
0,0,0,0,6.0,1,0
0,0,0,0,2.0,1,0
0,0,0,0,17.0,1,0
0,0,0,0,23.0,1,0
0,0,0,0,13.0,1,0
0,0,0,0,20.0,1,0
0,0,0,0,8.0,1,0
0,0,0,0,19.2,5,0
0,0,0,0,16.142857142857142,6,0
0,0,0,0,3.6666666666666665,3,0
0,0,0,0,13.0,1,0
0,0,0,0,7.0,1,0
0,0,0,0,17.0,1,0
0,0,0,0,22.0,1,0
0,0,0,0,14.0,1,0
0,0,0,0,2.0,1,0
0,0,0,0,14.0,1,0
0,0,0,0,19.0,1,0
0,0,0,0,22.0,1,0
0,0,0,0,12.0,2,0
0,0,0,0,20.0,1,0
0,0,0,0,8.0,1,0
0,0,0,0,22.0,1,0
0,0,0,0,4.0,1,0
0,0,0,0,16.0,1,0
0,0,0,0,7.0,1,0
0,0,0,0,19.0,1,0
0,0,0,0,10.0,1,0
0,0,0,0,10.0,1,0
0,0,0,0,0.0,1,0
0,0,0,0,14.0,1,0
0,0,0,0,2.0,1,0
0,0,0,0,20.0,1,0
0,0,0,0,23.0,1,0
0,0,0,0,23.0,1,0
0,0,0,0,14.0,1,0
0,0,0,0,13.0,1,0
0,0,0,0,9.0,1,0
0,0,0,0,16.0,1,0
0,0,0,0,22.0,1,0
0,0,0,0,16.0,1,0
0,0,0,0,0.0,1,0
0,0,0,0,7.0,1,0
0,0,0,0,22.0,1,0
0,0,0,0,22.0,1,0
0,0,0,0,0.0,1,0
0,0,0,0,22.0,1,0
0,0,0,0,23.0,1,0
0,0,0,0,1.0,1,0
0,0,0,0,20.0,1,0
0,0,0,0,10.0,1,0
0,0,0,0,10.0,1,0
0,0,0,0,21.0,1,0
0,0,0,0,0.0,1,0
0,0,0,0,19.0,1,0
0,0,0,0,8.0,1,0
0,0,0,0,14.0,1,0
0,0,0,0,12.0,1,0
0,0,0,0,7.0,1,0
0,0,0,0,10.0,1,0
0,0,0,0,10.0,1,0
0,0,0,0,14.0,1,0
0,0,0,0,15.0,1,0
0,0,0,0,11.0,1,0
0,0,0,0,12.0,1,0
0,0,0,0,19.0,1,0
0,0,0,0,11.0,1,0
0,0,0,0,10.0,2,0
0,0,0,0,8.0,2,0
0,0,0,0,8.571428571428571,2,0
0,0,0,0,8.0,1,0
0,0,0,0,12.0,1,0
0,0,0,0,12.0,1,0
0,0,0,0,14.8,3,0
0,0,0,0,11.5,2,0
0,0,0,0,9.0,1,0
0,0,0,0,12.0,1,0
0,0,0,0,17.0,1,0
0,0,0,0,8.0,1,0
0,0,0,0,10.0,1,0
0,0,0,0,11.0,1,0
0,0,0,0,12.0,1,0
0,0,0,0,0.0,1,0
0,0,0,0,15.0,1,0
0,0,0,0,13.0,1,0
0,0,0,0,14.0,1,0
0,0,0,0,2.0,1,0
0,0,0,0,20.0,1,0
0,0,0,0,3.0,1,0
0,0,0,0,22.0,1,0
0,0,0,0,22.0,1,0
0,0,0,0,21.0,1,0
0,0,0,0,0.0,1,0
0,0,0,0,4.0,1,0
0,0,0,0,8.0,1,0
0,0,0,0,14.0,1,0
0,0,0,0,20.0,1,0
0,0,0,0,22.0,1,0
0,0,0,0,13.0,1,0
0,0,0,0,12.0,1,0
0,0,0,0,10.0,1,0
0,0,0,0,21.0,1,0
0,0,0,0,22.0,1,0
0,0,0,0,10.0,1,0
0,0,0,0,23.0,1,0
0,0,0,0,6.0,1,0
0,0,0,0,15.0,1,0
0,0,0,0,11.0,1,0
0,0,0,0,11.0,1,0
0,0,0,0,6.0,1,0
0,0,0,0,3.0,1,0
0,0,0,0,14.0,1,0
0,0,0,0,23.0,1,0
0,0,0,0,10.0,1,0
0,0,0,0,9.0,1,0
0,0,0,0,15.0,1,0
0,0,0,0,16.0,1,0
0,0,0,0,7.0,1,0
0,0,0,0,10.0,1,0
0,0,0,0,9.0,1,0
0,0,0,0,20.0,1,0
0,0,0,0,11.0,1,0
0,0,0,0,14.0,1,0
0,0,0,0,23.0,1,0
0,0,0,0,8.0,1,0
0,0,0,0,22.0,1,0
0,0,0,0,15.0,1,0
0,0,0,0,21.0,1,0
0,0,0,0,7.0,1,0
0,0,0,0,19.0,1,0
0,0,0,0,23.0,1,0
0,0,0,0,4.0,1,0
0,0,0,0,2.0,1,0
0,0,0,0,2.0,1,0
0,0,0,0,17.0,1,0
0,0,0,0,21.0,1,0
0,0,0,0,23.0,1,0
0,0,0,0,0.0,1,0
0,0,0,0,17.0,1,0
0,0,0,0,16.0,1,0
0,0,0,0,17.0,1,0
0,0,0,0,23.0,1,0
0,0,0,0,9.0,1,0
0,0,0,0,20.0,1,0
0,0,0,0,17.0,1,0
0,0,0,0,8.0,1,0
0,0,0,0,4.0,1,0
0,0,0,0,8.0,1,0
0,0,0,0,1.0,1,0
0,0,0,0,1.0,1,0
0,0,0,0,22.0,2,0
0,0,0,0,5.0,1,0
0,0,0,0,0.0,1,0
0,0,0,0,9.0,1,0
0,0,0,1,10.0,1,0
0,0,0,1,8.0,2,0
0,0,0,0,22.0,1,0
0,0,0,0,2.0,1,0
0,0,0,0,16.0,1,0
0,0,0,0,23.0,1,0
0,0,0,0,15.0,1,0
0,0,0,0,11.5,2,0
0,0,0,0,22.0,1,0
0,0,0,0,11.0,1,0
0,0,0,0,8.0,1,0
0,0,0,0,9.0,1,0
0,0,0,0,10.0,1,0
0,0,0,0,22.0,1,0
0,0,0,0,14.5,3,0
0,0,0,0,16.0,1,0
0,0,0,0,1.0,1,0
0,0,0,0,7.0,1,0
0,0,0,0,13.0,1,0
0,0,0,0,21.0,1,0
0,0,0,0,0.0,1,0
0,0,0,0,7.0,2,0
0,0,0,0,14.0,1,0
0,0,0,0,17.0,1,0
0,0,0,0,1.0,1,0
0,0,0,0,3.0,1,0
0,0,0,0,11.0,1,0
0,0,0,0,10.0,1,0
0,0,0,0,1.0,1,0
0,0,0,1,13.0,1,0
0,0,0,1,15.0,2,0
0,0,0,0,10.0,1,0
0,0,0,0,2.0,1,0
0,0,0,0,22.0,1,0
0,0,0,0,9.0,1,0
0,0,0,0,23.0,1,0
0,0,0,0,21.0,1,0
0,0,0,0,16.0,1,0
0,0,0,0,5.25,3,0
0,0,0,0,15.0,1,0
0,0,0,0,16.0,1,0
0,0,0,0,18.0,1,0
0,0,0,0,9.0,1,0
0,0,0,0,2.0,1,0
0,0,0,0,13.0,1,0
0,0,0,0,11.0,1,0
0,0,0,0,10.0,1,0
0,0,0,0,1.0,1,0
0,0,0,0,4.0,1,0
0,0,0,0,13.0,1,0
0,0,0,0,14.0,1,0
0,0,0,0,17.0,1,0
0,0,0,0,22.0,1,0
0,0,0,0,9.0,1,0
0,0,0,0,19.0,1,0
0,0,0,0,23.0,1,0
0,0,0,0,0.0,1,0
0,0,0,0,14.0,1,0
0,0,0,0,6.0,1,0
0,0,0,0,17.0,1,0
0,0,0,0,11.0,1,0
0,0,0,0,20.0,1,0
0,0,0,0,17.0,1,0
0,0,0,0,15.0,1,0
0,0,0,0,13.0,1,0
0,0,0,0,15.0,1,0
0,0,0,0,18.0,2,0
0,0,0,0,2.0,1,0
0,0,0,0,23.0,1,0
0,0,0,0,14.0,1,0
0,0,0,2,17.0,1,0
0,0,0,0,20.0,1,0
0,0,0,0,14.0,1,0
0,0,0,0,20.0,1,0
0,0,0,0,22.0,1,0
0,0,0,0,15.0,1,0
0,0,0,0,19.0,1,0
0,0,0,0,19.0,1,0
0,0,0,0,15.0,1,0
0,0,0,0,15.0,1,0
0,0,0,0,21.0,1,0
0,0,0,0,21.0,1,0
0,0,0,0,23.0,1,0
0,0,0,0,0.0,1,0
0,0,0,0,20.0,1,0
0,0,0,0,11.0,1,0
0,0,0,0,20.0,1,0
0,0,0,0,15.0,1,0
0,0,0,0,17.0,1,0
0,0,0,0,21.0,1,0
0,0,0,0,23.0,1,0
0,0,0,0,18.0,1,0
0,0,0,0,15.0,1,0
0,0,0,0,20.0,1,0
0,0,0,0,17.0,1,0
0,0,0,0,19.0,1,0
0,0,0,0,13.0,1,0
0,0,0,0,19.0,1,0
0,0,0,0,20.0,1,0
0,0,0,0,7.0,1,0
0,0,0,0,12.0,1,0
0,0,0,0,13.0,1,0
0,0,0,0,21.0,1,0
0,0,0,0,17.0,1,0
0,0,0,0,11.0,1,0
0,0,0,0,18.0,1,0
0,0,0,0,9.0,1,0
0,0,0,0,19.0,1,0
0,0,0,0,14.0,1,0
0,0,0,0,16.0,1,0
0,0,0,0,10.0,1,0
0,0,0,0,14.0,2,0
0,0,0,0,17.0,1,0
0,0,0,1,4.0,1,0
0,0,0,0,11.0,1,0
0,0,0,0,22.0,1,0
0,0,0,0,21.0,1,0
0,0,0,0,14.0,1,0
0,0,0,0,22.0,1,0
0,0,0,1,11.0,1,0
0,0,0,0,1.0,1,0
0,0,0,0,18.0,1,0
0,0,0,0,10.0,1,0
0,0,0,0,15.0,1,0
0,0,0,0,13.0,1,0
0,0,0,0,19.2,4,0
0,0,0,0,10.0,1,0
0,0,0,0,11.0,1,0
0,0,0,0,10.0,1,0
0,0,0,0,2.0,1,0
0,0,0,0,22.0,1,0
0,0,0,0,19.75,2,0
0,0,0,0,8.0,1,0
0,0,0,0,23.0,1,0
0,0,0,0,12.0,1,0
0,0,0,0,22.0,1,0
0,0,0,0,18.0,1,0
0,0,0,0,10.0,1,0
0,0,0,0,20.0,1,0
0,0,0,0,20.0,1,0
0,0,0,0,9.909090909090908,3,0
0,0,0,0,12.5,2,0
0,0,0,0,4.0,1,0
0,0,0,0,8.0,1,0
0,0,0,0,12.0,1,0
0,0,0,0,9.0,1,0
0,0,0,0,20.0,1,0
0,0,0,0,17.0,1,0
0,0,0,0,5.0,1,0
0,0,0,0,21.0,1,0
0,0,0,0,19.0,1,0
0,0,0,0,19.333333333333332,2,0
0,0,0,0,20.666666666666668,2,0
0,0,0,0,22.0,1,0
0,0,0,0,21.0,1,0
0,0,0,2,16.6,3,0
0,0,0,0,15.0,1,0
0,0,0,0,20.0,1,0
0,0,0,0,8.0,1,0
0,0,0,0,12.5,2,0
0,0,0,0,21.333333333333332,2,0
0,0,0,0,8.0,1,0
0,0,0,0,9.0,1,0
0,0,0,0,11.333333333333334,2,0
0,0,0,0,8.666666666666666,2,0
0,0,0,0,16.0,1,0
0,0,0,0,18.0,1,0
0,0,0,0,12.666666666666666,2,0
0,0,0,0,20.0,1,0
0,0,0,0,16.0,1,0
0,0,0,0,16.0,1,0
0,0,0,0,7.0,1,0
0,0,0,0,13.0,1,0
0,0,0,0,7.0,1,0
0,0,0,0,19.333333333333332,2,0
0,0,0,0,21.0,1,0
0,0,0,0,15.0,1,0
0,0,0,0,16.0,1,0
0,0,0,0,8.0,1,0
0,0,0,0,22.0,1,0
0,0,0,0,20.0,1,0
0,0,0,0,5.0,2,0
0,0,0,0,2.0,1,0
0,0,0,0,14.0,1,0
0,0,0,0,14.5,2,0
0,0,0,0,22.0,1,0
0,0,0,0,17.0,2,0
0,0,0,0,0.0,1,0
0,0,0,0,9.0,1,0
0,0,0,0,9.0,1,0
0,0,0,0,13.0,3,0
0,0,0,0,0.0,1,0
0,0,0,0,9.5,2,0
0,0,0,0,16.0,1,0
0,0,0,0,6.0,2,0
0,0,0,0,14.0,1,0
0,0,0,0,18.0,1,0
0,0,0,0,23.0,1,0
0,0,0,0,23.0,1,0
0,0,0,0,9.0,1,0
0,0,0,0,10.0,1,0
0,0,0,0,5.0,1,0
0,0,0,0,19.666666666666668,2,0
0,0,0,0,1.0,1,0
0,0,0,0,17.0,1,0
0,0,0,0,13.0,1,0
0,0,0,0,18.0,1,0
0,0,0,0,17.0,1,0
0,0,0,0,15.0,1,0
0,0,0,0,9.0,1,0
0,0,0,0,17.0,1,0
0,0,0,0,16.0,1,0
0,0,0,0,13.0,1,0
0,0,0,0,17.0,1,0
0,0,0,0,3.0,1,0
0,0,0,0,6.0,1,0
0,0,0,0,21.0,1,0
0,0,0,0,22.0,1,0
0,0,0,0,12.0,1,0
0,0,0,0,1.0,1,0
0,0,0,0,0.0,1,0
0,0,0,0,8.0,1,0
0,0,0,0,0.0,1,0
0,0,0,0,10.0,1,0
0,0,0,0,9.0,1,0
0,0,0,0,3.0,1,0
0,0,0,0,10.0,1,0
0,0,0,0,0.0,1,0
0,0,0,0,2.0,1,0
0,0,0,0,4.0,1,0
0,0,0,0,11.0,1,0
0,0,0,0,8.0,1,0
0,0,0,0,2.0,1,0
0,0,0,0,3.0,1,0
0,0,0,0,17.0,1,0
0,0,0,0,20.0,2,0
0,0,0,0,8.5,2,0
0,0,0,0,2.0,2,0
0,0,0,0,22.0,1,0
0,0,0,0,14.666666666666666,2,0
0,0,0,0,5.5,2,0
0,0,0,1,12.666666666666666,3,0
0,0,0,0,0.0,2,0
0,0,0,0,13.0,1,0
0,0,0,0,14.0,1,0
0,0,0,0,12.0,1,0
0,0,0,0,4.0,1,0
0,0,0,0,14.0,1,0
0,0,0,0,17.0,1,0
0,0,0,0,15.0,1,0
0,0,0,0,13.0,1,0
0,0,0,0,9.0,1,0
0,0,0,0,11.0,1,0
0,0,0,0,12.0,1,0
0,0,0,0,12.0,1,0
0,0,0,0,8.0,1,0
0,0,0,0,17.0,1,0
0,0,0,0,4.5,3,0
0,0,0,2,17.0,2,0
0,0,0,0,0.0,1,0
0,0,0,0,7.0,1,0
0,0,0,0,9.0,1,0
0,0,0,0,10.0,1,0
0,0,0,0,8.0,1,0
0,0,0,0,8.0,1,0
0,0,0,0,13.0,1,0
0,0,0,0,10.0,1,0
0,0,0,0,15.0,1,0
0,0,0,0,12.0,1,0
0,0,0,0,12.0,1,0
0,0,0,0,8.0,1,0
0,0,0,0,17.666666666666668,2,0
0,0,0,0,8.0,1,0
0,0,0,0,14.0,1,0
0,0,0,0,14.0,1,0
0,0,0,0,16.333333333333332,2,0
0,0,0,0,18.0,1,0
0,0,0,0,23.0,1,0
0,0,0,0,21.0,1,0
0,0,0,0,23.0,1,0
0,0,0,0,22.0,1,0
0,0,0,0,15.333333333333334,3,0
0,0,0,0,17.0,1,0
0,0,0,0,14.0,1,0
0,0,0,0,22.0,1,0
0,0,0,0,17.0,1,0
0,0,0,0,23.0,1,0
0,0,0,0,23.0,1,0
0,0,0,0,20.0,2,0
0,0,0,0,21.0,1,0
0,0,0,0,9.0,1,0
0,0,0,0,20.0,1,0
0,0,0,0,21.0,1,0
0,0,0,0,19.0,1,0
0,0,0,0,23.0,1,0
0,0,0,0,0.0,1,0
0,0,0,0,22.0,1,0
0,0,0,0,15.0,1,0
0,0,0,0,10.0,1,0
0,0,0,0,22.0,1,0
0,3,0,0,22.0,1,0
0,0,0,0,12.0,1,0
0,0,0,0,12.0,1,0
0,0,0,0,14.0,2,0
0,0,0,0,18.0,1,0
0,0,0,0,13.5,2,0
0,0,0,0,12.0,3,0
0,0,0,0,8.0,1,0
0,0,0,0,10.0,1,0
0,0,0,0,13.0,1,0
0,0,0,1,10.0,1,0
0,0,0,0,19.0,1,0
0,0,0,0,0.0,1,0
0,0,0,0,9.0,2,0
0,0,0,0,13.0,1,0
0,0,0,0,17.0,1,0
0,0,0,0,7.0,1,0
0,0,0,0,7.0,1,0
0,0,0,0,10.0,1,0
0,0,0,2,20.0,1,0
0,0,0,0,12.0,1,0
0,0,0,0,14.0,1,0
0,0,0,0,1.0,1,0
0,0,0,0,16.0,1,0
0,0,0,0,18.0,1,0
0,0,0,0,8.0,1,0
0,0,0,0,10.666666666666666,3,0
0,0,0,0,14.0,1,0
0,0,0,0,12.0,1,0
0,0,0,0,9.0,1,0
0,0,0,0,14.0,1,0
0,0,0,0,11.0,1,0
0,0,0,0,12.0,2,0
0,0,0,0,8.0,1,0
0,0,0,0,2.0,1,0
0,0,0,0,7.0,1,0
0,0,0,0,1.0,1,0
0,0,0,0,15.0,1,0
0,0,0,0,13.0,1,0
0,0,0,0,14.0,1,0
0,0,0,0,19.0,2,0
0,0,0,0,13.0,2,0
0,0,0,0,16.916666666666668,7,1
0,0,0,0,14.6,4,0
0,0,0,0,11.0,2,0
0,0,0,0,13.0,3,0
0,0,0,0,10.0,3,0
0,0,0,0,8.75,4,0
0,0,0,0,11.857142857142858,7,0
0,0,0,0,12.4,5,0
0,0,0,0,14.25,4,0
0,0,0,0,12.0,4,0
0,0,0,0,15.0,1,0
0,0,0,0,1.0,1,0
0,0,0,0,23.0,1,0
0,0,0,0,22.0,1,0
0,0,0,0,23.0,1,0
0,0,0,0,22.333333333333332,2,0
0,0,0,0,23.0,1,0
0,0,0,2,16.714285714285715,5,0
0,0,0,0,12.0,1,0
0,0,0,0,20.0,2,0
0,0,0,0,18.333333333333332,2,0
0,0,0,0,13.0,2,0
0,0,0,0,2.0,1,0
0,0,0,0,22.0,1,0
0,0,0,0,22.25,2,0
0,0,0,0,14.333333333333334,3,0
0,0,0,0,22.5,2,0
0,0,0,0,23.0,1,0
0,0,0,0,8.0,1,0
0,0,0,0,23.0,1,0
0,0,0,0,23.0,1,0
0,0,0,0,21.0,1,0
0,0,0,0,11.0,1,0
0,0,0,0,4.333333333333333,2,0
0,0,0,0,17.0,1,0
0,0,0,0,15.0,1,0
0,0,0,0,11.5,2,0
0,0,0,0,7.6,4,0
0,0,0,0,21.0,1,0
0,0,0,0,12.5,2,0
0,0,0,0,1.0,1,0
0,0,0,1,16.0,1,0
0,1,0,0,13.25,3,0
0,0,0,0,11.666666666666666,3,0
0,0,0,1,15.0,2,0
0,0,0,0,12.5,2,0
0,0,0,0,15.2,9,1
0,0,0,0,14.4,5,0
0,0,0,0,11.0,2,0
0,0,0,0,11.2,5,0
0,0,0,0,9.2,4,0
0,0,0,0,15.11111111111111,8,0
0,0,0,0,11.7,8,0
0,0,0,0,12.333333333333334,10,1
0,0,0,0,8.666666666666666,3,0
0,0,0,0,19.5,2,0
0,0,0,0,17.0,1,0
0,0,0,0,5.0,1,0
0,0,0,0,13.0,1,0
0,0,0,0,10.333333333333334,2,0
0,0,0,0,11.0,1,0
0,0,0,0,13.2,2,0
0,0,0,0,17.0,1,0
0,0,0,0,17.428571428571427,4,0
0,0,0,0,8.0,3,0
0,0,0,0,15.0,2,0
0,0,0,0,13.333333333333334,2,0
0,0,0,0,14.0,2,0
0,0,0,0,12.0,1,0
0,0,0,0,17.0,2,0
0,0,0,0,11.0,1,0
0,0,0,0,0.0,1,0
0,0,0,0,10.0,2,0
0,0,0,0,11.666666666666666,2,0
0,0,0,0,12.285714285714286,6,0
0,0,0,0,14.25,4,0
0,0,0,2,11.75,11,1
0,0,0,0,15.4,6,0
0,0,0,2,16.615384615384617,10,1
0,0,0,1,9.692307692307692,7,1
0,0,0,0,5.833333333333333,4,1
0,0,0,0,13.125,8,0
0,0,0,0,19.0,1,0
0,0,0,0,10.0,1,0
0,0,0,0,8.0,1,0
0,0,0,0,19.0,1,0
0,0,0,0,13.833333333333334,9,1
0,0,0,0,10.88888888888889,6,0
0,0,0,1,13.285714285714286,8,1
0,0,0,0,9.0,4,0
0,0,0,0,7.5,2,0
0,0,0,0,14.833333333333334,4,0
0,0,0,0,5.0,3,0
0,0,0,1,11.0,1,0
0,0,0,0,15.5,2,0
0,0,0,0,11.0,1,0
0,0,0,1,13.0,2,0
0,0,0,0,11.0,1,0
0,0,0,0,0.0,1,0
0,0,0,0,8.0,1,0
0,0,0,0,11.0,1,0
0,0,0,0,11.75,2,0
0,0,0,0,21.0,1,0
0,0,0,0,18.0,1,0
0,0,0,0,17.0,2,0
0,0,0,0,10.5,5,0
0,0,0,0,12.333333333333334,7,0
0,0,0,0,10.0,1,0
0,0,0,0,18.0,4,0
0,0,0,0,0.0,1,0
0,0,0,0,18.0,1,0
0,0,0,0,5.0,1,0
0,0,0,0,15.0,2,0
0,0,0,0,2.0,3,0
0,0,0,0,19.428571428571427,3,0
0,0,0,0,10.333333333333334,5,0
0,0,0,0,13.875,7,0
0,0,0,0,10.88888888888889,6,0
0,0,0,1,16.77777777777778,13,1
0,0,0,1,16.5,7,0
0,0,0,0,8.529411764705882,8,1
0,0,0,0,17.0,5,0
0,0,0,0,7.75,3,0
0,0,0,0,16.0,1,0
0,0,0,0,23.0,1,0
0,0,0,0,8.0,1,0
0,0,0,0,11.0,1,0
0,0,0,0,11.0,1,0
0,0,0,0,17.0,2,0
0,0,0,0,17.0,1,0
0,0,0,0,13.0,1,0
0,0,0,0,10.0,1,0
0,0,0,0,8.0,1,0
0,0,0,0,23.0,1,0
0,0,0,0,18.0,1,0
0,0,0,0,9.0,1,0
0,0,0,0,14.0,1,0
0,0,0,0,1.0,1,0
0,0,0,0,16.0,1,0
0,0,0,0,22.0,1,0
0,0,0,0,0.0,1,0
0,0,0,0,9.0,1,0
0,0,0,0,20.0,4,0
0,0,0,0,21.0,1,0
0,0,0,0,19.0,1,0
0,0,0,0,12.333333333333334,2,0
0,0,0,0,17.5,4,0
0,0,0,0,22.5,2,0
0,0,0,0,11.0,1,0
0,0,0,1,10.137931034482758,18,1
0,0,0,0,14.1,8,0
0,0,0,1,10.9375,14,1
0,0,0,0,12.9,13,1
0,0,0,0,9.61111111111111,14,1
0,0,0,2,9.692307692307692,17,1
0,0,0,0,11.0,2,0
0,0,0,0,9.333333333333334,3,0
0,0,0,0,16.0,1,0
0,0,0,0,10.0,1,0
0,0,0,0,22.0,1,0
0,0,0,0,0.0,1,0
0,0,0,0,1.0,1,0
0,0,0,0,19.0,1,0
0,0,0,0,16.833333333333332,5,0
0,0,0,0,8.6,7,0
0,0,0,0,17.0,2,0
0,0,0,0,6.666666666666667,7,0
0,0,0,0,10.666666666666666,2,0
0,0,0,0,14.0,3,0
0,0,0,0,2.0,1,0
0,0,0,0,18.0,1,0
0,0,0,0,0.0,1,0
0,0,0,0,15.0,1,0
0,0,0,0,20.5,2,0
0,0,0,0,13.333333333333334,3,0
0,0,0,0,12.0,1,0
0,0,0,0,8.2,2,0
0,0,0,0,22.0,1,0
0,0,0,0,16.636363636363637,8,0
0,0,0,0,9.75,8,1
0,0,0,0,17.875,4,0
0,0,0,0,22.0,1,0
0,0,0,0,15.0,1,0
0,0,0,0,10.0,2,0
0,0,0,0,18.6,3,0
0,0,0,0,12.166666666666666,4,0
0,0,0,0,7.0,1,0
0,0,0,0,10.0,1,0
0,0,0,0,0.0,1,0
0,0,0,0,22.0,1,0
0,0,0,0,10.0,1,0
0,0,0,0,21.5,2,0
0,0,0,0,20.0,1,0
0,0,0,0,11.0,1,0
0,0,0,0,11.5,3,0
0,0,0,0,12.5,3,0
0,0,0,3,12.666666666666666,8,1
0,0,0,0,5.9,6,0
0,0,0,0,8.0,9,0
0,0,0,0,13.363636363636363,10,0
0,0,0,2,11.8,17,1
0,0,0,0,11.107142857142858,21,1
0,0,0,0,10.619047619047619,15,1
0,0,0,0,9.461538461538462,7,1
0,0,0,0,17.0,1,0
0,0,0,0,21.0,1,0
0,0,0,0,23.0,1,0
0,0,0,0,23.0,1,0
0,0,0,0,1.0,1,0
0,0,0,0,23.0,1,0
0,0,0,0,14.0,1,0
0,0,0,0,21.0,1,0
0,0,0,0,16.0,1,0
0,0,0,0,11.0,1,0
0,0,0,0,10.0,1,0
0,0,0,0,23.0,1,0
0,0,0,0,18.0,1,0
0,0,0,0,21.0,1,0
0,0,0,0,13.0,1,0
0,0,0,0,9.0,1,0
0,0,0,0,14.0,1,0
0,0,0,0,23.0,1,0
0,0,0,0,4.0,1,0
0,0,0,0,13.0,1,0
0,0,0,0,3.0,1,0
0,0,0,0,0.0,1,0
0,0,0,0,15.0,1,0
0,0,0,2,13.592592592592593,15,1
0,0,0,3,9.823529411764707,13,1
0,0,0,0,13.35135135135135,28,1
0,0,0,0,15.5,22,1
0,0,0,0,15.041666666666666,18,1
0,0,0,0,15.692307692307692,11,1
0,0,0,0,20.0,1,0
0,0,0,0,22.0,2,0
0,0,0,0,20.0,1,0
0,0,0,0,11.0,2,0
0,0,0,0,10.0,1,0
0,0,0,0,16.0,2,0
0,0,0,0,19.0,1,0
0,0,0,0,13.0,1,0
0,0,0,0,21.0,1,0
0,0,0,0,11.0,1,0
0,0,0,0,15.0,1,0
0,0,0,0,18.0,1,0
0,0,0,0,15.5,2,0
0,0,0,0,13.5,4,0
0,0,0,0,14.777777777777779,7,0
0,0,0,0,14.2,4,0
0,0,0,0,8.333333333333334,3,0
0,0,0,0,8.6,4,0
0,0,0,0,0.0,1,0
0,0,0,0,21.0,1,0
0,0,0,2,11.916666666666666,10,1
0,0,0,0,19.0,1,0
0,0,0,0,8.0,1,0
0,0,0,1,3.5714285714285716,3,0
0,0,1,0,16.0,1,0
0,0,0,0,19.0,1,0
0,0,0,0,21.0,1,0
0,0,0,0,17.0,1,0
0,0,0,0,7.0,1,0
0,0,0,0,23.0,1,0
0,0,0,0,23.0,1,0
0,0,0,0,0.0,1,0
0,0,0,0,20.0,1,0
0,0,0,0,9.0,1,0
0,0,0,0,11.5,2,0
0,0,0,0,7.75,2,0
0,0,0,0,22.0,1,0
0,0,0,0,9.0,1,0
0,0,0,0,12.5,2,0
0,0,0,0,12.0,2,0
0,0,0,0,23.0,2,0
0,0,0,0,0.0,1,0
0,0,0,0,7.0,3,0
0,0,0,3,15.0,1,0
0,0,0,0,14.0,1,0
0,0,0,0,5.0,1,0
0,0,0,0,13.333333333333334,2,0
0,0,0,0,12.333333333333334,3,0
0,0,0,0,23.0,1,0
0,0,0,0,1.0,1,0
0,0,0,0,7.0,1,0
0,0,0,0,1.0,1,0
0,0,0,0,16.0,1,0
0,0,0,0,19.0,1,0
0,0,0,0,21.0,1,0
0,0,0,0,7.0,1,0
0,0,0,0,10.185185185185185,21,1
0,0,0,0,15.790697674418604,34,1
0,0,0,0,11.516129032258064,27,1
0,0,0,3,11.666666666666666,36,1
0,0,0,1,10.964285714285714,34,1
0,0,0,2,10.192307692307692,17,1
0,0,0,0,16.4,4,0
0,0,0,0,17.0,1,0
0,0,0,0,10.0,1,0
0,0,0,0,5.833333333333333,5,0
0,0,0,0,9.25,4,0
0,0,0,0,12.363636363636363,7,0
0,0,0,0,10.428571428571429,6,0
0,0,0,0,20.625,5,0
0,0,0,0,9.0,1,0
0,0,0,0,8.0,1,0
0,0,0,0,22.0,1,0
0,0,0,0,11.0,1,0
0,0,0,0,9.0,1,0
0,0,0,0,10.0,1,0
0,0,0,0,13.0,1,0
0,0,0,0,12.0,1,0
0,0,0,0,14.0,1,0
0,0,0,0,18.0,1,0
0,0,0,0,22.0,1,0
0,0,0,0,4.0,1,0
0,0,0,0,20.0,1,0
0,0,0,0,22.0,1,0
0,0,0,0,8.0,1,0
0,0,0,0,13.0,1,0
0,0,0,0,15.0,1,0
0,0,0,0,0.0,1,0
0,0,0,0,8.0,1,0
0,0,0,0,0.0,1,0
0,0,0,0,22.0,1,0
0,0,0,0,17.0,1,0
0,0,0,0,12.45,15,1
0,0,0,0,17.375,6,0
0,0,0,0,14.76923076923077,10,1
0,0,0,0,8.25,7,1
0,0,0,0,16.88888888888889,5,0
0,0,0,0,13.5,4,0
0,0,0,0,12.235294117647058,14,1
0,0,0,0,10.933333333333334,12,1
0,0,0,0,14.444444444444445,7,0
0,0,0,1,11.11111111111111,7,0
0,0,0,0,9.933333333333334,12,1
0,0,0,0,8.9375,11,1
0,0,0,0,17.333333333333332,3,0
0,0,0,0,13.0,1,0
0,0,0,0,8.0,1,0
0,0,0,0,7.0,1,0
0,0,0,0,14.0,1,0
0,0,0,0,2.0,1,0
0,0,0,0,17.0,1,0
0,0,0,0,7.0,1,0
0,0,0,0,12.0,1,0
0,0,0,1,18.0,1,0
0,0,0,0,18.0,1,0
0,0,0,0,12.0,1,0
0,0,0,0,7.0,1,0
0,0,0,0,7.0,1,0
0,0,0,0,10.0,1,0
0,0,0,0,0.0,1,0
0,0,0,0,9.0,1,0
0,0,0,0,20.0,2,0
0,0,0,0,7.666666666666667,2,0
0,0,0,0,11.5,2,0
0,0,0,0,6.0,2,0
0,0,0,1,13.666666666666666,5,0
0,0,0,0,14.0,7,0
0,0,0,0,23.0,1,0
0,0,0,0,8.0,1,0
0,0,0,0,19.0,2,0
0,0,0,0,10.25,3,0
0,0,0,0,9.5,2,0
0,0,0,0,17.0,1,0
0,0,0,0,11.0,1,0
0,0,0,0,8.0,1,0
0,0,0,0,19.0,1,0
0,0,0,0,13.75,3,0
0,0,0,0,21.0,1,0
0,0,0,0,20.0,1,0
0,0,0,0,22.0,1,0
0,0,0,0,14.941176470588236,10,1
0,0,0,0,11.1,23,1
0,0,0,0,14.470588235294118,16,1
0,0,0,0,13.157894736842104,16,1
0,0,0,0,14.185185185185185,24,1
0,0,0,0,14.674418604651162,31,1
0,0,0,1,14.042553191489361,38,1
0,0,0,1,11.298245614035087,37,1
0,0,0,0,14.857142857142858,16,1
0,0,0,0,12.9,17,1
0,0,0,0,17.466666666666665,11,1
0,0,0,0,8.0,6,0
0,0,0,1,13.75,4,0
0,0,0,0,13.214285714285714,9,1
0,0,0,0,11.571428571428571,6,0
0,0,0,0,17.5,5,0
0,0,0,0,14.88888888888889,6,0
0,0,0,1,21.0,1,0
0,0,0,0,12.0,1,0
0,0,0,0,11.0,1,0
0,0,0,0,19.0,1,0
0,0,0,0,8.0,1,0
0,0,0,0,18.0,1,0
0,0,0,0,20.0,1,0
0,0,0,0,23.0,1,0
0,0,0,0,20.0,1,0
0,0,0,0,2.0,1,0
0,0,0,0,19.0,1,0
0,0,0,0,17.0,1,0
0,0,0,0,14.0,1,0
0,0,0,0,14.0,1,0
0,0,0,0,11.0,1,0
0,0,0,0,9.0,1,0
0,0,0,0,19.0,1,0
0,0,0,0,13.6,4,0
0,0,0,0,16.88888888888889,6,0
0,0,0,0,4.571428571428571,7,0
0,0,0,0,13.857142857142858,6,0
0,0,0,0,14.0,8,0
0,0,0,0,11.166666666666666,4,0
0,0,0,0,11.0,1,0
0,0,0,0,10.0,1,0
0,0,0,0,9.0,1,0
0,0,0,0,12.0,1,0
0,0,0,0,13.0,1,0
0,0,0,0,10.0,1,0
0,0,0,0,12.0,1,0
0,0,0,0,8.0,1,0
0,0,0,0,14.0,1,0
0,0,0,0,9.0,1,0
0,0,0,0,15.0,1,0
0,0,0,0,23.0,1,0
0,0,0,0,20.25,3,0
0,0,0,0,19.4,4,0
0,0,0,0,10.25,15,1
0,0,0,1,12.826086956521738,15,1
0,0,0,0,15.090909090909092,19,1
0,0,0,0,14.666666666666666,28,1
0,0,0,0,13.148936170212766,30,1
0,0,0,0,14.909090909090908,30,1
0,0,0,2,12.48076923076923,41,1
0,0,1,0,12.967213114754099,41,1
0,0,0,1,12.911111111111111,32,1
0,0,0,11,9.325,24,1
0,0,0,1,14.195652173913043,34,1
0,0,0,0,13.63265306122449,33,1
0,0,0,1,13.30952380952381,30,1
0,0,0,0,13.285714285714286,32,1
0,0,0,6,12.23076923076923,19,1
0,0,0,2,8.23076923076923,10,1
0,0,0,7,11.454545454545455,6,0
0,0,0,0,13.0,1,0
0,0,0,0,2.0,1,0
0,0,0,0,13.0,2,0
0,0,0,0,18.0,1,0
0,0,0,0,9.0,1,0
0,0,0,0,20.0,1,0
0,0,0,0,23.0,1,0
0,0,0,0,13.0,3,0
0,0,0,0,18.0,1,0
0,0,0,0,8.333333333333334,2,0
0,0,0,0,14.8,3,0
0,0,0,0,11.6,6,0
0,0,0,0,10.333333333333334,3,0
0,0,0,0,15.5,7,0
0,0,0,0,14.0,1,0
0,0,0,0,16.0,5,0
0,0,0,0,8.0,1,0
0,0,0,0,1.0,1,0
0,0,0,0,17.0,1,0
0,0,0,0,6.0,1,0
0,0,0,0,7.0,1,0
0,0,0,0,17.666666666666668,2,0
0,0,0,0,3.0,1,0
0,0,0,0,12.0,1,0
0,0,0,0,22.0,1,0
0,0,0,0,11.0,1,0
0,0,0,0,19.0,1,0
0,0,0,0,16.0,2,0
0,0,0,0,13.0,1,0
0,0,0,0,11.0,1,0
0,0,0,0,3.0,1,0
0,0,0,0,20.0,1,0
0,0,0,0,6.916666666666667,7,1
0,0,0,0,15.777777777777779,7,0
0,0,0,1,13.875,4,0
0,0,0,2,16.0,16,1
0,0,0,0,15.266666666666667,13,1
0,0,0,0,11.529411764705882,10,1
0,0,0,0,14.777777777777779,8,0
0,2,0,0,16.352941176470587,13,1
0,0,0,1,12.777777777777779,23,1
0,0,0,0,16.642857142857142,10,1
0,0,0,0,12.5,20,1
0,0,0,0,15.117647058823529,25,1
0,0,0,0,15.711538461538462,38,1
0,0,0,0,11.333333333333334,25,1
0,0,0,2,12.387755102040817,34,1
0,0,0,0,12.86,41,1
0,0,0,1,14.833333333333334,14,1
0,0,0,0,11.84,21,1
0,0,0,0,13.772727272727273,19,1
0,0,0,0,9.318181818181818,15,1
0,0,0,0,15.833333333333334,5,0
0,0,0,0,19.0,3,0
0,0,0,0,20.0,1,0
0,0,0,0,21.0,1,0
0,0,0,0,9.0,1,0
0,0,0,0,11.0,1,0
0,0,0,0,21.0,1,0
0,0,0,0,11.0,1,0
0,0,0,0,4.25,2,0
0,0,0,0,21.0,1,0
0,0,0,0,14.0,1,0
0,0,0,0,19.0,1,0
0,0,0,0,17.0,1,0
0,0,0,0,21.0,1,0
0,0,0,0,18.25,3,0
0,0,0,0,20.0,1,0
0,0,0,0,18.0,1,0
0,0,0,0,16.76923076923077,4,1
0,0,0,0,16.75,4,0
0,0,0,0,14.75,3,0
0,0,0,0,12.25,4,0
0,0,0,0,16.2,5,0
0,0,0,0,17.333333333333332,3,0
0,0,0,0,11.8,4,0
0,0,0,0,20.8,3,0
0,0,0,0,16.4,2,0
0,0,0,0,18.5,3,0
0,0,0,0,16.0,1,0
0,0,0,0,22.0,1,0
0,0,0,0,0.0,1,0
0,0,0,0,10.0,1,0
0,0,0,0,10.0,1,0
0,0,0,0,10.0,1,0
0,0,0,0,14.142857142857142,4,0
0,0,0,0,9.0,1,0
0,0,0,0,4.0,1,0
0,0,0,0,15.666666666666666,3,0
0,0,0,0,23.0,1,0
0,0,0,0,11.25,4,0
0,0,0,0,2.0,1,0
0,0,0,0,13.8,4,0
0,0,0,1,21.0,1,0
0,0,0,0,15.25,2,0
0,0,0,0,12.0,1,0
0,0,0,0,19.0,1,0
0,0,0,0,6.0,1,0
0,0,0,0,20.0,1,0
0,0,0,0,16.0,1,0
0,0,0,0,18.0,1,0
0,0,0,0,9.0,1,0
0,0,0,0,22.0,1,0
0,0,0,0,17.0,1,0
0,0,0,0,14.0,1,0
0,0,0,0,13.0,1,0
0,0,0,0,7.0,1,0
0,0,0,0,10.0,1,0
0,0,0,0,1.0,1,0
0,0,0,0,14.0,1,0
0,0,0,0,14.0,2,0
0,0,0,0,5.0,2,0
0,0,0,0,2.0,1,0
0,0,0,0,9.0,1,0
0,0,0,0,22.0,1,0
0,0,0,0,14.0,1,0
0,0,0,0,11.125,5,0
0,0,0,0,13.0,4,0
0,0,0,0,11.5,3,0
0,0,0,0,8.0,1,0
0,0,0,0,18.0,1,0
0,0,0,0,12.0,1,0
0,0,0,0,13.0,1,0
0,0,0,0,22.0,1,0
0,0,0,0,12.0,1,0
0,0,0,0,18.0,1,0
0,0,0,0,14.0,1,0
0,0,0,0,6.0,1,0
0,0,0,0,7.0,1,0
0,0,0,0,10.333333333333334,2,0
0,0,0,0,19.0,1,0
0,0,0,0,0.0,1,0
0,0,0,0,6.8,2,0
0,0,0,0,2.0,1,0
0,0,0,0,5.0,1,0
0,0,0,0,10.0,1,0
0,0,0,0,7.0,1,0
0,0,0,0,18.285714285714285,7,0
0,0,0,0,14.833333333333334,6,0
0,0,0,0,13.0,6,0
0,0,0,0,10.0,2,0
0,0,0,0,3.0,1,0
0,0,0,0,21.0,1,0
0,0,0,0,20.0,1,0
0,0,0,0,0.0,1,0
0,0,0,0,19.0,1,0
0,0,0,0,16.0,1,0
0,0,0,0,23.0,1,0
0,0,0,0,10.5,2,0
0,0,0,0,23.0,1,0
0,0,0,0,10.0,1,0
0,0,0,0,14.0,1,0
0,0,0,0,15.0,1,0
0,0,0,0,23.0,1,0
0,0,0,0,22.0,1,0
0,0,0,0,0.0,1,0
0,0,0,0,16.0,1,0
0,0,0,0,23.0,1,0
0,0,0,0,21.0,3,0
0,0,0,0,21.0,2,0
0,0,0,0,19.0,1,0
0,0,0,0,18.0,1,0
0,0,0,0,18.0,1,0
0,0,0,0,10.0,2,0
0,0,0,0,13.5,2,0
0,0,0,0,11.5,2,0
0,0,0,0,20.0,1,0
0,0,0,0,16.333333333333332,2,0
0,0,0,0,4.666666666666667,2,0
0,0,0,0,12.090909090909092,7,0
0,0,0,0,14.428571428571429,5,0
0,0,0,0,12.545454545454545,6,0
0,0,0,2,14.529411764705882,13,1
0,0,0,0,18.214285714285715,8,1
0,0,0,0,19.25,4,0
0,0,0,0,12.916666666666666,10,1
0,0,0,0,9.0,1,0
0,0,0,0,16.0,1,0
0,0,0,0,4.0,1,0
0,0,0,0,17.0,1,0
0,0,0,0,1.0,1,0
0,0,0,0,5.0,1,0
0,0,0,0,23.0,1,0
0,0,0,0,21.0,2,0
0,0,0,0,20.0,1,0
0,0,0,0,10.0,2,0
0,0,0,0,20.0,1,0
0,0,0,0,6.0,1,0
0,0,0,0,1.0,1,0
0,0,0,0,0.0,1,0
0,0,0,0,15.0,1,0
0,0,0,0,1.0,1,0
0,0,0,0,14.0,1,0
0,0,0,0,22.0,1,0
0,0,0,0,11.0,1,0
0,0,0,0,0.0,1,0
0,0,0,0,23.0,1,0
0,0,0,0,22.0,1,0
0,0,0,0,10.0,1,0
0,0,0,0,19.0,2,0
0,0,0,1,19.0,2,0
0,0,0,0,4.0,1,0
0,0,0,0,19.0,1,0
0,0,0,1,20.0,2,0
0,0,0,0,7.333333333333333,3,0
0,0,0,0,18.333333333333332,8,0
0,0,0,0,14.862068965517242,19,1
0,0,0,0,14.043478260869565,20,1
0,0,0,3,14.76923076923077,15,1
0,0,0,0,16.37142857142857,24,1
0,0,0,0,16.375,13,1
0,0,0,3,9.628571428571428,25,1
0,3,0,2,14.5,22,1
0,0,0,0,11.818181818181818,17,1
0,0,0,0,9.15,16,1
0,0,0,0,10.210526315789474,18,1
0,0,0,2,10.0,10,1
0,0,0,0,10.368421052631579,16,1
0,0,0,0,9.428571428571429,12,1
0,0,0,0,9.0,19,1
0,0,0,0,13.24,20,1
0,0,0,0,8.533333333333333,23,1
0,0,0,0,11.444444444444445,8,0
0,0,0,0,11.5,3,0
0,0,0,0,13.0,1,0
0,0,0,0,13.0,1,0
0,0,0,0,16.0,2,0
0,0,0,2,11.0,2,0
0,0,0,0,13.0,3,0
0,0,0,0,13.294117647058824,14,1
0,0,0,3,15.578947368421053,12,1
0,0,0,0,13.333333333333334,7,0
0,0,0,0,18.333333333333332,2,0
0,0,0,0,1.3333333333333333,2,0
0,0,0,0,9.25,13,1
0,0,0,0,14.7,8,0
0,0,0,0,12.333333333333334,2,0
0,0,0,0,4.666666666666667,2,0
0,0,0,0,12.0,1,0
0,0,0,0,18.0,1,0
0,0,0,0,15.0,3,0
0,0,0,0,12.0,1,0
0,0,0,0,13.0,1,0
0,0,0,0,18.0,1,0
0,0,0,0,9.0,1,0
0,0,0,0,15.0,1,0
0,0,0,4,16.272727272727273,7,0
0,0,0,0,13.88888888888889,7,0
0,0,0,0,10.923076923076923,8,1
0,0,0,0,9.2,4,0
0,0,0,0,0.0,1,0
0,0,0,0,15.030303030303031,22,1
0,0,0,0,14.5,11,1
0,0,0,1,14.838709677419354,24,1
0,0,0,0,13.344827586206897,17,1
0,0,0,1,14.966666666666667,22,1
0,0,0,0,15.571428571428571,13,1
0,0,0,0,14.090909090909092,14,1
0,0,0,0,17.666666666666668,8,0
0,0,0,0,11.5,17,1
0,0,0,0,14.25,10,1
0,0,0,0,12.166666666666666,9,1
0,0,0,1,13.75,4,0
0,0,0,0,13.11111111111111,7,0
0,0,0,0,15.0,6,0
0,0,0,0,13.5,16,1
0,0,0,0,11.2,5,0
0,0,0,0,11.555555555555555,16,1
0,0,0,0,18.0,3,0
0,0,0,0,22.0,1,0
0,0,0,0,22.0,1,0
0,0,0,0,9.0,1,0
0,0,0,0,10.0,1,0
0,0,0,0,21.0,1,0
0,0,0,0,16.0,1,0
0,0,0,0,12.0,1,0
0,0,0,0,15.0,1,0
0,0,0,0,10.0,1,0
0,0,0,0,12.0,1,0
0,0,0,0,23.0,1,0
0,0,0,0,10.0,1,0
0,0,0,0,14.0,1,0
0,0,0,0,9.0,2,0
0,0,0,4,17.4,2,0
0,0,0,0,13.0,1,0
0,0,0,0,23.0,1,0
0,0,0,0,3.0,1,0
0,0,0,0,13.333333333333334,3,0
0,0,0,0,3.2,2,0
0,0,0,0,15.4,3,0
0,0,0,0,12.75,7,0
0,0,0,0,10.0,7,0
0,0,0,0,7.0,1,0
0,0,0,0,13.0,4,0
0,0,0,0,9.6,3,0
0,0,0,0,14.0,4,0
0,0,0,0,11.75,3,0
0,0,0,0,14.0,2,0
0,0,0,0,9.25,4,0
0,0,0,0,11.0,1,0
0,0,0,0,8.75,3,0
0,0,0,0,7.0,1,0
0,0,0,0,0.0,1,0
0,0,0,0,7.0,1,0
0,0,0,0,3.0,1,0
0,0,0,0,14.0,1,0
0,0,0,0,12.0,1,0
0,0,0,0,11.0,3,0
0,0,0,1,9.25,3,0
0,0,0,0,0.0,1,0
0,0,0,0,11.0,1,0
0,0,0,1,2.0,1,0
0,0,0,0,15.0,1,0
0,0,0,0,2.0,1,0
0,0,0,0,16.0,1,0
0,0,0,2,21.25,3,0
0,0,0,0,8.25,6,1
0,0,0,0,9.666666666666666,3,0
0,0,0,0,14.0,6,0
0,0,0,1,11.787878787878787,19,1
0,0,0,0,16.363636363636363,8,0
0,0,0,3,13.470588235294118,23,1
0,0,0,0,13.74074074074074,19,1
0,0,0,0,18.5625,11,1
0,0,0,0,13.282051282051283,25,1
0,0,0,0,12.575757575757576,26,1
0,0,0,0,15.266666666666667,7,1
0,0,0,0,13.975,30,1
0,0,0,0,13.647058823529411,14,1
0,0,0,0,13.9,9,0
0,0,0,0,23.0,1,0
0,0,0,0,16.0,8,0
0,0,0,0,3.0,1,0
0,0,0,0,13.333333333333334,3,0
0,0,0,0,15.333333333333334,5,0
0,0,0,0,15.3125,13,1
0,0,0,0,0.0,2,0
0,0,0,0,12.5,2,0
0,0,0,0,10.0,1,0
0,0,0,0,9.0,1,0
0,0,0,0,10.0,1,0
0,0,0,0,10.0,1,0
0,0,0,0,12.0,1,0
0,0,0,0,8.0,1,0
0,0,0,0,17.6,3,0
0,0,0,0,8.0,1,0
0,0,0,3,19.4,2,0
0,0,0,0,16.5,6,0
0,0,0,0,13.333333333333334,7,1
0,0,0,0,10.5,8,0
0,0,0,0,18.0,3,0
0,0,0,0,10.285714285714286,6,0
0,0,0,0,9.875,9,1
0,0,0,0,13.25,14,1
0,0,0,0,11.88888888888889,7,0
0,0,0,0,11.083333333333334,11,1
0,0,0,0,14.555555555555555,7,0
0,0,0,0,13.0,13,1
0,1,0,3,15.588235294117647,12,1
0,0,0,0,15.3125,10,1
0,0,0,0,13.266666666666667,11,1
0,0,0,0,11.0,3,0
0,0,0,0,9.0,4,0
0,0,0,0,10.666666666666666,3,0
0,0,0,0,5.333333333333333,3,0
0,0,0,0,11.142857142857142,6,0
0,0,0,0,5.25,3,0
0,0,0,0,13.0,3,0
0,0,0,0,9.333333333333334,2,0
0,0,0,0,11.0,1,0
0,0,0,0,20.0,1,0
0,0,0,1,21.4,4,0
0,0,0,0,22.0,1,0
0,0,0,0,22.0,1,0
0,0,0,0,20.0,1,0
0,0,0,0,11.333333333333334,2,0
0,0,0,0,16.4375,10,1
0,0,0,1,9.153846153846153,9,1
0,0,0,0,14.8,8,0
0,0,0,2,16.833333333333332,5,0
0,0,0,0,15.714285714285714,3,0
0,0,0,0,14.0,2,0
0,0,0,0,9.0,1,0
0,0,0,0,0.0,1,0
0,0,0,0,16.0,1,0
0,0,0,0,11.0,1,0
0,0,0,0,13.0,1,0
0,0,0,0,17.5,2,0
0,0,0,0,14.064516129032258,21,1
0,0,0,0,10.555555555555555,17,1
0,0,0,0,12.064516129032258,23,1
0,0,0,0,13.909090909090908,16,1
0,0,0,0,11.88888888888889,8,0
0,0,0,0,6.388888888888889,10,1
0,0,0,0,15.1,6,0
0,0,0,0,21.0,1,0
0,0,0,0,21.0,1,0
0,0,0,0,14.0,1,0
0,0,0,0,9.0,1,0
0,0,0,0,17.0,1,0
0,0,0,0,15.0,1,0
0,0,0,1,17.5,6,0
0,0,0,0,13.545454545454545,11,0
0,0,0,0,13.333333333333334,6,0
0,0,0,0,10.875,15,1
0,0,0,0,16.333333333333332,3,0
0,0,0,0,11.0,5,0
0,0,0,0,12.25,4,0
0,0,0,0,14.0,1,0
0,0,0,0,11.4,3,0
0,0,0,0,10.0,1,0
0,0,0,0,6.0,1,0
0,0,0,0,5.8,3,0
0,0,0,0,2.0,1,0
0,0,0,0,10.0,1,0
0,0,0,1,1.0,1,0
0,0,0,3,2.0,1,0
0,0,0,0,10.0,1,0
0,0,0,1,3.0,1,0
0,0,0,0,20.0,1,0
0,0,0,0,9.0,1,0
0,0,0,0,21.0,1,0
0,0,0,0,20.0,1,0
0,0,0,0,10.0,1,0
0,0,0,0,14.0,1,0
0,0,0,0,23.0,1,0
0,0,0,0,13.0,3,0
0,0,0,0,10.0,1,0
0,0,0,2,17.0,1,0
0,0,0,0,14.166666666666666,4,0
0,0,0,0,16.0,1,0
0,0,0,0,7.0,1,0
0,0,0,0,14.0,8,0
0,0,0,3,5.4,3,0
0,0,0,0,17.333333333333332,3,0
0,0,0,0,12.5,8,0
0,0,0,0,14.8,3,0
0,0,0,0,18.285714285714285,4,0
0,0,0,0,6.666666666666667,7,0
0,0,0,0,11.153846153846153,10,1
0,0,0,0,17.0,3,0
0,0,0,0,13.2,9,0
0,0,0,0,11.6875,10,1
0,0,0,0,15.461538461538462,7,1
0,0,0,0,10.25,6,0
0,0,0,0,11.285714285714286,6,0
0,0,0,0,19.333333333333332,2,0
0,0,0,0,12.4,5,0
0,0,0,0,10.909090909090908,10,0
0,0,0,0,12.75,4,0
0,0,0,2,23.0,1,0
0,0,0,0,11.5,3,0
0,0,0,0,12.5,2,0
0,0,0,0,8.0,1,0
0,0,0,0,23.0,1,0
0,0,0,0,10.0,1,0
0,0,0,0,10.0,1,0
0,0,0,0,7.0,1,0
0,0,0,0,14.0,1,0
0,0,0,0,13.5,2,0
0,0,0,0,14.0,1,0
0,0,0,0,14.0,2,0
0,0,0,0,12.0,7,0
0,0,0,0,18.0,1,0
0,0,0,0,23.0,1,0
0,0,0,0,13.0,1,0
0,0,0,0,23.0,1,0
0,0,0,0,9.0,1,0
0,0,0,0,10.0,1,0
0,0,0,0,17.0,1,0
0,0,0,0,6.0,1,0
0,0,0,0,1.0,1,0
0,0,0,0,22.0,1,0
0,0,0,0,9.333333333333334,2,0
0,0,0,0,6.0,1,0
0,0,0,0,12.0,1,0
0,0,0,0,18.5,2,0
0,0,0,0,13.666666666666666,4,0
0,0,0,0,10.571428571428571,6,0
0,0,0,0,16.0,2,0
0,0,0,2,8.181818181818182,9,0
0,0,0,0,14.444444444444445,7,0
0,0,0,0,13.857142857142858,7,0
0,0,0,0,13.571428571428571,6,0
0,0,0,0,12.555555555555555,8,0
0,0,0,0,13.357142857142858,9,1
0,0,0,0,11.153846153846153,9,1
0,0,0,0,11.68421052631579,13,1
0,0,0,0,13.75,13,1
0,0,0,2,13.368421052631579,16,1
0,0,0,0,14.625,7,0
0,0,0,0,16.0,4,0
0,0,0,0,17.5,2,0
0,0,0,0,22.0,1,0
0,0,0,0,13.928571428571429,7,1
0,0,0,0,7.333333333333333,5,0
0,0,0,0,9.0,2,0
0,0,0,0,17.5,2,0
0,0,0,0,10.5,4,0
0,0,0,0,9.0,2,0
0,0,0,0,17.0,1,0
0,0,0,0,10.0,1,0
0,0,0,0,22.666666666666668,2,0
0,0,0,0,6.2,3,0
0,0,0,0,17.0,1,0
0,0,0,0,22.0,2,0
0,0,0,0,18.6,7,0
0,0,0,0,11.31578947368421,11,1
0,0,0,0,19.285714285714285,7,0
0,0,0,0,18.666666666666668,2,0
0,0,0,0,23.0,1,0
0,0,0,0,13.0,1,0
0,0,0,0,14.333333333333334,2,0
0,0,0,0,10.333333333333334,2,0
0,0,0,0,18.333333333333332,2,0
0,0,0,0,16.5,2,0
0,0,0,2,19.0,1,0
0,0,0,0,12.333333333333334,2,0
0,0,0,0,3.0,1,0
0,0,0,0,17.88888888888889,2,0
0,0,0,0,8.0,1,0
0,0,0,0,0.0,1,0
0,0,0,0,12.0,1,0
0,0,0,0,9.0,1,0
0,0,0,0,5.0,1,0
0,0,0,0,13.0,1,0
0,0,0,0,12.0,1,0
0,0,0,0,20.0,1,0
0,0,0,0,8.0,1,0
0,0,0,0,10.0,1,0
0,0,0,0,7.0,1,0
0,0,0,0,16.0,1,0
0,0,0,0,17.0,1,0
0,0,0,0,12.0,1,0
0,0,0,0,5.0,1,0
0,0,0,0,20.0,1,0
0,0,0,0,17.0,1,0
0,0,0,0,12.0,1,0
0,0,0,0,10.0,1,0
0,0,0,0,17.0,1,0
0,0,0,0,14.0,1,0
0,0,0,0,23.0,1,0
0,0,0,0,0.0,1,0
0,0,0,0,16.0,1,0
0,0,0,0,17.0,2,0
0,0,0,0,23.0,1,0
0,0,0,0,21.0,1,0
0,0,0,0,22.0,1,0
0,0,0,0,13.0,1,0
0,0,0,0,18.0,1,0
0,0,0,0,14.0,1,0
0,0,0,0,2.0,1,0
0,0,0,0,0.0,1,0
0,0,0,0,13.0,1,0
0,0,0,0,23.0,1,0
0,0,0,0,23.0,1,0
0,0,0,0,22.0,1,0
0,0,0,0,12.0,1,0
0,0,0,0,1.0,1,0
0,0,0,0,13.0,1,0
0,0,0,0,13.0,1,0
0,0,0,0,15.0,1,0
0,0,0,0,11.0,1,0
0,0,0,0,8.0,1,0
0,0,0,0,12.0,1,0
0,0,0,0,16.0,1,0
0,0,0,0,12.0,1,0
0,0,0,0,8.0,1,0
0,0,0,0,23.0,1,0
0,0,0,0,9.0,1,0
0,0,0,0,12.0,1,0
0,0,0,0,15.0,1,0
0,0,0,0,23.0,1,0
0,0,0,0,17.0,1,0
0,0,0,0,22.0,1,0
0,0,0,0,8.0,1,0
0,0,0,0,10.0,1,0
0,0,0,0,8.0,1,0
0,0,0,0,21.0,1,0
0,0,0,0,14.0,1,0
0,0,0,0,10.0,1,0
0,0,0,0,16.0,1,0
0,0,0,0,12.0,1,0
0,0,0,0,10.0,1,0
0,0,0,0,15.0,1,0
0,0,0,0,11.0,1,0
0,0,0,0,8.0,1,0
0,0,0,0,3.0,1,0
0,0,0,0,2.0,1,0
0,0,0,0,22.0,1,0
0,0,0,0,8.0,1,0
0,0,0,0,18.0,1,0
0,0,0,0,8.0,1,0
0,0,0,0,19.0,1,0
0,0,0,0,5.0,1,0
0,0,0,1,18.666666666666668,3,0
0,0,0,0,10.0,1,0
0,0,0,0,21.0,1,0
0,0,0,0,2.0,1,0
0,0,0,0,2.0,1,0
0,0,0,1,13.25,4,0
0,0,0,0,17.5,1,0
0,0,0,0,20.0,1,0
0,0,0,0,19.0,1,0
0,0,0,0,20.0,1,0
0,0,0,0,14.5,2,0
0,0,0,0,9.0,1,0
0,0,0,0,17.0,1,0
0,0,0,0,14.0,1,0
0,0,0,0,12.333333333333334,2,0
0,0,0,0,9.0,1,0
0,0,0,0,15.0,1,0
0,0,0,0,9.0,1,0
0,0,0,0,7.5,2,0
0,0,0,0,10.0,1,0
0,0,0,0,22.0,1,0
0,0,0,0,8.0,1,0
0,0,0,0,12.0,1,0
0,0,0,0,19.0,1,0
0,0,0,0,21.0,1,0
0,0,0,0,7.0,1,0
0,1,0,0,15.0,1,0
0,0,0,0,18.8,2,0
0,0,0,0,14.0,1,0
0,0,0,0,20.0,1,0
0,0,0,0,11.5,2,0
0,0,0,0,17.0,1,0
0,0,0,0,1.0,1,0
0,0,0,0,0.0,1,0
0,0,0,0,16.0,1,0
0,0,0,0,15.5,2,0
0,0,0,0,4.0,1,0
0,0,0,0,17.0,1,0
0,0,0,0,19.0,1,0
0,0,0,0,15.0,1,0
0,0,0,0,21.0,1,0
0,0,0,0,1.0,1,0
0,0,0,0,4.0,1,0
0,0,0,0,3.6666666666666665,2,0
0,0,0,0,14.0,1,0
0,0,0,0,20.0,1,0
0,0,0,0,17.0,1,0
0,0,0,0,6.0,1,0
0,0,0,0,15.0,1,0
0,0,0,0,20.0,1,0
0,0,0,0,16.0,1,0
0,0,0,0,7.0,1,0
0,0,0,0,0.0,1,0
0,0,0,0,13.0,2,0
0,0,0,0,16.2,3,0
0,0,0,0,17.714285714285715,4,0
0,0,0,0,22.0,1,0
0,0,0,0,13.0,1,0
0,0,0,0,14.5,2,0
0,0,0,6,11.76923076923077,8,1
0,0,0,0,12.166666666666666,5,0
0,0,0,0,20.5,2,0
0,0,0,0,6.666666666666667,3,0
0,0,0,0,5.857142857142857,6,0
0,0,0,0,0.0,1,0
0,0,0,0,17.0,1,0
0,0,0,0,7.0,2,0
0,0,0,0,9.0,1,0
0,0,0,0,13.0,1,0
0,0,0,0,10.0,1,0
0,0,0,0,1.0,1,0
0,0,0,0,15.0,1,0
0,0,0,0,10.0,1,0
0,0,0,0,8.0,1,0
0,0,0,0,12.0,1,0
0,0,0,0,9.0,1,0
0,0,0,0,16.0,1,0
0,0,0,0,13.5,2,0
0,0,0,0,7.0,1,0
0,0,0,0,11.333333333333334,3,0
0,0,0,0,13.0,1,0
0,0,0,0,3.0,1,0
0,0,0,0,16.0,1,0
0,0,0,0,10.4,5,0
0,0,0,0,14.0,1,0
0,0,0,0,9.0,1,0
0,0,0,0,23.0,1,0
0,0,0,0,12.75,2,0
0,0,0,0,11.0,2,0
0,0,0,0,13.666666666666666,3,0
0,0,0,0,11.0,2,0
0,0,0,0,17.0,1,0
0,0,0,0,10.333333333333334,3,0
0,0,0,0,13.6,5,0
0,0,0,0,13.5,4,0
0,0,0,0,17.0,1,0
0,0,0,0,20.0,1,0
0,0,0,0,10.0,1,0
0,0,0,0,9.0,1,0
0,0,0,0,0.0,1,0
0,0,0,0,9.0,1,0
0,0,0,0,2.0,1,0
0,0,0,0,2.0,1,0
0,0,0,0,16.0,1,0
0,0,0,1,12.0,1,0
0,0,0,0,9.0,1,0
0,0,0,0,12.0,1,0
0,0,0,0,13.0,1,0
0,0,0,0,7.666666666666667,2,0
0,0,0,0,15.0,1,0
0,0,0,0,22.0,1,0
0,0,0,0,21.0,1,0
0,0,0,0,2.0,1,0
0,0,0,0,11.666666666666666,3,0
0,0,0,0,10.0,1,0
0,0,0,0,12.0,2,0
0,0,0,0,9.333333333333334,3,0
0,0,0,0,11.0,5,0
0,0,0,0,8.333333333333334,3,0
0,0,0,0,6.0,7,0
0,0,0,0,11.571428571428571,7,0
0,0,0,0,9.0,2,0
0,0,0,0,10.0,3,0
0,0,0,0,15.5,2,0
0,0,0,0,13.75,4,0
0,0,0,0,23.0,1,0
0,0,0,0,16.0,1,0
0,0,0,0,21.0,2,0
0,0,0,0,15.5,2,0
0,0,0,0,22.0,1,0
0,0,0,0,19.666666666666668,3,0
0,0,0,0,12.75,4,0
0,0,0,0,12.6,5,0
0,0,0,0,21.0,2,0
0,0,0,0,13.571428571428571,4,0
0,0,0,0,17.428571428571427,4,0
0,0,0,0,5.5,2,0
0,0,0,0,15.333333333333334,3,0
0,0,0,0,18.75,3,0
0,0,0,0,3.0,1,0
0,0,0,0,10.8,5,0
0,0,0,0,23.0,1,0
0,0,0,0,0.8,2,0
0,0,0,0,1.0,1,0
0,0,0,0,10.0,1,0
0,0,0,0,20.0,1,0
0,0,0,0,8.0,1,0
0,0,0,0,22.0,1,0
0,0,0,0,12.0,4,0
0,0,0,0,1.75,2,0
0,0,0,0,20.0,1,0
0,0,0,0,22.0,1,0
0,0,0,0,11.0,1,0
0,0,0,0,11.75,4,0
0,0,0,0,15.666666666666666,7,0
0,0,0,0,13.285714285714286,4,0
0,0,0,0,16.5,6,0
0,0,0,0,6.666666666666667,4,0
0,0,0,0,11.25,9,1
0,0,0,0,12.333333333333334,5,0
0,0,0,0,8.88888888888889,9,0
0,0,0,0,8.75,12,1
0,0,0,0,15.695652173913043,18,1
0,0,0,0,11.166666666666666,10,1
0,0,0,0,10.0,13,1
0,0,0,0,8.95,18,1
0,0,0,0,14.692307692307692,12,1
0,0,0,0,11.952380952380953,15,1
0,0,0,0,15.545454545454545,9,0
0,0,0,0,17.916666666666668,9,1
0,0,0,0,7.5,2,0
0,0,0,0,15.0,2,0
0,0,0,0,10.0,1,0
0,0,0,0,10.0,1,0
0,0,0,0,16.0,1,0
0,0,0,0,18.0,1,0
0,0,0,0,19.0,1,0
0,0,0,0,7.0,1,0
0,0,0,0,9.0,1,0
0,0,0,0,20.0,2,0
0,0,0,0,20.0,1,0
0,0,0,0,14.5,2,0
0,0,0,0,17.0,1,0
0,0,0,0,11.0,1,0
0,0,0,0,10.0,1,0
0,0,0,0,17.0,1,0
0,0,0,1,6.0,1,0
0,0,0,0,21.0,1,0
0,0,0,2,6.0,1,0
0,0,0,0,23.0,1,0
0,0,0,0,17.0,1,0
0,0,0,0,16.5,2,0
0,0,0,0,8.0,1,0
0,0,0,1,16.714285714285715,5,0
0,0,0,0,9.666666666666666,3,0
0,0,0,0,14.833333333333334,8,1
0,0,0,0,5.25,2,0
0,0,0,0,15.5,4,0
0,0,0,3,16.5,5,0
0,0,0,0,17.5,2,0
0,0,0,0,8.5,3,0
0,0,0,0,17.0,1,0
0,0,0,0,16.0,1,0
0,0,0,0,12.5,2,0
0,0,0,0,20.0,1,0
0,0,0,0,13.0,1,0
0,0,0,1,13.444444444444445,6,0
0,0,0,0,14.333333333333334,3,0
0,0,0,0,15.75,4,0
0,0,0,0,17.0,1,0
0,0,0,0,16.666666666666668,2,0
0,0,0,0,10.0,3,0
0,1,0,0,9.75,4,0
0,0,0,0,22.0,1,0
0,0,0,0,12.0,1,0
0,0,0,0,20.0,1,0
0,0,0,0,10.0,1,0
0,0,0,0,7.0,1,0
0,0,0,0,17.0,1,0
0,0,0,0,17.0,1,0
0,0,0,0,3.0,1,0
0,0,0,0,1.0,1,0
0,0,0,0,16.5,4,0
0,0,0,0,17.9,7,0
0,0,0,0,18.77777777777778,4,0
0,0,0,1,7.888888888888889,6,0
0,0,0,2,15.125,6,0
0,0,0,0,18.6,3,0
0,0,0,0,10.75,5,0
0,0,0,0,12.5,4,0
0,0,0,0,11.0,1,0
0,0,0,0,9.0,1,0
0,0,0,0,16.0,1,0
0,0,0,0,8.0,1,0
0,0,0,0,0.0,1,0
0,0,0,0,23.0,1,0
0,0,0,0,20.0,1,0
0,0,0,0,3.0,1,0
0,0,0,0,20.0,1,0
0,0,0,0,21.0,1,0
0,0,0,0,9.333333333333334,2,0
0,0,0,0,12.5,2,0
0,0,0,0,14.0,3,0
0,0,0,0,20.8,3,0
0,0,0,0,9.428571428571429,8,1
0,0,0,0,11.894736842105264,16,1
0,0,0,0,12.0,3,0
0,0,0,0,18.125,5,0
0,0,0,0,14.2,4,0
0,0,0,0,16.5,2,0
0,0,0,0,7.5,2,0
0,0,0,0,11.0,1,0
0,0,0,0,16.0,1,0
0,0,0,0,17.0,1,0
0,0,0,0,23.0,1,0
0,0,0,0,17.0,2,0
0,0,0,0,0.0,1,0
0,0,0,0,14.0,1,0
0,0,0,0,10.0,1,0
0,0,0,0,13.2,2,0
0,0,0,0,12.0,1,0
0,0,0,0,8.0,1,0
0,0,0,0,18.0,1,0
0,0,0,0,8.0,1,0
0,0,0,0,23.0,1,0
0,0,0,0,22.0,1,0
0,0,0,0,13.0,1,0
0,0,0,0,10.0,1,0
0,0,0,0,22.0,1,0
0,0,0,0,19.5,2,0
0,0,0,0,6.5,2,0
0,0,0,0,20.0,1,0
0,0,0,0,0.0,1,0
0,0,0,0,12.333333333333334,2,0
0,0,0,0,18.666666666666668,3,0
0,0,0,0,1.3333333333333333,3,0
0,0,0,0,12.0,1,0
0,0,0,0,13.0,1,0
0,0,0,0,15.411764705882353,16,1
0,0,0,0,13.25925925925926,16,1
0,0,0,0,14.0,12,1
0,0,1,0,13.357142857142858,12,1
0,0,0,0,9.173913043478262,17,1
0,0,0,0,16.357142857142858,11,1
0,0,0,0,16.5,2,0
0,0,0,0,12.142857142857142,5,0
0,0,0,0,4.0,1,0
0,0,0,0,3.0,1,0
0,0,0,0,19.0,1,0
0,0,0,0,22.0,1,0
0,0,0,0,9.0,1,0
0,0,0,0,18.4,2,0
0,0,0,0,11.0,2,0
0,0,0,0,17.5,4,0
0,0,0,0,3.5,3,0
0,0,0,0,7.166666666666667,4,0
0,0,0,0,11.8,8,0
0,0,0,0,8.333333333333334,9,1
0,0,0,0,7.642857142857143,9,1
0,0,0,0,22.0,1,0
0,0,0,0,5.0,1,0
0,0,0,0,10.0,1,0
0,0,0,0,11.0,1,0
0,0,0,0,18.0,1,0
0,0,0,0,20.0,1,0
0,0,0,0,16.0,1,0
0,0,0,0,0.0,1,0
0,0,0,0,20.0,1,0
0,0,0,0,13.0,1,0
0,0,0,0,21.0,1,0
0,0,0,0,12.0,1,0
0,0,0,0,22.333333333333332,2,0
0,0,0,0,16.0,1,0
0,0,0,0,23.0,1,0
0,0,0,0,12.3,7,0
0,0,0,0,17.2,5,0
0,0,0,0,9.666666666666666,2,0
0,0,0,0,9.0,1,0
0,0,0,0,4.0,1,0
0,0,0,0,19.0,1,0
0,0,0,0,18.0,1,0
0,0,0,0,9.0,1,0
0,0,0,0,11.285714285714286,2,0
0,0,0,0,11.25,4,0
0,0,0,0,21.0,1,0
0,0,0,0,0.0,1,0
0,0,0,0,19.0,1,0
0,0,0,0,14.0,1,0
0,0,0,0,23.0,1,0
0,0,0,0,8.0,1,0
0,0,0,0,0.0,1,0
0,0,0,0,20.0,1,0
0,0,0,0,5.0,1,0
0,0,0,0,14.5,2,0
0,0,0,0,1.0,1,0
0,0,0,0,17.0,1,0
0,0,0,0,9.545454545454545,5,0
0,0,0,0,19.25,4,0
0,0,0,0,16.77777777777778,5,0
0,0,0,0,11.2,14,1
0,0,0,0,7.357142857142857,9,1
0,0,0,0,14.0,11,1
0,0,0,0,16.4,11,1
0,0,0,4,12.833333333333334,18,1
0,0,0,0,9.8,3,0
0,0,0,0,9.0,1,0
0,0,0,0,13.0,1,0
0,0,0,0,23.0,1,0
0,0,0,0,17.0,2,0
0,0,0,0,4.0,1,0
0,0,0,0,19.0,1,0
0,0,0,0,15.142857142857142,3,0
0,0,0,0,20.0,1,0
0,0,0,0,1.0,1,0
0,0,0,0,18.0,1,0
0,0,0,0,19.5,2,0
0,0,0,0,15.0,1,0
0,0,0,0,7.333333333333333,2,0
0,0,0,0,13.0,1,0
0,0,0,0,19.0,1,0
0,0,0,0,11.8,3,0
0,0,0,0,23.0,1,0
0,0,0,0,11.5,2,0
0,0,0,0,13.0,1,0
0,0,0,0,12.0,1,0
0,0,0,0,8.0,1,0
0,0,0,2,13.363636363636363,14,1
0,0,0,0,13.818181818181818,18,1
0,0,0,3,12.026315789473685,30,1
0,0,0,1,11.444444444444445,20,1
0,0,0,0,13.72,21,1
0,0,0,0,13.19047619047619,15,1
0,0,0,0,21.0,1,0
0,0,0,0,23.0,1,0
0,0,0,0,11.0,1,0
0,0,0,0,15.833333333333334,3,0
0,0,0,0,10.0,3,0
0,0,0,0,19.0,1,0
0,0,0,0,10.0,1,0
0,0,0,0,8.0,1,0
0,0,0,0,21.333333333333332,2,0
0,0,2,0,18.0,1,0
0,0,0,0,6.0,1,0
0,0,0,0,18.0,1,0
0,0,0,0,5.0,1,0
0,0,0,0,15.833333333333334,4,0
0,0,0,2,13.619047619047619,14,1
0,0,0,0,12.272727272727273,10,0
0,3,0,0,10.5,2,0
0,0,0,0,16.0,3,0
0,0,0,0,16.0,1,0
0,0,0,0,9.0,1,0
0,0,0,0,15.0,3,0
0,0,0,0,15.0,1,0
0,0,0,0,5.833333333333333,3,0
0,0,0,1,16.5,2,0
0,0,0,0,13.0,1,0
0,0,0,0,18.0,1,0
0,0,0,0,14.0,1,0
0,0,0,0,21.0,1,0
0,0,0,0,14.0,1,0
0,0,0,0,22.0,1,0
0,0,0,0,22.0,1,0
0,0,0,0,22.0,1,0
0,0,0,0,16.0,1,0
0,0,0,0,9.0,1,0
0,0,0,0,7.0,1,0
0,0,0,0,16.0,3,0
0,0,0,0,3.75,3,0
0,0,0,0,22.0,1,0
0,0,0,0,16.0,1,0
0,0,0,0,8.5,2,0
0,0,0,0,18.2,5,0
0,0,0,0,12.0,1,0
0,0,0,0,17.5,2,0
0,0,0,0,20.0,1,0
0,0,0,0,8.0,1,0
0,0,0,0,19.0,1,0
0,0,0,0,4.0,1,0
0,0,0,0,14.0,1,0
0,0,0,0,0.0,1,0
0,0,0,0,22.0,1,0
0,0,0,0,15.0,1,0
0,0,0,0,2.0,1,0
0,0,0,0,9.0,1,0
0,0,0,0,11.0,1,0
0,0,0,0,12.0,1,0
0,2,0,0,13.833333333333334,15,1
0,0,0,1,12.183333333333334,43,1
0,0,0,1,13.428571428571429,31,1
0,3,0,6,13.265625,48,1
0,0,0,0,16.46875,28,1
0,0,0,0,13.444444444444445,17,1
0,0,0,0,10.25,7,0
0,0,0,0,15.875,7,0
0,0,0,0,7.357142857142857,10,1
0,0,0,0,14.5,6,0
0,0,0,0,15.428571428571429,6,0
0,0,0,0,15.875,11,1
0,0,0,0,12.285714285714286,5,0
0,0,0,0,1.0,1,0
0,0,0,0,18.0,1,0
0,0,0,0,9.0,1,0
0,0,0,0,22.0,1,0
0,0,0,0,10.0,1,0
0,0,0,0,21.0,1,0
0,0,0,0,11.0,1,0
0,0,0,0,17.0,1,0
0,0,0,0,0.0,1,0
0,0,0,0,14.0,1,0
0,0,0,0,1.0,1,0
0,0,0,0,1.0,1,0
0,0,0,0,23.0,1,0
0,0,0,0,20.0,1,0
0,0,0,0,20.0,1,0
0,0,0,0,12.0,1,0
0,0,0,0,2.0,1,0
0,0,0,0,18.0,1,0
0,0,0,0,13.0,1,0
0,0,0,0,18.0,1,0
0,0,0,0,14.0,1,0
0,0,0,0,7.0,1,0
0,0,0,0,17.0,1,0
0,0,0,0,9.0,1,0
0,0,0,0,7.0,1,0
0,0,0,0,5.5,2,0
0,0,0,0,14.863636363636363,13,1
0,0,0,0,17.357142857142858,8,1
0,0,0,0,16.0,6,0
0,0,0,0,8.333333333333334,3,0
0,0,0,0,0.0,1,0
0,0,0,0,11.875,14,1
0,0,0,2,10.705882352941176,17,1
0,0,0,0,11.357142857142858,19,1
0,0,0,0,13.166666666666666,11,1
0,0,0,0,12.0,8,0
0,0,0,2,9.384615384615385,21,1
0,0,0,0,8.272727272727273,10,0
0,0,0,0,18.5,2,0
0,0,0,0,21.0,1,0
0,0,0,0,4.0,1,0
0,0,0,0,15.0,2,0
0,0,0,0,0.0,1,0
0,0,0,0,14.0,1,0
0,0,0,0,2.0,1,0
0,0,0,0,1.0,1,0
0,0,0,0,2.0,1,0
0,0,0,0,11.0,1,0
0,0,0,0,22.0,1,0
0,0,0,0,22.0,1,0
0,0,0,0,9.0,1,0
0,0,0,0,12.0,1,0
0,0,0,0,20.0,1,0
0,0,0,0,15.666666666666666,3,0
0,0,0,1,1.0,2,0
0,0,0,0,12.0,3,0
0,0,0,0,7.625,9,1
0,0,0,0,17.6,3,0
0,0,0,0,15.5,2,0
0,0,0,0,14.0,1,0
0,0,0,0,19.0,1,0
0,0,0,0,15.0,1,0
0,0,0,0,20.0,1,0
0,0,0,0,16.75,2,0
0,0,0,0,17.0,1,0
0,0,0,0,8.0,1,0
0,0,0,0,16.0,2,0
0,0,0,0,13.0,1,0
0,0,0,0,11.25,4,0
0,0,0,0,7.0,1,0
0,0,0,0,12.0,1,0
0,0,0,1,16.0,1,0
0,0,0,0,21.0,1,0
0,0,0,0,14.333333333333334,3,0
0,0,0,2,15.833333333333334,7,1
0,0,0,0,10.578947368421053,10,1
0,0,0,0,8.307692307692308,10,1
0,0,0,0,15.547619047619047,29,1
0,0,0,0,15.92,17,1
0,0,0,1,14.23076923076923,20,1
0,0,0,0,15.481481481481481,18,1
0,0,0,0,13.560975609756097,25,1
0,0,0,0,10.68421052631579,12,1
0,0,0,0,14.947368421052632,17,1
0,0,0,0,11.571428571428571,10,1
0,0,0,0,14.6,5,0
0,0,0,0,15.444444444444445,6,0
0,0,0,0,17.8,5,0
0,0,0,4,16.727272727272727,8,0
0,0,0,0,12.0,8,0
0,0,0,0,13.4,3,0
0,0,0,0,6.5,2,0
0,0,0,0,15.0,1,0
0,0,0,0,12.0,1,0
0,0,0,0,10.0,1,0
0,0,0,0,1.0,1,0
0,0,0,0,12.0,1,0
0,0,0,0,11.0,1,0
0,0,0,0,7.0,1,0
0,0,0,0,15.0,1,0
0,0,0,0,10.0,1,0
0,0,0,0,12.0,1,0
0,0,0,0,1.0,1,0
0,0,0,0,11.0,1,0
0,0,0,0,23.0,1,0
0,0,0,0,1.0,1,0
0,0,0,0,17.0,1,0
0,0,0,0,16.0,1,0
0,0,0,0,17.0,1,0
0,0,0,0,2.0,1,0
0,0,0,0,8.0,1,0
0,0,0,0,14.117647058823529,10,1
0,0,0,1,14.75,5,0
0,0,0,0,13.666666666666666,6,0
0,0,0,0,13.181818181818182,8,0
0,0,0,0,12.692307692307692,11,1
0,0,0,0,13.75,7,1
0,0,0,0,9.0,1,0
0,0,0,0,23.0,1,0
0,0,0,0,8.0,1,0
0,0,0,0,17.0,1,0
0,0,0,0,14.0,1,0
0,0,0,0,15.0,1,0
0,0,0,0,14.0,1,0
0,0,0,0,15.0,1,0
0,0,0,0,1.0,1,0
0,0,0,0,14.0,1,0
0,0,0,0,16.5,2,0
0,0,0,0,0.0,1,0
0,0,0,0,14.882352941176471,11,1
0,0,0,1,18.083333333333332,13,1
0,0,0,2,14.413793103448276,21,1
0,1,0,0,14.830769230769231,41,1
0,0,0,0,13.72549019607843,37,1
0,0,0,0,13.804878048780488,27,1
0,2,0,2,12.307692307692308,40,1
0,0,0,0,14.807017543859649,43,1
0,0,0,0,14.866666666666667,45,1
0,0,0,0,11.347826086956522,19,1
0,0,0,2,12.194444444444445,31,1
0,0,0,0,10.355555555555556,34,1
0,0,0,1,14.212765957446809,38,1
0,0,0,0,13.030303030303031,28,1
0,0,0,0,8.38888888888889,15,1
0,0,0,0,11.857142857142858,6,0
0,0,0,0,13.166666666666666,6,0
0,0,0,0,15.25,4,0
0,0,0,0,0.0,1,0
0,0,0,0,15.0,1,0
0,0,0,0,6.5,2,0
0,0,0,0,17.0,1,0
0,0,0,0,8.0,1,0
0,0,0,0,22.0,1,0
0,0,0,0,12.0,1,0
0,0,0,0,18.0,1,0
0,0,0,0,16.0,1,0
0,0,0,0,18.0,1,0
0,0,0,0,17.0,1,0
0,0,0,0,16.0,1,0
0,0,0,0,13.0,1,0
0,0,0,0,23.0,1,0
0,0,0,0,19.5,2,0
0,0,0,0,21.5,2,0
0,0,0,0,16.0,6,0
0,0,0,0,19.666666666666668,3,0
0,0,0,0,16.0,1,0
0,0,0,0,7.333333333333333,2,0
0,0,0,0,18.0,1,0
0,0,0,0,3.0,1,0
0,0,0,0,13.0,1,0
0,0,0,0,18.0,1,0
0,0,0,0,7.0,1,0
0,0,0,0,13.0,1,0
0,0,0,0,23.0,1,0
0,0,0,0,17.0,1,0
0,0,0,0,23.0,1,0
0,0,0,0,23.0,1,0
0,0,0,0,22.0,1,0
0,0,0,0,1.0,1,0
0,0,0,0,7.0,1,0
0,0,0,0,14.0,1,0
0,0,0,0,11.0,1,0
0,0,0,0,6.0,1,0
0,0,0,0,12.0,1,0
0,0,0,0,13.0,1,0
0,0,0,0,12.0,1,0
0,0,0,0,15.0,1,0
0,0,0,0,5.0,1,0
0,0,0,0,10.0,1,0
0,0,0,0,22.0,1,0
0,0,0,0,9.0,1,0
0,0,0,0,5.0,1,0
0,1,0,0,16.0,1,0
0,0,0,0,10.0,1,0
0,0,0,0,17.625,7,0
0,0,0,0,19.5,5,0
0,0,0,0,15.272727272727273,8,0
0,0,0,0,16.181818181818183,10,0
0,0,0,0,13.473684210526315,15,1
0,0,0,0,13.666666666666666,21,1
0,0,0,1,12.625,12,1
0,0,0,0,16.153846153846153,22,1
0,0,0,1,10.5,20,1
0,0,0,0,14.071428571428571,10,1
0,0,0,0,8.206896551724139,21,1
0,0,0,2,13.0,21,1
0,0,0,2,12.818181818181818,34,1
0,0,0,1,13.0,51,1
0,0,0,4,15.264150943396226,43,1
0,0,0,2,12.051282051282051,33,1
0,0,1,0,10.45945945945946,25,1
0,0,0,1,13.051282051282051,33,1
0,0,0,0,12.214285714285714,13,1
0,0,0,5,10.166666666666666,9,1
0,0,0,0,7.0,1,0
0,0,0,0,9.0,1,0
0,0,0,0,9.0,1,0
0,0,0,0,12.666666666666666,2,0
0,0,0,0,17.0,1,0
0,0,0,0,10.0,1,0
0,0,0,0,19.0,1,0
0,0,0,0,22.0,1,0
0,0,0,0,8.0,1,0
0,0,0,0,19.0,1,0
0,0,0,0,22.0,1,0
0,0,0,0,0.0,1,0
0,0,0,0,19.0,1,0
0,0,0,0,8.2,3,0
0,0,0,0,7.666666666666667,2,0
0,0,0,0,12.0,2,0
0,0,0,0,21.5,2,0
0,0,0,0,18.75,4,0
0,0,0,0,18.0,3,0
0,0,0,0,13.636363636363637,6,0
0,0,0,0,13.75,3,0
0,0,0,0,14.75,7,0
0,0,0,0,13.0,1,0
0,0,0,0,10.5,6,0
0,0,0,0,15.333333333333334,3,0
0,0,0,5,2.0,1,0
0,0,0,0,13.0,2,0
0,0,0,0,16.0,2,0
0,0,0,0,16.0,3,0
0,0,0,0,19.0,1,0
0,0,0,0,12.0,1,0
0,0,0,0,21.0,1,0
0,0,0,0,13.0,1,0
0,0,0,0,9.0,1,0
0,0,0,0,22.0,1,0
0,0,0,0,11.0,1,0
0,0,0,0,15.0,1,0
0,0,0,0,21.0,1,0
0,0,0,0,20.0,1,0
0,0,0,0,23.0,1,0
0,0,0,0,16.0,1,0
0,0,0,0,9.0,1,0
0,0,0,0,21.0,1,0
0,0,0,0,0.0,1,0
0,0,0,0,22.0,1,0
0,0,0,0,19.0,1,0
0,0,0,0,0.0,1,0
0,0,0,0,11.0,1,0
0,0,0,0,20.0,1,0
0,0,0,0,13.0,1,0
0,0,0,0,13.571428571428571,4,0
0,0,0,0,14.0,1,0
0,0,0,0,9.0,1,0
0,0,0,0,19.0,1,0
0,0,0,0,12.0,2,0
0,0,0,1,5.4,3,0
0,0,0,0,14.0,1,0
0,0,0,0,15.0,1,0
0,0,0,0,22.0,1,0
0,0,0,0,16.0,1,0
0,0,0,0,22.0,1,0
0,0,0,0,15.0,1,0
0,0,0,0,15.0,1,0
0,0,0,0,13.0,1,0
0,0,0,0,10.0,1,0
0,0,0,0,8.0,1,0
0,0,0,0,1.0,1,0
0,0,0,0,9.0,1,0
0,0,0,0,6.0,1,0
0,0,0,0,12.0,2,0
0,0,0,0,13.0,2,0
0,0,0,0,14.0,3,0
0,0,0,0,19.0,2,0
0,0,0,0,19.0,1,0
0,0,0,0,13.0,1,0
0,0,0,0,14.0,2,0
0,0,0,0,3.0,1,0
0,0,0,0,1.0,1,0
0,0,0,0,4.0,1,0
0,0,0,0,11.0,1,0
0,0,0,0,2.0,1,0
0,0,0,0,0.0,1,0
0,0,0,0,23.0,1,0
0,0,0,0,22.0,1,0
0,0,0,0,1.5,2,0
0,0,0,0,21.5,2,0
0,0,0,0,23.0,1,0
0,0,0,0,5.25,2,0
0,0,0,0,20.0,1,0
0,0,0,0,12.0,1,0
0,0,0,0,14.714285714285714,6,0
0,0,0,0,17.166666666666668,4,1
0,0,0,0,14.0,1,0
0,0,0,0,21.0,1,0
0,0,0,0,13.0,3,0
0,0,0,0,18.0,1,0
0,0,0,0,9.0,1,0
0,0,0,0,7.0,1,0
0,0,0,0,10.0,1,0
0,0,0,0,8.0,1,0
0,0,0,0,9.0,1,0
0,0,0,0,17.0,1,0
0,0,0,0,6.0,1,0
0,0,0,0,8.0,1,0
0,0,0,0,13.0,1,0
0,0,0,0,20.0,1,0
0,0,0,0,17.5,2,0
0,0,0,0,12.0,2,0
0,0,0,0,15.0,4,0
0,0,0,0,21.0,1,0
0,0,0,0,0.0,1,0
0,0,0,0,15.0,1,0
0,0,0,0,2.0,1,0
0,0,0,0,15.0,1,0
0,0,0,0,14.0,1,0
0,0,0,0,10.0,1,0
0,0,0,0,15.0,1,0
0,0,0,0,15.0,1,0
0,0,0,0,12.0,2,0
0,0,0,0,0.0,1,0
0,0,0,0,1.0,1,0
0,0,0,0,0.0,1,0
0,0,0,0,22.0,1,0
0,0,0,0,17.0,1,0
0,0,0,0,3.0,1,0
0,0,0,0,8.0,1,0
0,0,0,0,19.0,1,0
0,0,0,0,11.0,1,0
0,0,0,0,21.0,1,0
0,0,0,0,17.0,1,0
0,0,0,0,18.0,1,0
0,0,0,0,22.0,1,0
0,0,0,0,21.0,1,0
0,0,0,0,19.0,1,0
0,0,0,0,16.0,1,0
0,0,0,0,22.0,1,0
0,0,0,0,16.285714285714285,5,0
0,0,0,0,5.6,4,0
0,0,0,0,11.333333333333334,4,0
0,0,0,0,16.0,4,0
0,0,0,0,15.647058823529411,11,1
0,0,0,2,17.0,3,0
0,0,0,0,12.333333333333334,2,0
0,0,0,0,12.333333333333334,3,0
0,0,0,0,23.0,1,0
0,0,0,0,15.0,1,0
0,0,0,0,17.0,1,0
0,0,0,0,0.0,1,0
0,0,0,0,7.0,1,0
0,0,0,0,3.0,1,0
0,0,0,0,19.0,1,0
0,0,0,0,22.0,2,0
0,0,0,0,17.0,1,0
0,0,0,0,18.0,1,0
0,0,0,0,10.0,1,0
0,0,0,0,6.0,1,0
0,0,0,0,7.0,1,0
0,0,0,0,7.0,1,0
0,0,0,0,9.0,1,0
0,0,0,0,15.0,1,0
0,0,0,0,12.0,1,0
0,0,0,0,12.0,1,0
0,0,0,0,22.0,1,0
0,0,0,0,22.0,1,0
0,0,0,0,21.0,1,0
0,0,0,0,23.0,1,0
0,0,0,3,7.0,1,0
0,0,0,0,0.0,1,0
0,0,0,0,18.0,1,0
0,0,0,0,6.0,1,0
0,0,0,0,13.0,1,0
0,0,0,0,17.0,1,0
0,0,0,0,14.0,1,0
0,0,0,0,20.0,1,0
0,0,0,0,11.0,1,0
0,0,0,0,15.0,1,0
0,0,0,0,14.5,2,0
0,0,0,0,12.0,1,0
0,0,0,0,0.0,1,0
0,0,0,0,8.333333333333334,2,0
0,0,0,0,16.583333333333332,6,1
0,0,0,3,9.347826086956522,16,1
0,0,0,0,15.041666666666666,15,1
0,1,0,1,7.944444444444445,12,1
0,0,0,3,14.368421052631579,12,1
0,0,0,5,11.666666666666666,14,1
0,0,0,0,12.384615384615385,12,1
0,0,0,0,13.5625,12,1
0,0,0,0,15.419354838709678,20,1
0,0,0,0,13.95,16,1
0,0,0,0,9.904761904761905,17,1
0,0,0,0,13.6,10,0
0,0,0,0,14.333333333333334,16,1
0,0,0,0,13.571428571428571,12,1
0,0,0,1,12.45,15,1
0,0,0,0,12.866666666666667,15,1
0,0,0,0,13.285714285714286,22,1
0,0,0,0,10.9375,13,1
0,0,0,0,12.0,2,0
0,0,0,0,19.0,1,0
0,0,0,0,21.0,1,0
0,0,0,0,12.0,1,0
0,0,0,0,19.0,1,0
0,0,0,0,13.0,1,0
0,0,0,0,7.0,1,0
0,0,0,0,19.0,1,0
0,0,0,0,11.0,1,0
0,0,0,0,14.782608695652174,17,1
0,1,0,0,11.333333333333334,13,1
0,0,0,0,12.375,14,1
0,0,0,0,15.25,8,0
0,0,0,0,17.333333333333332,3,0
0,0,0,0,12.5,2,0
0,0,0,0,0.0,1,0
0,0,0,0,17.5,4,0
0,0,0,0,14.5,4,0
0,0,0,0,13.666666666666666,3,0
0,0,0,0,8.0,3,0
0,0,0,0,14.5,2,0
0,0,0,0,10.0,1,0
0,0,0,0,1.0,1,0
0,0,0,0,12.5,2,0
0,0,0,0,11.0,1,0
0,0,0,0,14.0,1,0
0,0,0,0,11.0,1,0
0,0,0,0,23.0,1,0
0,0,0,0,14.0,1,0
0,0,0,0,9.0,1,0
0,0,0,0,10.0,1,0
0,0,0,0,12.0,1,0
0,0,0,0,10.0,1,0
0,0,0,0,13.0,1,0
0,0,0,0,10.0,1,0
0,0,0,0,4.333333333333333,2,0
0,0,0,0,11.5,4,0
0,0,0,0,10.5,2,0
0,0,0,0,17.833333333333332,9,1
0,0,0,0,14.4,6,0
0,0,0,1,16.0,22,1
0,0,0,0,11.862068965517242,23,1
0,0,0,0,14.363636363636363,11,0
0,0,0,0,12.071428571428571,21,1
0,3,0,0,14.5,14,1
0,0,0,0,2.4,4,0
0,0,0,0,12.153846153846153,13,1
0,0,0,0,11.625,7,0
0,0,0,0,10.666666666666666,3,0
0,0,0,0,21.0,1,0
0,0,0,0,11.45,15,1
0,0,0,0,8.833333333333334,6,0
0,0,0,0,11.38888888888889,17,1
0,0,0,0,8.25,6,0
0,0,0,0,13.0,9,1
0,0,0,0,13.857142857142858,7,0
0,0,0,0,16.0,2,0
0,0,0,0,7.0,1,0
0,0,0,1,12.0,1,0
0,0,0,0,13.0,1,0
0,0,0,0,11.0,1,0
0,0,0,0,19.0,1,0
0,0,0,0,9.0,1,0
0,0,0,0,15.0,1,0
0,0,0,0,17.0,1,0
0,0,0,0,17.0,1,0
0,0,0,0,18.0,1,0
0,0,0,0,16.0,1,0
0,0,0,0,23.0,2,0
0,0,0,0,21.0,1,0
0,0,0,0,0.0,1,0
0,0,0,0,5.5,2,0
0,0,0,0,9.666666666666666,2,0
0,0,0,0,9.0,2,0
0,0,0,0,8.0,2,0
0,0,0,0,21.2,4,0
0,0,0,0,11.647058823529411,11,1
0,0,0,0,9.875,4,0
0,0,0,0,6.2,4,0
0,0,0,0,12.0,7,0
0,0,0,0,8.0,4,0
0,0,0,0,16.0,6,0
0,0,0,0,17.142857142857142,6,0
0,0,0,0,10.571428571428571,7,0
0,0,0,0,12.166666666666666,6,0
0,0,0,0,13.5,7,0
0,0,0,0,11.9,7,0
0,0,0,0,10.0,8,1
0,0,0,0,15.4,4,0
0,0,0,0,12.5,2,0
0,0,0,0,14.0,1,0
0,0,0,0,10.0,1,0
0,0,0,0,14.0,1,0
0,0,0,0,9.0,1,0
0,0,0,0,13.8,4,0
0,0,0,0,11.0,1,0
0,0,0,0,14.666666666666666,3,0
0,0,0,0,10.0,1,0
0,0,0,0,13.0,1,0
0,0,0,0,11.5,4,0
0,0,0,0,8.0,1,0
0,0,0,0,10.666666666666666,3,0
0,0,0,0,7.0,2,0
0,0,0,0,11.0,1,0
0,0,0,0,10.0,2,0
0,0,0,0,0.0,1,0
0,0,0,0,8.0,1,0
0,0,0,0,9.0,4,0
0,0,0,0,9.0,2,0
0,0,0,0,8.0,1,0
0,0,0,0,10.0,1,0
0,0,0,0,0.0,1,0
0,0,0,0,6.0,1,0
0,0,0,0,14.0,1,0
0,0,0,0,9.0,1,0
0,0,0,0,16.0,1,0
0,0,0,0,12.142857142857142,8,1
0,0,0,0,15.833333333333334,4,0
0,0,0,0,16.333333333333332,4,0
0,0,0,0,11.25,7,0
0,0,0,0,16.23076923076923,11,1
0,0,0,0,16.476190476190474,16,1
0,0,0,0,12.483870967741936,16,1
0,0,0,0,14.083333333333334,19,1
0,0,0,1,10.162162162162161,29,1
0,0,0,0,13.318181818181818,20,1
0,0,0,0,16.11111111111111,6,0
0,0,0,0,13.540983606557377,40,1
0,0,0,0,13.882352941176471,9,1
0,0,0,0,10.76923076923077,9,1
0,0,0,0,6.333333333333333,2,0
0,0,0,0,16.5,6,0
0,0,0,0,9.5,6,0
0,0,0,0,14.0,3,0
0,0,0,0,17.25,4,0
0,0,0,0,8.777777777777779,8,0
0,0,0,0,11.0,7,0
0,0,0,0,13.0,5,0
0,0,0,0,6.0,2,0
0,0,0,0,23.0,1,0
0,0,0,0,23.0,1,0
0,0,0,0,10.0,1,0
0,0,0,0,18.0,1,0
0,0,0,0,9.0,1,0
0,0,0,0,9.0,1,0
0,0,0,0,18.0,1,0
0,0,0,0,19.0,1,0
0,0,0,0,12.0,1,0
0,0,0,0,16.0,1,0
0,0,0,0,12.0,1,0
0,0,0,0,13.0,1,0
0,0,0,0,21.0,1,0
0,0,0,0,17.0,1,0
0,0,0,0,10.0,2,0
0,0,0,0,14.0,1,0
0,0,0,0,19.0,1,0
0,0,0,0,12.666666666666666,3,0
0,0,0,0,16.2,4,0
0,0,0,0,21.0,3,0
0,0,0,0,12.75,3,0
0,0,0,0,11.6,8,0
0,0,0,0,14.2,5,0
0,0,0,1,14.31578947368421,15,1
0,0,0,1,10.925925925925926,21,1
0,1,0,0,11.176470588235293,13,1
0,0,0,0,12.583333333333334,18,1
0,0,0,4,14.044444444444444,29,1
0,0,0,0,10.592592592592593,24,1
0,0,0,0,12.038461538461538,23,1
0,0,0,0,14.041666666666666,17,1
0,0,0,1,13.15,19,1
0,0,0,0,12.777777777777779,14,1
0,0,0,0,12.875,8,0
0,0,0,0,10.142857142857142,6,0
0,0,0,0,11.8125,13,1
0,0,0,0,13.11111111111111,16,1
0,0,0,0,11.75,15,1
0,0,0,0,8.0,10,0
0,2,0,0,12.68421052631579,16,1
0,0,0,0,9.818181818181818,11,0
0,0,0,0,12.333333333333334,3,0
0,0,0,0,17.0,1,0
0,0,0,0,2.0,1,0
0,0,0,0,18.25,2,0
0,0,0,0,17.166666666666668,4,0
0,0,0,0,15.0,1,0
0,0,0,0,16.0,1,0
0,0,0,0,11.0,1,0
0,0,0,0,18.0,1,0
0,0,0,0,2.0,1,0
0,0,0,0,0.0,1,0
0,0,0,0,16.384615384615383,10,1
0,0,0,0,16.727272727272727,8,0
0,0,0,0,10.714285714285714,5,0
0,0,0,0,14.5,8,0
0,0,0,0,19.333333333333332,3,0
0,0,0,0,0.0,1,0
0,0,0,0,13.5,2,0
0,0,0,0,23.0,1,0
0,0,0,0,10.0,1,0
0,0,0,0,15.0,1,0
0,0,0,0,6.0,1,0
0,0,0,1,11.903225806451612,17,1
0,0,0,3,11.92,16,1
0,0,0,0,14.294117647058824,12,1
0,0,0,0,11.333333333333334,14,1
0,3,0,4,14.458333333333334,17,1
0,0,0,0,10.571428571428571,7,0
0,0,0,0,11.5,3,0
0,0,0,0,14.0,1,0
0,0,0,0,11.0,1,0
0,0,0,0,23.0,1,0
0,0,0,0,12.0,1,0
0,0,0,0,10.0,1,0
0,0,0,0,16.0,1,0
0,0,0,0,19.0,1,0
0,0,0,0,11.0,1,0
0,0,0,0,7.333333333333333,3,0
0,0,0,0,14.666666666666666,9,1
0,0,0,0,12.25,11,1
0,0,0,0,15.444444444444445,9,0
0,0,0,0,13.666666666666666,2,0
0,0,0,0,18.666666666666668,3,0
0,0,0,0,14.5,2,0
0,0,0,0,19.0,1,0
0,0,0,0,9.0,1,0
0,0,0,0,10.0,1,0
0,0,0,0,23.0,1,0
0,0,0,0,12.0,1,0
0,0,0,0,9.0,1,0
0,0,0,0,10.142857142857142,6,0
0,0,0,0,13.0,1,0
0,0,0,0,1.0,1,0
0,0,0,0,22.0,1,0
0,0,0,0,4.0,1,0
0,0,0,0,7.0,1,0
0,0,0,0,4.0,1,0
0,0,0,0,13.0,1,0
0,0,0,0,11.0,2,0
0,0,0,0,20.5,3,0
0,0,0,0,17.0,3,0
0,0,0,0,5.0,1,0
0,0,0,0,18.8,3,0
0,0,0,0,14.0,2,0
0,0,0,0,23.0,1,0
0,0,0,0,14.6,4,0
0,0,0,0,9.666666666666666,3,0
0,0,0,0,11.0,1,0
0,0,0,0,2.3333333333333335,2,0
0,0,0,0,1.0,1,0
0,0,0,0,14.25,3,0
0,0,0,0,18.0,1,0
0,0,0,1,19.0,2,0
0,0,0,0,16.0,2,0
0,0,0,0,16.4,3,0
0,0,0,0,20.333333333333332,5,0
0,0,0,0,22.0,2,0
0,0,0,0,15.25,4,0
0,0,0,0,6.9,7,0
0,0,0,0,10.5,5,0
0,0,0,0,8.0,6,0
0,0,0,0,7.944444444444445,12,1
0,0,0,0,8.5,8,1
0,0,0,0,14.733333333333333,8,1
0,0,0,0,11.823529411764707,14,1
0,0,0,0,18.88888888888889,6,0
0,0,0,0,14.75,4,0
0,0,0,0,1.0,2,0
0,0,0,0,15.833333333333334,4,0
0,0,0,0,13.0,4,0
0,0,0,0,13.142857142857142,7,0
0,0,0,0,13.5,2,0
0,0,0,0,11.5,4,0
0,0,0,2,11.0,1,0
0,0,0,0,8.0,1,0
0,0,0,0,19.0,1,0
0,0,0,0,13.0,1,0
0,0,0,0,22.333333333333332,3,0
0,0,0,0,17.75,2,0
0,0,0,0,9.0,1,0
0,0,0,0,9.0,1,0
0,0,0,0,17.0,1,0
0,0,0,0,20.0,1,0
0,0,0,0,11.0,1,0
0,0,0,0,23.0,1,0
0,0,0,0,18.0,1,0
0,0,0,0,13.5,2,0
0,0,0,0,13.0,1,0
0,0,0,1,18.6,4,0
0,0,0,0,10.272727272727273,7,0
0,0,0,0,17.636363636363637,7,0
0,0,0,0,18.428571428571427,9,1
0,0,0,0,14.214285714285714,12,1
0,0,0,0,9.818181818181818,8,0
0,0,0,0,14.0,7,0
0,0,0,0,9.318181818181818,16,1
0,0,0,0,8.3,11,1
0,0,0,0,12.793103448275861,17,1
0,0,0,0,12.263157894736842,15,1
0,0,0,0,11.518518518518519,19,1
0,0,0,0,10.933333333333334,9,1
0,0,0,1,10.5,12,1
0,0,0,0,11.8,8,0
0,0,0,0,11.0,9,0
0,0,0,0,9.0,2,0
0,0,0,0,13.076923076923077,12,1
0,0,0,0,7.615384615384615,10,1
0,0,0,0,11.0,6,0
0,0,0,0,9.8,3,0
0,0,0,0,8.4,5,0
0,0,0,0,9.333333333333334,3,0
0,0,0,0,21.0,1,0
0,0,0,0,22.0,1,0
0,0,0,0,8.0,1,0
0,0,0,0,20.0,1,0
0,0,0,0,13.75,4,0
0,0,0,0,11.25,3,0
0,0,0,0,0.0,2,0
0,0,0,0,18.5,2,0
0,0,0,0,12.2,4,0
0,0,0,0,6.0,3,0
0,0,0,0,12.666666666666666,2,0
0,0,0,0,14.0,1,0
0,0,0,0,0.0,1,0
0,0,0,0,9.0,1,0
0,0,0,0,12.0,2,0
0,0,0,0,10.0,4,0
0,0,0,0,8.0,3,0
0,0,0,1,16.285714285714285,7,0
0,0,0,0,11.333333333333334,6,0
0,0,0,0,8.5,2,0
0,0,0,0,9.8,4,0
0,0,0,0,10.166666666666666,6,0
0,0,0,0,11.8,5,0
0,0,0,0,14.166666666666666,4,0
0,0,0,0,10.5,2,0
0,0,0,0,16.5,3,0
0,0,0,0,12.333333333333334,3,0
0,0,0,0,10.0,3,0
0,0,0,0,9.666666666666666,2,0
0,0,0,0,14.0,1,0
0,0,0,0,10.0,1,0
0,0,0,0,10.0,3,0
0,0,0,0,15.8,5,0
0,0,0,0,9.142857142857142,5,0
0,0,0,0,19.0,2,0
0,0,0,0,2.6,3,0
0,0,0,0,8.666666666666666,3,0
0,0,0,0,13.0,1,0
0,0,0,0,16.0,1,0
0,0,0,0,12.0,1,0
0,0,0,0,6.0,1,0
0,0,0,0,7.666666666666667,2,0
0,0,0,0,22.0,1,0
0,0,0,0,17.0,1,0
0,0,0,0,17.0,1,0
0,0,0,0,12.0,1,0
0,0,0,0,22.0,1,0
0,0,0,0,14.0,1,0
0,0,0,0,7.0,1,0
0,0,0,0,20.0,1,0
0,0,0,0,0.0,1,0
0,0,0,0,13.0,1,0
0,0,0,0,10.0,1,0
0,0,0,0,18.0,1,0
0,0,0,0,17.0,1,0
0,0,0,0,10.0,1,0
0,0,0,0,13.0,1,0
0,0,0,0,13.0,1,0
0,0,0,0,11.0,1,0
0,0,0,0,19.0,2,0
0,0,0,0,22.0,1,0
0,0,0,0,3.5,2,0
0,0,0,0,10.0,1,0
0,0,0,1,18.0,1,0
0,0,0,1,11.5,2,0
0,0,0,0,8.0,1,0
0,0,0,0,3.5,2,0
0,0,0,0,22.5,2,0
0,0,0,0,11.0,1,0
0,0,0,0,14.0,1,0
0,0,0,0,10.0,1,0
0,0,0,0,0.0,1,0
0,0,0,0,7.0,1,0
0,0,0,0,8.0,1,0
0,0,0,0,11.0,1,0
0,0,0,0,0.0,1,0
0,0,0,0,12.0,1,0
0,0,0,0,11.0,1,0
0,0,0,0,10.0,1,0
0,0,0,0,7.0,1,0
0,0,0,0,19.0,1,0
0,0,0,0,9.0,1,0
0,0,0,0,7.0,1,0
0,0,0,0,2.0,1,0
0,0,0,0,15.0,1,0
0,0,0,0,7.0,1,0
0,0,0,0,9.0,1,0
0,0,0,0,11.0,1,0
0,0,0,0,10.0,1,0
0,0,0,0,4.0,1,0
0,0,0,0,0.0,1,0
0,0,0,0,14.0,1,0
0,0,0,0,23.0,1,0
0,0,0,0,1.0,1,0
0,0,0,0,11.5,2,0
0,0,0,0,9.0,2,0
0,0,0,0,13.0,1,0
0,0,0,0,7.0,1,0
0,0,0,0,23.0,1,0
0,0,0,0,21.0,1,0
0,0,0,0,13.0,1,0
0,0,0,0,16.0,1,0
0,0,0,0,13.5,2,0
0,0,0,0,14.333333333333334,3,0
0,0,0,0,6.0,1,0
0,0,0,0,19.0,2,0
0,0,0,0,10.0,1,0
0,0,0,0,8.0,1,0
0,0,0,0,1.0,1,0
0,0,0,0,16.0,1,0
0,0,0,0,13.5,2,0
0,0,0,0,10.0,2,0
0,0,0,0,16.0,2,0
0,0,0,0,21.0,1,0
0,0,0,0,22.0,1,0
0,0,0,0,11.0,1,0
0,0,0,0,11.0,1,0
0,0,0,0,23.0,1,0
0,0,0,0,12.0,1,0
0,0,0,0,21.0,1,0
0,0,0,0,11.0,1,0
0,0,0,0,11.0,1,0
0,0,0,0,10.5,2,0
0,0,0,0,16.5,2,0
0,0,0,0,9.0,1,0
0,0,0,0,14.5,2,0
0,0,0,0,1.0,1,0
0,0,0,0,3.0,1,0
0,0,0,0,14.0,1,0
0,0,0,0,9.444444444444445,7,0
0,0,0,0,4.0,1,0
0,0,0,0,11.5,2,0
0,0,0,0,10.0,1,0
0,0,0,0,23.0,1,0
0,0,0,0,8.0,1,0
0,0,0,0,13.0,1,0
0,0,0,0,9.0,1,0
0,0,0,0,13.0,1,0
0,0,0,0,17.0,1,0
0,0,0,0,16.0,1,0
0,0,0,0,3.0,1,0
0,0,0,0,14.0,1,0
0,0,0,0,3.3333333333333335,2,0
0,0,0,0,16.0,1,0
0,0,0,0,8.0,2,0
0,0,0,0,17.0,1,0
0,0,0,0,6.0,3,0
0,0,0,0,12.5,2,0
0,0,0,0,3.0,1,0
0,0,0,0,22.0,1,0
0,0,0,0,13.0,1,0
0,0,0,0,12.0,1,0
0,0,0,0,14.428571428571429,6,0
0,0,0,0,20.666666666666668,2,0
0,0,0,0,13.666666666666666,3,0
0,0,0,0,13.75,9,1
0,0,0,0,16.2,5,0
0,0,0,0,13.6,9,1
0,0,0,0,10.6,5,0
0,0,0,0,17.3,6,0
0,0,0,0,13.823529411764707,15,1
0,0,0,0,10.0,8,0
0,0,0,0,16.11111111111111,7,0
0,0,0,0,13.083333333333334,12,1
0,0,0,0,11.538461538461538,12,1
0,0,0,0,12.0,11,1
0,0,0,0,14.5,2,0
0,0,0,0,15.25,7,0
0,0,0,0,10.714285714285714,11,1
0,0,0,0,9.555555555555555,7,0
0,0,0,2,13.571428571428571,6,0
0,0,0,0,7.444444444444445,8,0
0,0,0,0,14.833333333333334,6,0
0,0,0,0,23.0,1,0
0,0,0,0,8.25,4,0
0,0,0,0,12.0,1,0
0,0,0,0,8.0,1,0
0,0,0,0,15.0,1,0
0,0,0,0,12.0,1,0
0,0,0,0,11.0,1,0
0,0,0,0,9.0,1,0
0,0,0,0,11.0,1,0
0,0,0,0,9.0,1,0
0,0,0,0,6.0,1,0
0,0,0,0,9.0,1,0
0,0,0,0,13.0,1,0
0,0,0,0,9.333333333333334,2,0
0,0,0,0,12.5,2,0
0,0,0,0,11.0,1,0
0,0,0,0,15.0,1,0
0,0,0,0,13.0,1,0
0,0,0,0,10.5,2,0
0,0,0,0,8.0,1,0
0,0,0,0,10.5,2,0
0,0,0,0,10.0,2,0
0,0,0,0,12.0,1,0
0,0,0,0,6.0,1,0
0,0,0,0,12.0,2,0
0,0,0,0,10.666666666666666,4,0
0,0,0,0,9.4,4,0
0,0,0,0,10.2,3,0
0,0,0,0,11.0,1,0
0,0,0,0,8.533333333333333,5,1
0,0,0,0,7.0,1,0
0,0,0,0,11.0,1,0
0,0,0,0,11.0,2,0
0,0,0,0,7.0,1,0
0,0,0,0,10.0,1,0
0,0,0,0,14.0,1,0
0,0,0,0,4.0,1,0
0,0,0,0,9.333333333333334,2,0
0,0,0,0,6.0,1,0
0,0,0,0,2.0,1,0
0,0,0,0,2.0,1,0
0,0,0,0,1.0,1,0
0,0,0,0,10.0,1,0
0,0,0,0,22.0,1,0
0,0,0,0,8.0,1,0
0,0,0,0,19.0,1,0
0,0,0,0,16.0,2,0
0,0,0,0,21.0,1,0
0,0,0,0,5.4,2,0
0,1,0,0,5.0,1,0
0,0,0,0,10.0,2,0
0,0,0,0,12.5,2,0
0,0,0,0,9.0,1,0
0,0,0,0,6.75,4,0
0,0,0,0,19.5,2,0
0,0,0,0,21.0,1,0
0,0,0,0,10.0,1,0
0,0,0,0,8.0,3,0
0,0,0,0,6.0,2,0
0,0,0,0,11.0,3,0
0,0,0,0,14.5,4,0
0,0,0,0,14.5,5,0
0,0,0,0,9.75,4,0
0,0,0,0,23.0,1,0
0,0,0,0,19.0,1,0
0,0,0,0,10.0,1,0
0,0,0,0,19.0,1,0
0,0,0,0,19.0,1,0
0,0,0,0,19.0,1,0
0,0,0,0,1.0,1,0
0,0,0,0,14.0,2,0
0,0,0,0,7.0,2,0
0,0,0,0,14.0,1,0
0,0,0,0,21.0,1,0
0,0,0,0,6.333333333333333,2,0
0,0,0,0,18.25,3,0
0,0,0,0,18.0,1,0
0,0,0,0,21.0,2,0
0,0,0,0,0.3333333333333333,3,0
0,0,0,0,16.615384615384617,11,1
0,0,0,0,10.285714285714286,3,0
0,0,0,0,10.714285714285714,5,0
0,0,0,0,20.333333333333332,4,0
0,0,0,0,12.6,4,0
0,0,0,0,13.0,5,0
0,0,0,0,10.0,2,0
0,0,0,0,9.25,3,0
0,0,0,0,7.416666666666667,9,1
0,0,0,0,18.25,3,0
0,0,0,0,15.8,5,0
0,0,0,0,7.909090909090909,7,0
0,0,0,0,4.333333333333333,6,1
0,0,0,0,15.0,1,0
0,0,0,0,11.0,1,0
0,0,0,0,17.0,1,0
0,0,0,0,0.0,1,0
0,0,0,0,11.0,1,0
0,0,0,0,18.333333333333332,3,0
0,0,0,0,23.0,1,0
0,0,0,0,0.0,1,0
0,0,0,0,19.0,1,0
0,0,0,0,20.0,1,0
0,0,0,0,11.0,1,0
0,0,0,0,19.0,1,0
0,0,0,0,14.0,1,0
0,0,0,0,18.0,1,0
0,0,0,0,23.0,1,0
0,0,0,0,10.0,1,0
0,0,0,0,15.0,1,0
0,0,0,0,18.0,1,0
0,0,0,0,12.0,1,0
0,0,0,0,13.0,1,0
0,0,0,0,14.5,3,0
0,0,0,0,8.0,1,0
0,0,0,0,8.0,1,0
0,0,0,0,10.0,1,0
0,0,0,0,8.0,1,0
0,0,0,0,18.0,1,0
0,0,0,0,16.0,1,0
0,0,0,0,7.0,1,0
0,0,0,0,20.0,1,0
0,0,0,0,9.0,1,0
0,0,0,0,23.0,1,0
0,0,0,0,12.0,1,0
0,0,0,0,8.0,1,0
0,0,0,0,18.0,1,0
0,0,0,0,15.0,1,0
0,0,0,0,20.0,1,0
0,0,0,0,18.333333333333332,3,0
0,0,0,0,14.0,2,0
0,0,0,2,15.333333333333334,2,0
0,0,0,0,21.5,3,0
0,0,0,0,13.0,2,0
0,0,0,0,21.0,1,0
0,0,0,0,14.666666666666666,2,0
0,0,0,0,5.0,1,0
0,0,0,0,14.0,14,1
0,0,0,0,18.4,10,1
0,0,0,0,13.307692307692308,10,1
0,0,0,0,15.375,6,0
0,0,0,0,15.321428571428571,25,1
0,0,0,0,11.76923076923077,31,1
0,0,0,0,12.405405405405405,28,1
0,0,0,1,13.46875,43,1
0,0,0,3,13.830188679245284,42,1
0,0,0,0,11.872340425531915,42,1
0,0,0,0,13.339285714285714,48,1
0,1,0,1,13.4,61,1
0,0,0,1,12.461538461538462,72,1
0,0,0,1,12.84,65,1
0,0,0,0,14.416666666666666,62,1
0,0,0,1,13.942307692307692,47,1
0,0,0,0,12.761194029850746,60,1
0,0,0,0,12.924050632911392,69,1
0,0,0,0,13.575,70,1
0,0,0,0,13.54054054054054,55,1
0,0,0,0,11.0,36,1
0,0,0,1,13.5,18,1
0,0,0,0,8.61111111111111,13,1
0,0,0,0,15.666666666666666,3,0
0,0,0,0,23.0,1,0
0,0,0,0,2.0,1,0
0,0,0,0,19.0,2,0
0,0,0,0,6.5,2,0
0,0,0,0,8.0,1,0
0,0,0,0,1.0,1,0
0,0,0,0,13.0,1,0
0,0,0,0,21.0,1,0
0,0,0,0,20.0,1,0
0,0,0,0,5.8,3,0
0,0,0,0,21.0,1,0
0,0,0,0,21.0,1,0
0,0,0,0,7.0,1,0
0,0,0,0,3.0,1,0
0,0,0,0,8.0,1,0
0,0,0,0,19.0,1,0
0,0,0,0,22.0,1,0
0,0,0,0,15.0,1,0
0,0,0,0,21.0,1,0
0,0,0,0,16.333333333333332,2,0
0,0,0,1,18.428571428571427,6,0
0,0,0,0,16.0,1,0
0,0,0,1,14.083333333333334,11,1
0,0,0,0,22.0,2,0
0,0,0,0,15.857142857142858,5,0
0,0,0,0,14.0,5,0
0,0,0,0,9.5,2,0
0,0,0,0,14.0,4,0
0,0,0,0,22.0,1,0
0,0,0,0,18.0,1,0
0,0,0,0,1.0,1,0
0,0,0,0,11.0,4,0
0,0,0,0,21.0,2,0
0,0,0,0,19.333333333333332,3,0
0,0,0,0,0.5,2,0
0,0,0,0,16.4,5,0
0,0,0,0,7.0,2,0
0,0,0,0,23.0,1,0
0,0,0,0,12.0,2,0
0,0,0,0,12.0,1,0
0,0,0,0,12.2,2,0
0,0,0,0,21.0,1,0
0,0,0,0,0.0,1,0
0,0,0,0,20.0,1,0
0,0,0,0,15.0,1,0
0,0,0,0,20.0,1,0
0,0,0,0,11.0,1,0
0,0,0,0,5.0,1,0
0,0,0,0,0.0,1,0
0,0,0,0,0.5,2,0
0,0,0,0,12.75,4,0
0,0,0,0,13.5,2,0
0,0,0,0,14.4,4,0
0,0,0,0,13.0,1,0
0,0,0,0,11.666666666666666,6,0
0,0,0,0,14.555555555555555,8,0
0,0,0,0,21.666666666666668,2,0
0,0,0,0,16.333333333333332,3,0
0,0,0,0,9.0,1,0
0,0,0,0,0.0,1,0
0,0,0,0,10.0,2,0
0,0,0,0,22.0,1,0
0,0,0,0,15.0,1,0
0,0,0,0,1.0,1,0
0,0,0,4,14.0,4,0
0,0,0,0,7.0,1,0
0,0,0,0,14.5,4,0
0,0,0,0,2.0,1,0
0,0,0,0,20.666666666666668,3,0
0,0,0,0,12.75,4,0
0,0,0,0,7.5,3,0
0,0,0,0,12.2,9,0
0,0,0,2,12.909090909090908,6,0
0,0,0,0,17.25,2,0
0,0,0,0,18.666666666666668,2,0
0,0,0,0,13.5,2,0
0,0,0,0,21.0,1,0
0,0,0,0,9.0,1,0
0,0,0,0,12.0,1,0
0,0,0,0,9.285714285714286,3,0
0,0,0,0,9.0,1,0
0,0,0,0,12.0,1,0
0,0,0,0,7.0,1,0
0,0,0,0,6.0,1,0
0,0,0,0,7.0,1,0
0,0,0,0,13.0,1,0
0,0,0,0,10.5,2,0
0,0,0,0,5.0,2,0
0,0,0,0,11.0,1,0
0,0,0,0,10.0,1,0
0,0,0,1,6.0,1,0
0,0,0,0,6.0,1,0
0,0,0,0,13.0,1,0
0,0,0,0,12.0,1,0
0,0,0,0,9.0,2,0
0,0,0,0,7.0,1,0
0,0,0,0,7.0,1,0
0,0,0,0,17.0,1,0
0,0,0,0,7.0,1,0
0,0,0,0,16.0,1,0
0,0,0,0,15.0,1,0
0,0,0,0,1.0,1,0
0,0,0,0,0.0,1,0
0,0,0,0,10.0,1,0
0,0,0,0,12.0,1,0
0,0,0,0,9.0,1,0
0,0,0,0,16.5,2,0
0,0,0,0,19.0,1,0
0,0,0,0,7.0,1,0
0,0,0,0,20.6,4,0
0,0,0,0,12.666666666666666,3,0
0,0,0,0,17.0,1,0
0,0,0,0,17.0,1,0
0,0,0,0,11.0,12,1
0,0,0,0,10.0,11,1
0,0,0,0,14.666666666666666,3,0
0,0,0,0,14.0,9,1
0,0,0,0,9.1,7,0
0,0,0,0,11.166666666666666,8,1
0,0,0,0,11.5,2,0
0,0,0,0,8.0,1,0
0,0,0,0,22.0,1,0
0,0,0,0,13.0,1,0
0,0,0,0,12.0,1,0
0,0,0,0,17.0,1,0
0,0,0,0,13.0,1,0
0,0,0,0,21.0,2,0
0,0,0,0,14.0,1,0
0,0,0,0,22.0,1,0
0,0,0,0,9.5,2,0
0,0,0,1,13.0,4,0
0,0,0,0,12.0,4,0
0,0,0,0,15.0,1,0
0,0,0,0,13.916666666666666,7,1
0,0,0,0,13.833333333333334,5,0
0,0,0,0,13.666666666666666,3,0
0,0,0,0,21.5,2,0
0,0,0,0,9.833333333333334,4,0
0,0,0,0,22.0,1,0
0,0,0,0,13.0,1,0
0,0,0,0,7.0,1,0
0,0,0,0,2.0,1,0
0,0,0,0,18.0,1,0
0,0,0,0,17.0,1,0
0,0,0,0,20.0,1,0
0,0,0,0,15.0,1,0
0,0,0,0,1.0,1,0
0,0,0,0,23.0,1,0
0,0,0,0,16.0,1,0
0,0,0,0,13.0,1,0
0,0,0,0,16.0,1,0
0,0,0,0,7.0,4,0
0,0,0,0,0.0,1,0
0,0,0,0,10.0,2,0
0,0,0,0,20.5,2,0
0,0,0,0,1.6666666666666667,3,0
0,0,0,0,18.0,1,0
0,0,0,0,13.75,8,0
0,0,0,0,17.5,2,0
0,0,0,0,23.0,1,0
0,0,0,0,15.5,4,0
0,0,0,0,7.0,1,0
0,0,0,0,15.0,1,0
0,0,0,0,8.0,1,0
0,0,0,0,21.0,1,0
0,0,0,0,3.0,1,0
0,0,0,0,23.0,1,0
0,0,0,0,19.0,1,0
0,0,0,0,12.0,1,0
0,0,0,0,18.0,1,0
0,0,0,0,18.0,1,0
0,0,0,0,15.0,1,0
0,0,0,3,3.0,1,0
0,0,0,0,12.666666666666666,3,0
0,0,0,0,15.444444444444445,8,0
0,0,0,3,18.9,5,0
0,0,0,0,11.5,5,0
0,0,0,0,15.38888888888889,12,1
0,0,0,0,14.235294117647058,15,1
0,0,0,0,13.318181818181818,19,1
0,0,0,0,17.25,6,0
0,0,0,0,22.0,3,0
0,0,0,0,22.0,1,0
0,0,0,0,1.0,1,0
0,0,0,0,22.0,1,0
0,0,0,0,0.0,1,0
0,0,0,0,18.0,1,0
0,0,0,0,4.75,2,0
0,0,0,0,23.0,1,0
0,0,0,0,15.0,1,0
0,0,0,0,10.0,1,0
0,0,0,0,4.0,1,0
0,0,0,0,18.0,1,0
0,0,0,0,20.0,1,0
0,0,0,0,22.0,1,0
0,0,0,0,3.0,1,0
0,0,0,0,12.0,1,0
0,0,0,0,13.0,1,0
0,0,0,0,22.0,1,0
0,0,0,0,14.0,2,0
0,0,0,0,13.0,1,0
0,0,0,0,14.0,1,0
0,0,0,0,10.0,1,0
0,0,0,0,18.0,1,0
0,0,0,0,16.0,4,0
0,0,0,0,6.5,2,0
0,0,0,0,10.0,2,0
0,0,0,0,13.0,1,0
0,0,0,0,18.5,2,0
0,0,0,0,8.0,1,0
0,0,0,0,11.0,1,0
0,0,0,0,8.5,2,0
0,0,0,0,15.0,1,0
0,0,0,0,0.0,1,0
0,0,0,0,9.0,1,0
0,0,0,1,15.0,1,0
0,0,0,0,12.529411764705882,13,1
0,0,0,0,13.476190476190476,17,1
0,0,0,1,13.16,20,1
0,0,0,0,16.8,21,1
0,0,0,0,9.833333333333334,16,1
0,0,0,0,13.0,16,1
0,0,0,0,16.0,1,0
0,0,0,0,5.0,1,0
0,0,0,0,21.0,1,0
0,0,0,0,19.0,1,0
0,0,0,0,0.0,1,0
0,0,0,0,23.0,1,0
0,0,0,0,0.0,1,0
0,0,0,0,0.0,1,0
0,0,0,1,14.666666666666666,2,0
0,0,0,0,23.0,1,0
0,0,0,0,5.0,1,0
0,0,0,0,22.0,1,0
0,0,0,0,9.0,1,0
0,0,0,0,13.0,1,0
0,0,0,0,2.0,2,0
0,0,0,0,7.357142857142857,9,1
0,0,0,0,16.363636363636363,8,0
0,0,0,0,13.285714285714286,6,0
0,0,0,0,20.0,2,0
0,0,0,0,9.0,1,0
0,0,0,0,16.333333333333332,3,0
0,0,0,0,15.0,1,0
0,0,0,0,11.5,2,0
0,0,0,0,5.5,2,0
0,0,0,0,14.0,1,0
0,0,0,0,22.0,1,0
0,0,0,0,8.0,1,0
0,1,0,1,18.0,1,0
0,0,0,0,22.0,1,0
0,0,0,0,22.0,1,0
0,0,0,0,13.0,1,0
0,0,0,0,1.0,1,0
0,0,0,0,16.0,1,0
0,0,0,0,18.0,1,0
0,0,0,0,13.333333333333334,2,0
0,0,0,0,21.0,1,0
0,0,0,0,21.0,1,0
0,0,0,0,18.5,2,0
0,0,0,0,13.0,1,0
0,0,0,0,14.75,3,0
0,0,0,0,6.0,1,0
0,0,0,1,9.0,2,0
0,0,0,0,19.0,1,0
0,0,0,0,12.0,2,0
0,0,0,0,15.625,6,0
0,0,0,0,13.333333333333334,3,0
0,0,0,0,19.714285714285715,4,0
0,0,0,0,17.0,2,0
0,0,0,0,9.0,1,0
0,0,0,0,16.8,5,0
0,0,0,0,19.5,2,0
0,0,0,0,21.0,1,0
0,0,0,0,15.0,1,0
0,0,0,0,9.0,1,0
0,0,0,0,2.0,1,0
0,0,0,0,15.0,1,0
0,0,0,0,10.0,3,0
0,0,0,0,14.0,1,0
0,0,0,1,17.5,2,0
0,0,0,0,13.333333333333334,2,0
0,0,0,0,18.0,1,0
0,0,0,0,8.666666666666666,3,0
0,0,0,0,7.0,1,0
0,0,0,0,18.0,1,0
0,0,0,0,0.0,1,0
0,0,0,0,22.0,1,0
0,0,0,0,2.0,1,0
0,0,0,0,17.0,1,0
0,0,0,0,8.0,1,0
0,0,0,0,0.0,1,0
0,0,0,0,21.0,1,0
0,0,0,0,2.0,1,0
0,0,0,0,4.0,2,0
0,0,0,0,23.0,1,0
0,0,0,0,12.0,1,0
0,0,0,0,18.0,1,0
0,0,0,0,17.8,3,0
0,0,0,0,2.0,1,0
0,0,0,0,14.0,1,0
0,0,0,3,12.85,16,1
0,0,0,0,10.956521739130435,19,1
0,0,0,3,12.823529411764707,26,1
0,0,0,6,10.285714285714286,28,1
0,0,0,0,15.45,16,1
0,0,0,0,6.666666666666667,10,1
0,0,0,0,12.25,3,0
0,0,0,0,18.0,1,0
0,0,0,0,6.0,1,0
0,0,0,0,7.5,4,0
0,0,0,0,9.333333333333334,3,0
0,0,0,0,5.777777777777778,5,0
0,0,0,1,16.142857142857142,5,0
0,0,0,0,11.2,3,0
0,0,0,0,1.0,1,0
0,0,0,0,17.0,1,0
0,0,0,0,10.0,1,0
0,0,0,0,22.0,1,0
0,0,0,0,12.0,1,0
0,0,0,0,10.0,1,0
0,0,0,0,14.0,1,0
0,0,0,0,13.5,2,0
0,0,0,0,12.0,1,0
0,0,0,0,7.0,1,0
0,0,0,1,9.0,1,0
0,0,0,0,7.666666666666667,2,0
0,0,0,0,9.25,3,0
0,0,0,0,6.0,2,0
0,0,0,0,10.5,3,0
0,0,0,0,11.818181818181818,6,0
0,0,0,3,13.727272727272727,8,0
0,0,0,0,10.88888888888889,6,0
0,0,0,0,12.428571428571429,7,0
0,0,0,0,9.0,2,0
0,0,0,0,10.0,4,0
0,0,0,0,15.0,1,0
0,0,0,0,17.5,2,0
0,0,0,0,15.0,1,0
0,0,0,0,6.0,1,0
0,0,0,0,14.0,1,0
0,0,0,0,21.0,1,0
0,0,0,0,11.0,1,0
0,0,0,0,10.5,2,0
0,0,0,0,20.0,1,0
0,0,0,0,0.0,1,0
0,0,0,0,3.0,1,0
0,0,0,0,2.0,1,0
0,0,0,0,12.0,1,0
0,0,0,0,19.0,1,0
0,0,0,1,12.0,1,0
0,0,0,0,17.0,1,0
0,0,0,0,22.0,1,0
0,0,0,0,7.0,1,0
0,0,0,0,2.0,1,0
0,0,0,0,10.0,1,0
0,0,0,0,23.0,1,0
0,0,0,0,11.0,1,0
0,0,0,0,13.0,1,0
0,0,0,0,0.0,1,0
0,0,0,0,20.5,2,0
0,0,0,0,17.0,1,0
0,0,0,0,17.0,1,0
0,0,0,0,17.0,1,0
0,0,0,0,14.785714285714286,10,1
0,0,0,0,14.6,12,1
0,0,0,0,16.166666666666668,5,0
0,0,0,0,13.833333333333334,6,0
0,0,0,0,11.0,3,0
0,0,0,0,10.0,7,0
0,0,0,1,14.05,14,1
0,0,0,0,15.866666666666667,13,1
0,0,0,0,13.0,13,1
0,0,0,0,13.88888888888889,7,0
0,0,0,0,9.666666666666666,3,0
0,0,0,0,9.0,4,0
0,0,0,0,13.0,4,0
0,0,0,0,8.0,1,0
0,0,0,0,18.0,1,0
0,0,0,0,23.0,1,0
0,0,0,0,16.0,1,0
0,0,0,0,22.0,1,0
0,0,0,0,22.0,1,0
0,0,0,0,15.0,1,0
0,0,0,0,12.0,1,0
0,0,0,0,10.0,1,0
0,0,0,0,7.0,1,0
0,0,0,0,21.0,1,0
0,0,0,0,21.0,1,0
0,0,0,0,11.0,1,0
0,0,0,0,12.0,1,0
0,0,0,0,16.5,2,0
0,0,0,0,9.125,6,0
0,0,0,0,13.333333333333334,3,0
0,0,0,0,6.0,4,0
0,0,0,0,0.25,2,0
0,0,0,0,14.0,3,0
0,0,0,0,23.0,1,0
0,0,0,0,7.333333333333333,4,0
0,0,0,0,9.666666666666666,3,0
0,0,0,0,15.5,2,0
0,0,0,0,0.0,1,0
0,0,0,0,9.0,2,0
0,0,0,0,14.5,2,0
0,0,0,0,21.0,1,0
0,0,0,0,0.0,1,0
0,0,0,1,8.0,1,0
0,0,0,0,15.0,1,0
0,0,0,0,3.0,1,0
0,0,0,0,10.0,2,0
0,0,0,0,8.0,1,0
0,0,0,0,23.0,1,0
0,0,0,0,6.0,1,0
0,0,0,0,16.545454545454547,6,0
0,0,0,0,14.090909090909092,10,0
0,0,0,0,11.714285714285714,7,0
0,0,0,1,11.863636363636363,16,1
0,0,0,0,11.428571428571429,11,1
0,0,0,0,18.037037037037038,17,1
0,0,0,0,13.434782608695652,19,1
0,0,0,0,12.21875,20,1
0,0,0,0,12.5,11,1
0,0,0,0,14.333333333333334,8,0
0,0,0,0,4.0,5,0
0,0,0,0,12.625,6,0
0,0,0,0,9.75,3,0
0,0,0,0,10.285714285714286,6,0
0,0,0,0,9.333333333333334,3,0
0,0,0,0,9.142857142857142,6,0
0,0,0,0,5.0,1,0
0,0,0,0,6.5,2,0
0,0,0,0,12.0,1,0
0,0,0,0,9.0,2,0
0,0,0,0,6.0,1,0
0,0,0,0,23.0,1,0
0,0,0,0,20.0,1,0
0,0,0,3,22.0,1,0
0,0,0,0,13.0,1,0
0,0,0,0,8.0,1,0
0,0,0,0,12.0,1,0
0,0,0,0,11.0,1,0
0,0,0,0,14.0,1,0
0,0,0,0,10.0,1,0
0,0,0,0,15.833333333333334,5,0
0,0,0,0,12.833333333333334,6,0
0,0,0,0,9.4,5,0
0,0,0,0,15.5,5,0
0,0,0,0,10.857142857142858,6,0
0,0,0,1,8.6,4,0
0,0,0,0,13.0,1,0
0,0,0,0,16.0,1,0
0,0,0,0,23.0,1,0
0,0,0,0,6.0,1,0
0,0,0,0,18.0,1,0
0,0,0,0,0.0,1,0
0,0,0,0,16.0,1,0
0,0,0,0,1.0,1,0
0,0,0,0,13.333333333333334,2,0
0,0,0,0,10.0,1,0
0,0,0,0,17.5,2,0
0,0,0,0,16.0,1,0
0,0,0,0,20.0,1,0
0,0,0,0,0.0,1,0
0,0,0,0,18.0,2,0
0,0,0,0,14.166666666666666,3,0
0,0,0,1,14.8,4,0
0,0,0,0,19.333333333333332,2,0
0,0,0,0,16.0,2,0
0,0,0,0,13.75,3,0
0,0,0,0,0.0,1,0
0,0,0,0,20.333333333333332,2,0
0,0,0,0,7.5,2,0
0,0,0,0,19.0,1,0
0,0,0,0,20.0,1,0
0,0,0,0,13.0,1,0
0,0,0,0,23.0,1,0
0,0,0,0,23.0,1,0
0,0,0,0,23.0,1,0
0,0,0,0,23.0,1,0
0,0,0,0,23.0,1,0
0,0,0,0,10.733333333333333,10,1
0,0,0,0,15.214285714285714,9,1
0,0,0,0,10.125,12,1
0,0,0,0,15.636363636363637,25,1
0,0,0,1,14.535714285714286,21,1
0,0,0,0,11.875,28,1
0,0,0,1,12.209302325581396,34,1
0,0,0,2,13.365853658536585,30,1
0,0,0,3,11.152542372881356,42,1
0,0,0,0,9.0625,10,1
0,0,0,0,12.64102564102564,31,1
0,0,0,0,14.333333333333334,17,1
0,0,0,0,11.083333333333334,19,1
0,0,0,0,7.681818181818182,17,1
0,0,0,0,10.705882352941176,13,1
0,0,0,0,14.5,10,1
0,0,0,0,13.166666666666666,5,0
0,0,0,0,12.375,6,0
0,0,0,0,21.0,1,0
0,0,0,0,4.0,1,0
0,0,0,0,12.0,1,0
0,0,0,0,5.0,1,0
0,0,0,0,2.0,1,0
0,0,0,0,0.0,1,0
0,0,0,0,1.0,1,0
0,0,0,0,21.0,1,0
0,0,0,0,0.0,1,0
0,0,0,0,1.0,1,0
0,0,0,0,20.0,1,0
0,0,0,0,4.0,1,0
0,0,0,0,22.0,1,0
0,0,0,0,16.0,1,0
0,0,0,0,10.0,1,0
0,0,0,0,23.0,1,0
0,0,0,0,12.0,1,0
0,0,0,0,21.0,1,0
0,0,0,0,22.0,1,0
0,0,0,0,19.0,1,0
0,0,0,0,6.0,1,0
0,0,0,0,16.0,1,0
0,0,0,0,8.0,1,0
0,0,0,0,12.625,4,0
0,0,0,0,10.0,4,0
0,0,0,1,9.142857142857142,5,0
0,0,0,0,10.0,3,0
0,0,0,0,8.666666666666666,2,0
0,0,0,0,11.0,1,0
0,0,0,0,17.0,1,0
0,0,0,0,1.0,1,0
0,0,0,0,7.0,1,0
0,0,0,0,12.0,1,0
0,0,0,0,22.0,1,0
0,0,0,0,12.0,1,0
0,0,0,0,11.0,1,0
0,0,0,0,16.0,1,0
0,0,0,0,23.0,1,0
0,0,0,0,0.0,1,0
0,0,0,0,1.0,1,0
0,0,0,0,7.0,1,0
0,0,0,0,19.0,1,0
0,0,0,0,12.0,1,0
0,0,0,0,11.0,1,0
0,0,0,0,21.0,1,0
0,0,0,0,11.5,2,0
0,0,0,0,23.0,1,0
0,0,0,0,13.0,2,0
0,0,0,0,1.0,2,0
0,0,0,0,1.0,1,0
0,0,0,0,2.0,1,0
0,0,0,0,11.5,2,0
0,0,0,0,17.5,2,0
0,0,0,0,14.0,1,0
0,0,0,0,23.0,1,0
0,0,0,0,22.0,1,0
0,0,0,0,23.0,1,0
0,0,0,0,21.333333333333332,2,0
0,0,0,0,10.666666666666666,2,0
0,0,0,0,4.0,1,0
0,0,0,0,23.0,1,0
0,0,0,0,11.0,1,0
0,0,0,0,2.0,1,0
0,0,0,0,12.0,2,0
0,0,0,0,9.0,1,0
0,0,0,0,9.0,1,0
0,0,0,0,8.0,1,0
0,0,0,0,12.8,4,0
0,0,0,0,15.5,7,0
0,0,0,1,16.615384615384617,8,1
0,0,0,1,14.6,4,0
0,0,0,0,13.1,9,0
0,0,0,0,13.071428571428571,12,1
0,0,0,0,13.0,14,1
0,0,0,0,13.214285714285714,22,1
0,0,0,0,14.458333333333334,17,1
0,0,0,1,13.05,19,1
0,0,0,0,13.333333333333334,11,1
0,0,0,4,17.058823529411764,20,1
0,0,0,2,14.688888888888888,33,1
0,0,0,1,14.744186046511627,35,1
0,0,0,0,9.166666666666666,20,1
0,0,0,0,11.736842105263158,18,1
0,0,2,2,10.434782608695652,13,1
0,0,0,0,9.588235294117647,13,1
0,0,0,0,12.466666666666667,13,1
0,0,0,0,14.333333333333334,11,1
0,0,0,0,9.333333333333334,3,0
0,0,0,0,0.0,1,0
0,0,0,0,3.0,1,0
0,0,0,0,15.0,1,0
0,0,0,0,14.0,1,0
0,0,0,0,20.0,1,0
0,0,0,0,17.0,1,0
0,0,0,0,13.0,1,0
0,0,0,0,2.0,1,0
0,0,0,0,16.0,1,0
0,0,0,0,22.0,1,0
0,0,0,0,5.0,1,0
0,0,0,0,1.0,1,0
0,0,0,0,9.0,1,0
0,0,0,0,9.0,1,0
0,0,0,0,12.0,1,0
0,0,0,0,1.0,1,0
0,0,0,0,10.0,1,0
0,0,0,0,17.0,1,0
0,0,0,0,19.0,1,0
0,0,0,0,19.0,3,0
0,0,0,0,0.0,1,0
0,0,0,0,8.833333333333334,4,0
0,0,0,0,10.166666666666666,6,0
0,0,0,0,6.0,1,0
0,0,0,0,15.88888888888889,8,0
0,0,0,0,18.0,1,0
0,0,0,0,15.333333333333334,4,0
0,0,0,0,12.0,1,0
0,0,0,0,22.0,1,0
0,0,0,0,23.0,1,0
0,0,0,0,22.0,1,0
0,0,0,0,23.0,1,0
0,0,0,0,18.0,1,0
0,0,0,0,16.0,1,0
0,0,0,0,0.0,1,0
0,0,0,0,1.0,1,0
0,0,0,0,18.0,1,0
0,0,0,0,15.0,1,0
0,0,0,0,12.0,1,0
0,0,0,0,11.0,1,0
0,0,0,0,8.0,1,0
0,0,0,0,15.0,1,0
0,0,0,0,0.5,2,0
0,0,0,0,19.0,1,0
0,0,0,0,17.0,1,0
0,0,0,0,23.0,1,0
0,0,0,0,9.0,1,0
0,0,0,0,0.0,1,0
0,0,0,0,4.0,1,0
0,0,0,0,10.0,1,0
0,0,0,0,12.0,2,0
0,0,0,0,1.0,1,0
0,0,0,0,19.0,1,0
0,0,0,0,9.0,1,0
0,0,0,0,7.0,1,0
0,0,0,0,22.0,1,0
0,0,0,0,13.0,1,0
0,0,0,0,5.0,3,0
0,0,0,0,11.0,1,0
0,0,0,0,0.0,1,0
0,0,0,0,13.0,2,0
0,0,0,1,11.0,1,0
0,0,0,0,14.333333333333334,3,0
0,0,0,0,20.0,1,0
0,0,0,0,23.0,1,0
0,0,0,0,19.25,2,0
0,0,0,0,9.0,1,0
0,0,0,0,19.0,1,0
0,0,0,0,23.0,1,0
0,0,0,0,11.0,1,0
0,0,0,0,19.0,1,0
0,0,0,0,7.0,1,0
0,0,0,0,4.0,1,0
0,0,0,0,11.0,1,0
0,0,0,0,21.0,1,0
0,0,0,0,23.0,1,0
0,0,0,0,23.0,1,0
0,0,0,0,16.0,1,0
0,0,0,0,11.5,2,0
0,0,0,0,8.0,1,0
0,0,0,0,16.0,1,0
0,0,0,0,9.0,1,0
0,0,0,0,17.0,1,0
0,0,0,0,17.5,2,0
0,0,0,0,14.0,1,0
0,0,0,0,13.11111111111111,7,0
0,0,0,2,21.5,2,0
0,0,0,2,13.916666666666666,7,1
0,0,0,0,12.4,5,0
0,0,0,0,8.0,1,0
0,0,0,0,23.0,1,0
0,0,0,0,15.0,1,0
0,0,0,0,14.0,1,0
0,0,0,0,9.0,1,0
0,0,0,0,7.0,1,0
0,0,0,0,10.0,1,0
0,0,0,0,17.0,1,0
0,0,0,0,12.0,1,0
0,0,0,0,8.0,1,0
0,0,0,0,8.0,1,0
0,0,0,0,12.0,1,0
0,0,0,0,7.0,1,0
0,0,0,0,13.0,2,0
0,0,0,0,15.5,2,0
0,0,0,0,22.0,1,0
0,0,0,0,7.0,1,0
0,0,0,0,0.0,1,0
0,0,0,0,17.0,1,0
0,0,0,0,0.0,1,0
0,0,0,0,4.0,1,0
0,0,0,0,21.0,1,0
0,0,0,0,12.0,1,0
0,0,0,0,13.0,1,0
0,0,0,0,14.0,1,0
0,0,0,0,19.0,1,0
0,0,0,0,18.0,1,0
0,0,0,0,10.0,1,0
0,0,0,0,0.0,1,0
0,0,0,0,16.0,1,0
0,0,0,0,21.0,1,0
0,0,0,0,7.0,2,0
0,0,0,0,7.5,6,0
0,0,0,0,7.111111111111111,5,0
0,0,0,0,9.6,4,0
0,0,0,0,18.333333333333332,4,0
0,0,0,0,11.875,6,0
0,0,0,3,9.285714285714286,5,0
0,0,0,1,13.555555555555555,7,0
0,0,0,0,23.0,1,0
0,0,0,0,6.0,1,0
0,0,0,0,19.0,1,0
0,0,0,0,23.0,1,0
0,0,0,0,12.0,1,0
0,0,0,0,10.0,1,0
0,0,0,0,17.0,1,0
0,0,0,0,20.0,1,0
0,0,0,0,23.0,1,0
0,0,0,0,11.0,1,0
0,0,0,0,16.0,1,0
0,0,0,0,16.0,1,0
0,0,0,0,21.0,1,0
0,0,0,0,23.0,1,0
0,0,0,0,14.0,1,0
0,0,0,0,1.0,1,0
0,0,0,0,22.0,1,0
0,0,0,0,11.0,1,0
0,0,0,0,1.0,1,0
0,0,0,0,12.0,1,0
0,0,0,0,7.0,1,0
0,0,0,0,10.0,1,0
0,0,0,0,10.0,1,0
0,0,0,0,16.0,1,0
0,0,0,0,9.0,1,0
0,0,0,0,11.0,1,0
0,0,0,0,8.0,1,0
0,0,0,0,20.0,1,0
0,0,0,0,14.0,1,0
0,0,0,0,8.5,2,0
0,0,0,0,23.0,1,0
0,0,0,0,22.0,1,0
0,0,0,0,0.0,1,0
0,0,0,0,14.0,1,0
0,0,0,0,11.0,3,0
0,0,0,0,13.333333333333334,2,0
0,0,0,0,14.333333333333334,6,0
0,0,0,0,15.38888888888889,14,1
0,1,2,0,17.1,8,0
0,0,0,0,14.444444444444445,14,1
0,0,0,2,14.0,12,1
0,0,0,0,14.692307692307692,13,1
0,0,0,0,14.428571428571429,13,1
0,0,0,0,11.416666666666666,11,1
0,1,0,0,14.470588235294118,14,1
0,0,0,0,12.352941176470589,14,1
0,0,0,0,11.461538461538462,13,1
0,0,0,0,14.875,10,1
0,0,0,0,8.0,13,1
0,0,0,1,10.0,8,1
0,0,0,0,12.5,13,1
0,0,0,0,11.692307692307692,12,1
0,0,0,0,12.923076923076923,12,1
0,0,0,0,9.444444444444445,7,0
0,0,0,0,16.0,2,0
0,0,0,0,0.0,1,0
0,0,0,0,10.0,1,0
0,0,0,0,21.0,1,0
0,0,0,0,20.0,1,0
0,0,0,0,11.0,1,0
0,0,0,0,6.0,1,0
0,0,0,0,9.0,1,0
0,0,0,0,1.0,1,0
0,0,0,0,7.0,1,0
0,0,0,0,7.0,1,0
0,0,0,0,10.0,1,0
0,0,0,0,8.0,1,0
0,0,0,3,19.0,1,0
0,0,0,0,13.0,1,0
0,0,0,0,11.0,1,0
0,0,0,0,16.0,1,0
0,0,0,0,8.0,1,0
0,0,0,0,0.0,1,0
0,0,0,0,17.0,1,0
0,0,0,0,9.0,1,0
0,0,0,0,14.727272727272727,6,0
0,0,0,0,11.058823529411764,10,1
0,0,0,0,12.88888888888889,6,0
0,0,0,0,13.857142857142858,4,0
0,0,0,0,14.75,4,0
0,0,0,0,12.166666666666666,3,0
0,0,0,0,16.0,1,0
0,0,0,0,12.0,2,0
0,0,0,0,9.0,1,0
0,0,0,0,23.0,1,0
0,0,0,0,19.0,1,0
0,0,0,0,1.0,1,0
0,0,0,0,22.0,1,0
0,0,0,0,0.0,1,0
0,0,0,0,15.0,1,0
0,0,0,0,16.0,1,0
0,0,0,0,14.0,1,0
0,0,0,0,12.0,1,0
0,0,0,0,13.5,2,0
0,0,0,0,11.0,1,0
0,0,0,0,12.0,1,0
0,0,0,0,8.0,1,0
0,0,0,0,1.0,1,0
0,0,0,0,10.0,1,0
0,0,0,0,18.0,1,0
0,0,0,0,16.0,1,0
0,0,0,0,23.0,1,0
0,0,0,0,11.0,1,0
0,0,0,0,22.0,1,0
0,0,0,0,18.0,1,0
0,0,0,0,20.0,1,0
0,0,0,0,18.0,1,0
0,0,0,0,17.0,1,0
0,0,0,0,13.0,1,0
0,0,0,0,19.0,1,0
0,0,0,0,21.0,1,0
0,0,0,0,10.5,2,0
0,0,0,0,18.0,2,0
0,0,0,0,17.5,5,0
0,0,0,0,15.25,8,1
0,0,0,0,11.75,4,0
0,0,0,0,13.307692307692308,12,1
0,0,0,0,14.375,12,1
0,0,0,0,14.4,14,1
0,0,0,0,11.038461538461538,19,1
0,0,0,0,13.583333333333334,10,1
0,0,0,0,8.0,1,0
0,0,0,0,14.333333333333334,8,0
0,0,0,0,13.555555555555555,7,0
0,0,0,0,3.0,3,0
0,0,0,0,9.875,8,0
0,0,0,0,12.777777777777779,8,0
0,0,0,0,19.0,4,0
0,0,0,0,10.166666666666666,6,0
0,0,0,0,8.333333333333334,6,0
0,0,0,0,13.461538461538462,11,1
0,0,0,1,11.6,3,0
0,0,0,0,9.5,2,0
0,0,0,0,7.0,1,0
0,0,0,0,8.0,1,0
0,0,0,0,7.0,1,0
0,0,0,0,10.0,1,0
0,0,0,0,19.666666666666668,3,0
0,0,0,0,6.0,1,0
0,0,0,0,2.0,1,0
0,0,0,0,10.0,1,0
0,0,0,0,9.0,1,0
0,0,0,0,18.0,1,0
0,0,0,0,1.0,1,0
0,0,0,0,10.0,1,0
0,0,0,0,16.0,1,0
0,0,0,0,22.0,1,0
0,0,0,0,8.0,1,0
0,0,0,0,12.0,1,0
0,0,0,0,10.0,1,0
0,0,0,0,15.0,1,0
0,0,0,0,10.5,2,0
0,0,0,0,11.0,1,0
0,0,0,0,15.0,1,0
0,0,0,0,2.0,1,0
0,0,0,0,22.0,1,0
0,0,0,0,14.0,1,0
0,0,0,0,6.25,2,0
0,0,0,0,7.0,2,0
0,0,0,0,2.3333333333333335,2,0
0,0,0,0,9.25,4,0
0,0,0,0,10.9,7,0
0,0,0,0,8.6,4,0
0,0,0,0,9.333333333333334,2,0
0,0,0,0,10.666666666666666,6,0
0,0,0,0,0.0,1,0
0,0,0,0,10.0,3,0
0,0,0,0,15.5,2,0
0,0,0,0,7.0,1,0
0,0,0,0,9.666666666666666,5,0
0,0,0,0,11.333333333333334,3,0
0,0,0,0,2.6666666666666665,2,0
0,0,0,0,20.333333333333332,3,0
0,0,0,0,6.333333333333333,3,0
0,0,0,0,16.0,2,0
0,0,0,0,17.0,1,0
0,0,0,0,1.0,1,0
0,0,0,0,23.0,1,0
0,0,0,0,22.0,1,0
0,0,0,0,14.333333333333334,2,0
0,0,0,0,4.4,5,0
0,0,0,0,21.0,1,0
0,0,0,0,17.0,2,0
0,0,0,0,10.6,4,0
0,0,0,0,12.0,5,0
0,0,0,0,17.333333333333332,3,0
0,0,0,0,14.0,2,0
0,0,0,0,10.333333333333334,2,0
0,0,0,0,8.545454545454545,11,0
0,0,0,0,11.0,5,0
0,0,0,0,12.222222222222221,9,0
0,0,0,0,11.4,14,1
0,0,0,0,0.0,1,0
0,0,0,0,9.5,2,0
0,0,0,0,3.0,1,0
0,0,0,0,17.5,2,0
0,0,0,0,8.0,1,0
0,0,0,0,9.0,1,0
0,0,0,0,8.0,1,0
0,0,0,1,15.0,1,0
0,0,0,0,13.0,1,0
0,0,0,0,16.0,1,0
0,0,0,0,14.5,2,0
0,0,0,0,7.0,1,0
0,0,0,0,17.333333333333332,2,0
0,0,0,0,13.5,4,0
0,0,0,0,10.8,5,0
0,0,0,0,12.5,2,0
0,0,0,0,7.166666666666667,6,0
0,0,0,0,9.5,2,0
0,0,0,0,9.0,3,0
0,0,0,0,12.0,1,0
0,0,0,0,14.0,1,0
0,0,0,0,21.0,1,0
0,0,0,0,9.0,1,0
0,0,0,0,21.0,1,0
0,0,0,0,0.0,1,0
0,0,0,0,22.0,1,0
0,0,0,0,22.0,1,0
0,0,0,0,21.0,1,0
0,0,0,0,23.0,1,0
0,0,0,0,13.5,2,0
0,0,0,0,13.833333333333334,5,0
0,0,0,0,9.333333333333334,3,0
0,0,0,2,12.583333333333334,11,1
0,0,0,0,13.625,6,0
0,0,0,0,8.266666666666667,10,1
0,0,0,0,15.0,18,1
0,0,0,0,11.785714285714286,20,1
0,0,0,0,12.576923076923077,19,1
0,0,0,2,13.0,15,1
0,0,0,0,14.285714285714286,7,0
0,0,0,3,11.166666666666666,20,1
0,0,0,0,14.5,9,0
0,0,0,0,10.818181818181818,11,0
0,0,0,0,11.5,3,0
0,0,0,0,14.545454545454545,10,0
0,0,0,0,16.333333333333332,3,0
0,0,0,0,12.0,8,0
0,0,0,0,13.0,7,0
0,0,0,0,4.0,3,0
0,0,0,0,18.0,1,0
0,0,0,0,12.0,1,0
0,0,0,0,20.0,1,0
0,0,0,0,16.0,1,0
0,0,0,0,13.0,2,0
0,0,0,0,13.0,1,0
0,0,0,0,16.0,1,0
0,0,0,0,20.0,1,0
0,0,0,0,0.0,1,0
0,0,0,0,2.0,1,0
0,0,0,0,8.0,1,0
0,0,0,0,1.0,1,0
0,0,0,0,21.0,1,0
0,0,0,0,8.0,1,0
0,0,0,0,10.0,1,0
0,0,0,0,12.0,1,0
0,0,0,0,10.0,1,0
0,0,0,0,8.0,1,0
0,0,0,0,14.0,1,0
0,0,0,0,5.0,1,0
0,0,0,0,14.0,1,0
0,0,0,0,15.0,1,0
0,0,0,0,2.0,1,0
0,0,0,0,3.0,1,0
0,0,0,0,23.0,1,0
0,0,0,0,13.0,1,0
0,0,0,0,15.0,1,0
0,0,0,0,11.0,1,0
0,0,0,0,7.0,1,0
0,0,0,0,9.0,1,0
0,0,0,0,12.0,1,0
0,0,0,0,17.0,1,0
0,0,0,0,22.0,1,0
0,0,0,0,8.0,1,0
0,0,0,0,16.0,1,0
0,0,0,0,14.333333333333334,3,0
0,0,0,0,8.0,1,0
0,0,0,0,10.0,1,0
0,0,0,0,7.0,1,0
0,0,0,0,8.0,1,0
0,0,0,0,16.0,1,0
0,0,0,0,23.0,1,0
0,0,0,0,15.0,2,0
0,0,0,0,6.0,1,0
0,0,0,0,1.0,1,0
0,0,0,0,1.0,1,0
0,0,0,0,11.0,1,0
0,0,0,0,2.0,1,0
0,0,0,0,12.0,1,0
0,0,0,0,8.0,1,0
0,0,0,0,8.0,1,0
0,0,0,0,7.0,1,0
0,0,0,0,7.0,1,0
0,0,0,0,13.0,1,0
0,0,0,0,14.0,1,0
0,0,0,0,15.0,1,0
0,0,0,0,7.0,1,0
0,0,0,0,7.0,1,0
0,0,0,0,11.0,1,0
0,0,0,0,10.0,1,0
0,0,0,0,15.0,2,0
0,0,0,0,7.5,2,0
0,0,0,2,12.333333333333334,8,0
0,0,0,0,14.0,2,0
0,0,0,0,16.6,3,0
0,0,0,0,13.6875,13,1
0,0,0,0,13.416666666666666,11,1
0,0,0,0,14.444444444444445,4,0
0,0,0,0,14.333333333333334,2,0
0,0,0,0,10.666666666666666,8,1
0,0,0,0,17.904761904761905,13,1
0,0,0,0,13.083333333333334,19,1
0,0,0,0,13.65625,27,1
0,0,0,0,12.72,20,1
0,0,0,0,16.083333333333332,30,1
0,0,0,1,12.48076923076923,45,1
0,0,0,2,13.56,59,1
0,4,0,2,14.092783505154639,77,1
0,0,0,1,13.404494382022472,76,1
0,2,0,0,13.986754966887418,128,1
0,0,0,2,11.876623376623376,135,1
0,0,0,3,13.028901734104046,138,1
0,0,0,6,11.15668202764977,160,1
0,0,0,1,13.420168067226891,96,1
0,0,0,2,11.611842105263158,125,1
0,2,0,3,14.617977528089888,74,1
0,0,0,1,14.431372549019608,40,1
0,0,0,2,11.690909090909091,45,1
0,0,0,1,13.7,58,1
0,0,0,0,11.682539682539682,54,1
0,0,0,2,11.224489795918368,40,1
0,0,0,0,10.166666666666666,27,1
0,0,0,0,12.113636363636363,40,1
0,0,0,0,14.076923076923077,11,1
0,0,0,2,13.666666666666666,5,0
0,0,0,0,1.0,1,0
0,0,0,0,11.0,1,0
0,0,0,0,14.0,1,0
0,0,0,0,22.0,1,0
0,0,0,0,12.5,4,0
0,0,0,0,10.0,3,0
0,0,0,0,6.0,2,0
0,0,0,0,21.0,1,0
0,0,0,0,20.0,1,0
0,0,0,0,13.3,8,0
0,0,0,0,11.5,12,1
0,0,0,0,15.68421052631579,9,1
0,0,0,0,4.5,2,0
0,0,0,0,11.25,4,0
0,0,0,0,10.0,3,0
0,0,0,0,19.0,1,0
0,0,0,0,14.0,1,0
0,0,0,0,11.0,1,0
0,0,0,0,21.0,1,0
0,0,0,0,14.0,1,0
0,0,0,0,18.0,1,0
0,0,0,0,3.0,1,0
0,0,0,0,23.0,1,0
0,0,0,1,13.575757575757576,20,1
0,0,0,0,14.615384615384615,13,1
0,0,0,1,13.482758620689655,19,1
0,0,0,1,13.333333333333334,11,1
0,0,0,0,17.46153846153846,13,1
0,0,0,0,10.777777777777779,7,0
0,0,0,0,12.428571428571429,5,0
0,0,0,0,13.0,1,0
0,0,0,0,15.0,1,0
0,0,0,0,14.0,1,0
0,0,0,0,18.0,1,0
0,0,0,0,14.0,1,0
0,0,0,0,10.0,1,0
0,0,0,0,17.0,1,0
0,0,0,0,16.0,1,0
0,0,0,0,2.0,1,0
0,0,0,0,14.0,1,0
0,0,0,0,9.0,1,0
0,0,0,0,17.0,1,0
0,0,0,0,1.0,1,0
0,0,0,0,8.0,1,0
0,0,0,0,22.0,1,0
0,0,0,0,18.333333333333332,9,1
0,0,0,0,14.875,8,0
0,0,0,0,12.076923076923077,9,1
0,0,0,0,6.333333333333333,2,0
0,0,0,0,12.5,2,0
0,0,0,0,13.25,4,0
0,0,0,0,9.0,2,0
0,0,0,0,4.2,3,0
0,0,0,0,10.0,1,0
0,0,0,0,1.0,1,0
0,0,0,0,1.0,1,0
0,0,0,0,11.0,1,0
0,0,0,0,9.8,4,0
0,0,0,0,11.0,1,0
0,0,0,0,20.0,1,0
0,0,0,0,0.0,1,0
0,0,0,0,18.0,1,0
0,0,0,0,13.0,1,0
0,0,0,0,9.0,1,0
0,0,0,0,13.0,1,0
0,0,0,0,8.0,2,0
0,0,0,0,15.0,2,0
0,0,0,0,17.2,3,0
0,0,0,0,2.0,1,0
0,0,0,0,23.0,1,0
0,0,0,0,8.0,1,0
0,0,0,0,5.0,3,0
0,0,0,0,1.0,1,0
0,0,0,0,23.0,1,0
0,0,0,0,2.0,1,0
0,0,0,0,6.0,1,0
0,0,0,0,18.0,2,0
0,0,0,0,22.0,1,0
0,0,0,0,12.333333333333334,3,0
0,0,0,0,8.0,1,0
0,0,0,0,12.333333333333334,3,0
0,0,0,0,12.666666666666666,2,0
0,0,0,0,22.0,1,0
0,0,0,0,8.75,5,0
0,0,0,0,13.3,8,0
0,0,0,0,5.333333333333333,2,0
0,0,0,0,10.5,4,0
0,0,0,0,7.833333333333333,4,0
0,0,0,0,9.0,1,0
0,0,0,0,2.0,1,0
0,0,0,0,14.5,2,0
0,0,0,0,16.5,2,0
0,0,0,0,6.0,1,0
0,0,0,0,8.0,3,0
0,0,0,0,3.0,2,0
0,0,0,0,4.0,1,0
0,0,0,0,10.0,1,0
0,0,0,0,13.0,1,0
0,0,0,0,11.0,1,0
0,0,0,0,22.0,1,0
0,0,0,0,23.0,1,0
0,0,0,0,11.0,1,0
0,0,0,0,9.0,1,0
0,0,0,0,1.0,1,0
0,0,0,0,8.0,1,0
0,0,0,0,20.0,1,0
0,0,0,0,6.0,1,0
0,0,0,0,7.0,1,0
0,0,0,0,21.2,4,0
0,0,0,0,0.0,1,0
0,0,0,0,11.428571428571429,5,0
0,0,0,0,13.25,5,0
0,0,0,0,13.0,4,0
0,0,0,0,16.5,2,0
0,0,0,0,13.3,9,0
0,0,0,0,17.0,4,0
0,0,0,0,11.692307692307692,11,1
0,0,0,0,17.4375,13,1
0,0,0,4,14.166666666666666,10,1
0,0,0,0,10.380952380952381,15,1
0,0,0,0,8.25,9,1
0,0,0,0,12.863636363636363,16,1
0,0,0,0,10.0,3,0
0,0,0,0,14.25,4,0
0,0,0,0,9.692307692307692,9,1
0,0,0,0,9.75,3,0
0,0,0,0,12.333333333333334,3,0
0,0,0,0,12.571428571428571,5,0
0,0,0,0,15.5,3,0
0,0,0,0,10.0,3,0
0,0,0,0,16.0,1,0
0,0,0,0,11.0,1,0
0,0,0,0,11.0,1,0
0,0,0,0,14.0,1,0
0,0,0,0,10.0,2,0
0,0,0,0,8.0,1,0
0,0,0,0,12.5,2,0
0,0,0,0,11.5,2,0
0,0,0,0,14.0,2,0
0,0,0,2,10.25,3,0
0,0,0,0,8.75,4,0
0,0,0,0,13.5,2,0
0,0,0,1,8.75,4,0
0,0,0,0,10.0,1,0
0,0,0,0,15.0,1,0
0,0,0,0,15.0,1,0
0,0,0,0,12.0,1,0
0,0,0,0,21.0,1,0
0,0,0,0,9.0,1,0
0,0,0,0,7.0,1,0
0,0,0,0,12.0,1,0
0,0,0,0,8.0,1,0
0,0,0,1,12.0,1,0
0,0,0,0,10.0,1,0
0,0,0,0,18.0,1,0
0,0,0,0,8.0,1,0
0,0,0,0,13.666666666666666,2,0
0,0,0,0,5.833333333333333,5,0
0,0,0,0,12.666666666666666,2,0
0,0,0,0,14.5,2,0
0,0,0,0,13.666666666666666,5,0
0,0,0,0,12.833333333333334,10,1
0,0,0,0,12.23076923076923,12,1
0,0,0,1,10.0,7,1
0,0,0,0,15.619047619047619,16,1
0,0,0,0,13.380952380952381,14,1
0,0,0,0,12.178571428571429,24,1
0,0,0,0,10.727272727272727,18,1
0,0,0,1,12.285714285714286,25,1
0,0,0,0,14.526315789473685,24,1
0,0,0,0,13.18421052631579,31,1
0,0,0,0,11.1,17,1
0,0,0,1,16.0,13,1
0,0,0,0,12.647058823529411,16,1
0,0,0,0,13.833333333333334,5,0
0,0,0,0,10.4,5,0
0,0,0,0,12.75,4,0
0,0,0,0,8.666666666666666,3,0
0,0,0,0,10.0,4,0
0,0,0,0,10.0,2,0
0,0,0,0,11.5,2,0
0,0,0,0,10.0,1,0
0,0,0,0,19.666666666666668,2,0
0,0,0,0,19.0,1,0
0,0,0,0,10.0,1,0
0,0,0,0,17.5,2,0
0,0,0,0,7.0,1,0
0,0,0,0,11.0,1,0
0,0,0,0,6.0,1,0
0,0,0,0,7.0,1,0
0,0,0,0,7.0,1,0
0,0,0,0,8.0,1,0
0,0,0,0,11.0,1,0
0,0,0,0,6.0,1,0
0,0,0,0,9.0,1,0
0,0,0,0,11.0,1,0
0,0,0,0,23.0,1,0
0,0,0,0,17.0,1,0
0,0,0,0,8.0,1,0
0,0,0,0,12.0,1,0
0,0,0,0,13.0,1,0
0,0,0,0,15.0,1,0
0,0,0,0,10.5,2,0
0,0,0,0,11.0,4,0
0,0,0,0,8.0,1,0
0,0,0,0,22.5,1,0
0,0,0,1,12.5,3,0
0,0,0,0,8.0,2,0
0,0,0,0,9.0,1,0
0,0,0,0,0.0,1,0
0,0,0,0,13.0,1,0
0,0,0,0,20.0,1,0
0,0,0,0,18.0,1,0
0,0,0,0,1.0,1,0
0,0,0,0,23.0,1,0
0,0,0,0,20.0,1,0
0,0,0,0,22.0,1,0
0,0,0,0,21.0,1,0
0,0,0,0,16.0,1,0
0,0,0,0,10.0,1,0
0,0,0,0,0.0,1,0
0,0,0,0,6.0,1,0
0,0,0,0,11.0,1,0
0,0,0,0,19.0,1,0
0,0,0,0,12.0,1,0
0,0,0,0,23.0,1,0
0,0,0,0,23.0,1,0
0,0,0,0,12.0,1,0
0,0,0,0,11.0,1,0
0,0,0,0,23.0,1,0
0,0,0,0,23.0,1,0
0,0,0,0,8.0,1,0
0,0,0,0,22.0,1,0
0,0,0,0,8.0,1,0
0,0,0,0,15.0,1,0
0,0,0,0,22.0,1,0
0,0,0,0,19.0,1,0
0,0,0,0,2.0,1,0
0,0,0,0,15.0,1,0
0,0,0,0,19.0,1,0
0,0,0,0,8.0,1,0
0,0,0,0,18.5,2,0
0,0,0,0,13.0,1,0
0,0,0,0,9.0,1,0
0,0,0,0,11.0,1,0
0,0,0,0,18.0,1,0
0,0,0,0,18.0,1,0
0,0,0,0,23.0,1,0
0,0,0,0,23.0,1,0
0,0,0,0,19.0,1,0
0,0,0,0,8.0,1,0
0,0,0,0,14.0,1,0
0,0,0,0,2.0,1,0
0,0,0,0,23.0,1,0
0,0,0,0,10.0,1,0
0,0,0,0,11.0,1,0
0,0,0,0,11.0,1,0
0,0,0,0,22.0,1,0
0,0,0,0,7.0,1,0
0,0,0,0,14.0,1,0
0,0,0,0,14.0,1,0
0,0,0,0,2.0,1,0
0,0,0,0,20.0,1,0
0,0,0,0,9.0,1,0
0,0,0,0,10.0,1,0
0,0,0,0,0.0,1,0
0,0,0,0,12.0,1,0
0,0,0,0,21.0,1,0
0,0,0,0,9.0,1,0
0,0,0,0,14.0,1,0
0,0,0,0,10.0,1,0
0,0,0,0,20.0,1,0
0,0,0,0,10.0,1,0
0,0,0,0,0.0,1,0
0,0,0,0,17.0,1,0
0,0,0,0,10.0,1,0
0,0,0,0,23.0,1,0
0,0,0,0,10.0,2,0
0,0,0,0,20.0,1,0
0,0,0,0,16.0,1,0
0,0,0,0,23.0,1,0
0,0,0,0,19.2,3,0
0,0,0,0,10.0,2,0
0,0,0,0,20.0,1,0
0,0,0,0,4.0,1,0
0,0,0,0,9.0,1,0
0,0,0,0,15.428571428571429,11,1
0,1,0,0,16.22222222222222,22,1
0,0,0,0,10.904761904761905,30,1
0,0,0,0,10.62962962962963,17,1
0,2,0,0,13.128712871287128,75,1
0,0,0,0,13.558823529411764,24,1
0,0,0,0,19.0,1,0
0,0,0,0,22.0,1,0
0,0,0,0,16.0,1,0
0,0,0,0,22.4,2,0
0,0,0,0,12.0,1,0
0,0,0,0,21.0,1,0
0,0,0,0,9.0,1,0
0,0,0,0,3.0,1,0
0,0,0,0,20.0,1,0
0,0,0,0,0.0,1,0
0,0,0,0,23.0,1,0
0,0,0,0,3.0,1,0
0,0,0,2,20.0,1,0
0,0,0,0,13.0,2,0
0,0,0,0,15.4,4,0
0,0,0,0,13.0,1,0
0,0,0,0,22.0,1,0
0,0,0,0,3.0,1,0
0,0,0,0,4.5,2,0
0,0,0,0,16.333333333333332,3,0
0,0,0,0,11.0,1,0
0,0,0,0,1.0,1,0
0,0,0,0,18.0,2,0
0,0,0,0,8.0,1,0
0,0,0,0,0.0,1,0
0,0,0,0,2.0,1,0
0,0,0,0,20.0,2,0
0,0,0,0,16.0,1,0
0,0,0,0,23.0,1,0
0,0,0,0,0.0,1,0
0,0,0,0,9.4,5,0
0,0,0,0,12.411764705882353,15,1
0,0,0,0,7.0,1,0
0,0,0,0,18.5,2,0
0,0,0,0,8.0,2,0
0,0,0,0,15.5,3,0
0,0,0,0,13.037974683544304,56,1
0,0,0,2,13.571428571428571,68,1
0,0,0,7,12.45,52,1
0,0,0,1,12.64516129032258,26,1
0,0,0,2,12.75,9,1
0,0,0,0,10.571428571428571,16,1
0,0,0,0,6.5,7,1
0,0,0,0,11.612903225806452,22,1
0,0,0,1,13.0,24,1
0,0,0,0,15.0,25,1
0,0,0,0,11.821428571428571,21,1
0,0,0,0,12.857142857142858,7,0
0,0,0,0,22.0,1,0
0,0,0,0,17.0,1,0
0,0,0,0,6.0,1,0
0,0,0,0,11.5,2,0
0,0,0,0,12.0,1,0
0,0,0,0,10.571428571428571,4,0
0,0,0,0,9.0,1,0
0,0,0,0,7.0,1,0
0,0,0,0,17.0,1,0
0,0,0,0,10.0,1,0
0,0,0,0,15.0,1,0
0,0,0,0,17.0,1,0
0,0,0,0,14.0,1,0
0,0,0,0,8.0,1,0
0,0,0,0,20.0,1,0
0,0,0,0,9.0,1,0
0,0,0,0,11.0,1,0
0,0,0,0,17.0,1,0
0,0,0,0,22.0,1,0
0,0,0,0,22.0,1,0
0,0,0,0,9.0,1,0
0,0,0,0,18.0,1,0
0,0,0,0,22.0,1,0
0,0,0,0,7.0,1,0
0,0,0,0,8.0,1,0
0,0,0,0,18.0,1,0
0,0,0,0,20.75,2,0
0,0,0,0,16.0,1,0
0,0,0,0,11.0,1,0
0,0,0,0,8.0,1,0
0,0,0,0,10.5,2,0
0,0,0,0,0.0,1,0
0,0,0,0,12.0,1,0
0,0,0,0,11.5,2,0
0,0,0,0,14.75,4,0
0,0,0,0,8.0,1,0
0,0,0,0,7.0,1,0
0,0,0,0,14.428571428571429,6,0
0,0,0,0,10.857142857142858,7,0
0,0,0,0,11.75,5,0
0,0,0,0,15.0,5,0
0,0,0,0,21.0,1,0
0,0,0,0,6.0,1,0
0,0,0,0,23.0,1,0
0,0,0,0,23.0,1,0
0,0,0,0,14.0,1,0
0,0,0,0,19.5,2,0
0,0,0,0,9.0,1,0
0,0,0,0,1.0,1,0
0,0,0,0,17.333333333333332,2,0
0,0,0,0,12.25,4,0
0,0,0,0,14.666666666666666,2,0
0,0,0,0,22.0,1,0
0,0,0,0,21.0,1,0
0,0,0,0,12.846153846153847,11,1
0,0,0,0,15.555555555555555,8,0
0,0,0,0,8.545454545454545,6,0
0,0,0,0,11.181818181818182,9,0
0,0,0,0,15.0,1,0
0,0,0,0,21.0,1,0
0,0,0,0,16.0,1,0
0,0,0,0,21.0,1,0
0,0,0,0,4.0,1,0
0,0,0,0,16.0,1,0
0,0,0,0,21.0,1,0
0,0,0,0,1.0,1,0
0,0,0,0,9.8,3,0
0,0,0,0,11.714285714285714,3,0
0,0,0,0,23.0,1,0
0,0,0,0,4.0,1,0
0,0,0,0,18.0,2,0
0,0,0,0,2.2,2,0
0,0,0,0,18.5,2,0
0,0,0,0,12.523809523809524,8,1
0,0,0,0,13.166666666666666,5,0
0,0,0,0,11.25,4,0
0,0,0,0,10.5,2,0
0,0,0,0,19.0,2,0
0,0,0,0,8.8,3,0
0,0,0,0,11.380952380952381,14,1
0,0,0,3,16.055555555555557,15,1
0,0,0,0,17.941176470588236,12,1
0,0,0,0,10.285714285714286,6,1
0,0,0,0,18.333333333333332,3,0
0,0,0,0,22.0,1,0
0,0,0,0,0.0,1,0
0,0,0,0,16.0,4,0
0,0,0,0,23.0,2,0
0,0,0,0,18.0,1,0
0,0,0,0,20.0,1,0
0,0,0,0,8.5,2,0
0,0,0,0,18.0,1,0
0,0,0,0,13.0,1,0
0,0,0,0,11.0,1,0
0,0,0,0,1.0,1,0
0,0,0,0,16.0,4,0
0,0,0,0,17.0,1,0
0,0,0,0,14.0,1,0
0,0,0,0,10.0,1,0
0,0,0,0,21.0,1,0
0,0,0,0,15.25,2,0
0,0,0,1,20.0,1,0
0,0,0,0,19.0,1,0
0,0,0,0,23.0,1,0
0,0,0,0,9.0,1,0
0,0,0,0,5.666666666666667,2,0
0,0,0,0,9.0,1,0
0,0,0,0,7.0,1,0
0,0,0,0,17.0,2,0
0,0,0,0,16.0,2,0
0,0,0,0,1.0,1,0
0,0,0,0,17.0,1,0
0,0,0,0,13.5,2,0
0,0,0,0,16.0,3,0
0,0,0,0,15.25,4,0
0,0,0,0,7.0,1,0
0,0,0,0,22.0,1,0
0,0,0,0,21.5,3,0
0,0,0,0,21.5,2,0
0,0,0,0,13.0,1,0
0,0,0,0,19.0,1,0
0,0,0,0,21.0,1,0
0,0,0,0,21.0,1,0
0,0,0,0,13.5,2,0
0,0,0,0,22.0,1,0
0,0,0,0,19.0,2,0
0,0,0,0,22.0,1,0
0,0,0,0,0.0,1,0
0,0,0,0,0.0,1,0
0,0,0,1,1.0,1,0
0,0,0,0,8.0,1,0
0,0,0,0,14.0,1,0
0,0,0,0,14.0,1,0
0,0,0,0,2.0,1,0
0,0,0,0,17.0,1,0
0,0,0,0,10.0,1,0
0,0,0,0,14.0,1,0
0,0,0,0,8.666666666666666,4,0
0,0,0,0,12.625,7,0
0,0,0,0,9.0,2,0
0,0,0,0,6.0,2,0
0,0,0,0,10.0,1,0
0,0,0,0,21.0,1,0
0,0,0,0,17.0,1,0
0,0,0,0,23.0,1,0
0,0,0,0,22.0,1,0
0,0,0,0,1.0,1,0
0,0,0,0,1.0,1,0
0,0,0,0,23.0,1,0
0,0,0,0,8.0,1,0
0,0,0,0,21.0,1,0
0,0,0,0,18.0,1,0
0,0,0,0,12.0,1,0
0,0,0,0,17.0,1,0
0,0,0,0,18.0,1,0
0,0,0,3,17.8,2,0
0,0,0,0,22.0,1,0
0,0,0,1,4.0,1,0
0,0,0,0,11.0,1,0
0,0,0,0,12.0,1,0
0,0,0,0,20.0,1,0
0,0,0,0,11.0,1,0
0,0,0,0,7.0,1,0
0,0,0,0,20.0,1,0
0,0,0,0,18.0,1,0
0,0,0,0,12.0,1,0
0,0,0,0,19.0,1,0
0,0,0,0,14.0,1,0
0,0,0,0,12.5,2,0
0,0,0,0,10.0,1,0
0,0,0,0,21.5,2,0
0,0,0,0,12.5,2,0
0,0,0,0,20.0,1,0
0,0,0,0,22.0,1,0
0,0,0,0,8.0,1,0
0,0,0,0,19.0,1,0
0,0,0,0,2.0,1,0
0,0,0,0,1.0,1,0
0,0,0,0,16.0,1,0
0,0,0,0,0.0,1,0
0,0,0,0,8.0,1,0
0,0,0,0,13.0,1,0
0,0,0,0,12.0,1,0
0,0,0,0,10.8,14,1
0,0,0,0,13.882352941176471,26,1
0,0,0,2,12.7,22,1
0,0,0,0,11.7,9,0
0,0,0,0,9.333333333333334,2,0
0,0,0,0,14.5,5,0
0,0,0,0,8.0,1,0
0,0,0,0,20.0,1,0
0,0,0,0,23.0,1,0
0,0,0,0,23.0,1,0
0,0,0,0,1.0,1,0
0,0,0,0,16.0,1,0
0,0,0,0,14.0,1,0
0,0,0,0,21.0,1,0
0,0,0,0,2.0,1,0
0,0,0,0,13.833333333333334,11,1
0,0,0,1,12.0,9,0
0,0,0,0,13.333333333333334,3,0
0,0,0,2,10.636363636363637,8,0
0,0,0,0,11.692307692307692,12,1
0,0,0,0,14.181818181818182,18,1
0,0,0,0,15.333333333333334,12,1
0,0,0,0,15.0,18,1
0,0,0,0,14.0,5,0
0,0,0,0,9.0,1,0
0,0,0,0,8.0,1,0
0,0,0,0,23.0,1,0
0,0,0,3,0.0,1,0
0,0,0,0,17.0,1,0
0,0,0,0,20.5,2,0
0,0,0,0,16.0,1,0
0,0,0,0,18.0,1,0
0,0,0,0,16.5,2,0
0,0,0,0,7.0,1,0
0,0,0,0,21.0,1,0
0,0,0,0,1.0,1,0
0,0,0,0,23.0,1,0
0,0,0,0,23.0,1,0
0,0,0,0,3.0,1,0
0,0,0,0,22.0,1,0
0,0,0,0,20.0,1,0
0,0,0,0,6.2,2,0
0,0,0,1,17.6,4,0
0,0,0,0,22.0,1,0
0,0,0,0,13.0,1,0
0,0,0,0,22.0,1,0
0,0,0,0,12.0,1,0
0,0,0,0,2.0,1,0
0,0,0,0,19.0,1,0
0,0,0,0,10.0,1,0
0,0,0,0,16.0,1,0
0,0,0,0,12.0,1,0
0,0,0,0,12.0,1,0
0,0,0,0,13.0,1,0
0,0,0,0,20.0,1,0
0,0,0,0,14.0,1,0
0,0,0,0,12.4,4,0
0,0,0,3,18.77777777777778,6,0
0,0,0,1,14.733333333333333,10,1
0,0,0,0,14.73913043478261,15,1
0,0,0,0,14.0,17,1
0,0,0,0,12.545454545454545,15,1
0,0,0,0,13.8,10,0
0,0,0,0,10.736842105263158,31,1
0,0,0,0,13.166666666666666,12,1
0,0,0,2,17.612903225806452,25,1
0,0,0,0,11.931034482758621,22,1
0,0,0,0,14.576923076923077,15,1
0,0,0,0,14.583333333333334,13,1
0,0,0,0,14.791666666666666,20,1
0,0,0,0,17.333333333333332,2,0
0,0,0,0,3.0,1,0
0,0,0,0,1.8,3,0
0,0,0,0,2.0,1,0
0,0,0,0,20.0,1,0
0,0,0,0,17.0,1,0
0,0,0,0,22.0,1,0
0,0,0,0,1.0,1,0
0,0,0,0,17.0,1,0
0,0,0,0,18.0,1,0
0,0,0,2,4.0,1,0
0,0,0,0,14.0,1,0
0,0,0,0,18.0,1,0
0,0,0,0,23.0,1,0
0,0,0,0,16.0,1,0
0,0,0,0,8.0,1,0
0,0,0,0,4.5,2,0
0,0,0,3,8.0,3,0
0,0,0,0,0.0,1,0
0,0,0,0,20.0,1,0
0,0,0,0,22.0,1,0
0,0,0,0,23.0,1,0
0,0,0,0,3.0,1,0
0,0,0,0,21.0,1,0
0,0,0,0,23.0,1,0
0,0,0,0,19.0,1,0
0,0,0,0,3.0,1,0
0,0,0,0,10.0,1,0
0,0,0,0,10.5,2,0
0,0,0,0,13.0,1,0
0,0,0,0,10.0,1,0
0,0,0,1,13.5,2,0
0,0,0,0,9.0,1,0
0,0,0,0,13.0,1,0
0,0,0,0,16.0,1,0
0,0,0,0,7.0,1,0
0,0,0,0,11.0,1,0
0,0,0,0,14.0,1,0
0,0,0,0,9.0,1,0
0,0,0,0,22.0,1,0
0,0,0,0,13.0,5,0
0,0,0,0,12.333333333333334,3,0
0,0,0,0,10.157894736842104,13,1
0,0,0,0,11.411764705882353,14,1
0,0,0,0,11.75,9,1
0,0,0,0,11.090909090909092,9,0
0,0,0,0,12.411764705882353,16,1
0,0,0,0,10.266666666666667,12,1
0,0,0,0,7.0,3,0
0,0,0,0,13.636363636363637,11,0
0,0,0,0,16.5,7,0
0,0,0,0,11.625,13,1
0,0,0,0,19.0,2,0
0,0,0,0,11.0,6,0
0,0,0,0,9.636363636363637,10,0
0,0,0,0,10.125,7,0
0,0,0,0,13.5,4,0
0,0,0,0,13.25,3,0
0,0,0,0,13.0,1,0
0,0,0,0,21.0,1,0
0,0,0,0,17.0,1,0
0,0,0,0,18.0,1,0
0,0,0,0,14.0,1,0
0,0,0,0,18.0,1,0
0,0,0,0,10.0,1,0
0,0,0,0,1.0,1,0
0,0,0,0,10.0,1,0
0,0,0,0,9.0,1,0
0,0,0,0,22.0,1,0
0,0,0,0,10.0,1,0
0,0,0,0,20.0,1,0
0,0,0,0,17.6,4,0
0,0,0,0,4.5,2,0
0,0,0,0,16.5,4,0
0,0,0,0,17.0,3,0
0,0,0,0,14.428571428571429,5,0
0,0,0,0,11.0,1,0
0,0,0,0,10.785714285714286,10,1
0,0,0,0,13.777777777777779,7,0
0,0,0,0,19.0,2,0
0,0,0,0,13.666666666666666,2,0
0,0,0,0,21.5,2,0
0,0,0,0,18.0,5,0
0,0,0,0,12.833333333333334,10,1
0,0,0,0,11.0,1,0
0,0,0,0,14.0,3,0
0,0,0,0,17.0,5,0
0,0,0,0,15.0,1,0
0,0,0,0,9.0,1,0
0,0,0,0,6.0,1,0
0,0,0,0,8.0,1,0
0,0,0,0,19.0,1,0
0,0,0,0,7.0,1,0
0,0,0,0,19.0,1,0
0,0,0,0,4.0,1,0
0,0,0,0,0.0,1,0
0,0,0,0,20.0,1,0
0,0,0,0,13.333333333333334,2,0
0,0,0,0,16.666666666666668,3,0
0,3,0,0,16.6,2,0
0,0,0,0,16.666666666666668,2,0
0,0,0,0,15.666666666666666,3,0
0,0,0,0,21.0,1,0
0,0,0,0,12.0,1,0
0,0,0,0,15.5,2,0
0,0,0,0,9.333333333333334,3,0
0,0,0,0,10.0,1,0
0,0,0,0,13.0,1,0
0,0,0,0,21.0,1,0
0,0,0,0,17.0,1,0
0,0,0,0,15.0,1,0
0,0,0,0,14.0,1,0
0,0,0,0,22.0,1,0
0,0,0,1,8.0,1,0
0,0,0,0,14.333333333333334,3,0
0,0,0,0,5.666666666666667,3,0
0,0,0,0,11.0,3,0
0,0,0,0,14.0,1,0
0,0,0,0,20.0,1,0
0,0,0,0,7.666666666666667,3,0
0,0,0,0,12.25,3,0
0,0,0,0,11.714285714285714,4,0
0,0,0,0,7.333333333333333,3,0
0,0,0,0,16.0,1,0
0,0,0,0,4.5,2,0
0,0,0,0,6.0,1,0
0,0,0,0,23.0,1,0
0,0,0,0,15.0,1,0
0,0,0,0,9.0,1,0
0,0,0,0,23.0,1,0
0,0,0,0,12.0,1,0
0,0,0,0,20.0,1,0
0,0,0,0,21.0,1,0
0,0,0,0,16.5,2,0
0,0,0,0,17.0,1,0
0,0,0,1,2.0,1,0
0,0,0,0,22.0,1,0
0,0,0,0,17.833333333333332,2,0
0,0,0,0,23.0,1,0
0,0,0,0,11.0,1,0
0,0,0,0,17.0,2,0
0,0,0,0,9.0,1,0
0,0,0,0,12.0,1,0
0,0,0,0,12.0,1,0
0,0,0,0,7.0,1,0
0,0,0,0,2.0,1,0
0,0,0,0,4.0,1,0
0,0,0,0,7.0,1,0
0,0,0,0,0.0,1,0
0,0,0,0,5.0,1,0
0,0,0,0,22.0,1,0
0,0,0,0,21.0,2,0
0,0,0,0,19.0,1,0
0,0,0,0,17.0,1,0
0,0,0,0,10.0,1,0
0,0,0,0,14.0,1,0
0,0,0,0,21.0,1,0
0,0,0,0,22.0,1,0
0,0,0,0,13.333333333333334,3,0
0,0,0,0,16.6,9,0
0,0,0,1,15.416666666666666,9,1
0,0,0,0,14.428571428571429,9,1
0,0,0,0,14.444444444444445,7,0
0,0,0,0,14.0,3,0
0,0,0,0,10.692307692307692,10,1
0,0,0,0,11.625,6,0
0,0,0,0,14.75,4,0
0,0,0,0,14.785714285714286,12,1
0,0,0,0,15.0,2,0
0,1,0,1,14.4,5,0
0,0,0,0,13.0,1,0
0,0,0,0,12.75,4,0
0,0,0,0,11.8,8,0
0,0,0,0,15.2,9,0
0,0,0,0,14.5,2,0
0,0,0,0,17.5,2,0
0,0,0,0,10.5,2,0
0,0,0,0,22.0,1,0
0,0,0,0,11.0,1,0
0,0,0,0,20.666666666666668,2,0
0,0,0,0,14.5,2,0
0,0,0,0,15.5,2,0
0,0,0,0,0.0,1,0
0,0,0,0,1.0,1,0
0,0,0,0,12.0,1,0
0,0,0,0,17.0,1,0
0,0,0,0,13.0,1,0
0,0,0,0,16.0,1,0
0,0,0,0,17.0,1,0
0,0,0,0,13.0,3,0
0,0,0,0,8.75,2,0
0,0,0,0,17.833333333333332,7,1
0,0,0,0,18.0,5,0
0,0,0,0,22.0,1,0
0,0,0,0,11.0,1,0
0,0,0,0,12.0,1,0
0,0,0,0,7.0,1,0
0,0,0,0,0.0,1,0
0,0,0,0,15.0,1,0
0,0,0,0,17.0,1,0
0,0,0,1,12.5,2,0
0,0,0,0,9.0,2,0
0,0,0,0,0.0,1,0
0,0,0,3,19.6,4,0
0,0,0,0,10.0,2,0
0,0,0,0,23.0,1,0
0,0,0,0,23.0,1,0
0,0,0,0,22.0,1,0
0,0,0,0,15.375,6,0
0,0,0,0,10.5,2,0
0,0,0,0,14.666666666666666,2,0
0,0,0,0,12.333333333333334,4,0
0,0,0,0,14.666666666666666,2,0
0,0,0,0,15.0,1,0
0,0,0,0,0.0,1,0
0,0,0,0,12.0,1,0
0,0,0,0,17.0,1,0
0,0,0,0,18.0,1,0
0,0,0,0,0.0,1,0
0,0,0,0,19.0,1,0
0,0,0,0,18.0,1,0
0,0,0,0,0.0,1,0
0,0,0,0,0.0,1,0
0,0,0,0,18.0,1,0
0,0,0,0,3.0,1,0
0,0,0,0,1.0,1,0
0,0,0,0,16.0,1,0
0,0,0,0,20.0,1,0
0,0,0,0,23.0,1,0
0,0,0,0,1.0,1,0
0,0,0,0,20.0,1,0
0,0,0,0,10.0,1,0
0,0,0,0,14.0,2,0
0,0,0,0,18.0,1,0
0,0,0,0,21.0,1,0
0,0,0,0,15.0,1,0
0,0,0,0,18.0,1,0
0,0,0,0,16.0,1,0
0,0,0,0,20.666666666666668,3,0
0,0,0,0,14.666666666666666,3,0
0,0,0,0,23.0,1,0
0,0,0,0,21.0,1,0
0,0,0,0,14.0,1,0
0,0,0,0,18.0,1,0
0,0,0,0,21.0,1,0
0,0,0,0,13.666666666666666,3,0
0,0,0,0,18.0,1,0
0,0,0,0,16.0,1,0
0,0,0,0,18.0,1,0
0,0,0,0,15.0,1,0
0,0,0,0,19.0,1,0
0,0,0,0,11.0,1,0
0,0,0,0,10.0,1,0
0,0,0,0,22.0,1,0
0,0,0,0,23.0,1,0
0,0,0,0,3.0,1,0
0,0,0,0,8.0,1,0
0,0,0,0,8.0,1,0
0,0,0,0,7.0,1,0
0,0,0,0,7.0,1,0
0,0,0,0,18.5,2,0
0,0,0,0,18.0,1,0
0,0,0,0,9.0,1,0
0,0,0,2,14.125,7,0
0,0,0,0,4.0,1,0
0,0,0,0,21.0,1,0
0,0,0,0,5.5,2,0
0,0,0,0,4.0,1,0
0,0,0,0,22.0,1,0
0,0,0,0,10.0,1,0
0,0,0,0,6.0,1,0
0,0,0,0,4.333333333333333,3,0
0,0,0,0,17.764705882352942,9,1
0,0,0,0,2.0,1,0
0,0,0,0,22.0,3,0
0,0,0,0,15.0,1,0
0,0,0,0,10.5,2,0
0,0,0,0,5.0,2,0
0,0,0,0,15.0,1,0
0,0,0,0,13.0,1,0
0,0,0,0,13.0,1,0
0,0,0,0,8.0,1,0
0,0,0,0,14.0,1,0
0,0,0,0,13.666666666666666,2,0
0,0,0,0,23.0,1,0
0,0,0,0,4.0,2,0
0,0,0,0,0.0,1,0
0,0,0,0,20.0,1,0
0,0,0,0,7.0,1,0
0,0,0,0,8.0,1,0
0,0,0,0,19.0,1,0
0,0,0,0,11.0,1,0
0,0,0,0,6.0,1,0
0,0,0,0,23.0,1,0
0,0,0,0,9.0,1,0
0,0,0,0,23.0,1,0
0,0,0,0,7.0,1,0
0,0,0,0,2.0,1,0
0,0,0,0,18.5,2,0
0,0,0,0,8.0,1,0
0,0,0,0,17.0,1,0
0,0,0,0,21.0,1,0
0,0,0,0,20.0,1,0
0,0,0,0,9.0,1,0
0,0,0,0,18.0,1,0
0,0,0,0,0.0,1,0
0,0,0,0,10.0,1,0
0,0,0,0,22.0,1,0
0,0,0,0,23.0,1,0
0,0,0,0,9.0,1,0
0,0,0,0,8.0,1,0
0,0,0,0,12.0,1,0
0,0,0,0,7.0,1,0
0,0,0,0,22.0,1,0
0,0,0,0,16.0,1,0
0,0,0,0,19.0,1,0
0,0,0,0,16.5,2,0
0,0,0,0,11.0,1,0
0,0,0,0,14.0,1,0
0,0,0,0,3.0,1,0
0,0,0,1,3.0,1,0
0,0,0,0,10.0,1,0
0,0,1,0,19.2,5,0
0,0,0,0,17.0,1,0
0,0,0,0,2.0,3,0
0,0,0,0,17.0,2,0
0,0,0,0,5.0,2,0
0,0,0,0,20.0,1,0
0,0,0,0,7.0,1,0
0,0,0,0,3.0,1,0
0,0,0,0,7.0,1,0
0,0,0,0,9.0,1,0
0,0,0,0,0.0,1,0
0,0,0,0,8.0,1,0
0,0,0,0,11.0,1,0
0,0,0,0,9.0,2,0
0,0,0,0,9.0,1,0
0,0,0,0,18.0,1,0
0,0,0,0,22.0,1,0
0,0,0,0,10.5,2,0
0,0,0,0,11.0,3,0
0,0,0,4,16.8,2,0
0,0,0,0,17.5,2,0
0,0,0,0,13.0,1,0
0,0,0,0,23.0,1,0
0,0,0,0,11.0,1,0
0,0,0,0,9.0,1,0
0,0,0,0,20.0,1,0
0,0,0,0,13.0,1,0
0,0,0,0,10.0,1,0
0,0,0,0,1.0,1,0
0,0,0,0,17.0,1,0
0,0,0,0,22.0,1,0
0,0,0,0,20.0,1,0
0,0,0,0,21.0,1,0
0,0,0,0,9.6,4,0
0,0,0,0,21.0,1,0
0,0,0,0,11.0,1,0
0,0,0,0,7.0,1,0
0,0,0,0,22.0,1,0
0,0,0,0,16.428571428571427,4,0
0,0,0,0,10.875,5,0
0,0,0,0,11.88888888888889,8,0
0,0,0,0,5.857142857142857,4,0
0,0,0,0,11.170731707317072,28,1
0,0,0,2,9.666666666666666,9,1
0,0,0,0,15.0,1,0
0,0,0,0,6.0,1,0
0,0,0,0,20.0,1,0
0,0,0,0,14.0,1,0
0,0,0,1,20.5,2,0
0,0,0,0,11.5,2,0
0,0,0,0,18.0,2,0
0,0,0,0,15.666666666666666,3,0
0,0,0,0,12.5,3,0
0,0,0,0,22.0,1,0
0,0,0,0,9.571428571428571,6,0
0,0,0,0,8.0,2,0
0,0,0,0,23.0,1,0
0,0,0,0,22.0,1,0
0,0,0,0,20.0,1,0
0,0,0,0,13.0,2,0
0,0,0,0,8.0,1,0
0,0,0,0,12.0,1,0
0,0,0,0,22.0,1,0
0,0,0,0,13.0,1,0
0,0,0,0,23.0,1,0
0,0,0,0,21.0,1,0
0,0,0,0,19.0,1,0
0,0,0,0,9.0,1,0
0,0,0,0,6.0,1,0
0,0,0,0,8.0,1,0
0,0,0,0,23.0,1,0
0,0,0,0,14.0,1,0
0,0,0,0,0.0,1,0
0,0,0,0,23.0,1,0
0,0,0,0,9.0,1,0
0,0,0,0,19.0,1,0
0,0,0,0,23.0,1,0
0,0,0,0,11.5,2,0
0,0,0,0,13.4,5,0
0,0,0,0,18.0,1,0
0,0,0,0,16.0,1,0
0,0,0,0,11.0,1,0
0,0,0,0,14.0,1,0
0,0,0,0,15.3125,14,1
0,0,0,1,12.266666666666667,21,1
0,0,0,0,15.785714285714286,13,1
0,0,0,0,15.3,16,1
0,0,0,0,12.727272727272727,5,0
0,0,0,0,11.88888888888889,13,1
0,0,0,0,10.666666666666666,3,0
0,0,0,0,14.166666666666666,10,1
0,0,0,0,12.066666666666666,15,1
0,0,0,0,15.714285714285714,7,0
0,0,0,0,8.8,5,0
0,0,0,0,11.0,1,0
0,0,0,0,21.0,1,0
0,0,0,0,21.0,1,0
0,0,0,0,20.0,1,0
0,0,0,0,1.0,1,0
0,0,0,0,9.0,1,0
0,0,0,0,14.0,1,0
0,0,0,0,8.0,1,0
0,0,0,0,15.0,1,0
0,0,0,0,17.0,1,0
0,0,0,0,14.0,1,0
0,0,0,0,8.0,1,0
0,0,0,0,8.0,1,0
0,0,0,0,11.0,1,0
0,0,0,0,7.0,2,0
0,0,0,0,14.5,2,0
0,0,0,0,6.75,3,0
0,0,0,0,14.5,2,0
0,0,0,0,23.0,1,0
0,0,0,0,16.0,1,0
0,0,0,0,0.0,1,0
0,0,0,0,18.0,4,0
0,0,0,0,19.0,1,0
0,0,0,1,13.8,3,0
0,0,0,1,13.0,1,0
0,0,0,0,8.5,2,0
0,0,0,0,16.0,3,0
0,0,0,0,23.0,1,0
0,0,0,0,18.0,2,0
0,0,0,0,1.0,1,0
0,0,0,0,19.666666666666668,2,0
0,0,0,0,18.0,2,0
0,0,0,0,18.333333333333332,7,0
0,0,0,0,19.0,1,0
0,0,0,2,6.375,5,0
0,0,0,0,8.333333333333334,3,0
0,0,0,0,2.0,1,0
0,0,0,0,23.0,1,0
0,0,0,0,21.0,1,0
0,0,0,0,17.0,1,0
0,0,0,0,10.0,1,0
0,0,0,0,18.666666666666668,2,0
0,0,0,0,1.0,1,0
0,0,0,0,7.0,1,0
0,0,0,0,12.0,1,0
0,0,0,0,15.0,1,0
0,0,0,0,14.0,1,0
0,0,0,0,15.0,1,0
0,0,0,0,23.0,1,0
0,0,0,0,8.0,1,0
0,0,0,0,20.0,1,0
0,0,0,0,16.0,1,0
0,0,0,0,22.0,2,0
0,0,0,0,20.0,1,0
0,0,0,0,21.0,1,0
0,0,0,0,10.0,1,0
0,0,0,0,16.0,3,0
0,0,0,0,19.571428571428573,7,0
0,0,0,0,13.964285714285714,21,1
0,0,0,0,15.454545454545455,17,1
0,0,0,0,12.666666666666666,18,1
0,0,0,0,13.933333333333334,10,1
0,0,0,0,13.88888888888889,8,0
0,0,0,0,13.857142857142858,32,1
0,0,0,0,10.446808510638299,40,1
0,0,0,0,12.857142857142858,29,1
0,0,0,0,12.11111111111111,15,1
0,0,0,0,11.526315789473685,15,1
0,0,0,0,9.6875,13,1
0,0,0,0,14.714285714285714,10,1
0,0,0,0,12.909090909090908,27,1
0,0,0,1,13.35135135135135,28,1
0,0,0,0,12.583333333333334,17,1
0,0,0,0,12.210526315789474,31,1
0,0,0,0,5.333333333333333,5,0
0,0,0,0,18.0,1,0
0,0,0,0,15.0,1,0
0,0,0,1,7.0,1,0
0,0,0,0,14.333333333333334,3,0
0,0,0,0,12.4,5,0
0,0,0,0,13.0,1,0
0,0,0,0,19.0,1,0
0,0,0,0,0.0,1,0
0,0,0,0,2.0,1,0
0,0,0,0,3.0,1,0
0,0,0,0,12.0,1,0
0,0,0,0,7.0,1,0
0,0,0,0,9.0,2,0
0,0,0,0,6.5,2,0
0,0,0,0,13.5,4,0
0,0,0,0,13.0,1,0
0,0,0,0,14.4,5,0
0,0,0,0,13.0,1,0
0,0,0,0,12.0,6,0
0,0,0,0,13.214285714285714,13,1
0,0,0,0,14.857142857142858,6,0
0,0,0,0,10.8,4,0
0,0,0,0,23.0,1,0
0,0,0,0,0.0,1,0
0,0,0,0,18.0,2,0
0,0,0,0,14.0,1,0
0,0,0,0,22.0,1,0
0,0,0,0,23.0,1,0
0,0,0,0,21.0,1,0
0,0,0,0,4.0,1,0
0,0,0,0,13.0,1,0
0,0,0,0,11.0,2,0
0,0,0,0,5.0,3,0
0,0,0,0,21.0,1,0
0,0,0,0,8.0,1,0
0,0,0,0,22.5,2,0
0,0,0,0,1.0,1,0
0,0,0,0,23.0,1,0
0,0,0,0,15.0,1,0
0,0,0,0,0.0,1,0
0,0,0,0,21.0,1,0
0,0,0,0,7.8,4,0
0,0,0,0,16.0,1,0
0,0,0,0,14.0,2,0
0,0,0,3,0.0,1,0
0,0,0,0,11.0,1,0
0,0,0,0,1.0,1,0
0,0,0,0,9.0,1,0
0,0,0,0,20.0,1,0
0,0,0,0,14.5,2,0
0,0,0,0,12.0,1,0
0,0,0,0,20.0,1,0
0,0,0,0,13.0,1,0
0,0,0,0,20.0,1,0
0,0,0,0,6.0,1,0
0,0,0,0,16.0,1,0
0,0,0,0,9.5,2,0
0,0,0,0,8.0,1,0
0,0,0,0,12.0,1,0
0,0,0,0,14.0,1,0
0,0,0,0,11.0,2,0
0,0,0,0,9.0,1,0
0,0,0,0,12.0,1,0
0,0,0,0,12.0,1,0
0,0,0,0,23.0,1,0
0,0,0,0,0.0,1,0
0,0,0,0,19.0,1,0
0,0,0,0,11.0,1,0
0,0,0,0,10.923076923076923,10,1
0,0,0,0,11.692307692307692,11,1
0,0,0,1,10.666666666666666,15,1
0,0,0,0,17.75,7,0
0,0,0,1,3.2,4,0
0,0,0,0,8.0,2,0
0,0,0,0,1.0,1,0
0,0,0,0,2.0,1,0
0,0,0,0,19.0,1,0
0,0,0,0,3.4,4,0
0,0,0,0,11.2,5,0
0,0,0,0,15.0,5,0
0,0,0,0,7.5,4,0
0,0,0,0,14.428571428571429,6,0
0,0,0,0,16.545454545454547,11,0
0,0,0,0,9.166666666666666,16,1
0,0,0,0,17.5,5,0
0,0,0,0,13.333333333333334,4,0
0,0,0,0,0.0,1,0
0,0,0,0,13.0,1,0
0,0,0,0,11.0,1,0
0,0,0,0,11.0,1,0
0,0,0,0,5.333333333333333,2,0
0,0,0,0,10.0,1,0
0,0,0,0,2.0,1,0
0,0,0,0,20.666666666666668,2,0
0,0,0,0,0.0,1,0
0,0,0,0,7.0,1,0
0,0,0,0,17.0,1,0
0,0,0,0,14.333333333333334,2,0
0,0,0,0,2.0,1,0
0,0,0,0,0.0,1,0
0,0,0,0,1.0,1,0
0,0,0,0,18.0,1,0
0,0,0,0,20.0,1,0
0,0,0,0,3.0,1,0
0,0,0,0,13.0,1,0
0,0,0,0,7.0,1,0
0,0,0,0,16.75,2,0
0,0,0,0,20.75,2,0
0,0,0,0,10.666666666666666,3,0
0,0,0,0,7.0,2,0
0,0,0,0,13.125,7,0
0,0,0,0,11.4,8,0
0,0,0,0,15.666666666666666,3,0
0,0,0,0,13.0,9,0
0,0,0,0,14.166666666666666,6,0
0,0,0,3,9.0,6,0
0,0,0,0,12.7,13,1
0,0,0,0,14.38888888888889,13,1
0,0,0,1,7.5,4,0
0,0,0,0,13.583333333333334,8,1
0,0,0,0,12.0,2,0
0,0,0,0,10.0,1,0
0,0,0,0,23.0,1,0
0,0,0,0,0.0,1,0
0,0,0,0,7.0,1,0
0,0,0,0,2.0,1,0
0,0,0,0,20.0,1,0
0,0,0,0,7.0,1,0
0,0,0,0,8.0,1,0
0,0,0,0,9.0,1,0
0,0,0,0,22.0,1,0
0,0,0,0,18.0,1,0
0,0,0,0,23.0,1,0
0,0,0,0,14.5,2,0
0,0,0,0,8.0,1,0
0,0,0,0,14.0,1,0
0,0,0,0,9.0,1,0
0,0,0,0,22.0,1,0
0,0,0,0,7.0,1,0
0,0,0,0,12.333333333333334,3,0
0,0,0,0,7.0,1,0
0,0,0,0,13.5,2,0
0,0,0,0,21.0,1,0
0,0,0,0,13.5,4,0
0,0,0,0,10.0,1,0
0,0,0,0,14.0,1,0
0,0,0,0,13.88888888888889,7,0
0,0,0,0,7.75,4,0
0,0,0,0,22.0,1,0
0,0,0,0,8.0,1,0
0,0,0,0,12.0,1,0
0,0,0,0,8.0,1,0
0,0,0,0,10.0,1,0
0,0,0,1,17.0,1,0
0,0,0,0,17.0,1,0
0,0,0,0,12.0,1,0
0,0,0,0,16.0,1,0
0,0,0,0,14.0,1,0
0,0,0,0,17.0,1,0
0,0,0,0,10.0,1,0
0,0,0,0,23.0,1,0
0,0,0,0,10.0,1,0
0,0,0,0,15.6,5,0
0,0,0,0,14.181818181818182,11,0
0,0,0,0,10.923076923076923,11,1
0,0,0,0,16.125,8,0
0,0,0,0,14.2,5,0
0,0,0,0,10.0,1,0
0,0,0,0,8.0,1,0
0,0,0,0,12.0,1,0
0,0,0,0,9.0,1,0
0,0,0,0,16.0,1,0
0,0,0,0,17.0,1,0
0,0,0,0,9.0,1,0
0,0,0,0,16.0,1,0
0,0,0,0,14.692307692307692,7,1
0,0,0,1,19.875,5,0
0,0,0,0,0.0,1,0
0,0,0,0,8.666666666666666,2,0
0,0,0,1,8.833333333333334,8,1
0,0,0,0,10.214285714285714,9,1
0,0,0,1,13.5,2,0
0,0,0,0,20.0,2,0
0,0,0,2,19.0,3,0
0,0,0,0,15.5,2,0
0,0,0,0,5.0,3,0
0,0,0,0,22.0,1,0
0,0,0,0,1.0,2,0
0,0,0,0,10.0,1,0
0,0,0,0,19.0,1,0
0,0,0,0,12.0,2,0
0,0,0,0,8.0,1,0
0,0,0,0,17.0,1,0
0,0,0,0,22.0,1,0
0,0,0,0,17.0,1,0
0,0,0,0,12.666666666666666,3,0
0,0,0,0,20.5,2,0
0,0,0,0,13.5,2,0
0,0,0,0,16.5,4,0
0,0,0,0,16.5,2,0
0,0,0,0,14.0,1,0
0,0,0,0,21.0,2,0
0,0,0,2,9.2,4,0
0,0,0,0,20.0,1,0
0,0,0,0,22.0,1,0
0,0,0,0,21.0,1,0
0,0,0,0,16.0,1,0
0,0,0,0,20.0,1,0
0,0,0,0,17.0,1,0
0,0,0,0,23.0,1,0
0,0,0,0,11.0,1,0
0,0,0,0,17.0,1,0
0,0,0,0,10.0,1,0
0,0,0,0,20.666666666666668,2,0
0,0,0,0,9.0,1,0
0,0,0,0,0.0,1,0
0,0,0,0,10.25,4,0
0,0,0,0,10.0,1,0
0,0,0,0,12.0,1,0
0,0,0,0,11.0,1,0
0,0,0,0,8.0,1,0
0,0,0,0,7.0,1,0
0,0,0,0,6.0,1,0
0,0,0,0,11.0,2,0
0,0,0,0,16.75,3,0
0,0,0,0,20.0,1,0
0,0,0,0,18.0,1,0
0,0,0,0,16.0,1,0
0,0,0,0,2.0,1,0
0,0,0,0,23.0,1,0
0,0,0,0,18.0,1,0
0,0,0,2,16.5,3,0
0,0,0,0,8.0,1,0
0,0,0,0,15.0,1,0
0,0,0,0,23.0,1,0
0,0,0,0,8.333333333333334,2,0
0,0,0,0,18.0,1,0
0,0,0,0,22.0,1,0
0,0,0,0,8.0,1,0
0,0,0,0,5.0,1,0
0,0,0,0,10.0,1,0
0,0,0,0,14.0,1,0
0,0,0,0,6.0,1,0
0,0,0,0,13.0,1,0
0,0,0,0,23.0,1,0
0,0,0,0,7.0,1,0
0,0,0,0,17.0,3,0
0,0,0,0,23.0,1,0
0,0,0,0,15.0,1,0
0,0,0,0,15.0,2,0
0,0,0,0,14.166666666666666,5,0
0,0,0,0,5.875,5,0
0,0,0,0,10.5,5,0
0,0,0,0,14.333333333333334,3,0
0,0,0,0,13.5,7,0
0,0,0,0,12.666666666666666,6,0
0,0,0,0,16.75,3,0
0,0,0,0,5.25,3,0
0,0,0,0,6.666666666666667,3,0
0,0,0,0,12.0,2,0
0,0,0,0,2.0,1,0
0,0,0,0,12.5,2,0
0,0,0,0,7.75,4,0
0,0,0,0,9.545454545454545,5,0
0,0,0,0,15.0,2,0
0,0,0,0,14.0,2,0
0,0,0,0,6.0,2,0
0,0,0,0,22.0,1,0
0,0,0,0,11.0,1,0
0,0,0,0,13.0,1,0
0,0,0,0,16.0,1,0
0,0,0,0,17.0,2,0
0,0,0,0,14.6875,13,1
0,0,0,0,16.363636363636363,9,0
0,0,0,0,14.742857142857142,27,1
0,0,0,0,12.884615384615385,24,1
0,0,0,1,13.192307692307692,22,1
0,0,0,0,12.88888888888889,7,0
0,0,0,0,12.692307692307692,31,1
0,0,0,0,12.434782608695652,21,1
0,0,0,0,14.55,18,1
0,0,0,0,11.8,22,1
0,0,0,0,10.0,5,0
0,0,0,0,9.083333333333334,11,1
0,0,0,0,14.25,4,0
0,0,0,0,8.333333333333334,3,0
0,0,0,0,13.0,7,0
0,0,0,0,10.083333333333334,10,1
0,0,0,0,14.25,5,0
0,0,0,0,9.0,1,0
0,0,0,0,11.0,2,0
0,0,0,0,12.333333333333334,2,0
0,0,0,1,15.5,2,0
0,0,0,0,21.4,2,0
0,0,0,0,16.0,4,0
0,0,0,0,7.0,1,0
0,0,0,0,17.0,1,0
0,0,0,0,23.0,1,0
0,0,0,0,17.0,1,0
0,0,0,0,10.5,1,0
0,0,0,0,12.0,1,0
0,0,0,0,18.0,1,0
0,0,0,0,13.0,1,0
0,0,0,0,18.0,1,0
0,0,0,0,17.0,1,0
0,0,0,0,14.0,1,0
0,0,0,0,16.0,1,0
0,0,0,0,16.0,1,0
0,0,0,0,19.0,1,0
0,0,0,0,18.0,1,0
0,0,0,0,11.0,1,0
0,0,0,0,19.0,1,0
0,0,0,0,14.0,1,0
0,0,0,0,9.666666666666666,2,0
0,0,0,0,18.0,1,0
0,0,0,0,15.0,1,0
0,0,0,0,18.0,1,0
0,0,0,0,19.0,1,0
0,0,0,0,2.0,1,0
0,0,0,0,20.0,1,0
0,0,0,0,23.0,1,0
0,0,0,0,19.5,2,0
0,0,0,0,18.0,1,0
0,0,0,0,15.0,1,0
0,0,0,0,18.0,1,0
0,0,0,0,23.0,1,0
0,0,0,0,16.0,1,0
0,0,0,0,3.0,1,0
0,0,0,0,4.0,1,0
0,0,0,0,11.0,1,0
0,0,0,0,8.0,1,0
0,0,0,0,20.0,1,0
0,0,0,0,17.0,1,0
0,0,0,0,7.0,1,0
0,0,0,0,13.0,1,0
0,0,0,0,7.0,1,0
0,0,0,0,18.0,1,0
0,0,0,0,2.0,1,0
0,0,0,0,22.0,1,0
0,0,0,0,9.0,1,0
0,0,0,0,18.0,1,0
0,0,0,0,16.0,1,0
0,0,0,0,12.0,1,0
0,0,0,0,10.0,1,0
0,0,0,0,23.0,1,0
0,0,0,0,16.0,1,0
0,0,0,0,20.0,1,0
0,0,0,0,6.0,1,0
0,0,0,0,11.0,1,0
0,0,0,0,19.0,1,0
0,0,0,0,14.0,1,0
0,0,0,0,20.0,1,0
0,0,0,0,14.0,1,0
0,0,0,0,15.0,1,0
0,0,0,0,11.0,1,0
0,0,0,0,12.0,1,0
0,0,0,0,9.0,1,0
0,0,0,0,9.0,1,0
0,0,0,0,1.0,1,0
0,0,0,0,9.0,1,0
0,0,0,0,3.0,1,0
0,0,0,0,16.0,1,0
0,0,0,0,14.0,1,0
0,0,0,0,8.0,1,0
0,0,0,0,4.0,1,0
0,0,0,0,14.0,1,0
0,0,0,0,2.0,1,0
0,0,0,0,14.0,1,0
0,0,0,0,16.0,1,0
0,0,0,0,14.0,1,0
0,0,0,0,11.0,1,0
0,0,0,0,8.0,1,0
0,0,0,0,22.0,1,0
0,0,0,0,1.0,1,0
0,0,0,0,15.5,2,0
0,0,0,0,22.0,1,0
0,0,0,0,12.0,1,0
0,0,0,0,3.0,1,0
0,0,0,0,10.0,1,0
0,0,0,0,15.0,1,0
0,0,0,0,16.0,1,0
0,0,0,0,23.0,1,0
0,0,0,0,9.0,1,0
0,0,0,0,22.0,1,0
0,0,0,0,11.0,1,0
0,0,0,0,8.0,1,0
0,0,0,0,9.0,1,0
0,0,0,0,22.0,1,0
0,0,0,0,17.0,1,0
0,0,0,0,20.0,1,0
0,0,0,0,9.5,2,0
0,0,0,0,12.5,2,0
0,0,0,0,8.0,1,0
0,0,0,0,8.5,2,0
0,0,0,0,10.0,2,0
0,0,0,0,12.0,1,0
0,0,0,0,6.0,1,0
0,0,0,0,10.0,1,0
0,0,0,0,16.0,1,0
0,0,0,0,8.0,1,0
0,0,0,0,21.0,1,0
0,0,0,0,1.0,1,0
0,0,0,0,4.0,1,0
0,0,0,0,15.0,2,0
0,0,0,0,23.0,1,0
0,0,0,0,23.0,1,0
0,0,0,0,9.0,1,0
0,0,0,0,10.0,1,0
0,0,0,0,11.0,2,0
0,0,0,0,0.5,2,0
0,0,0,0,1.0,1,0
0,0,0,0,1.0,1,0
0,0,0,0,17.0,1,0
0,0,0,0,11.666666666666666,3,0
0,0,0,0,15.0,1,0
0,0,0,0,21.0,1,0
0,0,0,0,22.0,1,0
0,0,0,0,18.0,1,0
0,0,0,0,0.0,1,0
0,0,0,0,17.0,1,0
0,0,0,0,23.0,1,0
0,0,0,0,14.0,1,0
0,0,0,0,12.0,1,0
0,0,0,0,12.0,2,0
0,0,0,0,11.0,1,0
0,0,0,0,21.0,1,0
0,0,0,0,1.0,1,0
0,0,0,0,23.0,1,0
0,0,0,0,18.0,1,0
0,0,0,0,11.0,1,0
0,0,0,0,22.0,1,0
0,0,0,0,23.0,1,0
0,0,0,0,1.0,1,0
0,0,0,0,16.0,1,0
0,0,0,0,12.0,1,0
0,0,0,0,9.0,1,0
0,0,0,0,12.0,1,0
0,0,0,0,9.0,1,0
0,0,0,0,12.0,1,0
0,0,0,0,23.0,1,0
0,0,0,0,8.0,1,0
0,0,0,0,18.0,1,0
0,0,0,0,12.0,1,0
0,0,0,0,18.0,1,0
0,0,0,0,16.0,1,0
0,0,0,0,20.0,1,0
0,0,0,0,22.0,1,0
0,0,0,0,2.0,1,0
0,0,0,0,15.0,1,0
0,0,0,0,3.0,1,0
0,0,0,0,11.0,1,0
0,0,0,0,3.0,1,0
0,0,0,0,11.0,1,0
0,0,0,0,23.0,1,0
0,0,0,0,0.0,1,0
0,0,0,0,21.0,1,0
0,0,0,0,6.0,1,0
0,0,0,0,11.0,1,0
0,0,0,0,19.0,1,0
0,0,0,0,22.0,1,0
0,0,0,0,1.0,1,0
0,0,0,0,14.0,1,0
0,0,0,0,23.0,1,0
0,0,0,0,2.0,1,0
0,0,0,0,21.0,1,0
0,0,0,0,16.0,1,0
0,0,0,0,11.0,1,0
0,0,0,0,21.0,1,0
0,0,0,0,9.0,1,0
0,0,0,0,23.0,1,0
0,0,0,0,10.0,1,0
0,0,0,0,19.0,1,0
0,0,0,1,8.0,1,0
0,0,0,0,10.0,1,0
0,0,0,0,20.0,1,0
0,0,0,0,2.0,1,0
0,0,0,0,16.0,1,0
0,0,0,0,8.0,1,0
0,0,0,0,0.0,1,0
0,0,0,3,1.0,1,0
0,0,0,0,12.0,1,0
0,0,0,0,10.0,1,0
0,0,0,0,21.0,1,0
0,0,0,0,16.0,1,0
0,0,0,0,4.0,1,0
0,0,0,0,0.0,1,0
0,0,0,0,20.5,2,0
0,0,0,0,11.0,1,0
0,0,0,0,0.0,1,0
0,0,0,0,0.0,1,0
0,0,0,0,0.0,1,0
0,0,0,0,17.0,1,0
0,0,0,0,10.0,1,0
0,0,0,0,15.0,1,0
0,0,0,0,21.0,1,0
0,0,0,0,22.0,1,0
0,0,0,0,20.0,1,0
0,0,0,0,12.0,1,0
0,0,0,0,0.0,1,0
0,0,0,0,14.0,1,0
0,0,0,0,17.0,1,0
0,0,0,0,16.0,1,0
0,0,0,0,2.0,1,0
0,0,0,0,21.0,1,0
0,0,0,0,23.0,1,0
0,0,0,0,11.0,1,0
0,0,0,0,8.0,1,0
0,0,0,0,8.0,1,0
0,0,0,0,6.0,1,0
0,0,0,0,5.0,1,0
0,0,0,0,0.0,1,0
0,0,0,0,13.0,1,0
0,0,0,0,22.0,1,0
0,0,0,0,11.0,1,0
0,0,0,0,8.0,1,0
0,0,0,0,12.0,1,0
0,0,0,0,23.0,1,0
0,0,0,0,17.0,1,0
0,0,0,0,18.0,1,0
0,0,0,0,21.0,1,0
0,0,0,0,7.0,1,0
0,0,0,0,13.0,1,0
0,0,0,0,12.0,1,0
0,0,0,0,19.0,1,0
0,0,0,0,23.0,1,0
0,0,0,0,12.0,1,0
0,0,0,0,7.0,1,0
0,0,0,0,6.0,1,0
0,0,0,0,16.0,1,0
0,0,0,0,3.0,1,0
0,0,0,0,11.0,1,0
0,0,0,0,16.0,1,0
0,0,0,0,16.0,1,0
0,0,0,0,16.0,1,0
0,0,0,0,15.333333333333334,2,0
0,0,0,0,7.0,1,0
0,0,0,0,11.5,2,0
0,0,0,0,7.5,3,0
0,0,0,0,12.0,1,0
0,0,0,0,16.0,1,0
0,0,0,0,7.0,1,0
0,0,0,0,9.0,1,0
0,0,0,0,13.0,1,0
0,0,0,0,12.0,1,0
0,0,0,0,8.0,1,0
0,0,0,0,1.0,1,0
0,0,0,0,20.0,1,0
0,0,0,1,11.0,1,0
0,0,0,0,17.0,1,0
0,0,0,0,15.0,1,0
0,0,0,0,6.0,2,0
0,0,0,0,14.0,2,0
0,0,0,0,11.0,1,0
0,0,0,0,11.0,1,0
0,0,0,0,18.0,2,0
0,0,0,0,12.714285714285714,2,0
0,0,0,0,12.0,1,0
0,0,0,0,16.0,1,0
0,0,0,0,13.0,1,0
0,0,0,0,15.0,1,0
0,0,0,0,23.0,1,0
0,0,0,0,13.0,1,0
0,0,0,0,12.0,1,0
0,0,0,0,7.6,2,0
0,0,0,0,10.0,2,0
0,0,0,0,19.0,1,0
0,0,0,0,20.333333333333332,3,0
0,0,0,0,23.0,1,0
0,0,0,0,15.0,2,0
0,0,0,0,5.5,3,0
0,0,0,0,12.5,2,0
0,0,0,0,11.0,1,0
0,0,0,0,4.0,1,0
0,0,0,0,22.5,2,0
0,0,0,0,14.666666666666666,3,0
0,0,0,0,10.0,1,0
0,0,0,0,14.0,3,0
0,0,0,0,14.25,4,0
0,0,0,0,14.0,2,0
0,0,0,0,13.666666666666666,5,0
0,0,0,0,16.25,3,0
0,0,0,0,7.0,1,0
0,0,0,0,16.0,1,0
0,0,0,0,6.0,2,0
0,0,0,0,8.0,1,0
0,0,0,0,14.0,1,0
0,0,0,0,13.5,2,0
0,0,0,0,13.0,1,0
0,0,0,0,13.0,1,0
0,0,0,0,13.0,1,0
0,0,0,1,15.0,1,0
0,0,0,0,11.0,1,0
0,0,0,0,16.0,1,0
0,0,0,0,11.0,1,0
0,0,0,0,8.0,1,0
0,0,0,0,8.0,1,0
0,0,0,0,14.0,1,0
0,0,0,0,13.0,2,0
0,0,0,0,20.5,3,0
0,0,0,0,2.0,1,0
0,0,0,0,15.5,2,0
0,0,0,0,9.0,1,0
0,0,0,0,1.0,1,0
0,0,0,0,1.0,1,0
0,0,0,0,11.0,1,0
0,0,0,0,3.0,1,0
0,0,0,0,18.0,1,0
0,0,0,0,17.0,1,0
0,0,0,0,8.0,1,0
0,0,0,0,16.0,2,0
0,0,0,0,10.0,1,0
0,0,0,0,23.0,1,0
0,0,0,0,19.0,1,0
0,0,0,0,8.0,1,0
0,0,0,0,3.0,1,0
0,0,0,0,18.0,1,0
0,0,0,0,15.0,1,0
0,0,0,0,11.666666666666666,3,0
0,0,0,0,13.5,2,0
0,0,0,0,2.0,1,0
0,0,0,0,10.5,2,0
0,0,0,0,22.0,1,0
0,0,0,0,13.0,1,0
0,0,0,0,5.0,2,0
0,0,0,0,7.0,2,0
0,0,0,0,13.75,4,0
0,0,0,0,7.5,2,0
0,0,0,0,0.0,1,0
0,0,0,0,20.833333333333332,4,0
0,0,0,0,14.5,2,0
0,0,0,0,12.2,5,0
0,0,0,0,16.5,2,0
0,0,0,0,9.0,1,0
0,0,0,0,18.2,5,0
0,0,0,0,5.0,3,0
0,0,0,0,4.5,3,0
0,0,0,0,20.8,3,0
0,0,0,0,8.875,3,0
0,0,0,0,8.0,2,0
0,0,0,0,9.5,5,0
0,0,0,0,2.75,7,1
0,0,0,0,19.666666666666668,3,0
0,0,0,0,11.4,5,0
0,0,0,0,6.0,2,0
0,0,0,0,19.166666666666668,5,0
0,0,0,0,9.9,8,0
0,0,0,0,13.75,3,0
0,0,0,0,18.666666666666668,3,0
0,0,0,0,21.0,2,0
0,0,0,0,22.0,1,0
0,0,0,0,10.0,1,0
0,0,0,0,23.0,1,0
0,0,0,0,11.0,1,0
0,0,0,0,14.0,1,0
0,0,0,0,18.0,1,0
0,0,0,0,22.5,2,0
0,0,0,0,15.0,1,0
0,0,0,0,16.333333333333332,2,0
0,0,0,0,14.0,6,0
0,0,0,0,12.0,2,0
0,0,0,0,11.857142857142858,7,0
0,0,0,0,17.333333333333332,5,0
0,0,0,0,9.2,4,0
0,0,0,0,11.0,8,1
0,0,0,0,8.6,3,0
0,0,0,0,9.533333333333333,11,1
0,0,0,0,18.285714285714285,9,1
0,0,0,0,9.88888888888889,9,0
0,4,0,0,10.692307692307692,8,1
0,0,0,0,13.466666666666667,11,1
0,0,0,0,11.421052631578947,24,1
0,0,0,0,13.818181818181818,7,0
0,0,0,0,17.75,6,0
0,0,0,0,19.0,2,0
0,0,0,0,13.0,1,0
0,0,0,0,2.0,1,0
0,0,0,0,8.0,1,0
0,0,0,0,0.0,1,0
0,0,0,0,23.0,1,0
0,0,0,0,3.8,2,0
0,0,0,0,22.0,1,0
0,0,0,0,16.75,4,0
0,0,0,0,8.0,1,0
0,0,0,0,14.285714285714286,4,0
0,0,0,0,10.375,5,0
0,0,0,0,18.8,5,0
0,0,0,0,12.0,2,0
0,0,0,0,8.666666666666666,2,0
0,0,0,0,8.0,1,0
0,0,0,0,16.0,1,0
0,0,0,0,7.0,1,0
0,0,0,0,8.0,1,0
0,0,0,0,17.0,1,0
0,0,0,0,2.0,1,0
0,0,0,0,3.0,1,0
0,0,0,0,18.0,1,0
0,0,0,0,7.0,1,0
0,0,0,0,18.0,1,0
0,0,0,0,10.0,1,0
0,0,0,0,9.0,1,0
0,0,0,0,13.0,2,0
0,0,0,0,15.0,1,0
0,0,0,0,14.0,1,0
0,0,0,0,12.0,1,0
0,0,0,0,13.0,1,0
0,0,0,0,16.0,1,0
0,0,0,0,14.166666666666666,3,0
0,0,0,0,12.513513513513514,46,1
0,0,0,1,15.846153846153847,12,1
0,0,0,0,13.254545454545454,37,1
0,0,0,0,12.675675675675675,29,1
0,0,0,0,12.776315789473685,55,1
0,0,0,0,13.491525423728813,42,1
0,0,0,0,14.775510204081632,37,1
0,0,0,0,7.8,3,0
0,0,0,0,23.0,1,0
0,0,0,0,19.0,1,0
0,0,0,0,22.0,1,0
0,0,0,0,0.0,1,0
0,0,0,0,14.0,1,0
0,0,0,0,11.0,1,0
0,0,0,0,12.0,1,0
0,0,0,0,13.0,2,0
0,0,0,0,15.0,1,0
0,0,0,0,21.0,1,0
0,0,0,0,13.893939393939394,51,1
0,0,0,2,12.435897435897436,28,1
0,0,0,1,15.277777777777779,18,1
0,0,0,0,15.304347826086957,17,1
0,0,0,0,13.9375,10,1
0,0,0,0,6.5,3,0
0,0,0,0,12.0,1,0
0,0,0,0,17.6,2,0
0,0,0,0,11.0,1,0
0,0,0,0,23.0,1,0
0,0,0,0,2.0,1,0
0,0,0,0,18.0,1,0
0,0,0,0,12.0,1,0
0,0,0,0,17.0,1,0
0,0,0,0,21.0,1,0
0,0,0,0,20.0,1,0
0,0,0,0,16.0,1,0
0,0,0,0,10.0,1,0
0,0,0,0,11.0,1,0
0,0,0,0,10.0,1,0
0,0,0,0,23.0,1,0
0,0,0,0,16.0,1,0
0,0,0,6,1.0,1,0
0,0,0,0,14.5,2,0
0,0,0,0,0.0,1,0
0,0,0,0,12.0,1,0
0,0,0,2,15.0,1,0
0,0,0,0,15.0,1,0
0,0,0,0,17.25,2,0
0,0,0,0,11.0,1,0
0,0,0,0,22.0,1,0
0,0,0,0,21.0,1,0
0,0,0,0,11.625,3,0
0,0,0,0,16.0,2,0
0,0,0,0,12.1,5,0
0,0,0,0,15.0,2,0
0,0,0,0,13.571428571428571,11,1
0,0,0,0,10.25,27,1
0,0,0,1,13.027027027027026,32,1
0,0,0,0,12.930232558139535,31,1
0,0,0,0,12.880434782608695,70,1
0,0,0,0,14.354166666666666,37,1
0,0,0,1,14.637931034482758,43,1
0,0,0,3,15.384615384615385,40,1
0,3,0,0,11.566666666666666,21,1
0,0,0,0,16.51388888888889,55,1
0,2,0,2,12.3,42,1
0,0,0,0,12.075,32,1
0,0,0,1,13.653846153846153,24,1
0,0,0,0,15.923076923076923,17,1
0,0,0,0,14.818181818181818,19,1
0,0,0,0,13.857142857142858,12,1
0,0,0,0,13.91304347826087,35,1
0,0,0,0,11.038461538461538,20,1
0,0,0,0,11.727272727272727,20,1
0,0,0,0,10.466666666666667,13,1
0,0,0,0,12.285714285714286,6,0
0,0,0,0,12.76923076923077,12,1
0,0,0,0,9.0,1,0
0,0,0,0,9.0,1,0
0,0,0,0,21.0,1,0
0,0,0,0,21.0,1,0
0,0,0,0,18.0,1,0
0,0,0,0,21.0,1,0
0,0,0,0,0.0,1,0
0,0,0,0,16.0,1,0
0,0,0,0,23.0,1,0
0,0,0,0,21.0,1,0
0,0,0,0,14.0,1,0
0,0,0,0,21.0,1,0
0,0,0,0,1.0,1,0
0,0,0,0,18.0,1,0
0,0,0,0,10.0,1,0
0,0,0,0,23.0,1,0
0,0,0,0,8.0,1,0
0,0,0,0,23.0,1,0
0,0,0,1,9.0,1,0
0,0,0,0,0.0,1,0
0,0,0,0,15.333333333333334,2,0
0,0,0,0,9.0,1,0
0,0,0,0,18.0,1,0
0,0,0,0,2.0,1,0
0,0,0,0,22.0,1,0
0,0,0,0,14.0,1,0
0,0,0,0,22.0,1,0
0,0,0,0,10.0,1,0
0,0,0,0,15.0,1,0
0,0,0,0,8.0,1,0
0,0,0,0,2.0,1,0
0,0,0,0,13.272727272727273,8,0
0,0,0,3,14.46938775510204,33,1
0,0,0,0,10.333333333333334,6,0
0,0,0,0,15.4,8,0
0,0,0,1,14.0,31,1
0,2,0,0,12.107142857142858,18,1
0,0,0,2,12.647058823529411,37,1
0,0,0,2,10.4,21,1
0,0,0,0,11.6,5,0
0,0,0,0,15.0,1,0
0,0,0,0,9.0,1,0
0,0,0,0,17.0,1,0
0,0,0,0,2.0,1,0
0,0,0,0,23.0,1,0
0,0,0,0,18.0,1,0
0,0,0,0,22.0,1,0
0,0,0,1,5.5,2,0
0,0,0,0,8.0,1,0
0,0,0,0,13.5,2,0
0,0,0,0,12.25,3,0
0,0,0,0,18.0,1,0
0,0,0,0,0.0,1,0
0,0,0,0,14.0,1,0
0,0,0,0,23.0,1,0
0,0,0,0,14.0,1,0
0,0,0,0,9.0,1,0
0,0,0,0,22.0,1,0
0,0,0,0,13.0,1,0
0,0,0,0,17.5,2,0
0,0,0,0,17.0,1,0
0,0,0,0,9.0,1,0
0,0,0,0,0.0,1,0
0,0,0,0,17.0,1,0
0,0,0,0,17.0,1,0
0,0,0,0,11.5,2,0
0,0,0,1,12.138686131386862,110,1
0,0,0,6,15.176923076923076,88,1
0,0,0,2,11.2,84,1
0,0,0,0,11.472972972972974,50,1
0,0,0,5,12.777173913043478,134,1
0,0,0,3,12.521739130434783,49,1
0,2,1,3,11.765217391304347,84,1
0,0,0,3,13.169491525423728,93,1
0,2,0,0,13.544776119402986,93,1
0,0,0,4,11.345794392523365,81,1
0,0,0,1,12.414285714285715,54,1
0,0,0,0,10.5625,12,1
0,0,0,0,21.25,4,0
0,0,0,0,23.0,1,0
0,0,0,0,19.0,1,0
0,0,0,0,9.0,1,0
0,0,0,0,22.0,1,0
0,0,0,0,14.0,2,0
0,0,0,0,7.0,1,0
0,0,0,0,18.0,1,0
0,0,0,0,22.0,1,0
0,0,0,0,23.0,1,0
0,0,0,0,6.0,1,0
0,0,0,0,23.0,1,0
0,0,0,0,21.0,1,0
0,0,0,0,21.0,1,0
0,0,0,0,12.0,1,0
0,0,0,0,19.0,1,0
0,0,0,0,19.0,1,0
0,0,0,0,8.0,1,0
0,0,0,0,11.0,1,0
0,0,0,0,23.0,1,0
0,0,0,0,19.0,1,0
0,0,0,0,20.0,1,0
0,0,0,0,1.0,1,0
0,0,0,0,12.0,1,0
0,0,0,0,10.0,2,0
0,0,0,0,22.0,1,0
0,0,0,0,18.0,1,0
0,0,0,1,11.5,2,0
0,0,0,3,5.0,1,0
0,0,0,0,17.714285714285715,4,0
0,0,0,0,19.666666666666668,3,0
0,0,0,0,8.428571428571429,4,0
0,0,0,0,7.666666666666667,8,0
0,2,0,0,11.0,8,0
0,0,0,0,7.75,8,1
0,0,0,5,5.0,12,1
0,0,0,0,15.357142857142858,12,1
0,0,0,1,13.090909090909092,11,0
0,0,0,0,13.695652173913043,16,1
0,0,0,2,10.294117647058824,15,1
0,0,0,0,14.285714285714286,4,0
0,0,0,0,13.833333333333334,5,0
0,0,0,0,9.666666666666666,3,0
0,0,0,0,7.0,1,0
0,0,0,0,14.0,1,0
0,0,0,0,7.0,1,0
0,0,0,0,18.333333333333332,2,0
0,0,0,0,14.0,1,0
0,0,0,0,11.0,1,0
0,0,0,0,0.0,1,0
0,0,0,6,13.492957746478874,52,1
0,0,0,0,17.6,10,1
0,0,0,4,12.280898876404494,54,1
0,0,0,0,14.75,21,1
0,0,0,0,19.0,1,0
0,0,0,0,18.0,1,0
0,0,0,0,16.0,1,0
0,0,0,0,11.0,1,0
0,0,0,0,16.0,1,0
0,0,0,0,1.0,1,0
0,0,0,0,15.0,1,0
0,0,0,0,0.0,1,0
0,0,0,0,0.0,1,0
0,0,0,0,6.0,1,0
0,0,0,0,14.0,1,0
0,0,0,0,16.0,1,0
0,0,0,0,16.0,1,0
0,0,0,0,4.0,1,0
0,0,0,0,19.0,1,0
0,0,0,0,21.0,1,0
0,0,0,0,7.0,1,0
0,0,0,2,15.19047619047619,14,1
0,0,0,2,10.777777777777779,16,1
0,0,0,3,13.5,32,1
0,0,0,2,13.58974358974359,28,1
0,0,0,2,13.317073170731707,29,1
0,0,0,0,14.148936170212766,38,1
0,0,0,3,11.787234042553191,37,1
0,0,0,1,15.0,29,1
0,0,0,0,15.0,22,1
0,0,0,1,13.916666666666666,10,1
0,0,0,0,8.0,1,0
0,0,0,1,16.0,2,0
0,0,0,0,9.0,1,0
0,0,0,1,13.6,9,0
0,0,0,0,15.904761904761905,16,1
0,0,0,0,7.684210526315789,16,1
0,0,0,0,14.31578947368421,15,1
0,0,0,0,12.227272727272727,18,1
0,0,0,0,9.52,15,1
0,0,0,0,6.875,5,0
0,0,0,0,7.0,1,0
0,0,0,0,20.0,1,0
0,0,0,0,22.0,1,0
0,0,0,0,18.0,1,0
0,0,0,0,6.0,1,0
0,0,0,0,17.0,1,0
0,0,0,0,22.0,1,0
0,0,0,0,1.0,1,0
0,0,0,0,16.0,1,0
0,0,0,0,21.0,1,0
0,0,0,0,9.0,1,0
0,0,0,0,22.0,1,0
0,0,0,0,6.0,1,0
0,0,0,0,7.0,1,0
0,0,0,0,8.0,1,0
0,0,0,0,12.0,1,0
0,0,0,0,8.0,1,0
0,0,0,1,8.0,1,0
0,0,0,0,15.0,1,0
0,0,0,0,9.0,1,0
0,0,0,0,19.0,1,0
0,0,0,0,22.0,1,0
0,0,0,0,17.0,1,0
0,0,0,0,16.0,1,0
0,0,0,0,10.0,1,0
0,0,0,0,23.0,1,0
0,0,0,0,4.666666666666667,2,0
0,0,0,0,18.0,1,0
0,0,0,0,14.0,1,0
0,0,0,0,15.0,1,0
0,0,0,0,6.714285714285714,4,0
0,0,0,0,12.647058823529411,23,1
0,0,0,4,13.710526315789474,29,1
0,0,0,0,13.333333333333334,13,1
0,0,0,0,16.625,13,1
0,0,0,1,12.529411764705882,39,1
0,0,0,0,15.724137931034482,23,1
0,0,0,0,11.93939393939394,20,1
0,0,0,0,11.833333333333334,6,0
0,0,0,0,13.833333333333334,5,0
0,0,0,0,12.636363636363637,10,0
0,0,0,0,22.0,1,0
0,0,0,0,10.0,12,1
0,0,0,0,13.777777777777779,7,0
0,0,0,0,9.375,7,0
0,0,0,0,13.0,4,0
0,0,0,0,16.0,3,0
0,0,0,0,2.5,2,0
0,0,0,0,21.0,1,0
0,0,0,0,13.5,2,0
0,0,0,0,13.0,1,0
0,0,0,0,23.0,1,0
0,0,0,0,1.0,1,0
0,0,0,0,11.0,1,0
0,0,0,0,16.0,1,0
0,0,0,0,16.0,1,0
0,0,0,0,7.0,1,0
0,0,0,1,8.0,1,0
0,0,0,0,13.0,1,0
0,0,0,0,18.0,1,0
0,0,0,0,20.0,1,0
0,0,0,0,20.0,1,0
0,0,0,0,0.0,1,0
0,0,0,0,11.0,1,0
0,0,0,0,14.0,1,0
0,0,0,0,23.0,1,0
0,0,0,0,8.0,3,0
0,0,0,0,14.5,2,0
0,0,0,0,17.666666666666668,6,0
0,0,0,0,18.5,2,0
0,0,0,0,12.384615384615385,10,1
0,0,0,1,12.933333333333334,12,1
0,0,0,0,16.416666666666668,15,1
0,0,0,2,16.63157894736842,16,1
0,0,0,0,14.0,4,0
0,0,0,0,13.23076923076923,10,1
0,0,0,0,14.0,1,0
0,0,0,0,2.0,1,0
0,0,0,0,8.0,2,0
0,0,0,0,11.0,1,0
0,0,0,0,0.0,1,0
0,0,0,0,11.45,18,1
0,0,0,0,14.5,14,1
0,0,0,0,13.3,6,0
0,0,0,1,12.857142857142858,17,1
0,0,0,0,12.742857142857142,24,1
0,0,0,0,15.5,12,1
0,0,0,0,13.441176470588236,28,1
0,0,0,0,14.424242424242424,22,1
0,0,0,0,15.0,8,1
0,0,0,0,15.0,1,0
0,0,0,0,2.0,1,0
0,0,0,0,16.0,1,0
0,0,0,0,9.0,1,0
0,0,0,0,23.0,1,0
0,0,0,0,12.0,1,0
0,0,0,0,10.0,1,0
0,0,0,0,22.0,1,0
0,0,0,0,11.0,1,0
0,0,0,0,7.0,1,0
0,0,0,0,22.0,1,0
0,0,0,0,12.0,1,0
0,0,0,1,12.37037037037037,47,1
0,0,0,0,13.229166666666666,34,1
0,1,0,1,16.387755102040817,36,1
0,0,0,0,14.294117647058824,15,1
0,0,0,0,17.0,1,0
0,0,0,0,3.0,1,0
0,0,0,0,2.0,1,0
0,0,0,0,18.0,1,0
0,0,0,0,8.0,1,0
0,0,0,0,7.0,1,0
0,0,0,0,12.0,1,0
0,0,0,0,8.0,1,0
0,0,0,0,8.0,1,0
0,0,0,0,17.0,1,0
0,0,0,1,21.0,1,0
0,0,0,0,16.0,1,0
0,0,0,0,2.0,1,0
0,0,0,0,8.0,1,0
0,0,0,0,2.0,1,0
0,0,0,0,8.0,1,0
0,0,0,0,20.0,1,0
0,0,0,0,9.0,1,0
0,0,0,0,15.0,1,0
0,0,0,0,7.0,1,0
0,0,0,0,14.5,1,0
0,0,0,0,17.0,1,0
0,0,0,0,5.5,2,0
0,0,0,0,17.8,4,0
0,0,0,0,11.75,3,0
0,0,0,0,12.727272727272727,7,0
0,0,0,0,9.8,3,0
0,0,0,0,16.11904761904762,31,1
0,0,0,0,12.0,16,1
0,0,0,3,12.045454545454545,32,1
0,2,0,5,13.325581395348838,32,1
0,0,0,1,14.548387096774194,23,1
0,0,0,0,14.559322033898304,42,1
0,0,0,0,14.0,2,0
0,0,0,0,22.0,1,0
0,0,0,0,15.4375,23,1
0,0,0,0,18.736842105263158,10,1
0,0,0,0,1.0,1,0
0,0,0,0,12.727272727272727,11,0
0,0,0,1,12.0,7,0
0,0,0,0,14.0,1,0
0,0,0,0,11.0,1,0
0,0,0,0,0.0,1,0
0,0,0,0,8.0,1,0
0,0,0,0,18.0,2,0
0,0,0,0,19.0,1,0
0,0,0,0,14.0,1,0
0,0,0,0,10.0,1,0
0,0,0,0,21.0,1,0
0,0,0,0,12.0,1,0
0,0,0,0,17.0,2,0
0,0,0,0,13.666666666666666,2,0
0,0,0,0,22.666666666666668,2,0
0,0,0,0,2.0,1,0
0,0,0,0,21.0,1,0
0,0,0,0,9.0,1,0
0,0,0,0,8.75,3,0
0,0,0,0,14.0,1,0
0,0,0,0,12.333333333333334,3,0
0,0,0,0,8.0,2,0
0,0,0,0,7.0,1,0
0,0,0,0,9.0,1,0
0,0,0,0,20.0,1,0
0,0,0,0,20.0,1,0
0,0,0,0,12.0,1,0
0,0,0,0,0.0,1,0
0,0,0,0,9.0,1,0
0,0,0,0,17.0,1,0
0,0,0,0,19.0,1,0
0,0,0,0,7.0,1,0
0,0,0,0,23.0,1,0
0,0,0,0,1.0,1,0
0,0,0,0,12.0,3,0
0,0,0,0,21.0,2,0
0,0,0,1,15.0,5,0
0,0,0,0,13.0,3,0
0,0,0,0,6.5,2,0
0,0,0,0,13.8,5,0
0,0,0,0,15.0,1,0
0,0,0,0,16.0,2,0
0,0,0,0,3.0,1,0
0,0,0,0,4.8,3,0
0,0,0,0,18.0,2,0
0,0,0,0,19.0,2,0
0,0,0,0,13.666666666666666,2,0
0,0,0,0,6.0,1,0
0,0,0,0,0.0,1,0
0,0,0,0,18.0,1,0
0,0,0,0,10.0,1,0
0,0,0,0,3.0,1,0
0,0,0,0,12.0,1,0
0,0,0,0,1.0,1,0
0,0,0,0,13.0,1,0
0,0,0,0,18.0,1,0
0,0,0,0,12.0,1,0
0,0,0,0,21.0,1,0
0,0,0,0,10.0,1,0
0,0,0,0,23.0,1,0
0,0,0,0,14.0,1,0
0,0,0,0,12.0,1,0
0,0,0,0,4.5,2,0
0,0,0,0,14.0,1,0
0,0,0,0,3.0,1,0
0,0,0,0,14.5,2,0
0,0,0,0,11.5,2,0
0,0,0,0,14.0,1,0
0,0,0,0,5.0,1,0
0,0,0,0,12.5,4,0
0,4,0,0,9.0,1,0
0,0,0,0,22.0,1,0
0,0,0,0,6.5,4,0
0,0,0,0,5.333333333333333,2,0
0,0,0,0,7.5,2,0
0,0,0,0,9.0,1,0
0,0,0,0,16.0,1,0
0,0,0,0,8.0,2,0
0,0,0,0,20.0,1,0
0,0,0,0,9.0,1,0
0,0,0,0,7.0,1,0
0,0,0,0,11.0,1,0
0,0,0,0,16.0,1,0
0,0,0,0,1.0,1,0
0,0,0,0,0.0,1,0
0,0,0,0,21.0,1,0
0,0,0,0,18.0,1,0
0,3,0,3,22.0,1,0
0,0,0,0,18.0,1,0
0,0,0,0,10.0,1,0
0,0,0,0,20.0,1,0
0,0,0,0,17.0,1,0
0,0,0,0,7.666666666666667,2,0
0,0,0,0,21.0,1,0
0,0,0,2,8.461538461538462,6,1
0,0,0,0,12.0,3,0
0,0,0,0,7.0,3,0
0,0,0,0,13.666666666666666,3,0
0,0,0,0,18.6,3,0
0,0,0,0,16.666666666666668,2,0
0,0,0,0,19.0,1,0
0,0,0,1,11.75,4,0
0,0,0,0,11.75,4,0
0,0,0,0,22.0,1,0
0,0,0,0,11.0,1,0
0,0,0,0,12.0,1,0
0,0,0,0,16.0,1,0
0,0,0,0,6.857142857142857,4,0
0,0,0,0,10.0,1,0
0,0,0,1,10.0,2,0
0,0,0,0,12.0,1,0
0,0,0,0,7.0,1,0
0,0,0,0,16.0,1,0
0,0,0,0,17.0,1,0
0,0,0,0,21.0,1,0
0,0,0,0,22.0,1,0
0,0,0,0,23.0,1,0
0,0,0,3,18.0,1,0
0,0,0,0,13.0,1,0
0,0,0,0,11.0,1,0
0,0,0,0,17.333333333333332,2,0
0,0,0,0,7.0,1,0
0,0,0,0,7.5,2,0
0,0,0,0,22.0,1,0
0,0,0,0,10.0,1,0
0,0,0,0,10.0,2,0
0,0,0,0,17.714285714285715,3,0
0,0,0,0,10.0,1,0
0,0,0,0,11.0,1,0
0,0,0,0,14.333333333333334,2,0
0,0,0,0,14.0,1,0
0,0,0,0,8.0,1,0
0,0,0,0,20.0,1,0
0,0,0,0,8.0,1,0
0,0,0,0,13.0,1,0
0,0,0,0,10.0,1,0
0,0,0,0,10.0,1,0
0,0,0,0,17.0,1,0
0,0,0,0,14.0,1,0
0,0,0,0,7.0,1,0
0,0,0,0,21.0,1,0
0,0,0,0,14.0,1,0
0,0,0,0,16.0,1,0
0,0,0,0,2.0,1,0
0,0,0,0,9.0,1,0
0,0,0,0,8.0,2,0
0,0,0,0,18.0,1,0
0,0,0,0,11.0,1,0
0,0,0,0,14.0,1,0
0,0,0,0,21.0,1,0
0,0,0,0,21.0,1,0
0,0,0,0,12.0,1,0
0,0,0,0,1.0,1,0
0,0,0,0,18.0,1,0
0,0,0,0,16.0,1,0
0,0,0,0,6.666666666666667,2,0
0,0,0,0,12.0,1,0
0,0,0,0,15.0,1,0
0,0,0,0,1.0,1,0
0,0,0,0,10.0,1,0
0,0,0,0,14.0,1,0
0,0,0,0,15.0,1,0
0,0,0,0,10.5,2,0
0,0,0,0,8.0,1,0
0,0,0,0,23.0,1,0
0,0,0,0,15.0,1,0
0,0,0,0,12.0,1,0
0,0,0,0,9.0,1,0
0,0,0,0,12.0,1,0
0,0,0,0,7.0,1,0
0,0,0,0,17.0,1,0
0,0,0,0,12.0,1,0
0,0,0,1,15.666666666666666,3,0
0,0,0,0,19.0,1,0
0,0,0,0,5.0,1,0
0,0,0,0,11.0,1,0
0,0,0,0,23.0,1,0
0,0,0,0,14.0,1,0
0,0,0,0,12.4,3,0
0,0,0,0,4.0,1,0
0,0,0,0,10.0,1,0
0,0,0,0,20.0,1,0
0,0,0,0,22.0,1,0
0,0,0,0,5.333333333333333,3,0
0,0,0,0,8.0,1,0
0,0,0,0,8.666666666666666,3,0
0,0,0,0,13.8,4,0
0,0,0,0,14.0,1,0
0,0,0,0,9.5,2,0
0,0,0,0,17.0,1,0
0,0,0,0,16.666666666666668,2,0
0,0,0,0,1.0,1,0
0,0,0,0,2.0,1,0
0,0,0,0,11.0,1,0
0,0,0,0,14.0,1,0
0,0,0,0,8.0,1,0
0,0,0,0,13.0,1,0
0,0,0,0,17.0,1,0
0,0,0,0,16.0,1,0
0,0,0,0,21.0,1,0
0,0,0,0,23.0,1,0
0,0,0,0,14.0,1,0
0,0,0,0,16.0,1,0
0,0,0,0,13.0,1,0
0,0,0,0,14.0,1,0
0,0,0,0,20.0,1,0
0,0,0,0,15.0,3,0
0,0,0,0,18.75,2,0
0,0,0,0,17.0,1,0
0,0,0,0,17.0,1,0
0,0,0,0,17.0,1,0
0,0,0,0,7.0,2,0
0,0,0,0,7.0,4,0
0,0,0,0,9.571428571428571,3,0
0,0,0,0,11.5,4,0
0,0,0,0,19.0,1,0
0,0,0,0,23.0,1,0
0,0,0,0,5.0,1,0
0,0,0,0,9.0,1,0
0,0,0,0,0.0,1,0
0,0,0,0,6.0,1,0
0,0,0,2,10.0,2,0
0,0,0,0,23.0,1,0
0,0,0,0,9.444444444444445,7,0
0,0,0,3,16.555555555555557,6,0
0,0,0,0,18.5,6,0
0,0,0,1,8.80952380952381,14,1
0,0,0,0,10.592592592592593,16,1
0,0,0,0,14.133333333333333,12,1
0,0,0,0,17.5,6,1
0,0,0,0,14.96,18,1
0,0,0,1,12.222222222222221,22,1
0,0,0,0,14.56,18,1
0,0,0,0,15.5625,11,1
0,0,0,0,15.96774193548387,25,1
0,0,0,0,12.761904761904763,17,1
0,0,0,0,13.0,18,1
0,0,0,0,9.214285714285714,11,1
0,0,0,0,6.545454545454546,7,0
0,0,0,0,12.666666666666666,10,1
0,0,0,0,14.636363636363637,10,0
0,0,0,0,7.6923076923076925,9,1
0,0,0,1,9.363636363636363,28,1
0,0,0,0,9.564102564102564,30,1
0,0,0,1,12.52,24,1
0,0,0,0,9.944444444444445,15,1
0,0,0,0,12.3,9,0
0,0,0,0,19.0,1,0
0,0,0,0,15.0,1,0
0,0,0,0,13.0,1,0
0,0,0,0,23.0,1,0
0,0,0,0,0.0,1,0
0,0,0,2,19.0,1,0
0,0,0,0,22.0,1,0
0,0,0,0,22.0,1,0
0,0,0,0,10.0,1,0
0,0,0,0,16.0,1,0
0,0,0,0,20.0,1,0
0,0,0,0,13.0,1,0
0,0,0,0,17.4,4,0
0,0,0,0,12.6,4,0
0,0,0,0,11.5,2,0
0,0,0,0,16.5,2,0
0,0,0,0,10.0,1,0
0,0,0,0,15.0,1,0
0,0,0,0,9.0,1,0
0,0,0,0,20.0,1,0
0,0,0,0,9.0,2,0
0,0,0,0,14.0,1,0
0,0,0,0,12.5,5,0
0,0,0,0,16.0,7,0
0,0,0,0,12.0,1,0
0,0,0,0,17.0,1,0
0,0,0,0,14.0,1,0
0,0,0,0,19.0,1,0
0,3,0,0,7.0,1,0
0,0,0,0,22.0,1,0
0,0,0,0,22.0,1,0
0,0,0,0,13.0,1,0
0,0,0,0,20.0,1,0
0,0,0,0,16.0,1,0
0,0,0,0,14.0,1,0
0,0,0,0,23.0,1,0
0,0,0,0,23.0,1,0
0,0,0,0,0.0,1,0
0,6,0,0,23.0,1,0
0,0,0,0,14.0,1,0
0,0,0,0,23.0,1,0
0,0,0,0,8.0,2,0
0,0,0,0,11.0,2,0
0,0,0,0,5.0,2,0
0,0,0,0,7.5,2,0
0,0,0,0,11.916666666666666,20,1
0,0,0,0,15.578947368421053,16,1
0,0,0,2,13.090909090909092,19,1
0,0,0,0,14.294117647058824,13,1
0,2,0,2,14.78,36,1
0,0,0,0,10.565217391304348,37,1
0,0,0,1,12.64102564102564,29,1
0,0,0,0,9.0,2,0
0,0,0,0,22.0,1,0
0,0,0,0,23.0,1,0
0,0,0,0,22.0,1,0
0,0,0,0,10.0,1,0
0,0,0,0,15.0,1,0
0,0,0,0,9.0,1,0
0,0,0,0,13.0,1,0
0,0,0,0,0.0,1,0
0,0,0,0,12.25,3,0
0,0,0,0,17.142857142857142,3,0
0,0,0,0,11.375,5,0
0,0,0,0,4.5,2,0
0,0,0,0,9.0,2,0
0,0,0,0,23.0,1,0
0,0,0,0,16.0,3,0
0,0,0,0,15.0,5,0
0,0,0,2,4.0,1,0
0,0,0,0,8.833333333333334,6,0
0,0,0,0,10.0,1,0
0,0,0,0,7.714285714285714,6,0
0,0,0,0,11.5,4,0
0,0,0,0,10.4,4,0
0,0,0,0,11.0,1,0
0,0,0,0,9.0,1,0
0,0,0,0,12.0,1,0
0,0,0,0,8.5,2,0
0,0,0,0,8.0,1,0
0,0,0,0,22.0,1,0
0,0,0,0,10.25,4,0
0,0,0,0,7.333333333333333,4,0
0,0,0,0,15.0,3,0
0,0,0,0,16.666666666666668,3,0
0,0,0,0,9.0,1,0
0,0,0,0,10.0,1,0
0,0,0,0,17.0,1,0
0,0,0,0,22.0,1,0
0,0,0,0,18.0,1,0
0,0,0,0,11.0,1,0
0,0,0,0,11.5,2,0
0,0,0,0,10.0,1,0
0,0,0,0,23.0,1,0
0,0,0,0,15.0,1,0
0,0,0,0,23.0,1,0
0,0,0,0,3.0,1,0
0,0,0,0,10.0,2,0
0,0,0,0,13.0,1,0
0,0,0,0,22.0,1,0
0,0,0,0,12.0,1,0
0,0,0,0,6.222222222222222,6,0
0,0,0,1,14.076923076923077,8,1
0,0,0,1,14.7,7,0
0,0,0,0,18.5,9,1
0,0,0,0,15.9375,13,1
0,0,0,1,13.884615384615385,22,1
0,0,0,1,14.8,20,1
0,0,0,0,11.866666666666667,22,1
0,0,0,0,12.578947368421053,13,1
0,0,0,0,13.433333333333334,21,1
0,0,0,0,11.565217391304348,18,1
0,0,0,0,11.85,16,1
0,0,0,0,12.73913043478261,18,1
0,0,0,0,13.19047619047619,18,1
0,0,0,0,8.333333333333334,8,0
0,0,0,0,15.0,8,1
0,0,0,0,12.571428571428571,10,1
0,0,0,0,10.928571428571429,13,1
0,0,0,2,16.0,11,1
0,0,0,0,8.090909090909092,7,0
0,0,0,0,15.0,14,1
0,0,0,0,12.25,4,0
0,0,0,0,11.615384615384615,8,1
0,0,0,0,13.5,2,0
0,0,0,0,3.0,1,0
0,0,0,0,16.333333333333332,2,0
0,0,0,0,17.0,1,0
0,0,0,0,8.0,1,0
0,0,0,0,22.0,1,0
0,0,0,0,5.0,1,0
0,0,0,0,2.0,1,0
0,0,0,0,21.0,1,0
0,0,0,0,22.0,1,0
0,0,0,0,14.0,2,0
0,0,0,0,9.2,2,0
0,0,0,0,12.0,1,0
0,0,0,0,8.0,1,0
0,0,0,0,15.0,1,0
0,0,0,0,19.0,1,0
0,0,0,0,10.0,1,0
0,0,0,0,8.0,1,0
0,0,0,0,22.0,1,0
0,0,0,0,14.0,1,0
0,0,0,0,3.0,1,0
0,0,0,0,3.0,1,0
0,0,0,0,4.0,2,0
0,0,0,0,21.0,1,0
0,0,0,0,10.0,1,0
0,0,0,0,8.0,3,0
0,0,0,0,15.0,1,0
0,0,0,4,15.307692307692308,9,1
0,0,0,0,18.7,7,0
0,0,0,0,13.11111111111111,9,0
0,0,0,0,11.125,9,1
0,0,0,0,7.545454545454546,8,0
0,0,0,0,9.909090909090908,10,0
0,0,0,0,15.833333333333334,10,1
0,0,0,0,12.2,12,1
0,0,0,0,12.25,9,1
0,0,0,0,11.8,4,0
0,0,0,0,13.833333333333334,5,0
0,0,0,0,15.6,5,0
0,0,0,0,10.4,3,0
0,0,0,0,13.333333333333334,2,0
0,0,0,0,3.5,2,0
0,0,0,0,5.25,2,0
0,0,0,0,16.0,4,0
0,0,0,0,7.0,1,0
0,0,0,0,7.875,8,0
0,0,0,0,14.5,2,0
0,0,0,0,21.0,1,0
0,0,0,0,1.0,1,0
0,0,0,0,6.0,1,0
0,0,0,0,14.0,1,0
0,0,0,0,14.0,1,0
0,0,0,0,6.333333333333333,2,0
0,0,0,0,13.0,1,0
0,0,0,0,5.0,1,0
0,0,0,0,4.0,4,0
0,0,0,0,20.0,2,0
0,0,0,0,15.666666666666666,2,0
0,0,0,0,9.0,7,0
0,0,0,1,12.6,5,0
0,1,0,0,15.363636363636363,17,1
0,0,0,0,14.5,10,1
0,0,0,0,11.307692307692308,11,1
0,0,0,0,10.166666666666666,27,1
0,0,0,1,14.73076923076923,20,1
0,0,0,0,11.761904761904763,15,1
0,0,0,2,14.15625,23,1
0,0,0,0,15.6,5,0
0,5,0,0,11.678571428571429,21,1
0,0,0,0,13.151515151515152,25,1
0,0,0,0,7.8,8,0
0,0,0,0,12.777777777777779,8,0
0,0,0,0,5.166666666666667,5,0
0,0,0,0,11.222222222222221,9,0
0,0,0,0,10.0,5,0
0,0,0,0,11.636363636363637,8,0
0,0,0,0,13.454545454545455,10,0
0,0,0,0,13.2,12,1
0,0,0,0,13.428571428571429,7,0
0,0,0,0,6.25,7,0
0,0,0,0,11.5,6,0
0,0,0,0,11.0,1,0
0,0,0,0,19.0,1,0
0,0,0,0,2.0,1,0
0,0,0,0,19.0,1,0
0,0,0,0,16.0,1,0
0,0,0,0,19.0,1,0
0,0,0,0,9.0,1,0
0,0,0,0,22.0,1,0
0,0,0,0,13.0,1,0
0,0,0,0,11.5,2,0
0,0,0,0,7.0,1,0
0,0,0,0,12.5,2,0
0,0,0,0,19.0,5,0
0,0,0,2,9.642857142857142,11,1
0,0,0,0,12.666666666666666,3,0
0,0,0,0,21.0,2,0
0,0,0,0,12.0,4,0
0,0,0,0,10.333333333333334,2,0
0,0,0,0,11.5,8,0
0,0,0,0,12.0,3,0
0,1,0,0,12.333333333333334,3,0
0,0,0,0,9.333333333333334,2,0
0,0,0,0,10.333333333333334,3,0
0,0,0,0,19.0,1,0
0,0,0,0,11.0,1,0
0,0,0,0,13.416666666666666,8,1
0,0,0,0,15.5,2,0
0,0,0,0,15.5,2,0
0,0,0,0,11.777777777777779,6,0
0,0,0,0,14.0,1,0
0,0,0,0,0.0,1,0
0,0,0,0,12.0,1,0
0,0,0,0,9.0,1,0
0,0,0,0,17.0,1,0
0,0,0,0,1.0,1,0
0,0,0,0,7.0,1,0
0,0,0,0,21.0,1,0
0,0,0,0,13.0,1,0
0,0,0,0,10.0,1,0
0,0,0,0,7.0,1,0
0,0,0,0,7.0,1,0
0,0,0,0,14.0,1,0
0,0,0,0,0.0,1,0
0,0,0,0,23.0,1,0
0,0,0,0,14.0,1,0
0,0,0,0,0.0,1,0
0,0,0,0,20.0,1,0
0,0,0,0,13.0,1,0
0,0,0,0,21.0,1,0
0,0,0,0,12.0,1,0
0,0,0,0,11.0,3,0
0,0,0,0,18.75,4,0
0,0,0,0,22.0,1,0
0,0,0,0,19.0,1,0
0,0,0,0,17.0,1,0
0,0,0,0,9.0,1,0
0,0,0,0,22.0,1,0
0,0,0,0,22.0,1,0
0,0,0,0,8.0,1,0
0,0,0,0,19.5,2,0
0,0,0,0,18.0,2,0
0,0,0,0,8.0,1,0
0,0,0,0,21.0,1,0
0,0,0,0,7.333333333333333,2,0
0,0,0,0,20.0,2,0
0,0,0,1,14.0,4,0
0,0,0,0,13.666666666666666,3,0
0,0,0,0,4.333333333333333,3,0
0,0,0,0,10.0,1,0
0,0,0,0,8.0,1,0
0,0,0,0,8.0,1,0
0,0,0,0,16.0,1,0
0,0,0,1,14.0,1,0
0,0,0,0,22.0,1,0
0,0,0,0,18.0,1,0
0,0,0,0,10.5,2,0
0,0,0,0,15.666666666666666,3,0
0,0,0,0,14.666666666666666,3,0
0,0,0,0,16.0,2,0
0,0,0,0,18.5,2,0
0,0,0,0,8.0,1,0
0,0,0,0,10.0,1,0
0,0,0,0,21.0,1,0
0,0,0,0,7.0,3,0
0,0,0,0,9.0,1,0
0,0,0,0,14.0,2,0
0,0,0,0,17.0,1,0
0,0,0,0,22.0,1,0
0,0,0,0,14.0,1,0
0,0,0,0,12.5,2,0
0,0,0,0,23.0,1,0
0,0,0,0,0.0,1,0
0,0,0,0,6.0,1,0
0,0,0,0,16.0,1,0
0,0,0,0,16.0,2,0
0,0,0,0,14.0,1,0
0,0,0,0,12.4,5,0
0,0,0,0,7.5,3,0
0,0,0,0,16.5,2,0
0,0,0,0,12.333333333333334,5,0
0,0,0,0,15.11111111111111,14,1
0,0,0,0,12.4,12,1
0,0,0,0,14.692307692307692,21,1
0,0,0,0,15.75,8,0
0,0,0,0,14.85,19,1
0,0,0,0,13.444444444444445,18,1
0,0,0,0,12.827586206896552,25,1
0,0,0,0,13.378378378378379,29,1
0,0,0,0,13.92156862745098,44,1
0,0,0,0,14.11111111111111,15,1
0,0,0,0,14.432835820895523,48,1
0,0,0,0,11.882352941176471,17,1
0,0,0,0,10.777777777777779,8,0
0,0,0,0,15.178571428571429,23,1
0,0,0,0,10.9375,14,1
0,0,0,0,9.5,7,0
0,0,0,0,16.0,2,0
0,0,0,0,20.0,1,0
0,0,0,0,23.0,1,0
0,0,0,0,17.0,1,0
0,0,0,0,12.428571428571429,6,0
0,0,0,0,23.0,1,0
0,0,0,0,15.583333333333334,8,1
0,0,0,0,17.0,3,0
0,0,0,0,18.0,3,0
0,0,0,0,1.2,3,0
0,0,0,0,7.0,1,0
0,0,0,0,6.0,1,0
0,0,0,0,13.0,1,0
0,0,0,0,1.0,1,0
0,0,0,0,22.0,1,0
0,0,0,0,20.0,1,0
0,0,0,0,10.75,7,0
0,0,0,0,15.333333333333334,3,0
0,0,0,0,17.333333333333332,3,0
0,0,0,0,11.5,2,0
0,0,0,0,12.0,1,0
0,0,0,0,17.0,1,0
0,0,0,0,14.0,1,0
0,0,0,0,17.0,1,0
0,0,0,0,11.0,1,0
0,0,0,0,17.0,3,0
0,0,0,0,14.0,1,0
0,0,0,0,15.0,1,0
0,0,0,0,12.25,4,0
0,0,0,2,16.666666666666668,6,0
0,0,0,0,11.181818181818182,7,0
0,0,0,0,12.25,8,0
0,0,0,0,11.666666666666666,2,0
0,0,0,0,14.4,4,0
0,0,0,0,14.2,4,0
0,0,0,0,11.5,2,0
0,0,0,0,10.833333333333334,4,0
0,0,0,0,15.75,4,0
0,0,0,0,11.25,3,0
0,0,0,0,8.0,1,0
0,0,0,0,10.666666666666666,3,0
0,0,0,0,4.666666666666667,3,0
0,0,0,0,14.0,3,0
0,0,0,0,20.666666666666668,3,0
0,0,0,0,9.2,4,0
0,0,0,0,21.0,1,0
0,0,0,0,11.666666666666666,3,0
0,0,0,0,12.0,1,0
0,0,0,0,18.0,1,0
0,0,0,0,13.0,1,0
0,0,0,0,11.0,1,0
0,0,0,0,8.0,1,0
0,0,0,0,21.0,1,0
0,0,0,0,14.0,3,0
0,0,0,1,15.25,3,0
0,0,0,0,13.0,3,0
0,0,0,0,23.0,1,0
0,0,0,0,14.0,1,0
0,0,0,0,1.0,1,0
0,0,0,0,20.0,1,0
0,0,0,0,22.0,1,0
0,0,0,0,22.0,3,0
0,0,0,0,22.0,1,0
0,0,0,0,10.090909090909092,11,0
0,0,0,0,10.3125,12,1
0,0,0,0,10.454545454545455,10,0
0,0,0,0,11.875,5,0
0,0,0,0,13.466666666666667,12,1
0,0,0,0,16.75,4,0
0,0,0,0,13.666666666666666,7,0
0,0,0,0,8.916666666666666,9,1
0,0,0,0,7.666666666666667,7,0
0,0,0,0,11.75,4,0
0,0,0,0,6.0,2,0
0,0,0,0,8.0,1,0
0,0,0,0,2.0,1,0
0,0,0,0,8.0,1,0
0,0,0,0,19.0,1,0
0,0,0,0,18.0,1,0
0,0,0,0,13.0,1,0
0,0,0,0,9.0,1,0
0,0,0,0,2.0,1,0
0,0,0,0,23.0,1,0
0,0,0,0,5.0,1,0
0,0,0,0,16.0,2,0
0,0,0,0,22.0,1,0
0,0,0,0,2.0,1,0
0,0,0,0,14.666666666666666,2,0
0,0,0,0,7.0,2,0
0,0,0,0,22.5,2,0
0,0,0,1,16.0,10,0
0,0,0,0,8.75,4,0
0,0,0,0,9.0,1,0
0,0,0,0,10.0,1,0
0,0,0,0,14.0,1,0
0,0,0,0,16.0,1,0
0,0,0,0,9.0,1,0
0,0,0,0,11.0,4,0
0,0,0,0,13.666666666666666,3,0
0,0,0,0,12.0,2,0
0,0,0,0,11.0,1,0
0,0,0,0,8.0,1,0
0,0,0,0,7.0,1,0
0,0,0,1,7.5,2,0
0,0,0,0,4.0,1,0
0,0,0,0,7.0,1,0
0,0,0,0,11.0,2,0
0,0,0,0,18.0,3,0
0,0,0,3,17.4,3,0
0,0,0,0,13.75,4,0
0,0,0,0,15.333333333333334,3,0
0,0,0,0,18.666666666666668,3,0
0,0,0,0,12.75,4,0
0,0,0,0,17.0,3,0
0,0,0,0,19.0,1,0
0,0,0,0,9.0,1,0
0,0,0,0,11.0,1,0
0,0,0,0,16.333333333333332,2,0
0,0,0,0,7.0,1,0
0,0,0,0,11.0,1,0
0,0,0,0,20.0,1,0
0,0,0,0,12.0,1,0
0,0,0,0,14.0,2,0
0,0,0,0,22.0,2,0
0,0,0,0,13.4,5,0
0,0,0,1,14.333333333333334,6,0
0,0,0,0,8.5,2,0
0,0,0,0,15.5,2,0
0,0,0,0,8.857142857142858,5,0
0,0,0,0,9.833333333333334,6,0
0,0,0,0,12.444444444444445,7,0
0,0,0,0,14.333333333333334,3,0
0,0,0,0,20.333333333333332,2,0
0,0,0,0,19.0,1,0
0,0,0,0,15.5,2,0
0,0,0,0,16.333333333333332,3,0
0,0,0,0,7.0,1,0
0,0,0,0,20.0,1,0
0,0,0,0,23.0,1,0
0,0,0,0,8.0,1,0
0,0,0,0,6.0,1,0
0,0,0,0,10.0,1,0
0,0,0,0,19.0,1,0
0,0,0,0,21.0,1,0
0,0,0,0,11.0,1,0
0,0,0,0,1.0,1,0
0,0,0,0,14.8,4,0
0,0,0,0,5.0,1,0
0,0,0,0,13.666666666666666,2,0
0,0,0,0,13.0,2,0
0,0,0,0,23.0,1,0
0,0,0,0,17.666666666666668,2,0
0,0,0,0,2.0,1,0
0,0,0,0,17.0,2,0
0,0,0,0,10.666666666666666,2,0
0,0,0,0,16.0,1,0
0,0,0,0,18.0,1,0
0,0,0,0,13.75,3,0
0,0,0,0,16.4,5,0
0,0,0,0,16.0,1,0
0,0,0,0,20.0,1,0
0,0,0,0,23.0,1,0
0,0,0,0,8.0,1,0
0,0,0,0,12.0,1,0
0,0,0,0,16.0,1,0
0,0,0,0,20.0,1,0
0,0,0,0,0.0,1,0
0,0,0,0,14.0,1,0
0,0,0,0,8.0,1,0
0,0,0,0,8.25,4,0
0,0,0,0,6.333333333333333,3,0
0,0,0,0,10.333333333333334,6,0
0,0,0,0,22.0,1,0
0,0,0,0,11.0,1,0
0,0,0,0,12.4,5,0
0,0,0,0,13.857142857142858,4,0
0,0,0,0,15.0,1,0
0,0,0,0,13.0,1,0
0,0,0,0,8.0,1,0
0,0,0,0,19.0,1,0
0,0,0,0,16.0,1,0
0,0,0,0,12.0,1,0
0,0,0,0,16.0,1,0
0,0,0,0,14.0,1,0
0,0,0,0,1.0,1,0
0,0,0,0,16.0,1,0
0,0,0,0,4.0,1,0
0,0,0,0,1.0,1,0
0,0,0,0,8.0,1,0
0,0,0,0,10.0,1,0
0,0,0,0,12.0,1,0
0,0,0,0,8.0,1,0
0,0,0,0,8.0,1,0
0,0,0,0,17.0,1,0
0,0,0,0,16.0,1,0
0,0,0,0,22.0,1,0
0,0,0,0,13.0,1,0
0,0,0,0,11.0,1,0
0,0,0,0,8.5,2,0
0,0,0,0,14.0,1,0
0,0,0,0,6.0,1,0
0,0,0,1,8.0,1,0
0,0,0,0,15.0,1,0
0,0,0,0,8.0,1,0
0,0,0,0,10.0,1,0
0,0,0,0,8.0,1,0
0,0,0,0,6.0,1,0
0,0,0,0,9.0,1,0
0,0,0,0,10.0,1,0
0,0,0,0,16.0,1,0
0,0,0,0,9.0,1,0
0,0,0,0,23.0,1,0
0,0,0,0,22.0,1,0
0,0,0,0,11.0,1,0
0,0,0,0,14.0,1,0
0,0,0,0,7.0,1,0
0,0,0,0,17.0,1,0
0,0,0,0,4.0,1,0
0,0,0,1,8.0,1,0
0,0,0,0,4.0,1,0
0,0,0,0,18.0,1,0
0,0,0,0,11.6,3,0
0,0,0,0,11.0,1,0
0,0,0,0,13.0,3,0
0,0,0,0,14.222222222222221,5,0
0,0,0,0,16.25,4,0
0,0,0,0,15.0,1,0
0,0,0,0,11.0,1,0
0,0,0,0,15.0,2,0
0,0,0,0,8.5,2,0
0,0,0,0,17.0,1,0
0,0,0,0,13.0,1,0
0,0,0,0,3.0,1,0
0,0,0,0,6.0,1,0
0,0,0,0,5.0,1,0
0,0,0,0,7.0,1,0
0,0,0,0,20.0,1,0
0,0,0,0,18.333333333333332,2,0
0,0,0,0,2.0,1,0
0,0,0,0,3.0,1,0
0,0,0,0,21.5,2,0
0,0,0,0,22.0,1,0
0,0,0,0,16.0,2,0
0,0,0,0,9.0,1,0
0,0,0,0,12.25,3,0
0,0,0,0,11.333333333333334,6,0
0,0,0,0,14.5,5,0
0,0,0,0,19.75,4,0
0,0,0,0,5.0,1,0
0,0,0,0,9.0,1,0
0,0,0,0,0.0,1,0
0,0,0,0,23.0,1,0
0,0,0,0,15.0,1,0
0,0,0,0,7.0,1,0
0,0,0,0,7.0,1,0
0,0,0,0,18.5,2,0
0,0,0,0,7.0,1,0
0,0,0,0,17.5,2,0
0,0,0,0,21.0,1,0
0,0,0,0,10.5,2,0
0,0,0,0,11.666666666666666,3,0
0,0,0,0,13.0,1,0
0,0,0,0,11.0,1,0
0,0,0,0,8.0,1,0
0,0,0,0,3.0,1,0
0,0,0,0,14.333333333333334,5,0
0,0,0,0,15.0,2,0
0,0,0,0,12.5,2,0
0,0,0,0,17.333333333333332,2,0
0,0,0,0,10.0,1,0
0,0,0,0,8.0,1,0
0,0,0,0,13.0,1,0
0,0,0,0,11.0,1,0
0,0,0,2,7.0,1,0
0,0,0,0,7.0,1,0
0,0,0,0,8.0,1,0
0,0,0,0,20.0,1,0
0,0,0,0,22.0,1,0
0,0,0,0,15.75,4,0
0,0,0,0,22.0,1,0
0,0,0,0,19.0,1,0
0,0,0,0,13.0,2,0
0,0,0,0,17.666666666666668,2,0
0,0,0,0,9.833333333333334,6,0
0,0,0,0,14.8,5,0
0,0,0,0,16.75,4,0
0,0,0,0,15.066666666666666,20,1
0,0,0,0,13.058823529411764,15,1
0,0,0,0,11.931034482758621,22,1
0,0,0,2,12.6875,37,1
0,0,0,4,12.681818181818182,35,1
0,0,0,0,13.342857142857143,30,1
0,0,0,4,12.486486486486486,31,1
0,0,0,0,14.04,41,1
0,0,0,0,13.074074074074074,27,1
0,0,0,0,13.846153846153847,23,1
0,0,0,0,13.166666666666666,9,1
0,0,0,0,12.25,13,1
0,0,0,0,11.363636363636363,11,0
0,0,0,0,10.5,15,1
0,0,0,0,10.1,10,0
0,0,0,0,15.555555555555555,8,0
0,0,0,0,15.0,4,0
0,0,0,0,10.0,2,0
0,0,0,0,15.333333333333334,2,0
0,0,0,0,11.0,1,0
0,0,0,0,0.0,1,0
0,0,0,0,15.0,1,0
0,0,0,0,7.666666666666667,2,0
0,0,0,0,16.5,2,0
0,0,0,0,11.0,1,0
0,0,0,0,16.5,2,0
0,0,0,0,15.0,3,0
0,0,0,0,17.0,2,0
0,0,0,0,12.0,1,0
0,0,0,0,13.0,1,0
0,0,0,0,10.0,1,0
0,0,0,0,10.0,1,0
0,0,0,0,9.0,1,0
0,0,0,0,14.0,1,0
0,0,0,0,21.0,1,0
0,0,0,0,17.5,2,0
0,0,0,0,16.5,3,0
0,0,0,0,10.25,4,0
0,0,0,0,14.384615384615385,10,1
0,0,0,0,13.789473684210526,14,1
0,0,0,0,12.909090909090908,11,0
0,0,0,0,13.545454545454545,20,1
0,0,0,0,12.870967741935484,26,1
0,0,0,0,14.911764705882353,30,1
0,0,0,0,13.166666666666666,25,1
0,0,0,0,11.958333333333334,19,1
0,0,0,0,14.45,16,1
0,0,0,0,14.163636363636364,44,1
0,0,0,0,13.772727272727273,20,1
0,0,0,0,13.61111111111111,14,1
0,0,0,0,10.181818181818182,10,0
0,0,0,0,11.2,5,0
0,0,0,0,14.222222222222221,7,0
0,0,0,0,13.333333333333334,6,0
0,0,0,0,12.454545454545455,9,0
0,0,0,1,14.25,4,0
0,0,0,0,12.4,5,0
0,0,0,0,7.0,2,0
0,0,0,0,16.0,2,0
0,0,0,0,23.0,1,0
0,0,0,0,14.0,1,0
0,0,0,0,12.0,1,0
0,0,0,0,10.0,1,0
0,0,0,0,9.0,1,0
0,0,0,0,23.0,1,0
0,0,0,0,14.0,1,0
0,0,0,0,22.0,1,0
0,0,0,0,23.0,1,0
0,0,0,0,22.0,1,0
0,0,0,0,17.0,1,0
0,0,0,0,23.0,1,0
0,0,0,0,1.0,1,0
0,0,0,0,14.0,1,0
0,0,0,0,21.0,1,0
0,0,0,0,17.0,1,0
0,0,0,0,15.0,1,0
0,0,0,0,11.0,1,0
0,0,0,0,19.0,1,0
0,0,0,0,6.0,1,0
0,0,0,0,16.0,1,0
0,0,0,0,10.0,1,0
0,0,0,0,7.0,1,0
0,0,0,0,17.0,1,0
0,0,0,0,15.0,1,0
0,0,0,0,11.5,2,0
0,0,0,0,20.0,1,0
0,0,0,0,9.0,1,0
0,0,0,0,16.0,2,0
0,0,0,0,14.0,2,0
0,0,0,0,8.0,1,0
0,0,0,0,18.0,1,0
0,0,0,0,10.0,1,0
0,0,0,0,10.0,1,0
0,0,0,0,14.0,1,0
0,0,0,0,10.0,1,0
0,0,0,0,11.0,1,0
0,0,0,0,14.0,1,0
0,0,0,0,9.0,1,0
0,0,0,0,12.0,1,0
0,0,0,0,20.0,1,0
0,0,0,0,8.4,3,0
0,0,0,0,14.0,1,0
0,0,0,0,23.0,1,0
0,0,0,0,7.0,1,0
0,0,0,0,17.0,1,0
0,0,0,0,12.0,1,0
0,0,0,0,23.0,1,0
0,0,0,0,20.0,1,0
0,0,0,0,1.0,1,0
0,0,0,0,12.0,1,0
0,0,0,0,21.0,1,0
0,0,0,0,22.0,1,0
0,0,0,0,20.0,1,0
0,0,0,0,2.0,1,0
0,0,0,0,12.0,1,0
0,0,0,0,7.0,1,0
0,0,0,0,22.0,1,0
0,0,0,0,17.0,1,0
0,0,0,0,20.0,1,0
0,0,0,0,22.0,1,0
0,0,0,0,22.0,1,0
0,0,0,0,10.5,2,0
0,0,0,0,8.0,1,0
0,0,0,0,22.0,1,0
0,0,0,0,15.0,1,0
0,0,0,0,10.0,1,0
0,0,0,0,9.0,1,0
0,0,0,0,17.0,1,0
0,0,0,0,16.0,1,0
0,0,0,0,8.0,1,0
0,0,0,0,16.0,1,0
0,0,0,0,11.0,1,0
0,0,0,0,10.0,1,0
0,0,0,0,9.0,1,0
0,0,0,0,22.0,1,0
0,0,0,0,1.0,1,0
0,0,0,0,4.0,1,0
0,0,0,0,8.0,1,0
0,0,0,0,11.0,1,0
0,0,0,0,20.0,1,0
0,0,0,0,11.0,1,0
0,0,0,0,6.0,1,0
0,0,0,0,14.0,1,0
0,0,0,0,19.0,1,0
0,0,0,0,21.0,1,0
0,0,0,0,8.0,1,0
0,0,0,1,9.0,1,0
0,0,0,0,11.0,1,0
0,0,0,0,0.0,1,0
0,0,0,0,23.0,1,0
0,0,0,0,23.0,1,0
0,0,0,0,17.0,1,0
0,0,0,0,13.0,1,0
0,0,0,0,23.0,1,0
0,0,0,0,2.0,1,0
0,0,0,0,14.0,1,0
0,0,0,0,11.0,1,0
0,0,0,0,16.0,1,0
0,0,0,0,22.0,1,0
0,0,0,0,2.0,1,0
0,0,0,0,21.0,1,0
0,0,0,0,17.0,1,0
0,0,0,0,0.0,1,0
0,0,0,0,7.0,1,0
0,0,0,0,22.0,1,0
0,0,0,0,3.25,3,0
0,0,0,0,13.0,3,0
0,0,0,0,13.5,2,0
0,0,0,0,14.375,7,0
0,0,0,0,12.333333333333334,3,0
0,0,0,0,12.0,1,0
0,0,0,0,20.0,1,0
0,0,0,0,16.0,1,0
0,0,0,0,11.0,2,0
0,0,0,0,20.0,2,0
0,0,0,0,22.0,1,0
0,0,0,0,14.095238095238095,17,1
0,0,0,0,13.705882352941176,15,1
0,0,0,0,13.333333333333334,5,0
0,0,0,0,12.0,2,0
0,0,0,0,0.0,1,0
0,0,0,0,22.0,1,0
0,0,0,0,4.0,1,0
0,0,0,0,10.5,2,0
0,0,0,0,21.0,1,0
0,0,0,0,13.0,2,0
0,0,0,0,12.0,3,0
0,0,0,0,10.181818181818182,8,0
0,0,0,0,9.714285714285714,20,1
0,0,0,1,12.461538461538462,10,1
0,0,0,0,14.4,5,0
0,0,0,0,7.0,1,0
0,0,0,0,16.0,1,0
0,0,0,0,1.0,1,0
0,0,0,0,16.0,1,0
0,0,0,0,11.333333333333334,3,0
0,0,0,0,7.0,1,0
0,0,0,0,23.0,1,0
0,0,0,0,10.0,1,0
0,0,0,0,7.0,1,0
0,0,0,0,13.0,1,0
0,0,0,0,21.0,1,0
0,0,0,0,7.0,2,0
0,0,0,0,13.0,1,0
0,0,0,0,14.666666666666666,2,0
0,0,0,0,8.5,2,0
0,0,0,0,1.0,1,0
0,0,0,0,19.0,1,0
0,0,0,0,13.0,1,0
0,0,0,0,13.0,1,0
0,0,0,0,21.0,1,0
0,0,0,0,4.0,2,0
0,0,0,0,18.0,1,0
0,0,0,0,4.0,1,0
0,0,0,0,8.0,1,0
0,0,0,0,18.0,1,0
0,0,0,0,10.0,1,0
0,0,0,0,17.0,1,0
0,0,0,0,10.0,1,0
0,0,0,0,20.0,1,0
0,0,0,0,18.0,1,0
0,0,0,0,20.0,1,0
0,0,0,0,12.0,1,0
0,0,0,0,22.0,1,0
0,0,0,0,0.0,1,0
0,0,0,0,23.0,1,0
0,0,0,0,1.0,1,0
0,0,0,0,21.0,1,0
0,0,0,0,11.0,1,0
0,0,0,0,17.0,1,0
0,0,0,0,12.0,1,0
0,0,0,0,9.0,1,0
0,0,0,0,16.0,1,0
0,0,0,0,0.0,1,0
0,0,0,0,0.0,1,0
0,0,0,0,8.0,1,0
0,0,0,0,9.0,1,0
0,0,0,0,8.0,1,0
0,0,0,0,2.0,1,0
0,0,0,0,22.0,1,0
0,0,0,0,2.0,1,0
0,0,0,0,14.0,1,0
0,0,0,0,23.0,1,0
0,0,0,0,17.0,1,0
0,0,0,0,1.0,1,0
0,0,0,0,23.0,1,0
0,0,0,0,7.0,1,0
0,0,0,0,8.0,1,0
0,0,0,0,9.0,1,0
0,0,0,0,9.0,1,0
0,0,0,0,12.0,1,0
0,0,0,0,22.0,1,0
0,0,0,0,11.0,1,0
0,0,0,0,9.0,1,0
0,0,0,0,8.0,1,0
0,0,0,0,13.0,1,0
0,0,0,0,9.0,1,0
0,0,0,0,14.0,1,0
0,0,0,0,9.75,2,0
0,0,0,0,11.0,3,0
0,0,0,0,13.0,1,0
0,2,0,0,18.0,1,0
0,0,0,0,9.5,2,0
0,0,0,0,7.0,1,0
0,0,0,0,8.0,1,0
0,0,0,0,9.666666666666666,3,0
0,0,0,0,11.0,1,0
0,0,0,0,11.0,1,0
0,0,0,0,21.0,1,0
0,0,0,0,13.0,1,0
0,0,0,0,22.0,1,0
0,0,0,0,23.0,1,0
0,0,0,0,16.0,1,0
0,0,0,0,13.0,1,0
0,0,0,0,18.333333333333332,2,0
0,0,0,0,2.0,1,0
0,0,0,0,11.0,1,0
0,0,0,0,12.0,1,0
0,0,0,0,9.0,1,0
0,0,0,0,21.0,1,0
0,0,0,0,15.0,1,0
0,0,0,0,10.0,1,0
0,0,0,0,7.0,1,0
0,0,0,0,8.0,1,0
0,0,0,0,10.0,1,0
0,0,0,0,16.0,1,0
0,0,0,0,0.0,1,0
0,0,0,0,15.0,2,0
0,0,0,0,12.333333333333334,3,0
0,0,0,0,14.0,1,0
0,0,0,0,12.5,2,0
0,0,0,0,10.333333333333334,3,0
0,0,0,0,11.5,2,0
0,0,0,0,11.0,1,0
0,0,0,0,12.0,1,0
0,0,0,0,13.0,1,0
0,0,0,0,9.0,2,0
0,0,0,0,8.0,1,0
0,0,0,0,21.0,1,0
0,0,0,0,11.0,1,0
0,0,0,0,0.0,1,0
0,0,0,0,3.0,1,0
0,0,0,0,21.5,2,0
0,0,0,0,14.0,3,0
0,0,0,0,21.0,1,0
0,0,0,0,23.0,1,0
0,0,0,0,8.0,2,0
0,0,0,0,23.0,1,0
0,0,0,0,9.5,2,0
0,0,0,0,21.0,1,0
0,0,0,0,17.0,1,0
0,0,0,0,3.0,1,0
0,0,0,0,6.5,2,0
0,0,0,0,7.666666666666667,3,0
0,0,0,0,12.0,1,0
0,0,0,0,22.0,1,0
0,0,0,0,11.333333333333334,2,0
0,0,0,0,21.0,2,0
0,0,0,0,12.0,4,0
0,0,0,0,3.0,1,0
0,0,0,0,14.0,1,0
0,0,0,0,9.625,5,0
0,0,0,0,16.0,1,0
0,0,0,0,12.333333333333334,3,0
0,0,0,0,19.5,2,0
0,0,0,0,0.0,1,0
0,0,0,0,2.0,1,0
0,0,0,0,9.0,1,0
0,0,0,0,11.0,1,0
0,0,0,0,12.5,2,0
0,0,0,0,8.0,1,0
0,0,0,0,14.0,1,0
0,0,0,0,17.833333333333332,4,0
0,0,0,0,10.333333333333334,3,0
0,0,0,0,14.0,2,0
0,0,0,0,12.0,1,0
0,0,0,0,13.0,1,0
0,0,0,0,13.75,4,0
0,0,0,0,14.333333333333334,2,0
0,0,0,0,10.0,3,0
0,0,0,0,14.5,2,0
0,0,0,0,13.1,8,0
0,0,0,0,19.666666666666668,3,0
0,0,0,0,11.68421052631579,17,1
0,0,0,0,13.666666666666666,20,1
0,0,0,0,14.263157894736842,17,1
0,0,0,0,10.944444444444445,14,1
0,0,0,0,13.222222222222221,7,0
0,0,0,1,12.625,7,0
0,0,0,0,14.166666666666666,6,0
0,0,0,0,16.357142857142858,13,1
0,0,0,0,12.363636363636363,9,0
0,0,0,0,23.0,1,0
0,0,0,0,4.5,2,0
0,0,0,0,10.818181818181818,8,0
0,0,0,0,13.333333333333334,11,1
0,0,0,0,15.25,7,0
0,0,0,0,16.8,6,0
0,0,0,0,10.5,7,0
0,0,0,0,13.0,3,0
0,0,0,0,5.0,2,0
0,0,0,0,12.0,1,0
0,0,0,0,14.0,1,0
0,0,0,0,17.0,1,0
0,0,0,0,6.0,1,0
0,0,0,0,10.0,1,0
0,0,0,0,0.0,1,0
0,0,0,0,1.0,1,0
0,0,0,0,9.0,2,0
0,0,0,0,6.5,2,0
0,0,0,0,9.0,1,0
0,0,0,0,8.0,1,0
0,0,0,0,2.0,1,0
0,0,0,0,13.0,1,0
0,0,0,0,7.714285714285714,3,0
0,0,0,0,15.0,1,0
0,0,0,0,3.0,1,0
0,0,0,0,9.0,1,0
0,0,0,0,15.0,1,0
0,0,0,0,7.0,1,0
0,0,0,0,6.0,1,0
0,0,0,0,8.666666666666666,2,0
0,0,0,0,11.0,1,0
0,0,0,0,11.0,1,0
0,0,0,0,4.333333333333333,2,0
0,0,0,0,11.5,2,0
0,0,0,0,5.5,3,0
0,0,0,0,6.444444444444445,5,0
0,0,0,0,8.0,3,0
0,0,0,0,15.0,3,0
0,0,0,0,3.0,1,0
0,0,0,0,20.0,1,0
0,0,0,0,16.0,1,0
0,0,0,0,13.0,1,0
0,0,0,0,9.0,1,0
0,0,0,0,9.0,1,0
0,0,0,0,10.0,1,0
0,0,0,0,4.0,1,0
0,0,0,0,23.0,1,0
0,0,0,0,8.0,1,0
0,0,0,0,0.0,1,0
0,0,0,0,23.0,1,0
0,0,0,0,14.0,1,0
0,0,0,0,8.0,1,0
0,0,0,0,12.0,1,0
0,0,0,0,18.0,1,0
0,0,0,0,17.0,1,0
0,0,0,0,11.0,1,0
0,0,0,0,11.0,2,0
0,0,0,0,7.0,1,0
0,0,0,0,11.0,1,0
0,0,0,0,19.0,1,0
0,0,0,0,23.0,1,0
0,0,0,0,23.0,1,0
0,0,0,0,16.0,1,0
0,0,0,0,19.0,1,0
0,0,0,0,14.0,1,0
0,0,0,0,16.0,1,0
0,0,0,0,7.0,1,0
0,0,0,0,13.8,4,0
0,0,0,0,20.0,1,0
0,0,0,0,0.0,1,0
0,0,0,0,9.2,5,0
0,0,0,0,6.5,6,0
0,0,0,0,18.0,2,0
0,0,0,0,9.0,1,0
0,0,0,0,13.2,5,0
0,0,0,0,12.714285714285714,6,0
0,0,0,0,12.285714285714286,12,1
0,0,0,0,16.142857142857142,6,0
0,0,0,0,14.25,3,0
0,0,0,0,12.75,15,1
0,0,0,0,14.222222222222221,9,0
0,0,0,0,10.0,11,0
0,0,0,0,10.588235294117647,13,1
0,0,0,0,10.733333333333333,13,1
0,0,0,0,11.4,10,0
0,0,0,0,9.25,4,0
0,0,0,0,17.666666666666668,3,0
0,0,0,0,10.0,1,0
0,0,0,0,10.0,1,0
0,0,0,0,23.0,1,0
0,0,0,0,21.0,1,0
0,0,0,0,17.0,1,0
0,0,0,0,1.0,1,0
0,0,0,0,16.0,1,0
0,0,0,0,20.0,1,0
0,0,0,0,22.2,5,0
0,0,0,0,18.666666666666668,4,0
0,0,0,0,15.5,2,0
0,0,0,0,11.0,1,0
0,0,0,0,10.7,6,0
0,0,0,0,9.333333333333334,8,0
0,0,0,0,12.5,7,0
0,0,0,0,13.375,7,1
0,0,0,0,18.125,8,0
0,0,0,0,13.285714285714286,11,1
0,0,0,0,11.2,8,0
0,0,0,0,17.0,3,0
0,0,0,0,17.2,5,0
0,0,0,0,12.0,10,1
0,0,0,0,13.23076923076923,13,1
0,0,0,1,11.6,10,0
0,0,0,0,12.181818181818182,20,1
0,0,0,0,14.8125,13,1
0,0,0,0,12.666666666666666,9,1
0,0,0,1,19.0,6,0
0,0,0,0,8.0,1,0
0,0,0,0,10.0,1,0
0,0,0,0,14.0,1,0
0,0,0,0,19.0,1,0
0,0,0,0,9.0,1,0
0,0,0,0,14.5,2,0
0,0,0,0,0.0,1,0
0,0,0,0,13.75,8,0
0,0,0,3,6.166666666666667,4,0
0,0,0,0,15.6,4,0
0,0,0,0,12.0,5,0
0,0,0,0,14.0,1,0
0,0,0,0,10.0,1,0
0,0,0,0,10.0,1,0
0,0,0,0,20.0,1,0
0,0,0,0,15.0,1,0
0,0,0,0,0.0,1,0
0,0,0,0,14.0,1,0
0,0,0,0,16.0,1,0
0,0,0,0,13.0,2,0
0,0,0,0,8.0,1,0
0,0,0,0,7.0,2,0
0,0,0,0,14.0,1,0
0,0,0,0,20.0,1,0
0,0,0,0,10.0,2,0
0,0,0,0,12.0,1,0
0,0,0,0,14.0,1,0
0,0,0,0,22.0,1,0
0,0,0,0,8.0,1,0
0,0,0,0,16.0,1,0
0,0,0,0,10.0,1,0
0,0,0,0,6.333333333333333,3,0
0,0,0,0,7.0,1,0
0,0,0,0,11.0,3,0
0,0,0,0,9.0,1,0
0,0,0,0,7.666666666666667,6,0
0,0,0,0,16.0,1,0
0,0,0,0,15.0,5,0
0,0,0,0,15.1875,11,1
0,0,0,0,12.846153846153847,13,1
0,0,0,0,14.047619047619047,15,1
0,0,0,0,10.513513513513514,27,1
0,0,0,0,14.32258064516129,23,1
0,0,0,0,13.416666666666666,42,1
0,0,0,0,14.135135135135135,32,1
0,0,0,0,14.511111111111111,38,1
0,0,0,0,12.843137254901961,43,1
0,0,0,1,13.596153846153847,41,1
0,0,0,0,12.790322580645162,54,1
0,0,0,2,11.584269662921349,68,1
0,0,0,0,11.63855421686747,73,1
0,0,0,0,12.162162162162161,56,1
0,0,0,3,10.333333333333334,39,1
0,0,0,0,12.725274725274724,76,1
0,0,0,1,11.174603174603174,54,1
0,0,0,1,12.491071428571429,95,1
0,0,0,1,12.925925925925926,66,1
0,0,0,0,13.901960784313726,81,1
0,0,0,0,12.16,42,1
0,0,0,2,10.846153846153847,22,1
0,0,0,0,12.0,3,0
0,0,0,0,18.0,1,0
0,0,0,0,13.0,1,0
0,0,0,0,23.0,1,0
0,0,0,0,12.0,1,0
0,0,0,0,12.0,1,0
0,0,0,0,15.0,1,0
0,0,0,0,23.0,1,0
0,0,0,0,23.0,1,0
0,0,0,0,18.0,1,0
0,0,0,0,21.0,1,0
0,0,0,0,11.2,6,0
0,0,0,0,7.090909090909091,8,0
0,0,0,0,7.25,3,0
0,0,0,0,18.0,1,0
0,0,0,0,15.0,1,0
0,0,0,0,16.0,1,0
0,0,0,0,9.0,1,0
0,0,0,0,13.0,1,0
0,0,0,0,23.0,1,0
0,0,0,0,8.0,1,0
0,0,0,0,9.0,1,0
0,0,0,0,12.0,1,0
0,0,0,0,8.0,1,0
0,0,0,0,15.0,1,0
0,0,0,0,20.5,2,0
0,0,0,0,13.0,1,0
0,0,0,0,17.0,1,0
0,0,0,0,8.285714285714286,7,1
0,0,0,0,1.0,1,0
0,0,0,0,13.2,2,0
0,0,0,0,13.0,2,0
0,0,0,0,17.0,1,0
0,0,0,0,8.0,1,0
0,0,0,0,12.0,1,0
0,0,0,0,21.0,1,0
0,0,0,0,10.0,1,0
0,0,0,0,6.0,1,0
0,0,0,0,8.0,1,0
0,0,0,0,21.0,1,0
0,0,0,0,16.0,1,0
0,0,0,0,1.0,1,0
0,0,0,0,11.0,1,0
0,0,0,0,10.0,1,0
0,0,0,0,10.0,1,0
0,0,0,0,10.0,1,0
0,0,0,0,20.0,1,0
0,0,0,0,17.0,1,0
0,0,0,0,16.0,1,0
0,0,0,0,13.0,1,0
0,0,0,0,12.0,1,0
0,0,0,0,14.0,1,0
0,0,0,0,10.0,1,0
0,0,0,0,9.0,1,0
0,0,0,0,12.0,1,0
0,0,0,0,10.0,1,0
0,0,0,0,16.0,1,0
0,0,0,0,9.0,1,0
0,0,0,0,7.0,1,0
0,0,0,0,7.0,1,0
0,0,0,0,12.0,1,0
0,0,0,0,3.0,1,0
0,0,0,0,9.0,1,0
0,0,0,0,20.0,1,0
0,0,0,0,15.0,1,0
0,0,0,0,16.5,2,0
0,0,0,1,14.666666666666666,6,0
0,0,0,3,14.625,3,0
0,0,0,0,10.0,2,0
0,0,0,0,14.0,1,0
0,0,0,0,9.0,1,0
0,0,0,0,19.0,1,0
0,0,0,0,13.0,1,0
0,0,0,0,14.8,2,0
0,0,0,0,9.0,1,0
0,0,0,0,12.0,1,0
0,0,0,0,13.0,1,0
0,0,0,0,14.0,1,0
0,0,0,0,15.0,1,0
0,0,0,0,18.0,1,0
0,0,0,0,13.0,1,0
0,0,0,0,18.0,1,0
0,0,0,0,20.5,2,0
0,0,0,0,0.0,1,0
0,0,0,0,22.0,1,0
0,0,0,0,15.0,2,0
0,0,0,0,15.0,1,0
0,0,0,0,7.0,2,0
0,0,0,0,16.0,4,0
0,0,0,0,13.5,2,0
0,0,0,0,18.0,2,0
0,0,0,0,16.0,1,0
0,0,0,0,14.0,1,0
0,0,0,0,9.0,1,0
0,0,0,0,8.0,1,0
0,0,0,0,14.0,1,0
0,0,0,0,13.0,2,0
0,0,0,2,17.666666666666668,2,0
0,0,0,0,16.0,1,0
0,0,0,0,15.333333333333334,3,0
0,0,0,0,8.5,2,0
0,0,0,0,17.0,1,0
0,0,0,0,1.0,1,0
0,0,0,0,21.0,1,0
0,0,0,0,1.0,1,0
0,0,0,0,23.0,1,0
0,0,0,0,18.0,2,0
0,0,0,0,14.0,1,0
0,0,0,0,5.0,2,0
0,0,0,0,18.0,1,0
0,0,0,0,14.0,1,0
0,0,0,0,9.0,1,0
0,0,0,0,1.0,1,0
0,0,0,0,9.0,1,0
0,0,0,0,8.0,1,0
0,0,0,0,14.0,2,0
0,0,0,0,10.0,1,0
0,0,0,0,6.0,1,0
0,0,0,0,7.0,1,0
0,0,0,0,11.0,1,0
0,0,0,0,14.0,1,0
0,0,0,0,14.0,1,0
0,0,0,0,18.0,1,0
0,0,0,0,12.0,1,0
0,0,0,0,16.0,1,0
0,0,0,0,12.25,3,0
0,0,0,0,14.0,1,0
0,0,0,0,21.0,1,0
0,0,0,0,8.5,2,0
0,0,0,0,10.6,5,0
0,0,0,1,13.333333333333334,3,0
0,0,0,0,18.0,1,0
0,0,0,0,8.0,1,0
0,0,0,0,18.0,1,0
0,0,0,1,12.0,1,0
0,0,0,0,16.0,1,0
0,0,0,0,7.0,1,0
0,0,0,0,10.538461538461538,21,1
0,0,0,0,19.5,4,0
0,0,0,0,11.25,4,0
0,0,0,0,21.0,1,0
0,0,0,0,8.0,1,0
0,0,0,0,0.0,1,0
0,0,0,0,9.0,1,0
0,0,0,0,10.0,1,0
0,0,0,0,11.666666666666666,3,0
0,0,0,0,13.0,1,0
0,0,0,0,22.0,1,0
0,0,0,0,11.333333333333334,2,0
0,0,0,0,15.2,4,0
0,0,0,0,12.0,4,0
0,0,0,0,14.666666666666666,3,0
0,0,0,0,8.125,5,0
0,0,0,0,11.0,3,0
0,0,0,0,16.8,5,0
0,0,0,0,13.0,4,0
0,0,0,0,13.0,3,0
0,0,0,0,13.0,2,0
0,0,0,0,23.0,1,0
0,0,0,0,22.0,1,0
0,0,0,0,19.0,1,0
0,0,0,0,15.0,1,0
0,0,0,0,21.0,1,0
0,0,0,0,13.0,1,0
0,0,0,0,11.0,1,0
0,0,0,0,11.0,1,0
0,0,0,0,11.0,1,0
0,0,0,0,16.333333333333332,2,0
0,0,0,0,18.0,1,0
0,0,0,0,10.666666666666666,3,0
0,0,0,0,13.25,4,0
0,0,0,0,15.0,9,1
0,0,0,0,10.884615384615385,16,1
0,0,0,0,13.333333333333334,3,0
0,0,0,0,2.0,1,0
0,0,0,0,8.0,1,0
0,0,0,0,13.0,1,0
0,0,0,0,22.0,1,0
0,0,0,0,14.0,1,0
0,0,0,0,22.0,1,0
0,0,0,0,14.0,1,0
0,0,0,0,10.0,1,0
0,0,0,0,23.0,1,0
0,0,0,0,1.0,1,0
0,0,0,0,23.0,1,0
0,0,0,0,7.0,1,0
0,0,0,0,18.0,1,0
0,0,0,0,12.0,1,0
0,0,0,0,22.0,1,0
0,0,0,0,23.0,1,0
0,0,0,0,18.0,1,0
0,0,0,0,17.0,1,0
0,0,0,0,19.0,2,0
0,0,0,0,7.333333333333333,3,0
0,0,0,0,7.0,1,0
0,0,0,0,16.0,2,0
0,0,0,0,14.0,1,0
0,0,0,0,13.666666666666666,2,0
0,0,0,0,12.0,1,0
0,0,0,0,0.0,1,0
0,0,0,0,12.0,1,0
0,0,0,0,21.0,1,0
0,0,0,0,19.0,1,0
0,0,0,0,13.0,1,0
0,0,0,0,17.0,1,0
0,0,0,0,1.0,1,0
0,0,0,0,11.0,1,0
0,0,0,0,7.0,1,0
0,0,0,0,1.0,1,0
0,0,0,0,20.0,1,0
0,0,0,0,7.0,1,0
0,0,0,0,1.0,1,0
0,0,0,0,16.0,1,0
0,0,0,0,16.0,1,0
0,0,0,0,19.0,1,0
0,0,0,0,19.0,1,0
0,0,0,0,16.0,1,0
0,0,0,0,19.0,1,0
0,0,0,0,23.0,1,0
0,0,0,0,20.0,1,0
0,0,0,0,15.5,2,0
0,0,0,0,21.0,1,0
0,0,0,0,19.5,2,0
0,0,0,0,8.5,2,0
0,0,0,0,9.0,1,0
0,0,0,0,23.0,1,0
0,0,0,0,18.0,1,0
0,0,0,0,21.0,1,0
0,0,0,0,19.0,1,0
0,0,0,0,3.0,1,0
0,0,0,0,23.0,1,0
0,0,0,0,23.0,1,0
0,0,0,0,10.647058823529411,8,1
0,0,0,0,6.75,2,0
0,0,0,0,17.0,1,0
0,0,0,1,13.9,7,0
0,0,0,0,17.166666666666668,6,0
0,0,0,3,10.95,13,1
0,0,0,3,10.75,16,1
0,0,0,1,15.866666666666667,11,1
0,0,0,0,11.0,7,0
0,0,0,0,14.352941176470589,22,1
0,0,0,2,9.472222222222221,25,1
0,0,0,0,13.964285714285714,21,1
0,0,0,1,14.05,15,1
0,0,0,0,16.857142857142858,13,1
0,0,0,2,11.476190476190476,16,1
0,0,0,0,10.892857142857142,20,1
0,0,0,0,12.23076923076923,13,1
0,0,0,0,11.947368421052632,17,1
0,0,0,0,20.0,1,0
0,0,0,0,2.0,1,0
0,0,0,0,2.0,1,0
0,0,0,0,1.0,1,0
0,0,0,0,11.0,1,0
0,0,0,0,14.0,2,0
0,0,0,0,5.333333333333333,2,0
0,0,0,0,19.0,3,0
0,0,0,0,12.0,1,0
0,0,0,0,15.7,9,0
0,0,0,0,16.0,3,0
0,0,0,0,14.708333333333334,16,1
0,0,0,0,14.333333333333334,12,1
0,0,0,0,14.125,8,0
0,0,0,0,11.5,8,1
0,0,0,0,16.83783783783784,27,1
0,0,0,0,10.511111111111111,27,1
0,0,0,0,15.891891891891891,29,1
0,0,0,1,14.392857142857142,21,1
0,0,0,1,13.1875,23,1
0,0,0,0,12.047619047619047,18,1
0,0,0,3,11.344827586206897,23,1
0,0,0,0,12.0625,15,1
0,0,0,0,13.875,13,1
0,0,0,0,9.0,1,0
0,0,0,0,17.0,1,0
0,0,0,0,18.0,1,0
0,0,0,0,1.0,1,0
0,0,0,0,17.0,1,0
0,0,0,0,7.0,1,0
0,0,0,0,16.0,2,0
0,0,0,0,8.0,1,0
0,0,0,0,4.0,2,0
0,0,0,0,17.0,1,0
0,0,0,0,21.0,1,0
0,0,0,0,15.0,1,0
0,0,0,0,13.5,2,0
0,0,0,0,13.0,1,0
0,0,0,0,10.0,1,0
0,0,0,0,8.0,1,0
0,0,0,0,16.0,1,0
0,0,0,0,8.0,1,0
0,0,0,0,18.0,1,0
0,0,0,0,10.0,1,0
0,0,0,0,10.0,1,0
0,0,0,0,11.0,1,0
0,0,0,0,7.0,1,0
0,0,0,0,21.25,2,0
0,0,0,0,16.0,1,0
0,0,0,0,11.5,2,0
0,0,0,0,12.714285714285714,6,0
0,0,0,0,14.666666666666666,2,0
0,0,0,0,20.25,4,0
0,0,0,0,7.0,3,0
0,0,0,0,8.4,2,0
0,0,0,0,17.5,2,0
0,0,0,0,0.0,1,0
0,0,0,0,6.0,1,0
0,0,0,0,9.0,1,0
0,0,0,0,10.0,1,0
0,0,0,0,17.0,1,0
0,0,0,0,7.0,1,0
0,0,0,0,16.0,1,0
0,0,0,0,15.0,1,0
0,0,0,0,19.0,1,0
0,0,0,0,13.0,1,0
0,0,0,0,10.0,1,0
0,0,0,0,9.0,1,0
0,0,0,0,15.0,2,0
0,0,0,0,13.0,1,0
0,0,0,0,7.0,1,0
0,0,0,0,16.0,1,0
0,0,0,0,14.0,1,0
0,0,0,0,20.0,1,0
0,0,0,0,10.333333333333334,4,0
0,0,0,0,15.0,1,0
0,0,0,0,10.0,1,0
0,0,0,0,14.4,5,0
0,0,0,1,9.75,8,0
0,0,0,0,9.363636363636363,5,0
0,0,0,0,13.0,3,0
0,0,0,0,10.0,3,0
0,0,0,0,11.777777777777779,8,0
0,0,0,0,10.538461538461538,11,1
0,0,0,0,14.615384615384615,9,1
0,0,0,0,12.56,18,1
0,1,0,0,13.1875,11,1
0,0,0,0,11.0,6,0
0,0,0,0,14.4,5,0
0,0,0,0,13.181818181818182,8,0
0,0,0,0,12.333333333333334,5,0
0,0,0,3,17.0,2,0
0,0,0,0,13.363636363636363,3,0
0,0,0,0,10.0,1,0
0,0,0,0,10.0,1,0
0,0,0,0,8.0,1,0
0,0,0,0,10.0,1,0
0,0,0,0,10.0,1,0
0,0,0,0,14.0,1,0
0,0,0,0,10.5,2,0
0,0,0,0,10.0,1,0
0,0,0,0,6.0,1,0
0,0,0,0,10.25,2,0
0,0,0,0,23.0,1,0
0,0,0,0,12.0,1,0
0,0,0,0,9.0,1,0
0,0,0,0,15.0,1,0
0,0,0,0,9.0,1,0
0,0,0,0,9.0,3,0
0,0,0,0,8.0,1,0
0,0,0,0,7.0,1,0
0,0,0,0,8.0,1,0
0,0,0,0,12.0,1,0
0,0,0,0,9.0,1,0
0,0,0,0,18.0,1,0
0,0,0,0,10.0,1,0
0,0,0,0,10.0,1,0
0,0,0,0,19.0,1,0
0,0,0,0,14.0,1,0
0,0,0,0,15.0,1,0
0,0,0,0,16.0,1,0
0,0,0,0,22.0,1,0
0,0,0,0,10.0,1,0
0,0,0,0,7.0,1,0
0,0,0,0,14.0,1,0
0,0,0,0,7.0,1,0
0,0,0,0,10.333333333333334,5,0
0,0,0,0,6.0,3,0
0,0,0,0,14.25,3,0
0,0,0,0,12.0,5,0
0,0,0,0,1.0,1,0
0,0,0,0,13.0,1,0
0,0,0,0,10.0,1,0
0,0,0,0,7.0,1,0
0,0,0,0,8.0,1,0
0,0,0,0,7.0,1,0
0,0,0,0,8.0,2,0
0,0,0,0,13.0,3,0
0,0,0,0,15.0,1,0
0,0,0,0,10.23076923076923,6,1
0,0,0,0,0.0,2,0
0,0,0,0,18.0,1,0
0,0,0,0,11.0,3,0
0,0,0,0,15.25,5,0
0,0,0,0,22.0,1,0
0,0,0,0,16.0,1,0
0,0,0,0,12.0,1,0
0,0,0,0,9.0,1,0
0,0,0,0,9.0,1,0
0,0,0,0,14.0,1,0
0,0,0,0,19.0,1,0
0,0,0,0,19.0,1,0
0,0,0,0,8.0,1,0
0,0,0,0,2.0,1,0
0,0,0,0,2.0,1,0
0,0,0,0,0.0,1,0
0,0,0,0,15.0,1,0
0,0,0,0,23.0,1,0
0,0,0,0,14.5,3,0
0,0,0,0,22.0,1,0
0,0,0,0,13.333333333333334,3,0
0,0,0,0,17.0,1,0
0,0,0,0,8.2,3,0
0,0,0,0,11.0,1,0
0,0,0,0,4.0,1,0
0,0,0,0,6.0,1,0
0,0,0,0,21.0,1,0
0,0,0,0,5.0,1,0
0,0,0,0,14.0,1,0
0,0,0,0,11.0,1,0
0,0,0,0,22.0,1,0
0,0,0,0,10.0,1,0
0,0,0,0,10.0,1,0
0,0,0,0,14.0,1,0
0,0,0,0,1.0,1,0
0,0,0,0,7.0,1,0
0,0,0,0,9.8,5,0
0,0,0,0,20.0,1,0
0,0,0,0,16.0,5,0
0,0,0,0,12.0,1,0
0,0,0,0,19.0,1,0
0,0,0,0,21.5,2,0
0,0,0,0,8.0,1,0
0,0,0,0,18.0,1,0
0,0,0,0,5.0,1,0
0,0,0,0,1.0,1,0
0,0,0,0,19.0,1,0
0,0,0,0,10.5,2,0
0,0,0,0,23.0,1,0
0,0,0,1,14.26086956521739,18,1
0,0,0,0,11.9,10,0
0,0,0,0,13.333333333333334,13,1
0,0,0,0,13.9,16,1
0,0,0,0,13.5,10,1
0,0,0,2,8.45,15,1
0,0,0,1,10.4,19,1
0,0,0,0,12.421052631578947,17,1
0,0,0,0,7.6,7,0
0,0,0,0,13.454545454545455,9,0
0,0,0,0,19.0,5,0
0,0,0,0,13.4,5,0
0,0,0,0,9.4,5,0
0,0,0,0,11.5,4,0
0,0,0,0,14.666666666666666,3,0
0,0,0,0,13.0,2,0
0,0,0,0,13.0,1,0
0,0,0,0,12.0,1,0
0,0,0,0,7.0,1,0
0,0,0,0,10.0,1,0
0,0,0,0,11.0,1,0
0,0,0,0,10.0,1,0
0,0,0,0,23.0,1,0
0,0,0,0,14.0,3,0
0,0,0,0,10.0,3,0
0,0,0,0,20.0,1,0
0,0,0,0,8.0,1,0
0,0,0,0,11.0,2,0
0,0,0,0,11.0,1,0
0,0,0,0,8.0,1,0
0,0,0,0,17.666666666666668,3,0
0,0,0,0,14.0,1,0
0,0,0,0,14.0,1,0
0,0,0,0,17.0,1,0
0,0,0,0,14.0,1,0
0,0,0,0,22.0,1,0
0,0,0,0,16.0,2,0
0,0,0,0,15.0,1,0
0,0,0,0,8.0,1,0
0,0,0,0,10.0,1,0
0,0,0,1,18.0,1,0
0,0,0,0,10.0,1,0
0,0,0,1,13.0,1,0
0,0,0,0,12.0,1,0
0,0,0,0,11.666666666666666,3,0
0,0,0,0,11.75,3,0
0,0,0,0,17.0,2,0
0,0,0,0,13.444444444444445,6,0
0,0,0,0,13.76,17,1
0,1,0,0,15.458333333333334,16,1
0,0,0,2,12.620689655172415,24,1
0,0,0,8,15.758620689655173,37,1
0,0,0,0,13.43859649122807,34,1
0,0,0,0,12.217391304347826,16,1
0,0,0,0,13.555555555555555,16,1
0,0,0,3,11.694444444444445,51,1
0,0,0,0,17.6,9,0
0,0,0,0,11.916666666666666,11,1
0,0,0,0,15.333333333333334,8,1
0,0,0,0,8.4,7,0
0,0,0,3,15.555555555555555,14,1
0,0,0,0,13.11111111111111,8,0
0,0,0,1,13.32,21,1
0,0,0,1,12.3,7,0
0,0,0,0,10.0,1,0
0,0,0,0,6.0,1,0
0,0,0,0,8.0,1,0
0,0,0,0,12.0,1,0
0,0,0,0,8.0,1,0
0,0,0,0,16.0,1,0
0,0,0,0,12.0,1,0
0,0,0,0,0.0,1,0
0,0,0,0,21.0,1,0
0,0,0,0,8.0,1,0
0,0,0,0,7.0,1,0
0,0,0,0,9.0,1,0
0,0,0,0,7.0,1,0
0,0,0,0,14.333333333333334,3,0
0,0,0,0,11.666666666666666,2,0
0,0,0,0,11.0,1,0
0,0,0,0,2.0,1,0
0,0,0,0,23.0,1,0
0,0,0,0,0.0,1,0
0,0,0,0,10.428571428571429,5,0
0,0,0,0,21.0,1,0
0,0,0,0,17.2,3,0
0,0,0,0,22.0,1,0
0,0,0,0,8.5,2,0
0,0,0,0,15.0,1,0
0,0,0,0,4.0,1,0
0,0,0,0,7.5,2,0
0,0,0,0,15.0,1,0
0,0,0,0,12.0,1,0
0,0,0,0,13.625,4,0
0,0,0,0,9.181818181818182,10,0
0,0,0,1,11.583333333333334,11,1
0,0,0,0,10.16,16,1
0,0,0,0,15.44,15,1
0,0,0,0,11.37037037037037,20,1
0,0,0,2,14.620689655172415,20,1
0,0,0,0,11.291666666666666,19,1
0,0,0,3,13.228571428571428,25,1
0,0,0,1,10.214285714285714,12,1
0,0,0,0,14.125,5,0
0,0,0,1,10.375,7,0
0,0,0,0,15.5,4,0
0,0,0,0,7.625,9,1
0,0,0,0,12.571428571428571,14,1
0,0,0,0,18.571428571428573,5,0
0,0,0,0,14.88888888888889,8,0
0,0,0,0,13.666666666666666,2,0
0,0,0,0,9.0,1,0
0,0,0,0,12.0,1,0
0,0,0,0,2.0,1,0
0,0,0,0,14.666666666666666,2,0
0,0,0,0,10.0,2,0
0,0,0,0,12.0,1,0
0,0,0,0,10.0,1,0
0,0,0,0,13.0,1,0
0,0,0,0,14.0,1,0
0,0,0,0,21.0,1,0
0,0,0,0,18.0,1,0
0,0,0,0,12.0,1,0
0,0,0,0,11.0,1,0
0,0,0,0,0.0,1,0
0,0,0,2,1.0,1,0
0,0,0,0,4.0,1,0
0,0,0,0,18.0,1,0
0,0,0,0,15.0,1,0
0,0,0,1,10.5,3,0
0,0,0,0,19.0,1,0
0,0,0,0,16.0,1,0
0,0,0,0,21.0,1,0
0,0,0,0,12.0,1,0
0,0,0,0,8.0,1,0
0,0,0,0,8.0,1,0
0,0,0,0,18.0,1,0
0,0,0,0,19.0,1,0
0,0,0,0,19.0,1,0
0,0,0,0,20.25,3,0
0,0,0,0,20.0,2,0
0,0,0,0,3.0,1,0
0,0,0,0,9.142857142857142,2,0
0,0,0,0,17.0,2,0
0,0,0,0,22.0,1,0
0,0,0,0,19.0,1,0
0,0,0,0,9.0,1,0
0,0,0,1,1.0,1,0
0,0,0,0,0.0,1,0
0,0,0,0,10.166666666666666,2,0
0,0,0,0,9.0,1,0
0,0,0,1,16.0,1,0
0,0,0,0,13.0,1,0
0,0,0,1,15.5,2,0
0,0,0,0,17.0,1,0
0,0,0,0,19.0,1,0
0,0,0,0,22.0,1,0
0,0,0,0,21.0,1,0
0,0,0,0,11.666666666666666,2,0
0,0,0,0,14.8,4,0
0,0,0,0,7.2,3,0
0,0,0,0,18.25,3,0
0,0,0,4,14.0,8,1
0,0,0,0,14.91304347826087,18,1
0,0,0,0,19.142857142857142,3,0
0,0,0,0,3.0,1,0
0,0,0,1,8.0,1,0
0,0,0,0,4.555555555555555,4,0
0,0,0,0,19.666666666666668,2,0
0,0,0,0,11.8,4,0
0,0,0,0,18.0,5,0
0,0,0,0,10.0,1,0
0,0,0,1,3.0,1,0
0,0,0,0,16.333333333333332,3,0
0,0,0,0,9.0,1,0
0,0,0,2,12.8,4,0
0,0,0,0,18.0,1,0
0,0,0,0,13.0,3,0
0,0,0,0,7.0,1,0
0,0,0,0,17.0,1,0
0,0,0,0,12.0,1,0
0,0,0,0,20.0,1,0
0,0,0,0,16.0,1,0
0,0,0,0,22.0,1,0
0,0,0,0,11.0,1,0
0,0,0,0,9.0,1,0
0,0,0,3,13.775,31,1
0,0,0,0,13.357142857142858,36,1
0,0,0,0,11.714285714285714,11,1
0,0,0,0,15.473684210526315,30,1
0,0,0,0,14.18421052631579,31,1
0,0,0,0,14.26923076923077,18,1
0,0,0,0,11.846153846153847,33,1
0,0,0,0,10.75,24,1
0,0,0,0,14.266666666666667,13,1
0,0,0,0,14.0,11,1
0,0,0,1,4.0,8,0
0,0,0,0,21.0,1,0
0,0,0,0,20.0,1,0
0,0,0,0,7.0,1,0
0,0,0,0,6.0,1,0
0,0,0,0,19.0,1,0
0,0,0,0,6.0,1,0
0,0,0,0,15.0,1,0
0,0,0,0,9.0,1,0
0,0,0,0,9.0,1,0
0,0,0,0,11.0,1,0
0,0,0,0,12.0,1,0
0,0,0,0,14.0,1,0
0,0,0,0,4.0,1,0
0,0,0,0,6.0,1,0
0,0,0,0,23.0,1,0
0,0,0,0,4.0,1,0
0,0,0,0,20.0,1,0
0,0,0,0,8.0,1,0
0,0,0,0,9.5,2,0
0,0,0,0,17.666666666666668,3,0
0,0,0,0,13.666666666666666,3,0
0,0,0,0,12.0,1,0
0,0,0,1,9.0,1,0
0,0,0,0,15.0,1,0
0,0,0,0,12.0,2,0
0,0,0,0,15.0,1,0
0,0,0,0,14.0,1,0
0,0,0,0,13.5,2,0
0,0,0,0,0.0,1,0
0,0,0,0,0.0,1,0
0,0,0,0,11.0,1,0
0,0,0,0,17.0,1,0
0,0,0,0,8.0,1,0
0,0,0,0,23.0,1,0
0,0,0,0,17.0,1,0
0,0,0,0,16.0,1,0
0,0,0,0,13.709677419354838,48,1
0,0,0,3,12.81578947368421,50,1
0,0,0,5,13.743243243243244,54,1
0,0,0,1,13.981818181818182,37,1
0,0,0,0,12.377551020408163,75,1
0,0,0,19,12.734939759036145,60,1
0,0,0,1,14.2,35,1
0,0,0,3,12.917431192660551,87,1
0,0,0,0,9.921052631578947,31,1
0,0,0,0,11.473214285714286,88,1
0,0,0,3,12.227642276422765,98,1
0,0,0,1,12.051020408163266,77,1
0,1,0,3,13.322314049586776,94,1
0,0,0,0,14.471014492753623,107,1
0,0,0,3,13.225806451612904,77,1
0,0,0,0,12.973333333333333,51,1
0,0,0,0,12.727272727272727,26,1
0,0,0,0,16.0,1,0
0,0,0,0,14.0,1,0
0,0,0,0,4.0,1,0
0,0,0,0,22.0,1,0
0,0,0,0,16.0,1,0
0,0,0,0,18.0,1,0
0,0,0,0,17.0,1,0
0,0,0,0,11.0,1,0
0,0,0,0,17.0,1,0
0,0,0,0,23.0,1,0
0,0,0,0,16.333333333333332,2,0
0,0,0,0,9.0,1,0
0,0,0,0,9.25,3,0
0,0,0,0,23.0,1,0
0,0,0,0,14.0,1,0
0,0,0,0,2.0,1,0
0,0,0,0,23.0,1,0
0,0,0,0,1.0,1,0
0,0,0,0,20.0,1,0
0,0,0,0,22.0,2,0
0,0,0,0,9.6,5,0
0,0,0,0,18.3,7,0
0,0,0,0,11.75,6,0
0,0,0,0,16.0,1,0
0,0,0,0,11.333333333333334,12,1
0,0,0,0,10.785714285714286,31,1
0,0,0,0,13.321428571428571,20,1
0,0,0,0,14.4375,8,1
0,0,0,0,8.4,5,0
0,0,0,0,17.53846153846154,9,1
0,0,0,0,12.0,1,0
0,0,0,0,23.0,1,0
0,0,0,0,14.0,1,0
0,0,0,0,10.0,1,0
0,0,0,0,18.0,1,0
0,0,0,0,0.0,1,0
0,0,0,0,10.0,1,0
0,0,0,0,16.0,1,0
0,0,0,0,13.0,1,0
0,0,0,0,16.0,1,0
0,0,0,0,2.0,2,0
0,0,0,0,14.0,1,0
0,0,0,0,12.0,1,0
0,0,0,0,15.0,1,0
0,0,0,0,14.0,1,0
0,0,0,0,12.0,1,0
0,0,0,0,21.0,1,0
0,0,0,0,19.0,1,0
0,0,0,0,13.0,1,0
0,0,0,0,17.0,1,0
0,0,0,0,22.0,1,0
0,1,0,0,14.615384615384615,11,1
0,0,0,0,7.222222222222222,7,0
0,0,0,0,9.5,2,0
0,0,0,0,17.2,4,0
0,0,0,0,10.4,4,0
0,0,0,0,16.5,2,0
0,0,0,0,5.0,1,0
0,0,0,0,16.0,1,0
0,0,0,0,20.0,1,0
0,0,0,0,21.0,1,0
0,0,0,0,17.0,1,0
0,0,0,0,0.0,1,0
0,0,0,0,2.0,1,0
0,0,0,0,1.0,1,0
0,0,0,0,8.0,1,0
0,0,0,0,15.0,1,0
0,0,0,0,16.0,1,0
0,0,0,0,15.0,1,0
0,0,0,0,22.0,1,0
0,0,0,0,6.0,1,0
0,0,0,0,21.0,1,0
0,0,0,0,12.0,1,0
0,0,0,0,14.333333333333334,1,0
0,0,0,0,12.0,1,0
0,0,0,0,1.6,2,0
0,0,0,0,18.0,1,0
0,0,0,0,15.5,2,0
0,0,0,0,15.0,1,0
0,0,0,0,17.0,1,0
0,0,0,0,11.0,2,0
0,0,0,0,19.0,1,0
0,0,0,0,11.0,2,0
0,0,0,0,3.0,1,0
0,0,0,0,23.0,1,0
0,0,0,0,18.0,1,0
0,0,0,0,14.072727272727272,41,1
0,0,0,2,13.855670103092784,66,1
0,0,0,2,13.225806451612904,60,1
0,0,0,2,12.752475247524753,72,1
0,0,0,1,14.5875,55,1
0,0,0,0,15.407407407407407,20,1
0,0,0,5,12.033898305084746,79,1
0,0,0,0,13.788235294117648,67,1
0,0,0,6,12.371428571428572,21,1
0,1,0,0,14.885714285714286,28,1
0,0,0,0,16.28205128205128,26,1
0,3,0,0,8.296296296296296,19,1
0,0,0,0,7.6,2,0
0,0,0,0,13.72,18,1
0,0,0,0,15.222222222222221,4,0
0,0,0,0,13.23076923076923,11,1
0,0,0,2,10.333333333333334,5,0
0,0,0,0,12.25,4,0
0,0,0,0,11.0,4,0
0,0,0,0,11.0,7,0
0,0,0,0,16.8,5,0
0,0,0,0,16.0,1,0
0,0,0,0,3.0,1,0
0,0,0,0,10.0,1,0
0,0,0,0,23.0,1,0
0,0,0,0,20.0,1,0
0,0,0,0,8.0,1,0
0,0,0,0,13.0,1,0
0,0,0,0,0.0,1,0
0,0,0,0,3.0,1,0
0,0,0,0,10.0,1,0
0,0,0,0,21.0,1,0
0,0,0,0,16.0,1,0
0,0,0,0,16.0,1,0
0,0,0,0,6.0,1,0
0,0,0,0,23.0,1,0
0,0,0,1,7.333333333333333,2,0
0,0,0,0,20.25,2,0
0,0,0,0,22.0,1,0
0,0,0,0,16.0,3,0
0,0,0,0,14.0,1,0
0,0,0,0,21.5,2,0
0,0,0,0,12.0,3,0
0,0,0,0,11.0,1,0
0,0,0,0,6.0,1,0
0,0,0,0,14.0,1,0
0,0,0,0,22.0,1,0
0,0,0,0,16.0,1,0
0,0,0,0,0.0,1,0
0,0,0,0,22.0,1,0
0,2,0,0,11.333333333333334,2,0
0,0,0,0,18.0,1,0
0,0,0,0,17.0,1,0
0,0,0,0,10.0,1,0
0,0,0,0,14.0,1,0
0,0,0,0,15.0,1,0
0,0,0,0,23.0,1,0
0,0,0,0,14.0,1,0
0,0,0,7,11.0,1,0
0,0,0,0,11.0,1,0
0,0,0,0,8.0,1,0
0,0,0,0,12.0,2,0
0,0,0,0,10.0,1,0
0,0,0,0,18.0,1,0
0,0,0,0,21.0,1,0
0,0,0,0,18.0,1,0
0,0,0,0,16.0,1,0
0,0,0,0,13.0,1,0
0,0,0,0,21.0,1,0
0,0,0,0,23.0,1,0
0,0,0,0,9.0,1,0
0,0,0,0,23.0,1,0
0,0,0,0,13.0,1,0
0,0,0,0,16.0,1,0
0,0,0,0,2.0,1,0
0,0,0,0,18.0,2,0
0,0,0,0,21.0,1,0
0,0,0,0,16.0,1,0
0,0,0,0,17.0,2,0
0,0,0,0,13.0,1,0
0,0,0,0,19.0,1,0
0,0,0,0,9.0,1,0
0,0,0,0,22.0,1,0
0,0,0,0,16.5,2,0
0,0,0,0,19.0,1,0
0,0,0,0,15.5,2,0
0,0,0,0,0.0,2,0
0,0,0,0,18.0,1,0
0,0,0,0,19.0,1,0
0,0,0,0,10.0,1,0
0,0,0,0,18.5,2,0
0,0,0,0,16.333333333333332,5,0
0,0,0,0,20.0,1,0
0,0,0,0,13.0,1,0
0,0,0,0,19.0,1,0
0,0,0,0,0.0,1,0
0,0,0,0,3.0,1,0
0,0,0,0,12.666666666666666,2,0
0,0,0,0,1.0,1,0
0,0,0,0,23.0,1,0
0,0,0,0,9.0,1,0
0,0,0,0,23.0,1,0
0,0,0,0,16.0,1,0
0,0,0,0,11.0,1,0
0,0,0,0,20.0,1,0
0,0,0,0,14.0,1,0
0,0,0,0,19.0,1,0
0,0,0,0,16.0,1,0
0,0,0,0,18.333333333333332,6,0
0,0,0,0,19.285714285714285,7,0
0,1,0,1,16.17241379310345,19,1
0,0,0,0,14.916666666666666,25,1
0,0,2,1,13.263736263736265,68,1
0,0,0,5,13.45945945945946,70,1
0,0,0,5,14.063829787234043,101,1
0,3,0,4,14.02919708029197,98,1
0,0,0,1,12.994047619047619,119,1
0,0,0,1,12.801526717557252,96,1
0,0,0,4,12.12864077669903,259,1
0,4,0,7,12.742574257425742,152,1
0,0,0,1,13.946902654867257,156,1
0,1,0,1,11.992424242424242,95,1
0,2,0,5,14.66,72,1
0,1,0,1,11.215384615384615,52,1
0,0,0,7,14.56140350877193,47,1
0,0,0,0,14.333333333333334,6,0
0,0,0,0,9.86111111111111,23,1
0,0,0,0,15.051282051282051,33,1
0,3,0,0,13.756756756756756,35,1
0,0,0,0,13.07920792079208,83,1
0,0,0,1,12.972222222222221,56,1
0,0,0,0,14.887323943661972,57,1
0,0,0,0,11.520833333333334,41,1
0,0,0,0,14.352941176470589,27,1
0,0,0,0,11.6,5,0
0,0,0,0,18.0,1,0
0,0,0,0,17.0,1,0
0,0,0,0,16.0,1,0
0,0,0,0,4.0,1,0
0,0,0,0,12.0,4,0
0,0,0,0,8.0,1,0
0,0,0,0,13.0,1,0
0,0,0,0,21.0,1,0
0,0,0,0,8.0,1,0
0,0,0,2,16.0,1,0
0,0,0,0,1.0,1,0
0,0,0,0,15.0,1,0
0,0,0,0,8.0,1,0
0,0,0,0,17.0,1,0
0,0,0,0,16.0,1,0
0,0,0,0,0.0,1,0
0,0,0,0,18.666666666666668,2,0
0,0,0,0,22.0,1,0
0,0,0,0,6.0,1,0
0,0,0,0,11.0,1,0
0,0,0,0,16.0,1,0
0,0,0,0,16.0,1,0
0,0,0,0,9.0,1,0
0,0,0,0,12.0,1,0
0,0,0,0,23.0,1,0
0,0,0,0,23.0,1,0
0,0,0,0,20.0,1,0
0,0,0,0,0.0,1,0
0,0,0,0,23.0,1,0
0,0,0,0,21.0,1,0
0,0,0,0,2.0,1,0
0,0,0,0,12.0,1,0
0,0,0,0,1.0,1,0
0,0,0,0,13.0,1,0
0,0,0,0,1.0,1,0
0,0,0,0,10.0,1,0
0,0,0,0,8.666666666666666,3,0
0,0,0,0,0.0,1,0
0,0,0,0,7.0,1,0
0,0,0,0,6.0,1,0
0,0,0,0,8.5,2,0
0,0,0,0,14.0,1,0
0,0,0,0,8.0,1,0
0,0,0,0,23.0,1,0
0,0,0,0,8.5,2,0
0,0,0,0,19.166666666666668,4,0
0,0,0,0,12.0,2,0
0,0,0,0,18.0,1,0
0,0,0,0,21.0,1,0
0,0,0,0,17.11111111111111,5,0
0,0,0,0,14.666666666666666,3,0
0,0,0,0,18.0,2,0
0,0,0,0,13.0,2,0
0,0,0,0,14.0,3,0
0,0,0,0,23.0,1,0
0,0,0,0,0.0,1,0
0,0,0,0,22.0,1,0
0,0,0,0,1.0,1,0
0,0,0,0,21.0,1,0
0,0,0,0,9.0,1,0
0,0,0,0,7.0,1,0
0,0,0,0,23.0,1,0
0,0,0,0,14.0,2,0
0,0,0,0,9.0,1,0
0,0,0,0,13.666666666666666,3,0
0,0,0,0,18.0,1,0
0,0,0,1,8.0,1,0
0,0,0,0,19.0,1,0
0,0,0,0,9.0,1,0
0,0,0,0,12.0,1,0
0,0,0,0,6.0,1,0
0,0,0,0,8.5,2,0
0,0,0,0,16.0,2,0
0,0,0,0,9.0,1,0
0,0,0,0,11.0,1,0
0,0,0,0,9.0,1,0
0,0,0,0,22.0,1,0
0,0,0,0,18.0,1,0
0,0,0,0,17.0,1,0
0,0,0,0,14.0,1,0
0,0,0,0,23.0,1,0
0,0,0,0,23.0,1,0
0,0,0,0,2.0,1,0
0,0,0,0,17.0,1,0
0,0,0,0,7.666666666666667,2,0
0,0,0,0,19.25,3,0
0,0,0,0,12.5,2,0
0,0,0,0,13.428571428571429,6,0
0,0,0,0,15.333333333333334,4,0
0,0,0,1,5.8,6,0
0,0,0,0,13.428571428571429,7,1
0,0,0,0,13.363636363636363,10,0
0,0,0,0,8.8,7,1
0,0,0,1,12.333333333333334,12,1
0,0,0,0,14.538461538461538,7,1
0,0,0,0,16.333333333333332,12,1
0,0,0,1,17.058823529411764,11,1
0,0,0,2,7.133333333333334,8,1
0,0,0,0,9.0,6,0
0,0,0,0,12.125,6,0
0,0,0,0,11.714285714285714,9,1
0,0,0,0,12.954545454545455,17,1
0,0,0,0,19.333333333333332,6,0
0,0,0,0,16.8,8,0
0,0,0,0,13.4375,14,1
0,0,0,0,9.5,2,0
0,0,0,0,12.5,2,0
0,0,0,0,0.0,2,0
0,0,0,0,23.0,1,0
0,0,0,0,13.0,1,0
0,0,0,0,15.0,1,0
0,0,0,0,12.0,1,0
0,0,0,0,20.0,1,0
0,0,0,0,8.0,1,0
0,0,0,0,7.333333333333333,2,0
0,0,0,0,13.2,2,0
0,0,0,5,5.857142857142857,3,0
0,0,0,0,11.5,4,0
0,0,0,0,13.6,8,1
0,0,0,0,17.0,4,0
0,0,0,0,13.333333333333334,3,0
0,0,0,0,12.0,1,0
0,0,0,0,11.0,1,0
0,0,0,0,19.0,1,0
0,0,0,0,15.0,1,0
0,0,0,0,19.0,1,0
0,0,0,0,7.0,1,0
0,0,0,0,21.0,1,0
0,0,0,0,13.0,1,0
0,0,0,0,17.166666666666668,4,0
0,0,0,0,10.2,4,0
0,0,0,0,14.0,1,0
0,0,0,0,10.0,1,0
0,0,0,0,6.75,3,0
0,0,0,0,11.0,1,0
0,0,0,0,10.333333333333334,2,0
0,0,0,0,2.0,1,0
0,0,0,0,10.0,1,0
0,0,0,0,8.0,1,0
0,0,0,0,8.0,1,0
0,0,0,0,7.0,1,0
0,0,0,0,12.25,1,0
0,0,0,0,22.0,1,0
0,0,0,0,11.0,1,0
0,0,0,0,21.0,1,0
0,0,0,0,14.0,1,0
0,0,0,0,22.0,1,0
0,0,0,0,9.0,1,0
0,0,0,0,23.0,1,0
0,0,0,0,23.0,1,0
0,0,0,0,8.0,1,0
0,0,0,1,13.0,1,0
0,0,0,0,2.0,1,0
0,0,0,0,16.333333333333332,2,0
0,0,0,0,13.0,1,0
0,0,0,0,2.0,1,0
0,0,0,0,10.0,1,0
0,0,0,0,23.0,1,0
0,0,0,0,7.0,1,0
0,0,0,0,8.0,1,0
0,0,0,0,13.0,1,0
0,0,0,0,8.0,1,0
0,0,0,0,14.0,1,0
0,0,0,0,4.0,1,0
0,0,0,0,10.0,1,0
0,0,0,0,15.0,1,0
0,0,0,0,14.0,1,0
0,0,0,0,19.0,1,0
0,0,0,0,23.0,1,0
0,0,0,0,19.0,1,0
0,0,0,0,18.0,3,0
0,0,0,0,17.0,1,0
0,0,0,0,11.5,2,0
0,0,0,0,13.5,5,0
0,0,0,0,10.5,2,0
0,0,0,0,12.0,2,0
0,0,0,0,3.0,2,0
0,0,0,0,11.0,1,0
0,0,0,0,9.0,1,0
0,0,0,0,2.0,2,0
0,0,0,0,12.0,2,0
0,0,0,0,8.0,1,0
0,0,0,0,20.0,1,0
0,0,0,0,8.0,1,0
0,0,0,0,23.0,1,0
0,0,0,0,5.0,1,0
0,0,0,0,20.0,1,0
0,0,0,0,14.0,1,0
0,0,0,0,19.0,1,0
0,0,0,0,15.0,2,0
0,0,0,0,5.5,2,0
0,0,0,0,18.0,2,0
0,0,0,0,13.0,2,0
0,0,0,0,16.0,3,0
0,0,0,0,14.333333333333334,3,0
0,0,0,0,10.666666666666666,3,0
0,0,0,0,15.285714285714286,12,1
0,0,0,0,13.523809523809524,15,1
0,0,0,1,11.266666666666667,11,1
0,0,0,1,15.75,7,1
0,3,0,10,14.186440677966102,74,1
0,0,0,0,13.50943396226415,45,1
0,0,0,1,11.186274509803921,66,1
0,0,0,4,14.89795918367347,73,1
0,0,0,2,13.905263157894737,63,1
0,0,0,1,12.413793103448276,69,1
0,0,0,6,15.08029197080292,104,1
0,0,0,11,13.211180124223603,113,1
0,0,0,5,11.905405405405405,104,1
0,0,0,4,12.744,84,1
0,0,0,7,13.12280701754386,85,1
0,0,0,0,12.376470588235295,64,1
0,0,0,0,14.833333333333334,29,1
0,1,0,3,12.604651162790697,65,1
0,0,0,0,13.101449275362318,59,1
0,0,0,1,12.0,56,1
0,0,0,2,12.201754385964913,94,1
0,0,0,4,11.717171717171718,89,1
0,0,0,2,12.333333333333334,46,1
0,0,0,0,10.928571428571429,32,1
0,0,0,0,11.071428571428571,14,1
0,0,0,0,12.75,4,0
0,0,0,0,16.0,1,0
0,0,0,0,15.0,1,0
0,0,0,0,2.0,1,0
0,0,0,0,17.0,1,0
0,0,0,0,15.0,1,0
0,0,0,0,1.0,1,0
0,0,0,0,12.0,1,0
0,0,0,0,4.0,1,0
0,0,0,0,10.0,1,0
0,0,0,0,15.0,1,0
0,0,0,0,19.0,1,0
0,0,0,0,15.0,1,0
0,0,0,0,1.0,1,0
0,0,0,0,14.0,1,0
0,0,0,0,5.0,1,0
0,0,0,0,21.0,1,0
0,0,0,0,17.0,1,0
0,0,0,0,23.0,1,0
0,0,0,0,9.0,1,0
0,0,0,0,10.0,1,0
0,0,0,0,13.5,2,0
0,0,0,0,11.0,1,0
0,0,0,0,23.0,1,0
0,0,0,0,10.0,2,0
0,0,0,0,20.0,1,0
0,0,0,0,7.0,1,0
0,0,0,0,7.0,1,0
0,0,0,0,19.0,1,0
0,0,0,0,7.0,1,0
0,0,0,0,7.428571428571429,3,0
0,0,0,0,7.0,1,0
0,0,0,0,20.0,1,0
0,0,0,0,11.6,3,0
0,0,0,0,23.0,1,0
0,0,0,1,13.0,4,0
0,0,0,5,14.869565217391305,11,1
0,0,0,0,11.625,5,0
0,0,0,2,11.75,25,1
0,0,0,1,14.125,23,1
0,0,0,1,12.857142857142858,19,1
0,0,0,0,12.5,18,1
0,0,0,2,13.666666666666666,33,1
0,0,0,0,13.12,39,1
0,0,0,1,13.61111111111111,27,1
0,0,0,0,12.54054054054054,27,1
0,0,0,0,9.714285714285714,7,1
0,0,0,6,15.411764705882353,12,1
0,0,0,0,10.555555555555555,7,0
0,0,0,0,12.875,6,0
0,0,0,2,11.588235294117647,13,1
0,0,0,0,12.75,14,1
0,0,0,0,10.6,5,0
0,0,0,0,10.8,5,0
0,0,0,0,11.266666666666667,11,1
0,0,0,1,13.583333333333334,9,1
0,0,0,0,10.75,4,0
0,0,0,0,17.0,1,0
0,0,0,0,10.0,1,0
0,0,0,0,8.0,1,0
0,0,0,0,13.0,1,0
0,0,0,0,21.0,1,0
0,0,0,0,11.0,1,0
0,0,0,0,11.0,1,0
0,0,0,0,10.0,1,0
0,0,0,0,8.0,1,0
0,0,0,0,7.0,1,0
0,0,0,0,17.0,1,0
0,0,0,0,12.0,1,0
0,0,0,0,12.0,1,0
0,0,0,0,8.0,1,0
0,0,0,0,10.0,1,0
0,0,0,0,21.0,1,0
0,0,0,0,1.0,1,0
0,0,0,0,10.0,1,0
0,0,0,0,7.0,1,0
0,0,0,0,10.0,1,0
0,0,0,0,8.0,1,0
0,0,0,0,21.0,1,0
0,0,0,0,7.0,1,0
0,0,0,0,7.0,1,0
0,0,0,0,7.333333333333333,2,0
0,0,0,0,1.0,1,0
0,0,0,0,8.0,1,0
0,0,0,0,19.0,1,0
0,0,0,0,2.0,1,0
0,0,0,0,17.0,1,0
0,0,0,0,13.0,1,0
0,0,0,0,8.0,1,0
0,0,0,0,15.0,1,0
0,0,0,0,7.0,1,0
0,0,0,0,10.125,3,0
0,0,0,0,11.11111111111111,4,0
0,0,0,0,8.736842105263158,10,1
0,0,0,0,11.416666666666666,25,1
0,0,0,2,14.423076923076923,17,1
0,0,0,0,11.692307692307692,7,1
0,0,0,0,13.954545454545455,14,1
0,0,0,0,11.58974358974359,27,1
0,0,0,0,11.568181818181818,32,1
0,0,0,2,11.65625,22,1
0,0,0,3,11.71875,22,1
0,0,0,0,11.416666666666666,8,1
0,0,0,0,14.1875,13,1
0,0,0,0,7.0,1,0
0,0,0,0,7.75,2,0
0,0,0,0,10.625,14,1
0,0,0,1,13.857142857142858,7,0
0,0,0,0,8.666666666666666,3,0
0,0,0,0,14.625,7,0
0,0,0,0,9.25,7,0
0,0,0,1,8.090909090909092,8,0
0,0,0,0,17.0,4,0
0,0,0,0,12.0,1,0
0,0,0,0,6.0,1,0
0,0,0,0,7.0,1,0
0,0,0,0,8.0,1,0
0,0,0,0,7.0,1,0
0,0,0,0,13.0,1,0
0,0,0,0,8.0,1,0
0,0,0,0,8.0,1,0
0,0,0,0,13.0,1,0
0,0,0,0,13.0,1,0
0,0,0,0,15.0,1,0
0,0,0,0,11.7,6,0
0,0,0,0,16.0,2,0
0,2,0,0,9.25,5,0
0,0,0,0,11.8,7,0
0,0,0,0,10.222222222222221,12,1
0,0,0,0,11.6875,10,1
0,0,0,5,15.153846153846153,5,1
0,0,0,0,10.461538461538462,9,1
0,0,0,0,9.333333333333334,3,0
0,0,0,0,6.142857142857143,5,0
0,0,0,0,9.2,4,0
0,0,0,0,11.5,3,0
0,0,0,0,14.0,3,0
0,0,0,0,10.0,3,0
0,0,0,0,9.5,4,0
0,0,0,0,4.0,3,0
0,0,0,0,9.0,1,0
0,0,0,0,11.0,1,0
0,0,0,0,10.0,1,0
0,0,0,0,7.0,1,0
0,0,0,0,8.0,1,0
0,0,0,0,10.0,1,0
0,0,0,0,10.571428571428571,3,0
0,0,0,0,11.375,5,0
0,0,0,0,8.75,4,0
0,0,0,0,11.0,3,0
0,0,0,0,9.125,6,0
0,0,0,0,7.0,5,0
0,0,0,0,8.181818181818182,7,0
0,0,0,0,12.0,5,0
0,0,0,0,9.0,2,0
0,0,0,0,8.0,1,0
0,0,0,0,10.444444444444445,6,0
0,0,0,0,7.0,1,0
0,0,0,0,8.0,1,0
0,0,0,0,10.666666666666666,2,0
0,0,0,1,12.333333333333334,3,0
0,0,0,0,9.0,2,0
0,0,0,0,9.0,1,0
0,0,0,0,7.0,1,0
0,0,0,0,11.0,1,0
0,0,0,0,7.0,1,0
0,0,0,0,8.0,1,0
0,0,0,0,12.0,1,0
0,0,0,0,11.0,1,0
0,0,0,0,7.0,1,0
0,0,0,1,14.5,2,0
0,0,0,0,6.0,1,0
0,0,0,0,11.0,1,0
0,0,0,0,9.0,1,0
0,0,0,0,9.0,1,0
0,0,0,0,11.0,1,0
0,0,0,0,11.0,1,0
0,0,0,0,11.0,1,0
0,0,0,0,13.0,1,0
0,0,0,0,17.0,1,0
0,0,0,0,0.0,1,0
0,0,0,0,20.0,1,0
0,0,0,0,9.0,1,0
0,0,0,0,23.0,1,0
0,0,0,0,10.0,1,0
0,0,0,0,10.0,1,0
0,0,0,0,18.0,1,0
0,0,0,0,8.0,1,0
0,0,0,0,8.0,1,0
0,0,0,0,15.0,1,0
0,0,0,0,21.0,1,0
0,0,0,0,13.0,1,0
0,0,0,0,15.0,1,0
0,0,0,0,0.0,1,0
0,0,0,5,13.818181818181818,25,1
0,0,0,0,12.035714285714286,23,1
0,0,1,2,14.594594594594595,29,1
0,0,0,0,11.448275862068966,25,1
0,0,0,0,12.25,27,1
0,0,0,2,13.448275862068966,24,1
0,0,0,0,12.0,2,0
0,0,0,0,10.5,2,0
0,0,0,0,6.0,2,0
0,0,0,0,15.0,1,0
0,0,0,0,17.25,4,0
0,0,0,0,23.0,1,0
0,0,0,0,8.0,1,0
0,0,0,0,22.0,1,0
0,0,0,0,8.409090909090908,17,1
0,0,0,0,12.6875,14,1
0,0,0,0,15.4,8,0
0,0,0,0,7.0,1,0
0,0,0,1,12.0,1,0
0,0,0,0,16.0,1,0
0,0,0,0,11.0,1,0
0,0,0,1,15.0,1,0
0,0,0,0,8.0,1,0
0,0,0,0,23.0,1,0
0,0,0,0,8.0,1,0
0,0,0,4,16.647058823529413,11,1
0,0,0,0,15.133333333333333,13,1
0,0,0,0,15.636363636363637,10,0
0,0,0,0,15.5,4,0
0,0,0,0,7.75,7,0
0,0,0,0,14.181818181818182,10,0
0,0,0,0,10.0,1,0
0,0,0,0,12.0,4,0
0,0,0,0,7.0,1,0
0,0,0,0,18.0,1,0
0,0,0,0,23.0,1,0
0,0,0,0,3.0,1,0
0,0,0,0,3.0,1,0
0,0,0,2,0.0,1,0
0,0,0,0,0.0,1,0
0,0,0,0,18.0,1,0
0,0,0,0,19.0,1,0
0,0,0,0,17.0,1,0
0,0,0,0,22.0,1,0
0,0,0,0,14.0,1,0
0,0,0,0,13.0,1,0
0,0,0,0,10.0,1,0
0,0,0,0,17.0,1,0
0,0,0,0,8.0,1,0
0,0,0,0,12.0,1,0
0,0,0,0,0.0,1,0
0,0,0,0,10.0,1,0
0,0,0,0,14.666666666666666,2,0
0,0,0,0,10.333333333333334,2,0
0,0,0,0,5.75,2,0
0,0,0,0,4.0,2,0
0,0,0,0,22.0,1,0
0,0,0,3,3.0,1,0
0,0,0,0,20.0,2,0
0,0,0,0,17.0,1,0
0,0,0,0,0.0,1,0
0,0,0,0,19.0,2,0
0,0,0,0,1.0,1,0
0,0,0,0,16.0,1,0
0,0,0,0,4.0,2,0
0,0,0,0,21.0,2,0
0,0,0,0,5.0,2,0
0,0,0,0,0.0,1,0
0,0,0,0,23.0,1,0
0,0,0,0,19.5,2,0
0,0,0,0,8.0,1,0
0,0,0,0,23.0,1,0
0,0,0,0,16.0,1,0
0,0,0,0,10.0,3,0
0,0,0,0,18.0,2,0
0,0,0,0,11.5,2,0
0,0,0,0,23.0,1,0
0,0,0,0,12.0,2,0
0,0,0,0,12.0,1,0
0,0,0,0,22.0,1,0
0,0,0,0,22.0,1,0
0,0,0,0,13.0,1,0
0,0,0,0,2.0,1,0
0,0,0,0,0.0,1,0
0,0,0,0,11.285714285714286,2,0
0,0,0,0,23.0,1,0
0,0,0,0,15.939024390243903,63,1
0,4,0,0,14.412698412698413,52,1
0,0,0,2,12.26984126984127,48,1
0,0,0,1,13.438356164383562,61,1
0,0,0,0,13.387096774193548,25,1
0,0,0,6,14.626506024096386,64,1
0,0,0,1,13.476923076923077,49,1
0,5,0,4,13.93859649122807,84,1
0,0,0,12,12.932203389830509,87,1
0,0,0,2,13.708333333333334,60,1
0,0,0,2,10.883495145631068,79,1
0,0,0,1,13.891891891891891,59,1
0,0,0,0,12.342592592592593,152,1
0,0,0,3,12.24,119,1
0,1,0,2,13.07865168539326,222,1
0,0,0,5,14.176,98,1
0,0,0,11,13.238938053097344,77,1
0,0,0,0,12.6,25,1
0,0,0,0,9.125,6,0
0,0,0,0,17.0,1,0
0,0,0,0,18.0,1,0
0,0,0,0,8.0,1,0
0,0,0,0,11.0,1,0
0,0,0,0,15.0,1,0
0,0,0,0,13.0,1,0
0,0,0,0,11.0,1,0
0,0,0,0,21.0,1,0
0,0,0,0,0.0,1,0
0,0,0,0,0.0,1,0
0,0,0,0,11.0,1,0
0,0,0,0,11.0,1,0
0,0,0,0,5.0,1,0
0,0,0,0,0.0,1,0
0,0,0,0,9.0,1,0
0,0,0,0,16.11111111111111,15,1
0,0,0,1,14.15,15,1
0,0,0,0,10.125,12,1
0,0,0,0,14.333333333333334,6,1
0,0,0,0,18.0,1,0
0,0,0,0,9.0,1,0
0,0,0,0,11.458333333333334,14,1
0,0,0,0,6.4,5,0
0,0,0,0,12.3125,13,1
0,0,0,0,23.0,1,0
0,0,0,0,8.0,1,0
0,0,0,0,22.0,1,0
0,0,0,0,9.0,1,0
0,0,0,0,23.0,1,0
0,0,0,0,9.0,1,0
0,0,0,0,11.0,1,0
0,0,0,0,21.0,1,0
0,0,0,0,23.0,1,0
0,0,0,0,7.0,1,0
0,0,0,0,4.0,1,0
0,0,0,0,21.0,1,0
0,0,0,0,22.0,1,0
0,0,0,0,7.0,1,0
0,0,0,0,8.0,1,0
0,0,0,0,23.0,1,0
0,0,0,0,21.0,1,0
0,0,0,0,22.0,1,0
0,0,0,0,9.0,1,0
0,0,0,0,8.666666666666666,2,0
0,0,0,0,17.0,1,0
0,0,0,0,14.0,1,0
0,0,0,0,17.0,2,0
0,0,0,0,8.0,1,0
0,0,0,0,16.333333333333332,2,0
0,0,0,0,4.5,2,0
0,0,0,0,13.0,3,0
0,0,0,0,5.0,1,0
0,0,0,0,22.0,1,0
0,0,0,0,16.666666666666668,3,0
0,0,0,0,1.0,1,0
0,0,0,0,15.0,1,0
0,0,0,0,9.5,2,0
0,0,0,0,21.0,1,0
0,0,0,0,14.0,1,0
0,0,0,0,14.0,1,0
0,0,0,0,12.0,1,0
0,0,0,0,15.0,1,0
0,0,0,0,9.0,1,0
0,0,0,0,9.0,1,0
0,0,0,0,1.0,1,0
0,0,0,0,8.0,4,0
0,0,0,0,21.0,1,0
0,1,0,1,12.088235294117647,23,1
0,0,0,1,12.272727272727273,36,1
0,0,0,0,12.724137931034482,50,1
0,0,0,1,10.9375,48,1
0,0,0,12,13.306666666666667,113,1
0,0,0,5,13.172131147540984,94,1
0,0,0,0,11.819767441860465,131,1
0,0,0,0,12.37748344370861,112,1
0,0,0,5,11.740458015267176,102,1
0,0,0,2,14.439252336448599,95,1
0,0,0,5,12.155555555555555,68,1
0,0,0,0,10.484848484848484,25,1
0,0,0,0,17.0,7,0
0,0,0,0,8.0,1,0
0,0,0,0,12.0,1,0
0,0,0,0,14.0,1,0
0,0,0,0,15.0,1,0
0,0,0,0,11.5,2,0
0,0,0,0,18.0,1,0
0,0,0,0,19.0,1,0
0,0,0,0,8.0,1,0
0,0,0,0,23.0,1,0
0,0,0,0,21.0,1,0
0,0,0,0,0.0,1,0
0,0,0,0,20.0,1,0
0,0,0,0,6.0,1,0
0,0,0,0,8.0,1,0
0,0,0,0,12.666666666666666,3,0
0,0,0,0,18.0,1,0
0,0,0,0,18.666666666666668,2,0
0,0,0,0,16.0,3,0
0,0,0,0,18.0,1,0
0,0,0,0,18.0,1,0
0,0,0,0,10.0,1,0
0,0,0,0,10.0,1,0
0,0,0,0,0.0,1,0
0,0,0,0,22.0,1,0
0,0,0,0,7.0,1,0
0,0,0,0,9.0,1,0
0,0,0,0,23.0,1,0
0,0,0,0,21.0,1,0
0,0,0,0,8.0,1,0
0,0,0,0,11.0,1,0
0,0,0,0,15.0,1,0
0,0,0,5,20.0,1,0
0,0,0,0,18.0,1,0
0,0,0,0,12.0,1,0
0,0,0,0,12.0,1,0
0,0,0,0,11.0,1,0
0,0,0,3,12.0,1,0
0,0,0,0,7.0,1,0
0,0,0,0,2.0,1,0
0,0,0,0,11.0,1,0
0,0,0,0,11.0,1,0
0,0,0,0,23.0,1,0
0,0,0,0,23.0,1,0
0,0,0,0,10.0,1,0
0,0,0,0,10.0,1,0
0,0,0,0,11.0,1,0
0,0,0,0,16.0,1,0
0,0,0,0,13.0,1,0
0,0,0,0,12.0,1,0
0,0,0,0,12.0,1,0
0,0,0,0,8.0,1,0
0,0,0,0,22.0,1,0
0,0,0,0,8.0,1,0
0,0,0,1,8.0,1,0
0,0,0,0,12.0,1,0
0,0,0,0,10.0,1,0
0,0,0,0,23.0,1,0
0,0,0,0,11.0,1,0
0,0,0,0,0.0,1,0
0,0,0,0,5.0,1,0
0,0,0,0,14.0,1,0
0,0,0,0,10.0,1,0
0,0,0,0,12.5,2,0
0,0,0,0,1.0,1,0
0,0,0,0,18.0,1,0
0,0,0,0,21.0,1,0
0,0,0,0,23.0,1,0
0,0,0,0,18.0,1,0
0,0,0,0,23.0,1,0
0,0,0,0,13.0,1,0
0,0,0,0,19.0,1,0
0,0,0,0,22.0,1,0
0,0,0,0,17.0,2,0
0,0,0,0,22.0,1,0
0,0,0,0,16.5,2,0
0,0,0,0,21.0,1,0
0,0,0,0,20.0,1,0
0,0,0,0,0.0,1,0
0,0,0,0,8.0,3,0
0,0,0,0,5.0,2,0
0,0,0,0,17.0,2,0
0,0,0,0,23.0,1,0
0,0,0,0,12.0,1,0
0,0,0,0,14.0,1,0
0,0,0,0,14.0,1,0
0,0,0,0,14.0,1,0
0,0,0,0,8.0,1,0
0,0,0,0,16.333333333333332,2,0
0,0,0,0,7.0,1,0
0,0,0,0,15.0,1,0
0,0,0,0,22.0,1,0
0,0,0,0,0.0,1,0
0,0,0,0,12.0,1,0
0,0,0,0,12.0,1,0
0,0,0,0,0.6666666666666666,2,0
0,0,0,0,10.0,1,0
0,0,0,0,9.0,1,0
0,0,0,0,11.0,1,0
0,0,0,0,10.0,1,0
0,0,0,0,7.0,2,0
0,0,0,0,9.0,1,0
0,0,0,0,22.0,1,0
0,0,0,0,12.0,1,0
0,0,0,0,2.0,2,0
0,0,0,0,12.0,1,0
0,0,0,0,11.0,1,0
0,0,0,0,14.0,1,0
0,0,0,0,7.0,1,0
0,0,0,0,18.8,3,0
0,0,0,0,13.0,1,0
0,0,0,0,18.0,1,0
0,0,0,0,23.0,1,0
0,0,0,0,20.0,1,0
0,0,0,0,5.0,4,0
0,0,0,0,10.333333333333334,3,0
0,0,0,0,14.333333333333334,4,0
0,0,0,0,0.0,1,0
0,0,0,0,7.0,1,0
0,0,0,1,11.0,1,0
0,0,0,0,16.5,2,0
0,0,0,0,13.666666666666666,2,0
0,0,0,0,13.0,1,0
0,0,0,0,8.0,1,0
0,0,0,0,1.3333333333333333,2,0
0,0,0,0,16.666666666666668,3,0
0,0,0,0,11.5,10,1
0,0,0,0,16.0,3,0
0,0,0,0,16.5,3,0
0,0,0,3,19.0,5,0
0,0,0,0,7.0,1,0
0,0,0,0,13.5,9,1
0,0,0,0,16.545454545454547,9,0
0,0,0,2,17.125,14,1
0,0,0,1,16.23076923076923,10,1
0,0,0,0,13.411764705882353,13,1
0,0,0,2,15.567567567567568,29,1
0,0,0,0,12.81081081081081,29,1
0,0,0,6,13.308943089430894,77,1
0,0,0,2,14.46551724137931,41,1
0,0,0,7,12.231884057971014,48,1
0,0,0,1,14.328125,48,1
0,0,0,1,12.521739130434783,65,1
0,0,0,4,11.925,57,1
0,4,0,13,13.62406015037594,94,1
0,0,0,3,11.780219780219781,67,1
0,0,0,1,13.719298245614034,46,1
0,0,0,0,13.607142857142858,22,1
0,0,0,0,12.545454545454545,41,1
0,0,0,0,14.20754716981132,35,1
0,1,0,0,11.794520547945206,58,1
0,0,0,5,13.43421052631579,48,1
0,4,0,3,14.658823529411764,110,1
0,0,0,0,11.923809523809524,78,1
0,0,0,0,12.27027027027027,62,1
0,0,0,1,13.482758620689655,25,1
0,0,0,0,16.0,3,0
0,0,0,0,1.0,1,0
0,0,0,0,15.0,1,0
0,0,0,0,7.0,1,0
0,0,0,0,23.0,1,0
0,0,0,0,23.0,1,0
0,0,0,0,17.0,1,0
0,0,0,0,5.0,2,0
0,0,0,0,9.0,1,0
0,0,0,0,9.0,1,0
0,0,0,0,18.0,1,0
0,0,0,0,21.0,1,0
0,0,0,0,19.0,1,0
0,0,0,0,15.5,2,0
0,0,0,0,7.0,1,0
0,0,0,0,8.5,2,0
0,0,0,0,12.8,3,0
0,0,0,0,8.0,1,0
0,0,0,0,7.333333333333333,3,0
0,0,0,0,9.0,2,0
0,0,0,0,9.0,2,0
0,0,0,0,19.0,1,0
0,0,0,0,23.0,1,0
0,0,0,0,14.0,1,0
0,0,0,0,11.0,1,0
0,0,0,0,1.0,1,0
0,0,0,0,8.0,1,0
0,0,0,3,21.0,1,0
0,0,0,0,21.0,1,0
0,0,0,0,19.0,1,0
0,0,0,0,19.0,1,0
0,0,0,0,19.0,1,0
0,0,0,0,0.0,1,0
0,0,0,0,1.0,1,0
0,0,0,0,6.0,2,0
0,0,0,5,18.0,1,0
0,0,0,0,18.0,1,0
0,0,0,0,21.0,1,0
0,0,0,0,13.0,1,0
0,0,0,0,17.0,2,0
0,0,0,0,17.0,1,0
0,0,0,0,21.0,1,0
0,0,0,0,15.5,2,0
0,0,0,0,16.0,3,0
0,0,0,0,15.5,3,0
0,0,0,0,12.5,2,0
0,0,0,1,19.333333333333332,3,0
0,0,0,0,23.0,1,0
0,0,0,0,10.0,3,0
0,0,0,0,16.5,2,0
0,0,0,0,23.0,1,0
0,0,0,0,21.0,2,0
0,0,0,0,13.0,2,0
0,0,0,0,10.5,2,0
0,0,0,0,9.5,2,0
0,0,0,0,9.5,4,0
0,0,0,0,9.0,1,0
0,0,0,0,17.0,1,0
0,0,0,4,20.0,1,0
0,0,0,0,20.0,1,0
0,0,0,0,20.0,2,0
0,0,0,0,11.0,1,0
0,0,0,0,7.0,1,0
0,0,0,0,11.0,1,0
0,0,0,0,20.0,2,0
0,0,0,0,0.0,1,0
0,0,0,0,15.0,1,0
0,0,0,0,7.0,1,0
0,0,0,0,11.0,1,0
0,0,0,0,3.0,1,0
0,0,0,0,14.0,1,0
0,0,0,0,19.0,1,0
0,0,0,0,10.0,1,0
0,0,0,0,2.0,1,0
0,0,0,0,23.0,1,0
0,0,0,0,14.0,1,0
0,0,0,0,12.0,2,0
0,0,0,0,1.0,1,0
0,0,0,0,20.0,1,0
0,0,0,0,12.6,3,0
0,0,0,0,15.5,2,0
0,0,0,0,16.2,4,0
0,0,0,0,22.0,1,0
0,0,0,0,9.0,1,0
0,0,0,0,10.125,7,0
0,0,0,0,9.714285714285714,6,0
0,0,0,0,12.0,2,0
0,0,0,0,9.0,1,0
0,0,0,0,14.0,1,0
0,0,0,0,14.125,3,0
0,0,0,0,11.714285714285714,4,0
0,0,0,0,11.0,2,0
0,0,0,0,9.0,1,0
0,0,0,0,12.25,4,0
0,0,0,0,7.0,1,0
0,0,0,0,11.0,4,0
0,0,0,0,5.75,3,0
0,0,0,0,10.5,2,0
0,0,0,0,9.0,3,0
0,0,0,0,10.8,5,0
0,0,0,0,17.0,2,0
0,0,0,0,5.4,2,0
0,0,0,0,15.0,1,0
0,0,0,0,4.0,1,0
0,0,0,0,0.0,1,0
0,0,0,0,4.0,1,0
0,0,0,0,17.0,1,0
0,0,0,0,10.0,1,0
0,0,0,0,19.0,1,0
0,0,0,0,5.5,2,0
0,0,0,0,19.0,2,0
0,0,0,0,1.0,1,0
0,0,0,0,9.0,1,0
0,0,0,0,23.0,1,0
0,0,0,0,9.0,2,0
0,0,0,0,10.0,2,0
0,0,0,0,16.0,1,0
0,0,0,0,0.0,1,0
0,0,0,0,8.0,2,0
0,0,0,0,0.0,1,0
0,0,0,0,20.0,1,0
0,0,0,0,3.0,1,0
0,0,0,0,14.0,1,0
0,0,0,0,12.0,2,0
0,0,0,0,21.0,1,0
0,0,0,0,6.0,1,0
0,0,0,0,10.0,1,0
0,0,0,0,10.0,1,0
0,0,0,0,18.0,1,0
0,0,0,0,6.0,1,0
0,0,0,0,7.0,1,0
0,0,0,0,6.0,1,0
0,0,0,0,3.0,1,0
0,0,0,0,21.5,2,0
0,0,0,0,17.0,1,0
0,0,0,0,19.0,1,0
0,0,0,0,9.0,1,0
0,0,0,0,13.0,2,0
0,0,0,0,21.0,1,0
0,0,0,0,14.0,1,0
0,0,0,0,17.0,1,0
0,0,0,0,15.0,1,0
0,0,0,0,19.2,4,0
0,0,0,0,10.2,4,0
0,0,0,0,14.25,4,0
0,0,0,0,13.75,2,0
0,0,0,0,9.0,2,0
0,0,0,0,13.0,1,0
0,0,0,0,16.6,4,0
0,0,0,0,13.0,1,0
0,0,0,0,7.0,1,0
0,0,0,0,18.0,1,0
0,0,0,0,8.0,1,0
0,0,0,0,9.0,1,0
0,0,0,0,7.0,1,0
0,0,0,0,7.0,1,0
0,0,0,0,7.0,1,0
0,0,0,0,14.0,1,0
0,0,0,0,17.0,1,0
0,0,0,0,8.0,1,0
0,0,0,0,9.0,1,0
0,0,0,0,17.0,1,0
0,0,0,0,7.0,1,0
0,0,0,0,11.0,1,0
0,0,0,0,9.0,1,0
0,0,0,0,14.0,1,0
0,0,0,0,13.0,1,0
0,0,0,0,9.0,1,0
0,0,0,0,16.0,1,0
0,0,0,0,17.333333333333332,3,0
0,0,0,0,23.0,1,0
0,0,0,0,10.0,1,0
0,0,0,0,22.0,1,0
0,0,0,0,13.5,2,0
0,0,0,0,9.0,1,0
0,0,0,0,18.0,2,0
0,0,0,0,0.0,1,0
0,0,0,0,17.571428571428573,4,0
0,0,0,0,16.0,3,0
0,0,0,0,7.0,1,0
0,0,0,3,8.071428571428571,6,1
0,0,0,1,12.18421052631579,28,1
0,0,0,0,15.571428571428571,14,1
0,0,0,0,12.26923076923077,24,1
0,0,0,2,14.586206896551724,21,1
0,0,0,3,16.59259259259259,19,1
0,0,0,0,13.323529411764707,26,1
0,0,0,1,14.452380952380953,31,1
0,0,0,0,10.142857142857142,23,1
0,0,0,3,10.458333333333334,16,1
0,0,0,0,11.162790697674419,31,1
0,0,0,0,11.304347826086957,20,1
0,0,0,0,19.0,4,0
0,0,0,0,10.882352941176471,13,1
0,0,0,0,11.076923076923077,9,1
0,0,0,1,9.38888888888889,13,1
0,0,0,0,13.4,5,0
0,0,0,0,10.538461538461538,8,1
0,0,0,0,13.647058823529411,25,1
0,0,0,0,21.0,1,0
0,0,0,0,15.0,1,0
0,0,0,0,8.0,1,0
0,0,0,0,7.0,1,0
0,0,0,0,0.0,1,0
0,0,0,0,9.0,1,0
0,0,0,2,6.0,3,0
0,0,0,0,16.2,3,0
0,0,0,0,23.0,1,0
0,0,0,0,23.0,1,0
0,0,0,0,13.0,1,0
0,0,0,0,10.0,1,0
0,0,0,0,11.0,1,0
0,0,0,0,23.0,1,0
0,0,0,0,18.0,1,0
0,0,0,0,1.0,1,0
0,0,0,0,9.0,1,0
0,0,0,0,10.0,1,0
0,0,0,0,22.0,1,0
0,0,0,0,12.0,1,0
0,0,0,0,8.0,1,0
0,0,0,0,19.0,1,0
0,0,0,0,14.0,1,0
0,0,0,1,5.0,1,0
0,0,0,0,17.0,1,0
0,0,0,0,8.75,2,0
0,0,0,0,6.0,1,0
0,0,0,0,7.0,1,0
0,0,0,0,23.0,1,0
0,0,0,0,17.0,1,0
0,0,0,0,8.0,1,0
0,0,0,0,19.0,1,0
0,0,0,0,10.0,1,0
0,0,0,0,8.0,1,0
0,0,0,0,14.0,1,0
0,0,0,0,1.0,1,0
0,0,0,0,7.0,1,0
0,0,0,0,16.0,1,0
0,0,0,0,18.0,2,0
0,0,0,0,8.0,1,0
0,0,0,0,10.0,1,0
0,0,0,0,22.0,1,0
0,0,0,0,3.0,1,0
0,0,0,0,13.0,1,0
0,0,0,0,19.0,1,0
0,0,0,0,8.0,1,0
0,0,0,0,13.0,1,0
0,0,0,0,13.0,1,0
0,0,0,0,8.0,1,0
0,0,0,0,17.0,1,0
0,0,0,0,11.0,1,0
0,0,0,0,9.0,1,0
0,0,0,0,17.0,1,0
0,0,0,0,8.0,1,0
0,0,0,0,17.0,1,0
0,0,0,0,17.0,1,0
0,0,0,0,17.0,1,0
0,0,0,0,5.0,1,0
0,0,0,0,10.0,1,0
0,0,0,0,13.0,1,0
0,0,0,0,15.0,1,0
0,0,0,0,8.0,1,0
0,0,0,0,21.0,1,0
0,0,0,0,10.0,1,0
0,0,0,0,23.0,1,0
0,0,0,0,18.0,1,0
0,0,0,0,7.5,2,0
0,0,0,0,22.0,1,0
0,0,0,0,8.0,1,0
0,0,0,0,12.0,1,0
0,0,0,0,13.0,1,0
0,0,0,0,10.0,1,0
0,0,0,0,9.0,1,0
0,0,0,0,13.0,2,0
0,0,0,0,14.0,1,0
0,0,0,0,12.0,1,0
0,0,0,0,9.0,1,0
0,0,0,0,15.0,1,0
0,0,0,0,8.0,1,0
0,0,0,0,13.0,1,0
0,0,0,0,14.0,1,0
0,0,0,0,13.0,1,0
0,0,0,0,13.857142857142858,7,0
0,0,0,0,11.5,2,0
0,0,0,0,14.555555555555555,8,0
0,0,0,0,12.5,4,0
0,0,0,0,14.6,4,0
0,0,0,0,21.6,3,0
0,0,0,0,10.375,5,0
0,0,0,0,19.0,1,0
0,0,0,0,0.0,1,0
0,0,0,0,8.0,1,0
0,0,0,0,15.0,1,0
0,0,0,0,16.0,1,0
0,0,0,0,8.0,1,0
0,0,0,0,14.0,1,0
0,0,0,0,16.0,1,0
0,0,0,0,11.0,1,0
0,0,0,0,11.0,2,0
0,0,0,0,13.5,2,0
0,0,0,0,8.0,1,0
0,0,0,0,17.0,1,0
0,0,0,0,16.0,1,0
0,0,0,0,9.0,1,0
0,0,0,0,18.0,1,0
0,0,0,0,10.5,2,0
0,0,0,0,22.0,1,0
0,0,0,0,18.0,1,0
0,0,0,0,16.0,1,0
0,0,0,0,15.0,1,0
0,0,0,0,13.0,3,0
0,0,0,0,15.666666666666666,3,0
0,0,0,0,7.0,1,0
0,0,0,0,11.0,2,0
0,0,0,0,7.0,1,0
0,0,0,0,14.0,1,0
0,0,0,0,16.0,1,0
0,0,0,0,0.0,1,0
0,0,0,0,15.5,2,0
0,0,0,0,11.666666666666666,4,0
0,0,0,0,18.77777777777778,4,0
0,0,0,0,10.125,7,0
0,0,0,0,14.95,10,1
0,0,0,0,13.714285714285714,6,0
0,0,0,0,13.818181818181818,10,0
0,0,0,0,13.833333333333334,14,1
0,0,0,0,13.066666666666666,12,1
0,0,0,0,8.666666666666666,11,1
0,0,0,0,13.1,14,1
0,0,0,0,15.5,9,1
0,0,0,0,11.88888888888889,8,0
0,0,0,0,10.11111111111111,16,1
0,0,0,0,11.125,8,0
0,0,0,0,9.1875,14,1
0,0,0,0,8.533333333333333,15,1
0,0,0,0,13.133333333333333,13,1
0,0,0,0,12.071428571428571,25,1
0,0,0,0,9.181818181818182,19,1
0,0,0,0,9.529411764705882,14,1
0,0,0,0,11.9,9,0
0,0,0,0,16.857142857142858,5,0
0,0,0,2,14.166666666666666,4,0
0,0,0,0,22.0,1,0
0,0,0,0,14.0,1,0
0,0,0,0,5.333333333333333,3,0
0,0,0,0,9.0,1,0
0,0,0,0,12.2,5,0
0,0,0,0,5.714285714285714,4,0
0,0,0,0,11.181818181818182,11,0
0,0,0,0,10.090909090909092,6,0
0,0,0,0,10.0,1,0
0,0,0,0,10.0,3,0
0,0,0,0,17.9,8,0
0,0,0,0,10.0,1,0
0,0,0,0,16.0,5,0
0,0,0,0,13.0,6,0
0,0,0,0,11.5,4,0
0,0,0,0,11.333333333333334,9,0
0,0,0,0,12.555555555555555,9,0
0,0,0,0,9.833333333333334,5,0
0,0,0,0,7.6,4,0
0,0,0,0,9.0,2,0
0,0,0,0,15.0,1,0
0,0,0,0,4.0,1,0
0,0,0,0,17.0,1,0
0,0,0,0,8.0,1,0
0,0,0,0,21.0,1,0
0,0,0,0,16.0,3,0
0,0,0,0,11.0,1,0
0,0,0,0,16.333333333333332,3,0
0,0,0,0,10.7,6,0
0,0,0,0,14.0,2,0
0,0,0,2,9.083333333333334,7,1
0,0,0,0,11.375,8,0
0,0,0,0,8.545454545454545,9,0
0,0,0,0,14.727272727272727,9,0
0,0,0,0,19.5,2,0
0,0,0,2,14.714285714285714,5,0
0,0,0,0,4.5,2,0
0,0,0,0,15.5,2,0
0,0,0,0,16.666666666666668,5,0
0,0,0,0,10.0,2,0
0,0,0,0,20.8,2,0
0,0,0,0,8.666666666666666,3,0
0,0,0,0,16.0,1,0
0,0,0,0,8.0,2,0
0,0,0,0,7.0,1,0
0,0,0,0,6.0,1,0
0,0,0,0,13.0,1,0
0,0,0,0,19.0,1,0
0,0,0,0,7.0,1,0
0,0,0,0,17.0,1,0
0,0,0,0,23.0,1,0
0,0,0,0,9.0,1,0
0,0,0,1,8.0,1,0
0,0,0,0,21.0,1,0
0,0,0,0,22.0,1,0
0,0,0,0,0.0,1,0
0,0,0,0,0.0,1,0
0,0,0,0,7.666666666666667,2,0
0,0,0,0,11.333333333333334,3,0
0,0,0,1,21.333333333333332,2,0
0,0,0,0,10.428571428571429,3,0
0,0,0,0,15.5,5,1
0,0,0,1,3.0,1,0
0,0,0,0,13.666666666666666,3,0
0,0,0,0,10.0,1,0
0,0,0,0,16.5,2,0
0,0,0,0,13.666666666666666,2,0
0,0,0,0,7.0,1,0
0,0,0,0,15.5,2,0
0,0,0,0,12.0,1,0
0,0,0,0,3.0,1,0
0,0,0,0,17.0,1,0
0,0,0,0,11.0,1,0
0,0,0,0,21.0,1,0
0,0,0,0,0.0,1,0
0,0,0,1,7.0,1,0
0,0,0,0,21.0,1,0
0,0,0,0,0.0,1,0
0,0,0,0,18.0,1,0
0,0,0,0,23.0,1,0
0,0,0,0,15.0,1,0
0,0,0,0,12.0,1,0
0,0,0,0,19.0,1,0
0,0,0,0,21.0,1,0
0,0,0,0,21.0,1,0
0,0,0,0,15.0,1,0
0,0,0,0,21.0,1,0
0,0,0,0,1.0,1,0
0,0,0,0,23.0,1,0
0,0,0,0,16.0,1,0
0,0,0,0,17.0,1,0
0,0,0,0,15.0,1,0
0,0,0,0,19.0,1,0
0,0,0,0,21.0,1,0
0,0,0,0,21.0,1,0
0,0,0,0,8.0,1,0
0,0,0,0,7.0,1,0
0,0,0,0,2.0,1,0
0,0,0,0,23.0,1,0
0,0,0,0,17.0,2,0
0,0,0,0,12.666666666666666,3,0
0,0,0,0,22.333333333333332,2,0
0,0,0,0,23.0,1,0
0,0,0,0,1.0,1,0
0,0,0,0,2.0,1,0
0,0,0,0,20.0,1,0
0,0,0,0,10.666666666666666,2,0
0,0,0,0,7.0,1,0
0,0,0,0,12.0,1,0
0,0,0,0,0.0,1,0
0,0,0,0,15.0,1,0
0,0,0,0,4.0,1,0
0,0,0,0,11.0,1,0
0,0,0,0,17.0,1,0
0,0,0,0,10.0,1,0
0,0,0,0,17.5,2,0
0,0,0,0,14.0,1,0
0,0,0,0,9.0,1,0
0,0,0,0,23.0,1,0
0,0,0,0,20.0,1,0
0,0,0,0,10.0,1,0
0,0,0,0,15.0,1,0
0,0,0,0,4.0,1,0
0,0,0,0,15.0,1,0
0,0,0,2,16.0,2,0
0,0,0,0,19.0,1,0
0,0,0,0,0.0,1,0
0,0,0,0,21.0,1,0
0,0,0,0,13.0,1,0
0,0,0,0,0.0,1,0
0,0,0,0,20.0,1,0
0,0,0,0,9.0,1,0
0,0,0,0,15.0,2,0
0,0,0,0,18.0,3,0
0,0,0,0,10.333333333333334,3,0
0,0,0,0,8.0,3,0
0,0,0,0,17.0,5,0
0,0,0,0,10.166666666666666,11,1
0,0,0,0,11.523809523809524,15,1
0,0,0,0,15.5,16,1
0,0,0,0,11.294117647058824,15,1
0,0,0,1,13.933333333333334,28,1
0,0,0,8,15.46938775510204,35,1
0,2,0,4,14.285714285714286,70,1
0,0,0,2,14.012345679012345,61,1
0,0,0,2,12.824175824175825,67,1
0,0,0,1,13.564705882352941,63,1
0,0,0,2,15.22,38,1
0,0,0,0,11.102941176470589,46,1
0,0,0,3,14.934426229508198,39,1
0,0,0,0,15.642857142857142,22,1
0,0,0,0,14.774193548387096,23,1
0,0,0,0,10.0,2,0
0,1,0,0,13.733333333333333,13,1
0,0,0,0,16.466666666666665,12,1
0,0,0,1,8.083333333333334,10,1
0,0,0,0,12.782608695652174,18,1
0,0,0,2,12.130434782608695,20,1
0,0,0,0,10.76923076923077,11,1
0,0,0,0,8.5,4,0
0,0,0,0,10.0,1,0
0,0,0,0,8.0,1,0
0,0,0,0,9.0,1,0
0,0,0,0,19.0,1,0
0,0,0,0,8.0,1,0
0,0,0,0,15.0,1,0
0,0,0,0,11.0,1,0
0,0,0,0,2.0,1,0
0,0,0,0,12.0,1,0
0,0,0,0,10.0,1,0
0,0,0,0,0.0,1,0
0,0,0,0,15.0,1,0
0,0,0,0,9.0,1,0
0,0,0,0,1.0,1,0
0,0,0,0,3.0,1,0
0,0,0,0,11.0,1,0
0,0,0,0,17.0,1,0
0,0,0,0,21.0,1,0
0,0,0,0,21.0,1,0
0,0,0,0,19.0,2,0
0,0,0,0,15.0,1,0
0,0,0,0,15.142857142857142,5,0
0,0,0,0,10.5,2,0
0,0,0,0,8.0,7,0
0,0,0,0,18.0,1,0
0,0,0,0,23.0,1,0
0,0,0,0,11.0,1,0
0,0,0,0,17.0,1,0
0,0,0,0,9.0,1,0
0,0,0,0,16.0,2,0
0,0,0,0,10.0,1,0
0,0,0,0,8.0,1,0
0,0,0,0,14.0,1,0
0,0,0,0,22.0,1,0
0,0,0,0,10.0,1,0
0,0,0,3,5.0,1,0
0,0,0,0,20.0,1,0
0,0,0,0,9.0,1,0
0,0,0,0,10.0,1,0
0,0,0,0,14.0,1,0
0,0,0,0,15.0,1,0
0,0,0,0,0.0,1,0
0,0,0,0,23.0,1,0
0,0,0,0,21.0,1,0
0,0,0,0,21.0,1,0
0,0,0,0,9.0,1,0
0,0,0,0,12.0,1,0
0,0,0,0,7.0,1,0
0,0,0,0,16.0,1,0
0,0,0,0,7.0,1,0
0,0,0,0,14.0,1,0
0,0,0,0,17.0,1,0
0,0,0,2,4.333333333333333,2,0
0,0,0,0,23.0,1,0
0,0,0,0,7.0,1,0
0,0,0,0,11.0,1,0
0,0,0,0,12.0,1,0
0,0,0,0,13.0,1,0
0,0,0,0,16.0,1,0
0,0,0,0,7.0,1,0
0,0,0,0,15.0,1,0
0,0,0,0,9.0,1,0
0,0,0,0,18.0,1,0
0,0,0,0,15.0,1,0
0,0,0,0,9.0,1,0
0,0,0,0,10.0,1,0
0,0,0,0,11.25,3,0
0,0,0,0,11.0,1,0
0,0,0,0,16.0,1,0
0,0,0,0,10.0,1,0
0,0,0,0,15.0,1,0
0,0,0,0,15.0,1,0
0,0,0,0,13.0,1,0
0,0,0,0,17.0,1,0
0,0,0,0,22.0,1,0
0,0,0,0,9.0,1,0
0,0,0,0,14.0,1,0
0,0,0,0,11.0,1,0
0,0,0,0,17.0,1,0
0,0,0,0,22.0,1,0
0,0,0,0,9.0,1,0
0,0,0,0,17.0,1,0
0,0,0,0,14.0,1,0
0,0,0,0,13.0,1,0
0,0,0,0,13.0,1,0
0,0,0,0,12.0,1,0
0,0,0,0,9.5,2,0
0,0,0,0,22.0,1,0
0,0,0,0,13.0,1,0
0,0,0,0,11.0,1,0
0,0,0,0,8.0,1,0
0,0,0,0,9.0,1,0
0,0,0,0,21.0,1,0
0,0,0,0,11.0,1,0
0,0,0,0,6.0,1,0
0,0,0,0,7.0,1,0
0,0,0,0,6.0,1,0
0,0,0,0,15.0,1,0
0,0,0,0,6.0,1,0
0,0,0,0,13.0,1,0
0,0,0,0,7.0,1,0
0,0,0,0,6.0,1,0
0,0,0,0,11.0,1,0
0,0,0,0,20.0,1,0
0,0,0,0,20.0,1,0
0,0,0,0,12.0,1,0
0,0,0,0,18.0,1,0
0,0,0,0,17.0,1,0
0,0,0,0,10.5,2,0
0,0,0,0,16.75,3,0
0,0,0,0,18.733333333333334,7,1
0,0,0,0,8.142857142857142,5,0
0,0,0,1,8.083333333333334,8,1
0,0,0,0,14.0,11,0
0,0,0,0,11.692307692307692,17,1
0,0,0,0,12.857142857142858,7,1
0,0,0,0,13.291666666666666,15,1
0,0,0,2,13.682926829268293,28,1
0,0,0,10,13.418604651162791,54,1
0,0,0,1,12.472972972972974,53,1
0,0,1,1,12.524590163934427,51,1
0,0,0,2,12.766917293233083,107,1
0,2,0,1,12.4,83,1
0,0,0,2,13.24731182795699,139,1
0,0,0,2,12.5,141,1
0,0,0,1,12.043010752688172,146,1
0,2,0,0,12.57918552036199,162,1
0,0,0,1,12.779220779220779,196,1
0,0,0,10,13.087301587301587,200,1
0,3,0,2,12.91747572815534,160,1
0,0,0,4,11.829787234042554,147,1
0,0,0,4,12.368421052631579,109,1
0,0,0,2,11.486187845303867,146,1
0,0,0,4,10.98076923076923,47,1
0,0,0,2,11.822429906542055,92,1
0,0,0,1,12.226415094339623,130,1
0,0,0,3,12.661290322580646,108,1
0,0,0,0,12.44,109,1
0,1,0,0,10.826666666666666,60,1
0,0,0,1,11.76,66,1
0,0,0,0,11.142857142857142,49,1
0,0,0,0,13.870967741935484,24,1
0,0,0,0,16.0,2,0
0,0,0,0,15.0,1,0
0,0,0,0,10.0,1,0
0,0,0,0,7.0,1,0
0,0,0,0,9.0,1,0
0,0,0,0,11.0,1,0
0,0,0,0,16.0,1,0
0,0,0,0,13.0,1,0
0,0,0,0,23.0,1,0
0,0,0,0,7.0,1,0
0,0,0,0,14.0,1,0
0,0,0,0,13.0,1,0
0,0,0,0,2.0,1,0
0,0,0,0,15.0,1,0
0,0,0,0,19.0,1,0
0,0,0,0,19.5,2,0
0,0,0,0,11.5,6,0
0,0,0,0,23.0,1,0
0,0,0,0,10.0,1,0
0,0,0,0,15.2,3,0
0,0,0,0,11.0,1,0
0,0,0,0,11.0,1,0
0,0,0,0,7.0,1,0
0,0,0,0,16.0,1,0
0,0,0,0,9.0,1,0
0,0,0,0,12.0,1,0
0,0,0,0,17.0,1,0
0,0,0,0,10.0,1,0
0,0,0,0,12.5,3,0
0,0,0,0,11.0,1,0
0,0,0,0,19.0,1,0
0,0,0,0,13.0,1,0
0,0,0,0,1.0,1,0
0,0,0,0,0.0,1,0
0,0,0,0,10.666666666666666,4,0
0,0,0,0,18.0,1,0
0,0,0,0,17.0,1,0
0,0,0,0,17.0,1,0
0,0,0,0,16.4,5,0
0,0,0,1,14.0,3,0
0,0,0,0,11.333333333333334,3,0
0,0,0,0,15.0,2,0
0,0,0,0,8.666666666666666,3,0
0,0,0,0,12.666666666666666,3,0
0,0,0,0,16.333333333333332,3,0
0,0,0,0,6.0,1,0
0,0,0,0,14.0,1,0
0,0,0,0,7.0,1,0
0,0,0,0,7.0,2,0
0,0,0,0,13.333333333333334,2,0
0,0,0,0,6.0,3,0
0,0,0,0,13.0,4,0
0,0,0,0,9.0,1,0
0,0,0,0,10.0,1,0
0,0,0,0,21.0,1,0
0,0,0,0,10.0,1,0
0,0,0,0,10.0,1,0
0,0,0,0,9.0,1,0
0,0,0,0,12.0,1,0
0,0,0,0,10.3125,14,1
0,0,0,0,13.333333333333334,11,1
0,0,0,0,13.631578947368421,13,1
0,0,0,0,13.153846153846153,13,1
0,0,0,0,13.076923076923077,9,1
0,2,0,1,10.958333333333334,20,1
0,0,0,0,11.5,16,1
0,0,0,0,11.5,4,0
0,0,0,0,15.0,1,0
0,0,0,0,22.0,1,0
0,0,0,0,8.0,1,0
0,0,0,0,10.0,1,0
0,0,0,0,23.0,1,0
0,0,0,0,3.0,1,0
0,0,0,0,0.0,1,0
0,0,0,0,20.0,1,0
0,0,0,0,21.0,1,0
0,0,0,0,15.0,1,0
0,0,0,0,17.0,2,0
0,0,0,0,11.0,3,0
0,0,0,0,0.0,1,0
0,0,0,0,13.5,4,0
0,0,0,0,9.0,2,0
0,0,0,0,12.777777777777779,6,0
0,0,0,0,7.0,1,0
0,0,0,0,21.666666666666668,3,0
0,0,0,0,8.0,2,0
0,0,0,0,7.666666666666667,2,0
0,0,0,0,4.5,2,0
0,0,0,0,13.75,3,0
0,0,0,0,6.0,1,0
0,0,0,0,11.5,4,0
0,0,0,0,8.375,5,0
0,0,0,0,13.0,2,0
0,0,0,0,18.5,2,0
0,0,0,0,22.0,1,0
0,0,0,0,17.0,1,0
0,0,0,0,14.0,1,0
0,0,0,0,14.0,1,0
0,0,0,0,8.25,4,0
0,0,0,0,6.0,3,0
0,0,0,0,9.75,3,0
0,0,0,0,13.222222222222221,6,0
0,0,0,0,14.416666666666666,9,1
0,0,0,0,11.3,9,0
0,0,0,0,8.333333333333334,7,1
0,0,0,0,10.615384615384615,9,1
0,0,0,0,11.23076923076923,12,1
0,0,0,0,17.571428571428573,4,0
0,0,0,0,10.615384615384615,9,1
0,0,0,0,15.576923076923077,17,1
0,0,0,1,15.095238095238095,18,1
0,0,0,0,10.952380952380953,16,1
0,0,0,0,14.363636363636363,17,1
0,0,0,2,14.179487179487179,28,1
0,0,0,0,11.142857142857142,13,1
0,0,0,0,14.318181818181818,14,1
0,0,0,0,4.733333333333333,8,1
0,0,0,0,13.75,15,1
0,0,0,0,6.333333333333333,3,0
0,0,0,0,15.555555555555555,8,0
0,0,0,0,10.916666666666666,12,1
0,0,0,0,12.607142857142858,20,1
0,0,0,0,11.3,18,1
0,0,0,0,10.176470588235293,14,1
0,0,0,4,12.058823529411764,14,1
0,0,0,0,11.8,10,0
0,0,0,0,4.0,3,0
0,0,0,0,3.0,1,0
0,0,0,0,8.0,1,0
0,0,0,0,14.0,1,0
0,0,0,0,8.0,2,0
0,0,0,0,1.0,1,0
0,0,0,0,5.0,1,0
0,0,0,0,23.0,1,0
0,0,0,0,15.0,1,0
0,0,0,0,22.0,1,0
0,0,0,0,10.0,1,0
0,0,0,0,9.0,1,0
0,0,0,0,5.0,2,0
0,0,0,0,2.0,1,0
0,0,0,2,14.0,1,0
0,0,0,0,21.0,1,0
0,0,0,2,12.0,3,0
0,0,0,0,13.0,1,0
0,0,0,0,8.0,1,0
0,0,0,0,10.0,1,0
0,0,0,0,10.0,1,0
0,0,0,0,14.0,1,0
0,0,0,0,2.0,1,0
0,0,0,0,15.0,1,0
0,0,0,0,13.0,1,0
0,0,0,0,14.0,1,0
0,0,0,0,16.0,1,0
0,0,0,0,13.0,1,0
0,0,0,0,17.0,1,0
0,0,0,0,8.0,1,0
0,0,0,0,7.0,1,0
0,0,0,0,15.0,1,0
0,0,0,0,14.0,1,0
0,0,0,0,10.0,1,0
0,0,0,0,7.0,1,0
0,0,0,0,8.0,1,0
0,0,0,0,22.0,1,0
0,0,0,0,12.0,1,0
0,0,0,0,19.5,2,0
0,0,0,0,9.666666666666666,3,0
0,0,0,0,8.0,1,0
0,0,0,0,17.428571428571427,4,0
0,0,0,0,8.0,7,0
0,0,0,0,8.222222222222221,8,0
0,0,0,0,11.0,4,0
0,0,0,1,11.714285714285714,11,1
0,0,0,1,13.318181818181818,18,1
0,0,0,0,12.931034482758621,22,1
0,0,0,0,10.93939393939394,26,1
0,0,0,1,10.5,31,1
0,0,0,0,11.326923076923077,32,1
0,0,0,0,10.411764705882353,35,1
0,0,0,0,16.074074074074073,20,1
0,0,0,0,11.035714285714286,24,1
0,0,0,1,11.166666666666666,44,1
0,0,0,2,10.895833333333334,31,1
0,0,0,3,10.076923076923077,20,1
0,0,0,1,12.105263157894736,19,1
0,3,0,5,10.075,28,1
0,0,0,1,11.294117647058824,28,1
0,0,0,1,13.181818181818182,29,1
0,0,0,0,13.0,21,1
0,0,0,0,9.555555555555555,16,1
0,0,0,2,9.90625,29,1
0,0,0,0,10.833333333333334,10,1
0,0,0,0,12.866666666666667,9,1
0,0,0,0,11.0,1,0
0,0,0,0,12.0,1,0
0,0,0,0,23.0,1,0
0,0,0,0,21.0,1,0
0,0,0,0,2.0,1,0
0,0,0,0,21.0,1,0
0,0,0,0,16.0,1,0
0,0,0,0,20.0,1,0
0,0,0,0,9.0,1,0
0,0,0,0,23.0,1,0
0,0,0,0,16.0,1,0
0,0,0,0,21.5,2,0
0,0,0,0,13.0,1,0
0,0,0,0,11.0,1,0
0,0,0,0,8.0,1,0
0,0,0,0,8.0,1,0
0,0,0,0,0.0,1,0
0,0,0,0,9.0,1,0
0,0,0,0,15.833333333333334,3,0
0,0,0,0,8.0,1,0
0,0,0,0,15.8,5,0
0,0,0,0,11.0,1,0
0,0,0,0,14.214285714285714,11,1
0,3,0,3,12.333333333333334,9,1
0,0,0,0,16.25,4,0
0,0,0,0,15.466666666666667,14,1
0,0,0,3,17.458333333333332,17,1
0,0,0,0,12.756756756756756,30,1
0,0,0,0,11.56,19,1
0,0,0,0,13.195121951219512,33,1
0,0,0,1,12.384615384615385,27,1
0,0,0,1,11.592592592592593,22,1
0,1,0,0,14.541666666666666,21,1
0,0,0,0,9.727272727272727,29,1
0,0,0,0,14.75,15,1
0,0,0,0,10.105263157894736,14,1
0,0,0,0,6.25,4,0
0,0,0,0,13.428571428571429,7,0
0,0,0,0,10.363636363636363,10,0
0,0,0,0,14.181818181818182,10,0
0,0,0,0,9.642857142857142,12,1
0,0,0,0,7.5,7,0
0,0,0,0,10.444444444444445,9,0
0,0,0,0,9.714285714285714,6,0
0,0,0,0,14.0,4,0
0,0,0,0,18.0,1,0
0,0,0,0,8.0,1,0
0,0,0,0,1.0,1,0
0,0,0,0,23.0,1,0
0,0,0,0,0.0,1,0
0,0,0,0,8.0,1,0
0,0,0,0,7.0,1,0
0,0,0,0,11.0,1,0
0,0,0,0,7.0,1,0
0,0,0,0,1.0,1,0
0,0,0,0,10.0,1,0
0,0,0,0,0.0,2,0
0,0,0,0,2.0,1,0
0,0,0,0,13.0,1,0
0,0,0,0,9.0,1,0
0,0,0,0,15.0,1,0
0,0,0,0,13.0,1,0
0,0,0,0,14.0,1,0
0,0,0,0,7.0,1,0
0,0,0,0,21.0,1,0
0,0,0,0,16.0,1,0
0,0,0,0,3.3333333333333335,2,0
0,0,0,0,0.0,1,0
0,0,0,0,14.571428571428571,4,0
0,0,0,0,15.615384615384615,9,1
0,0,0,1,15.52,16,1
0,4,0,2,12.341463414634147,27,1
0,0,0,5,14.75,26,1
0,0,0,1,13.695652173913043,17,1
0,0,0,0,14.777777777777779,24,1
0,0,0,0,14.333333333333334,25,1
0,0,0,0,22.0,1,0
0,0,0,0,1.0,1,0
0,0,0,0,22.0,1,0
0,0,0,0,11.0,1,0
0,0,0,0,17.0,1,0
0,0,0,0,2.0,1,0
0,0,0,0,6.5,3,0
0,0,0,0,9.0,1,0
0,0,0,0,8.0,1,0
0,0,0,0,13.0,1,0
0,0,0,0,9.0,1,0
0,0,0,0,17.0,3,0
0,0,0,0,3.0,1,0
0,0,0,0,21.0,1,0
0,0,0,0,15.0,1,0
0,0,0,0,16.0,1,0
0,0,0,0,16.0,1,0
0,0,0,0,8.0,1,0
0,0,0,0,8.0,1,0
0,0,0,0,9.0,1,0
0,0,0,0,2.0,1,0
0,0,0,0,17.0,1,0
0,0,0,0,9.0,1,0
0,0,0,0,8.0,1,0
0,0,0,0,15.0,2,0
0,0,0,0,8.0,1,0
0,0,0,0,11.0,2,0
0,0,0,0,2.0,1,0
0,0,0,0,7.0,1,0
0,0,0,0,11.0,1,0
0,0,0,0,1.0,1,0
0,0,0,0,12.0,1,0
0,0,0,0,19.0,2,0
0,0,0,0,5.0,1,0
0,0,0,0,13.25,2,0
0,0,0,0,17.0,1,0
0,0,0,0,21.0,1,0
0,0,0,0,10.0,1,0
0,0,0,4,21.0,1,0
0,0,0,0,16.0,1,0
0,0,0,0,23.0,1,0
0,0,0,0,7.0,1,0
0,0,0,0,12.0,1,0
0,0,0,0,11.0,1,0
0,0,0,0,8.0,1,0
0,0,0,0,1.0,1,0
0,0,0,0,17.0,1,0
0,0,0,0,7.0,1,0
0,0,0,0,10.0,1,0
0,0,0,0,7.0,1,0
0,0,0,0,8.0,1,0
0,0,0,0,7.0,1,0
0,0,0,0,7.0,1,0
0,0,0,0,14.0,1,0
0,0,0,0,8.0,1,0
0,0,0,0,23.0,1,0
0,0,0,0,18.0,1,0
0,0,0,0,9.0,1,0
0,0,0,0,12.0,1,0
0,0,0,0,10.0,1,0
0,0,0,0,18.0,1,0
0,0,0,0,23.0,1,0
0,0,0,0,5.0,1,0
0,0,0,0,23.0,1,0
0,0,0,0,16.0,1,0
0,0,0,0,0.0,1,0
0,0,0,0,19.0,1,0
0,0,0,0,13.0,1,0
0,0,0,0,18.0,1,0
0,0,0,0,14.0,1,0
0,0,0,0,16.0,1,0
0,0,0,0,11.0,1,0
0,0,0,0,1.0,1,0
0,0,0,1,8.0,1,0
0,0,0,0,12.0,1,0
0,0,0,1,14.0,1,0
0,0,0,0,15.0,1,0
0,0,0,0,13.0,1,0
0,0,0,0,16.0,1,0
0,0,0,0,20.0,1,0
0,0,0,0,12.0,1,0
0,0,0,0,15.0,1,0
0,0,0,0,10.0,1,0
0,0,0,1,15.0,1,0
0,0,0,0,9.0,1,0
0,0,0,0,8.0,1,0
0,0,0,0,9.0,2,0
0,0,0,0,11.0,1,0
0,0,0,0,12.0,1,0
0,0,0,0,10.0,1,0
0,0,0,0,12.0,1,0
0,0,0,0,12.0,1,0
0,0,0,0,10.0,1,0
0,0,0,0,11.0,1,0
0,0,0,1,8.0,1,0
0,0,0,0,17.0,1,0
0,0,0,0,10.0,1,0
0,0,0,0,13.0,1,0
0,0,0,0,9.0,1,0
0,0,0,0,7.0,1,0
0,0,0,0,5.0,1,0
0,0,0,0,16.0,1,0
0,0,0,0,15.0,1,0
0,0,0,0,19.0,2,0
0,0,0,0,7.0,1,0
0,0,0,0,14.0,1,0
0,0,0,0,7.0,1,0
0,0,0,0,14.0,1,0
0,0,0,0,10.0,1,0
0,0,0,0,10.0,1,0
0,0,0,0,17.0,1,0
0,0,0,0,10.0,1,0
0,0,0,0,7.0,1,0
0,0,0,0,12.5,2,0
0,0,0,0,11.0,1,0
0,0,0,0,8.0,1,0
0,0,0,0,8.0,1,0
0,0,0,0,10.0,1,0
0,0,0,0,8.0,1,0
0,0,0,0,13.0,1,0
0,0,0,0,12.0,1,0
0,0,0,0,14.0,1,0
0,0,0,0,16.0,1,0
0,0,0,0,14.333333333333334,3,0
0,0,0,0,15.0,3,0
0,0,0,0,14.0,1,0
0,0,0,0,1.0,1,0
0,0,0,1,9.0,1,0
0,0,0,0,4.333333333333333,2,0
0,0,0,0,0.0,1,0
0,0,0,0,21.0,1,0
0,0,0,0,18.0,1,0
0,0,0,0,11.0,1,0
0,0,0,1,13.0,1,0
0,0,0,0,14.0,1,0
0,0,0,0,9.0,1,0
0,0,0,0,14.0,1,0
0,0,0,0,16.0,1,0
0,0,0,0,8.0,1,0
0,0,0,0,9.0,1,0
0,0,0,0,13.0,1,0
0,0,0,0,13.0,1,0
0,0,0,0,10.0,1,0
0,0,0,0,12.0,1,0
0,0,0,0,9.0,1,0
0,0,0,0,11.0,1,0
0,0,0,0,9.0,1,0
0,0,0,0,12.0,1,0
0,0,0,0,2.0,1,0
0,0,0,0,9.0,1,0
0,0,0,0,9.0,1,0
0,0,0,1,8.0,1,0
0,0,0,0,12.0,1,0
0,0,0,0,13.0,1,0
0,0,0,0,11.0,1,0
0,0,0,2,15.0,1,0
0,0,0,0,8.0,1,0
0,0,0,0,13.0,1,0
0,0,0,0,12.0,1,0
0,0,0,0,14.0,1,0
0,0,0,0,11.0,1,0
0,0,0,0,7.0,1,0
0,0,0,0,9.0,1,0
0,0,0,0,13.0,1,0
0,0,0,0,13.0,1,0
0,0,0,0,10.0,1,0
0,0,0,0,9.0,1,0
0,0,0,0,10.0,1,0
0,0,0,0,13.0,1,0
0,0,0,0,22.0,1,0
0,0,0,0,8.0,1,0
0,0,0,0,0.0,1,0
0,0,0,0,2.0,1,0
0,0,0,0,15.0,1,0
0,0,0,0,21.0,1,0
0,0,0,0,14.0,1,0
0,0,0,0,16.0,1,0
0,0,0,0,14.0,1,0
0,0,0,0,11.0,1,0
0,0,0,0,12.0,1,0
0,0,0,0,10.0,1,0
0,0,0,0,2.0,1,0
0,0,0,0,2.0,1,0
0,0,0,0,16.0,1,0
0,0,0,0,14.0,1,0
0,0,0,0,20.0,1,0
0,0,0,0,11.0,1,0
0,0,0,0,9.0,1,0
0,0,0,0,10.0,1,0
0,0,0,0,19.0,1,0
0,0,0,0,13.0,1,0
0,0,0,0,11.0,1,0
0,0,0,0,11.0,1,0
0,0,0,0,9.0,1,0
0,0,0,0,15.0,1,0
0,0,0,0,15.0,1,0
0,0,0,0,11.0,1,0
0,0,0,0,15.0,1,0
0,0,0,0,13.0,1,0
0,0,0,0,0.0,1,0
0,0,0,0,22.0,1,0
0,0,0,0,6.0,2,0
0,0,0,0,17.0,1,0
0,0,0,0,7.0,1,0
0,0,0,0,14.0,1,0
0,0,0,0,8.0,2,0
0,0,0,0,18.0,1,0
0,0,0,0,20.0,1,0
0,0,0,0,11.0,1,0
0,0,0,0,6.0,1,0
0,0,0,2,7.666666666666667,2,0
0,0,0,0,13.0,4,0
0,0,0,0,17.0,1,0
0,0,0,0,6.5,2,0
0,0,0,1,9.125,6,0
0,0,0,0,8.666666666666666,2,0
0,0,0,0,14.833333333333334,4,0
0,0,0,1,7.5,3,0
0,0,0,0,8.666666666666666,2,0
0,0,0,0,18.0,2,0
0,0,0,0,19.0,1,0
0,0,0,0,7.0,1,0
0,0,0,0,10.0,1,0
0,0,0,0,4.0,1,0
0,0,0,0,11.0,1,0
0,0,0,0,9.0,1,0
0,0,0,1,14.5,2,0
0,0,0,1,10.0,1,0
0,0,0,0,13.0,1,0
0,0,0,0,3.0,1,0
0,0,0,0,10.0,1,0
0,0,0,0,20.5,2,0
0,0,0,0,14.0,1,0
0,0,0,0,15.0,1,0
0,0,0,0,8.0,1,0
0,0,0,0,11.0,1,0
0,0,0,0,12.5,2,0
0,0,0,0,11.0,1,0
0,0,0,0,10.0,1,0
0,0,0,0,8.0,1,0
0,0,0,0,15.0,1,0
0,0,0,0,8.0,1,0
0,0,0,0,11.0,1,0
0,0,0,0,15.0,1,0
0,0,0,0,14.0,1,0
0,0,0,0,16.0,1,0
0,0,0,0,11.0,1,0
0,0,0,0,10.0,1,0
0,0,0,0,7.0,1,0
0,0,0,0,10.0,1,0
0,0,0,0,2.0,1,0
0,0,0,0,12.0,1,0
0,0,0,0,7.0,1,0
0,0,0,0,14.0,1,0
0,0,0,0,15.0,1,0
0,0,0,0,12.0,1,0
0,0,0,0,5.0,1,0
0,0,0,0,1.0,1,0
0,0,0,0,15.0,1,0
0,0,0,0,2.0,1,0
0,0,0,0,1.0,1,0
0,0,0,0,12.0,1,0
0,0,0,0,7.0,1,0
0,0,0,0,8.0,1,0
0,0,0,0,4.0,1,0
0,0,0,1,12.0,1,0
0,0,0,0,8.0,1,0
0,0,0,0,11.0,1,0
0,0,0,0,12.0,1,0
0,0,0,0,22.0,1,0
0,0,0,0,11.0,1,0
0,0,0,0,13.0,1,0
0,0,0,0,0.0,1,0
0,0,0,0,12.0,2,0
0,0,0,0,23.0,1,0
0,0,0,0,19.0,1,0
0,0,0,0,0.0,1,0
0,0,0,0,21.0,1,0
0,0,0,0,15.0,1,0
0,0,0,0,6.666666666666667,3,0
0,0,0,0,18.833333333333332,4,0
0,0,0,0,4.0,1,0
0,0,0,0,10.0,4,0
0,0,0,0,9.0,9,1
0,0,0,0,17.166666666666668,3,0
0,0,0,0,18.333333333333332,3,0
0,0,0,0,15.666666666666666,5,0
0,0,0,0,8.0,1,0
0,0,0,0,21.0,1,0
0,0,0,0,2.0,1,0
0,0,0,0,17.75,3,0
0,0,0,0,14.75,4,0
0,0,0,0,4.0,3,0
0,0,0,0,15.0,1,0
0,0,0,2,20.0,1,0
0,0,0,0,21.0,1,0
0,0,0,0,3.0,1,0
0,0,0,0,17.0,1,0
0,0,0,0,13.0,3,0
0,0,0,0,11.166666666666666,5,0
0,0,0,0,21.5,3,0
0,0,0,5,12.6,2,0
0,0,0,0,21.0,1,0
0,0,0,0,10.0,1,0
0,0,0,0,12.0,1,0
0,0,0,0,19.0,1,0
0,0,0,0,8.0,1,0
0,0,0,0,22.0,1,0
0,0,0,0,6.0,1,0
0,0,0,0,21.0,2,0
0,0,0,0,19.0,5,0
0,0,0,0,15.777777777777779,7,0
0,0,0,0,15.5,5,0
0,0,0,0,11.4,4,0
0,0,0,0,14.416666666666666,10,1
0,0,0,0,15.0,1,0
0,0,0,0,21.0,1,0
0,0,0,0,10.0,1,0
0,0,0,0,13.0,1,0
0,0,0,0,18.0,1,0
0,0,0,0,16.0,2,0
0,0,0,6,18.22222222222222,3,0
0,0,0,0,13.333333333333334,2,0
0,0,0,0,21.0,1,0
0,0,0,0,8.0,2,0
0,0,0,0,11.0,1,0
0,0,0,0,7.0,1,0
0,0,0,0,8.0,1,0
0,0,0,0,10.0,1,0
0,0,0,0,8.0,1,0
0,0,0,1,12.0,2,0
0,0,0,0,8.0,1,0
0,0,0,1,9.0,1,0
0,0,0,1,18.333333333333332,3,0
0,0,0,0,7.0,1,0
0,0,0,0,12.0,1,0
0,0,0,0,22.0,1,0
0,0,0,0,8.0,1,0
0,0,0,0,8.0,1,0
0,0,0,0,17.0,1,0
0,0,0,0,15.0,1,0
0,0,0,1,7.0,1,0
0,0,0,2,9.666666666666666,3,0
0,0,0,0,16.5,4,0
0,0,0,1,15.0,2,0
0,0,0,0,13.0,1,0
0,0,0,0,15.666666666666666,2,0
0,0,0,0,20.0,1,0
0,0,0,0,9.0,1,0
0,0,0,1,15.0,1,0
0,0,0,0,1.0,1,0
0,0,0,1,14.0,2,0
0,0,0,0,15.0,1,0
0,0,0,0,23.0,1,0
0,0,0,0,8.0,1,0
0,0,0,0,11.0,1,0
0,0,0,0,16.0,1,0
0,0,0,0,17.0,1,0
0,0,0,0,20.0,1,0
0,0,0,0,14.0,1,0
0,0,0,0,18.0,1,0
0,0,0,0,22.0,1,0
0,0,0,1,16.333333333333332,2,0
0,0,0,0,9.0,1,0
0,0,0,0,12.0,1,0
0,0,0,0,14.0,1,0
0,0,0,0,15.0,1,0
0,0,0,0,21.0,1,0
0,0,0,0,21.0,1,0
0,0,0,0,14.0,1,0
0,0,0,0,8.0,1,0
0,0,0,0,8.0,1,0
0,0,0,0,7.0,1,0
0,0,0,0,21.0,1,0
0,0,0,1,18.0,1,0
0,0,0,0,7.0,1,0
0,0,0,0,10.0,1,0
0,0,0,0,11.0,1,0
0,0,0,0,13.666666666666666,2,0
0,0,0,0,11.0,1,0
0,0,0,0,7.0,1,0
0,0,0,0,8.0,1,0
0,0,0,0,12.0,1,0
0,0,0,0,7.0,1,0
0,0,0,0,13.0,1,0
0,0,0,0,13.0,1,0
0,0,0,0,10.0,4,0
0,0,0,0,14.0,1,0
0,0,0,0,7.0,1,0
0,0,0,0,13.0,1,0
0,0,0,0,7.5,2,0
0,0,0,0,8.0,1,0
0,0,0,0,15.0,1,0
0,0,0,0,13.75,3,0
0,0,0,0,12.0,1,0
0,0,0,0,2.0,1,0
0,0,0,0,23.0,1,0
0,0,0,0,11.0,1,0
0,0,0,0,9.0,1,0
0,0,0,0,1.0,1,0
0,0,0,0,22.0,1,0
0,0,0,0,21.0,1,0
0,0,0,0,10.0,1,0
0,0,0,0,16.0,1,0
0,0,0,0,0.0,1,0
0,0,0,0,17.0,1,0
0,0,0,0,10.0,1,0
0,0,0,0,11.0,1,0
0,0,0,0,8.0,1,0
0,0,0,0,14.5,2,0
0,0,0,0,10.0,1,0
0,0,0,0,13.0,1,0
0,0,0,0,10.818181818181818,9,0
0,0,0,0,10.75,16,1
0,0,0,0,10.625,8,0
0,0,0,0,8.642857142857142,13,1
0,0,0,2,12.904761904761905,19,1
0,0,0,0,13.5,24,1
0,0,0,1,12.0,7,0
0,0,0,0,13.894736842105264,17,1
0,0,0,0,13.916666666666666,10,1
0,0,0,0,13.25,7,0
0,0,0,0,9.142857142857142,7,0
0,0,0,0,22.0,1,0
0,0,0,0,14.0,1,0
0,0,0,0,18.0,1,0
0,0,0,0,10.5,2,0
0,0,0,0,5.666666666666667,3,0
0,0,0,0,18.5,2,0
0,0,0,0,22.0,1,0
0,0,0,0,18.333333333333332,2,0
0,0,0,0,18.0,1,0
0,0,0,0,12.0,1,0
0,0,0,0,11.0,1,0
0,0,0,0,10.0,1,0
0,0,0,0,6.0,1,0
0,0,0,0,7.4,2,0
0,0,0,0,11.0,1,0
0,0,0,0,2.0,1,0
0,0,0,0,1.0,1,0
0,0,0,0,8.0,1,0
0,0,0,0,15.0,1,0
0,0,0,0,8.0,4,0
0,0,0,0,11.7,8,0
0,0,0,0,9.0,1,0
0,0,0,0,21.0,1,0
0,0,0,0,10.0,1,0
0,0,0,0,10.0,1,0
0,0,0,0,8.666666666666666,3,0
0,0,0,0,12.0,2,0
0,0,0,0,23.0,1,0
0,0,0,0,14.0,1,0
0,0,0,0,3.0,1,0
0,0,0,0,23.0,1,0
0,0,0,0,22.0,1,0
0,0,0,0,9.0,1,0
0,0,0,0,17.0,1,0
0,0,0,0,14.0,1,0
0,0,0,0,11.0,1,0
0,0,0,0,12.0,1,0
0,0,0,0,20.75,3,0
0,0,0,0,16.333333333333332,2,0
0,0,0,0,12.0,1,0
0,0,0,0,20.0,1,0
0,0,0,0,0.0,1,0
0,0,0,0,14.0,1,0
0,0,0,0,17.0,1,0
0,0,0,0,19.0,1,0
0,0,0,0,16.5,2,0
0,0,0,0,20.0,1,0
0,0,0,0,7.0,1,0
0,0,0,0,11.0,1,0
0,0,0,0,17.0,1,0
0,0,0,0,8.0,1,0
0,0,0,0,17.0,1,0
0,0,0,0,8.0,1,0
0,0,0,0,11.0,1,0
0,0,0,0,4.0,1,0
0,0,0,0,4.333333333333333,2,0
0,0,0,0,23.0,1,0
0,0,0,0,12.0,2,0
0,0,0,0,4.666666666666667,2,0
0,0,0,0,11.0,1,0
0,0,0,0,22.0,1,0
0,0,0,0,20.25,2,0
0,0,0,0,10.0,1,0
0,0,0,0,15.0,1,0
0,0,0,0,1.0,1,0
0,0,0,0,8.0,1,0
0,0,0,0,22.0,1,0
0,0,0,0,11.0,1,0
0,0,0,0,12.0,1,0
0,0,0,0,10.0,1,0
0,0,0,0,9.0,1,0
0,0,0,0,13.0,1,0
0,0,0,0,13.0,2,0
0,0,0,0,11.0,1,0
0,0,0,0,11.25,3,0
0,0,0,0,14.0,1,0
0,0,0,0,14.0,1,0
0,0,0,0,19.0,1,0
0,0,0,0,6.0,1,0
0,0,0,0,14.6,5,0
0,0,0,0,10.0,2,0
0,0,0,0,13.0,1,0
0,0,0,0,11.0,1,0
0,0,0,0,8.0,1,0
0,0,0,0,8.0,1,0
0,0,0,0,11.0,1,0
0,0,0,0,10.0,1,0
0,0,0,0,12.0,1,0
0,0,0,0,21.0,1,0
0,0,0,0,14.8,2,0
0,0,0,0,8.0,1,0
0,0,0,0,2.0,1,0
0,0,0,0,12.0,1,0
0,0,0,0,14.0,1,0
0,0,0,0,16.0,1,0
0,0,0,0,18.0,1,0
0,0,0,0,13.0,2,0
0,0,0,0,1.0,1,0
0,0,0,0,12.0,2,0
0,0,0,0,21.0,1,0
0,0,0,0,14.0,1,0
0,0,0,0,21.0,1,0
0,0,0,0,17.0,1,0
0,0,0,5,13.380952380952381,28,1
0,0,0,0,12.431818181818182,37,1
0,0,0,1,13.2,57,1
0,0,0,3,15.325,30,1
0,0,0,0,15.644444444444444,30,1
0,0,0,0,11.333333333333334,10,1
0,0,0,0,10.75,6,0
0,0,0,0,10.25,3,0
0,0,0,0,10.0,1,0
0,0,0,0,14.0,1,0
0,0,0,0,5.0,1,0
0,0,0,0,19.0,1,0
0,0,0,0,9.0,1,0
0,0,0,0,18.0,1,0
0,0,0,0,7.0,1,0
0,0,0,0,9.0,1,0
0,0,0,0,11.0,1,0
0,0,0,0,14.0,1,0
0,0,0,1,2.0,1,0
0,0,0,0,6.0,1,0
0,0,0,0,6.0,2,0
0,0,0,0,10.0,1,0
0,0,0,0,21.0,1,0
0,0,0,0,1.0,1,0
0,0,0,0,15.5,2,0
0,0,0,0,16.833333333333332,4,0
0,0,0,0,8.4,4,0
0,0,0,0,18.0,5,0
0,0,0,2,17.0,3,0
0,0,0,0,10.666666666666666,12,1
0,0,0,0,13.777777777777779,7,0
0,0,0,2,17.0,1,0
0,0,0,0,15.0,1,0
0,0,0,0,8.0,1,0
0,0,0,0,18.0,1,0
0,0,0,0,14.0,1,0
0,0,0,0,9.0,1,0
0,0,0,0,15.0,1,0
0,0,0,0,11.0,1,0
0,0,0,0,13.0,1,0
0,0,0,0,12.0,1,0
0,0,0,0,10.0,2,0
0,0,0,0,20.0,1,0
0,0,0,0,10.0,1,0
0,0,0,0,10.333333333333334,3,0
0,0,0,0,23.0,1,0
0,0,0,0,13.0,1,0
0,0,0,0,17.0,1,0
0,0,0,0,17.0,1,0
0,0,0,0,0.0,1,0
0,0,0,0,17.0,2,0
0,0,0,0,20.0,1,0
0,0,0,0,1.0,1,0
0,0,0,0,18.0,1,0
0,0,0,0,15.0,1,0
0,0,0,0,9.0,1,0
0,0,0,0,22.0,1,0
0,0,0,0,16.0,1,0
0,0,0,0,15.0,1,0
0,0,0,0,23.0,1,0
0,0,0,0,6.0,1,0
0,0,0,0,11.0,1,0
0,0,0,0,11.0,1,0
0,0,0,0,12.0,1,0
0,0,0,0,7.0,1,0
0,0,0,0,21.0,1,0
0,0,0,0,23.0,1,0
0,0,0,0,10.0,1,0
0,0,0,0,21.0,1,0
0,0,0,4,15.4,2,0
0,0,0,0,15.333333333333334,3,0
0,0,0,0,12.5,2,0
0,0,0,0,11.666666666666666,3,0
0,0,0,0,8.5,2,0
0,0,0,0,9.333333333333334,7,1
0,0,0,3,10.166666666666666,5,0
0,0,0,1,11.333333333333334,5,0
0,0,0,0,14.0,1,0
0,0,0,0,18.444444444444443,8,0
0,0,0,0,18.0,1,0
0,0,0,0,9.0,1,0
0,0,0,0,15.0,2,0
0,0,0,0,9.0,1,0
0,0,0,0,16.0,1,0
0,0,0,0,16.0,1,0
0,0,0,0,12.0,1,0
0,0,0,0,8.0,1,0
0,0,0,0,9.0,1,0
0,0,0,0,14.0,1,0
0,0,0,0,19.0,1,0
0,0,0,0,11.0,1,0
0,0,0,0,23.0,1,0
0,0,0,0,2.0,1,0
0,0,0,0,13.0,1,0
0,0,0,0,2.0,1,0
0,0,0,0,18.375,6,0
0,0,0,0,16.77777777777778,7,0
0,0,0,0,15.833333333333334,3,0
0,0,0,0,14.25,3,0
0,0,0,0,13.666666666666666,5,0
0,0,0,0,12.8,8,0
0,0,0,0,7.0,1,0
0,0,0,0,22.0,3,0
0,0,0,0,15.1,8,0
0,0,0,0,13.6,7,0
0,0,0,0,10.0,5,0
0,0,0,0,16.0,2,0
0,0,0,0,7.0,3,0
0,0,1,0,13.0,6,0
0,0,0,0,15.25,4,0
0,0,0,1,12.6,5,0
0,0,0,0,18.428571428571427,5,0
0,0,0,0,13.25,2,0
0,0,0,0,21.0,1,0
0,0,0,0,22.0,1,0
0,0,0,0,10.0,1,0
0,0,0,0,10.0,1,0
0,0,0,0,10.0,1,0
0,0,0,0,23.0,1,0
0,0,0,0,19.0,1,0
0,0,0,0,16.0,1,0
0,0,0,0,7.0,1,0
0,0,0,0,13.0,1,0
0,0,0,0,11.0,1,0
0,0,0,0,23.0,1,0
0,0,0,2,21.0,1,0
0,0,0,1,0.0,1,0
0,0,0,0,15.0,1,0
0,0,0,0,0.0,1,0
0,0,0,0,0.0,1,0
0,0,0,4,16.0,1,0
0,0,0,0,10.0,1,0
0,0,0,0,8.0,1,0
0,0,0,0,14.0,1,0
0,0,0,0,8.0,1,0
0,0,0,0,21.0,1,0
0,0,0,0,23.0,1,0
0,0,0,0,0.0,1,0
0,0,0,0,10.0,1,0
0,0,0,0,19.333333333333332,2,0
0,0,0,0,22.0,1,0
0,0,0,0,12.0,1,0
0,0,0,0,2.0,1,0
0,0,0,0,21.0,1,0
0,0,0,0,7.0,1,0
0,0,0,0,14.0,1,0
0,0,0,0,15.0,1,0
0,0,0,0,6.0,1,0
0,0,1,0,16.0,1,0
0,0,0,0,16.0,1,0
0,0,0,0,9.0,1,0
0,0,0,0,8.0,1,0
0,0,0,0,15.0,1,0
0,0,0,0,10.0,1,0
0,0,0,0,20.4,2,0
0,0,0,0,21.0,1,0
0,0,0,0,1.0,1,0
0,0,0,0,7.4,3,0
0,0,0,0,11.666666666666666,2,0
0,0,0,0,11.0,3,0
0,0,0,0,14.0,6,0
0,0,0,0,18.166666666666668,4,0
0,0,0,0,13.571428571428571,5,0
0,0,0,1,10.076923076923077,7,1
0,0,0,1,9.666666666666666,14,1
0,0,0,0,18.541666666666668,13,1
0,0,0,1,15.625,14,1
0,3,0,0,15.090909090909092,14,1
0,0,0,0,16.375,7,0
0,0,0,0,13.384615384615385,14,1
0,0,0,1,12.25,15,1
0,0,0,2,12.12,20,1
0,0,0,0,10.61111111111111,15,1
0,0,0,0,12.818181818181818,9,0
0,0,0,0,14.4,9,0
0,0,0,0,18.75,3,0
0,0,0,0,10.75,14,1
0,0,0,0,9.0,7,0
0,0,0,0,13.75,13,1
0,0,0,1,14.142857142857142,12,1
0,0,0,0,12.25,9,1
0,0,0,0,12.25,8,1
0,0,0,0,15.0,2,0
0,0,0,0,7.0,1,0
0,0,0,0,9.0,1,0
0,0,0,0,23.0,1,0
0,0,0,0,20.0,1,0
0,0,0,0,13.0,1,0
0,0,0,0,11.0,1,0
0,0,0,0,6.0,1,0
0,0,0,0,4.0,1,0
0,0,0,0,16.0,1,0
0,0,0,0,8.5,2,0
0,0,0,0,4.0,1,0
0,0,0,0,14.0,1,0
0,0,0,0,17.5,2,0
0,0,0,0,17.0,4,0
0,0,0,0,13.5,6,0
0,0,0,0,0.0,1,0
0,0,0,0,8.571428571428571,6,0
0,0,0,0,9.666666666666666,3,0
0,0,0,0,8.0,1,0
0,0,0,0,3.0,1,0
0,0,0,0,23.0,1,0
0,0,0,0,14.0,1,0
0,0,0,0,7.0,1,0
0,0,0,0,13.0,1,0
0,0,0,0,9.0,1,0
0,0,0,0,8.0,1,0
0,0,0,0,7.0,2,0
0,0,0,0,14.0,1,0
0,0,0,0,18.0,1,0
0,0,0,0,10.5,4,0
0,0,0,0,11.0,3,0
0,0,0,0,12.0,3,0
0,0,0,0,12.285714285714286,4,0
0,0,0,0,15.0,2,0
0,0,0,0,14.3125,10,1
0,0,0,0,22.0,1,0
0,0,0,0,19.0,1,0
0,0,0,0,12.0,1,0
0,0,0,0,16.0,1,0
0,0,0,0,13.0,1,0
0,0,0,0,14.0,1,0
0,0,0,0,10.0,1,0
0,0,0,0,6.0,1,0
0,0,0,0,14.0,1,0
0,0,0,0,11.0,1,0
0,0,0,0,11.0,1,0
0,0,0,0,21.0,1,0
0,0,0,0,9.0,1,0
0,0,0,0,22.0,1,0
0,0,0,0,22.0,1,0
0,0,0,0,9.0,1,0
0,0,0,0,11.0,1,0
0,0,0,0,23.0,1,0
0,0,0,0,23.0,1,0
0,0,0,0,11.0,1,0
0,0,0,0,19.0,1,0
0,0,0,0,12.0,3,0
0,0,0,0,3.25,2,0
0,0,0,0,10.8,9,0
0,0,0,0,6.7,6,0
0,0,0,0,14.333333333333334,7,0
0,0,0,0,7.4,5,0
0,0,0,0,18.0,4,0
0,0,0,0,12.857142857142858,5,0
0,0,0,7,9.133333333333333,9,1
0,0,0,0,13.333333333333334,3,0
0,0,0,0,11.076923076923077,10,1
0,0,0,0,5.333333333333333,3,0
0,0,0,0,11.11111111111111,8,0
0,0,0,0,9.75,4,0
0,0,0,0,11.9,9,0
0,0,0,0,14.0,3,0
0,0,0,0,10.0,1,0
0,0,0,0,7.0,1,0
0,0,0,0,9.5,2,0
0,0,0,0,22.666666666666668,2,0
0,0,0,0,9.0,1,0
0,0,0,0,10.5,4,0
0,0,0,0,9.0,3,0
0,0,0,0,15.0,2,0
0,0,0,0,12.5,2,0
0,0,0,0,12.0,1,0
0,0,0,0,7.0,4,0
0,0,0,0,12.333333333333334,3,0
0,0,0,0,7.166666666666667,5,0
0,0,0,0,9.0,1,0
0,0,0,0,11.0,2,0
0,0,0,0,9.0,1,0
0,0,0,0,12.0,1,0
0,0,0,0,1.0,1,0
0,0,0,0,10.0,1,0
0,0,0,0,12.0,3,0
0,0,0,0,14.0,1,0
0,0,0,0,22.0,1,0
0,0,0,0,9.0,1,0
0,0,0,0,1.0,1,0
0,0,0,0,8.0,1,0
0,0,0,0,12.0,11,1
0,0,0,1,11.909090909090908,18,1
0,0,0,0,13.26086956521739,19,1
0,0,0,0,13.12,21,1
0,0,0,0,10.75,10,1
0,0,0,0,8.857142857142858,18,1
0,0,0,0,22.5,2,0
0,0,0,0,18.75,2,0
0,0,0,0,19.0,2,0
0,0,0,0,4.0,2,0
0,0,0,0,4.0,1,0
0,0,0,0,16.0,1,0
0,0,0,0,9.0,1,0
0,0,0,0,17.0,1,0
0,0,0,0,11.0,1,0
0,0,0,0,9.25,2,0
0,0,0,0,8.0,1,0
0,0,0,0,12.0,1,0
0,0,0,0,8.0,1,0
0,0,0,0,11.0,1,0
0,0,0,0,10.0,1,0
0,0,0,0,7.0,1,0
0,0,0,0,7.0,1,0
0,0,0,0,7.0,1,0
0,0,0,0,9.0,1,0
0,0,0,0,8.0,1,0
0,0,0,0,15.0,1,0
0,0,0,0,12.0,1,0
0,0,0,0,16.0,1,0
0,0,0,0,11.0,1,0
0,0,0,0,13.0,1,0
0,0,0,0,7.294117647058823,3,1
0,0,0,0,14.142857142857142,5,0
0,0,0,0,12.0,1,0
0,0,0,0,15.222222222222221,7,0
0,0,0,0,16.0,3,0
0,0,0,0,15.5,5,0
0,0,0,0,11.375,7,0
0,0,0,0,10.833333333333334,5,0
0,0,0,0,13.733333333333333,14,1
0,0,0,0,12.882352941176471,15,1
0,0,0,2,12.333333333333334,29,1
0,0,0,1,11.975,33,1
0,0,0,0,13.36,40,1
0,0,0,0,11.981132075471699,37,1
0,0,0,0,11.442307692307692,44,1
0,0,0,0,10.83673469387755,66,1
0,0,0,0,11.9625,68,1
0,0,0,8,10.140625,42,1
0,0,0,0,12.508196721311476,47,1
0,0,0,0,12.609756097560975,35,1
0,0,0,4,14.08695652173913,17,1
0,0,0,0,11.291666666666666,23,1
0,0,0,0,12.311111111111112,39,1
0,0,0,0,11.852941176470589,31,1
0,0,0,0,13.478260869565217,22,1
0,0,0,0,11.55,19,1
0,0,0,0,12.107142857142858,23,1
0,0,0,0,13.1,9,0
0,0,0,0,10.0,1,0
0,0,0,0,12.0,1,0
0,0,0,0,8.0,1,0
0,0,0,0,20.0,1,0
0,0,0,0,2.0,1,0
0,0,0,0,4.0,1,0
0,0,0,0,17.0,1,0
0,0,0,0,10.0,1,0
0,0,0,0,15.0,1,0
0,0,0,0,16.0,2,0
0,0,0,0,22.0,1,0
0,0,0,0,9.0,1,0
0,0,0,0,12.0,1,0
0,0,0,0,10.0,1,0
0,0,0,0,15.0,1,0
0,0,0,0,13.0,1,0
0,0,0,0,11.0,1,0
0,0,0,0,17.666666666666668,2,0
0,0,0,0,14.0,1,0
0,0,0,0,23.0,1,0
0,0,0,0,2.0,1,0
0,0,0,0,13.0,1,0
0,0,0,0,9.4,3,0
0,0,0,0,13.5,2,0
0,0,0,0,22.0,1,0
0,0,0,2,11.666666666666666,2,0
0,0,0,0,11.666666666666666,2,0
0,0,0,0,13.7,9,0
0,0,0,0,8.0,4,0
0,0,0,0,7.0,4,0
0,0,0,0,9.0,2,0
0,0,0,0,7.666666666666667,5,0
0,0,0,1,14.666666666666666,9,0
0,0,0,0,19.0,6,0
0,0,0,0,9.444444444444445,7,0
0,0,0,0,5.0,2,0
0,0,0,0,10.0,1,0
0,0,0,0,8.066666666666666,8,1
0,0,0,0,16.5,2,0
0,0,0,0,14.666666666666666,2,0
0,0,0,0,13.75,4,0
0,0,0,0,8.0,2,0
0,0,0,0,17.5,2,0
0,0,0,0,11.0,1,0
0,0,0,0,11.0,1,0
0,0,0,0,2.0,1,0
0,0,0,0,22.0,1,0
0,0,0,0,2.0,1,0
0,0,0,0,13.0,1,0
0,0,0,0,9.0,1,0
0,0,0,0,13.0,1,0
0,0,0,0,17.0,1,0
0,0,0,0,22.0,1,0
0,0,0,1,12.0,1,0
0,0,0,0,16.0,1,0
0,0,0,0,15.0,1,0
0,0,0,0,13.0,1,0
0,0,0,0,7.0,1,0
0,0,0,0,7.0,1,0
0,0,0,0,11.0,1,0
0,0,0,0,18.0,1,0
0,0,0,0,17.0,1,0
0,0,0,0,4.0,2,0
0,0,0,0,13.0,4,0
0,0,0,0,13.2,5,0
0,0,0,0,11.6,2,0
0,0,0,0,16.0,2,0
0,0,0,0,12.666666666666666,3,0
0,0,0,0,8.666666666666666,3,0
0,0,0,0,14.0,6,0
0,0,0,1,10.166666666666666,4,0
0,0,0,0,8.5,2,0
0,0,0,0,7.0,3,0
0,0,0,0,14.166666666666666,5,0
0,0,0,0,11.285714285714286,5,0
0,0,0,0,13.125,7,0
0,0,0,0,10.666666666666666,6,0
0,0,0,0,15.0,2,0
0,0,0,0,9.0,1,0
0,0,0,0,8.0,4,0
0,0,0,0,13.0,1,0
0,0,0,0,9.333333333333334,4,0
0,0,0,0,7.0,1,0
0,0,0,0,16.0,1,0
0,0,0,0,19.0,2,0
0,0,0,0,12.0,1,0
0,0,0,0,20.0,1,0
0,0,0,0,10.5,2,0
0,0,0,0,11.0,1,0
0,0,0,1,11.666666666666666,3,0
0,0,0,0,9.75,3,0
0,0,0,0,9.2,4,0
0,0,0,0,13.4,4,0
0,0,0,0,18.0,2,0
0,0,0,0,9.0,3,0
0,0,0,0,8.0,1,0
0,0,0,1,14.375,6,0
0,0,0,0,10.666666666666666,3,0
0,0,0,0,11.75,9,1
0,0,0,0,12.0,1,0
0,0,0,0,14.5,2,0
0,0,0,0,23.0,1,0
0,0,0,0,10.0,1,0
0,0,0,0,7.0,1,0
0,0,0,0,13.0,1,0
0,0,0,0,10.0,1,0
0,0,0,0,7.0,2,0
0,0,0,0,12.0,1,0
0,0,0,0,12.0,1,0
0,0,0,0,10.0,1,0
0,0,0,0,16.0,1,0
0,0,0,0,17.0,1,0
0,0,0,0,12.0,1,0
0,0,0,0,17.0,1,0
0,0,0,0,2.0,1,0
0,0,0,0,1.0,1,0
0,0,0,0,19.0,1,0
0,0,0,0,18.0,1,0
0,0,0,0,10.0,1,0
0,0,0,0,12.0,1,0
0,0,0,1,20.0,1,0
0,0,0,0,16.0,1,0
0,0,0,0,19.0,1,0
0,0,0,0,8.0,2,0
0,0,0,0,7.0,2,0
0,0,0,0,3.0,1,0
0,0,0,0,21.333333333333332,2,0
0,0,0,0,10.166666666666666,5,0
0,0,0,0,16.22222222222222,14,1
0,0,0,3,12.444444444444445,7,0
0,0,0,0,16.2,10,0
0,0,0,2,11.157894736842104,14,1
0,0,0,0,14.571428571428571,7,0
0,0,0,0,16.4,4,0
0,0,0,0,15.5,6,0
0,0,0,0,5.5,2,0
0,0,0,0,15.5,5,0
0,0,0,0,9.333333333333334,5,0
0,0,0,0,10.0,1,0
0,0,0,0,12.5,2,0
0,0,0,0,12.5,2,0
0,0,0,0,12.0,2,0
0,0,0,0,17.25,4,0
0,0,0,0,12.0,1,0
0,0,0,0,6.0,1,0
0,0,0,0,13.0,1,0
0,0,0,0,11.0,1,0
0,0,0,0,16.75,2,0
0,0,0,0,23.0,1,0
0,0,0,6,14.45,12,1
0,0,0,0,10.0,2,0
0,0,0,0,11.0,2,0
0,0,0,0,14.714285714285714,13,1
0,0,0,0,11.733333333333333,11,1
0,0,0,2,13.9375,35,1
0,0,0,1,11.774193548387096,42,1
0,0,0,0,15.327272727272728,46,1
0,0,0,13,12.869565217391305,64,1
0,0,0,0,12.80952380952381,37,1
0,0,0,0,12.56,22,1
0,0,0,0,12.233333333333333,44,1
0,0,0,1,13.69767441860465,39,1
0,0,0,0,10.75,16,1
0,0,0,2,17.307692307692307,9,1
0,0,0,0,14.608695652173912,19,1
0,0,0,0,7.956521739130435,15,1
0,0,0,1,15.724137931034482,24,1
0,0,0,0,12.222222222222221,9,0
0,0,0,0,11.875,15,1
0,0,0,0,12.3,8,0
0,0,0,0,16.714285714285715,7,0
0,0,0,0,11.0,1,0
0,0,0,0,11.0,1,0
0,0,0,0,0.0,1,0
0,0,0,0,15.0,1,0
0,0,0,0,13.0,1,0
0,0,0,0,12.0,1,0
0,0,0,0,6.0,1,0
0,0,0,0,16.0,1,0
0,0,0,1,10.0,1,0
0,0,0,0,9.0,1,0
0,0,0,1,15.0,1,0
0,0,0,0,22.0,1,0
0,0,0,0,19.0,1,0
0,0,0,0,23.0,1,0
0,0,0,0,8.0,1,0
0,0,0,0,9.0,1,0
0,0,0,0,15.0,1,0
0,0,0,0,23.0,1,0
0,0,0,0,9.0,1,0
0,0,0,0,17.0,1,0
0,0,0,0,21.0,1,0
0,0,0,0,1.0,1,0
0,0,0,0,9.0,1,0
0,0,0,0,23.0,1,0
0,0,0,0,6.0,1,0
0,0,0,0,6.0,1,0
0,0,0,1,15.0,1,0
0,0,0,1,13.0,1,0
0,0,0,0,12.0,1,0
0,0,0,0,21.0,1,0
0,0,0,0,16.0,1,0
0,0,0,0,13.0,1,0
0,0,0,0,12.0,1,0
0,0,0,0,7.0,1,0
0,0,0,0,5.0,1,0
0,0,0,0,23.0,1,0
0,0,0,0,11.0,1,0
0,0,0,0,13.0,1,0
0,0,0,0,16.0,1,0
0,0,0,0,17.0,1,0
0,0,0,0,8.0,1,0
0,0,0,0,12.0,1,0
0,0,0,0,1.0,1,0
0,0,0,4,17.0,1,0
0,0,0,0,14.0,1,0
0,0,0,0,20.0,1,0
0,0,0,0,1.0,1,0
0,0,0,0,12.0,1,0
0,0,0,0,8.0,1,0
0,0,0,0,16.0,1,0
0,0,0,0,18.0,1,0
0,0,0,0,19.0,1,0
0,0,0,0,23.0,1,0
0,0,0,0,21.0,1,0
0,0,0,0,8.0,1,0
0,0,0,0,10.0,1,0
0,0,0,0,10.0,1,0
0,0,0,0,16.0,1,0
0,0,0,0,16.0,1,0
0,0,0,0,14.0,1,0
0,0,0,0,17.0,1,0
0,0,0,0,12.0,1,0
0,0,0,0,16.0,1,0
0,0,0,0,9.0,1,0
0,0,0,0,23.0,1,0
0,0,0,0,23.0,1,0
0,0,0,0,1.0,1,0
0,0,0,0,20.0,1,0
0,0,0,0,22.0,1,0
0,0,0,0,8.0,1,0
0,0,0,0,17.0,1,0
0,0,0,0,13.0,3,0
0,0,0,0,8.0,1,0
0,0,0,0,23.0,1,0
0,0,0,0,16.0,1,0
0,0,0,0,22.0,1,0
0,0,0,0,20.0,1,0
0,0,0,0,23.0,1,0
0,0,0,0,15.5,2,0
0,0,0,0,23.0,1,0
0,0,0,0,18.0,1,0
0,0,0,0,14.0,1,0
0,0,0,0,17.0,1,0
0,0,0,0,13.0,1,0
0,0,0,0,20.0,1,0
0,0,0,0,10.0,1,0
0,0,0,0,13.0,1,0
0,0,0,0,14.0,1,0
0,0,0,0,11.0,1,0
0,0,0,0,10.0,1,0
0,0,0,0,16.0,1,0
0,0,0,0,8.0,1,0
0,0,0,0,19.0,1,0
0,0,0,0,6.0,1,0
0,0,0,0,11.0,1,0
0,0,0,0,8.0,1,0
0,0,0,0,20.0,1,0
0,0,0,0,19.0,1,0
0,0,0,0,19.0,1,0
0,0,0,0,15.0,1,0
0,0,0,0,12.0,1,0
0,0,0,0,21.0,1,0
0,0,0,0,8.0,1,0
0,0,0,0,23.0,1,0
0,0,0,0,19.0,1,0
0,0,0,0,17.0,1,0
0,0,0,0,13.0,1,0
0,0,0,0,6.0,1,0
0,0,0,0,20.0,1,0
0,0,0,0,17.0,1,0
0,0,0,0,22.0,1,0
0,0,0,0,21.0,1,0
0,0,0,0,10.0,1,0
0,0,0,0,8.0,1,0
0,0,0,0,10.0,1,0
0,0,0,0,16.0,1,0
0,0,0,0,10.0,1,0
0,0,0,0,1.0,1,0
0,0,0,0,3.0,1,0
0,0,0,0,9.0,1,0
0,0,0,0,12.0,1,0
0,0,0,0,22.0,1,0
0,0,0,0,20.0,1,0
0,0,0,0,1.0,1,0
0,0,0,0,21.0,1,0
0,0,0,0,19.0,1,0
0,0,0,0,17.0,2,0
0,0,0,0,10.0,1,0
0,0,0,0,10.0,1,0
0,0,0,0,2.0,1,0
0,0,0,0,8.5,2,0
0,0,0,0,9.0,1,0
0,0,0,0,7.0,1,0
0,0,0,0,2.0,1,0
0,0,0,0,9.0,1,0
0,0,0,0,11.0,1,0
0,0,0,0,8.0,1,0
0,0,0,0,8.0,1,0
0,0,0,0,14.0,1,0
0,0,0,0,17.0,1,0
0,0,0,0,8.0,1,0
0,0,0,0,2.0,1,0
0,0,0,0,9.0,1,0
0,0,0,0,10.0,1,0
0,0,0,0,14.0,1,0
0,0,0,0,2.0,1,0
0,0,0,0,11.0,1,0
0,0,0,0,14.0,1,0
0,0,0,0,14.5,2,0
0,0,0,0,4.0,1,0
0,0,0,0,10.0,1,0
0,0,0,0,15.0,1,0
0,0,0,0,17.0,1,0
0,0,0,0,9.0,1,0
0,0,0,0,11.75,4,0
0,0,0,0,10.0,1,0
0,0,0,0,11.0,1,0
0,0,0,0,12.0,1,0
0,0,0,0,7.0,1,0
0,0,0,0,9.0,1,0
0,0,0,0,14.0,1,0
0,0,0,0,7.0,1,0
0,0,0,0,11.0,1,0
0,0,0,0,18.0,1,0
0,0,0,0,10.0,3,0
0,0,0,0,11.0,3,0
0,0,0,0,0.0,1,0
0,0,0,0,12.0,1,0
0,0,0,0,0.5,2,0
0,0,0,0,9.5,2,0
0,0,0,0,10.0,1,0
0,0,0,0,12.75,7,0
0,0,0,0,12.0,2,0
0,0,0,0,8.0,1,0
0,0,0,0,0.0,1,0
0,2,0,0,5.333333333333333,2,0
0,0,0,0,18.0,1,0
0,0,0,0,8.0,1,0
0,0,0,0,10.0,1,0
0,0,0,0,9.0,1,0
0,0,0,0,7.0,1,0
0,0,0,0,8.0,1,0
0,0,0,0,14.0,1,0
0,0,0,0,10.0,1,0
0,0,0,0,13.0,1,0
0,0,0,0,22.0,1,0
0,0,0,0,11.0,1,0
0,0,0,0,21.0,1,0
0,0,0,0,13.0,1,0
0,0,0,0,22.0,1,0
0,0,0,0,19.0,1,0
0,0,0,0,3.0,1,0
0,0,0,0,10.0,1,0
0,0,0,0,14.0,1,0
0,0,0,0,8.0,1,0
0,0,0,0,8.0,1,0
0,0,0,0,10.0,1,0
0,0,0,0,8.0,1,0
0,0,0,0,7.0,1,0
0,0,0,0,14.0,1,0
0,0,0,0,19.0,1,0
0,0,0,0,0.0,1,0
0,0,0,0,8.0,1,0
0,0,0,0,14.0,1,0
0,0,0,0,9.0,1,0
0,0,0,0,16.0,1,0
0,0,0,0,1.0,1,0
0,0,0,0,7.0,1,0
0,0,0,0,16.0,1,0
0,0,0,0,20.0,1,0
0,0,0,0,15.0,1,0
0,0,0,0,21.0,1,0
0,0,0,0,23.0,1,0
0,0,0,0,10.0,1,0
0,0,0,0,22.0,1,0
0,0,0,0,16.0,1,0
0,0,0,0,12.0,1,0
0,0,0,0,15.0,1,0
0,0,0,0,8.0,1,0
0,0,0,0,17.0,1,0
0,0,0,0,10.0,1,0
0,0,0,0,6.0,1,0
0,0,0,0,4.0,1,0
0,0,0,0,15.0,1,0
0,0,0,0,8.0,1,0
0,0,0,0,21.0,1,0
0,0,0,0,15.0,1,0
0,0,0,0,13.0,1,0
0,0,0,1,12.0,1,0
0,0,0,0,12.0,1,0
0,0,0,0,11.0,1,0
0,0,0,0,4.0,1,0
0,0,0,0,23.0,1,0
0,0,0,0,9.0,2,0
0,0,0,0,3.0,1,0
0,0,0,0,14.0,1,0
0,0,0,0,21.0,1,0
0,0,0,0,7.0,1,0
0,0,0,0,3.0,1,0
0,0,0,0,17.0,1,0
0,0,0,0,10.0,1,0
0,0,0,0,4.0,1,0
0,0,0,0,0.0,1,0
0,0,0,0,1.0,1,0
0,0,0,0,15.0,1,0
0,0,0,0,13.0,1,0
0,0,0,0,20.0,1,0
0,0,0,0,1.0,1,0
0,0,0,0,16.0,1,0
0,0,0,0,16.0,1,0
0,0,0,0,10.0,1,0
0,0,0,0,20.0,1,0
0,0,0,0,8.0,1,0
0,0,0,0,13.0,1,0
0,0,0,0,22.0,1,0
0,0,0,0,15.0,1,0
0,0,0,0,0.0,1,0
0,0,0,0,0.0,1,0
0,0,0,0,2.0,1,0
0,0,0,0,6.0,1,0
0,0,0,0,9.0,1,0
0,0,0,0,5.0,1,0
0,0,0,0,8.0,1,0
0,0,0,0,8.0,1,0
0,0,0,0,10.0,1,0
0,0,0,0,13.0,1,0
0,0,0,0,17.0,1,0
0,0,0,0,17.0,1,0
0,0,0,0,23.0,1,0
0,0,0,0,14.0,1,0
0,0,0,0,22.0,1,0
0,0,0,0,1.0,1,0
0,0,0,0,22.0,1,0
0,0,0,0,3.0,1,0
0,0,0,0,22.0,1,0
0,0,0,0,1.0,1,0
0,0,0,0,21.0,1,0
0,0,0,0,13.0,1,0
0,0,0,0,0.0,1,0
0,0,0,0,12.0,1,0
0,0,0,0,4.0,1,0
0,0,0,0,1.0,1,0
0,0,0,0,22.0,1,0
0,0,0,0,23.0,1,0
0,0,0,0,21.0,1,0
0,0,0,0,0.0,1,0
0,0,0,0,6.0,1,0
0,0,0,0,9.0,1,0
0,0,0,0,14.0,1,0
0,0,0,0,0.0,1,0
0,0,0,0,22.0,1,0
0,0,0,0,0.0,1,0
0,0,0,0,23.0,1,0
0,0,0,0,8.0,1,0
0,0,0,0,7.0,1,0
0,0,0,0,7.0,1,0
0,0,0,0,23.0,1,0
0,0,0,0,20.0,1,0
0,0,0,0,8.0,1,0
0,0,0,0,7.0,1,0
0,0,0,0,23.0,1,0
0,0,0,0,17.0,1,0
0,0,0,0,14.0,1,0
0,0,0,0,16.0,1,0
0,0,0,0,21.0,1,0
0,0,0,0,2.0,1,0
0,0,0,0,17.0,1,0
0,0,0,0,15.0,1,0
0,0,0,0,18.0,1,0
0,0,0,0,7.0,1,0
0,0,0,0,1.0,1,0
0,0,0,0,9.0,1,0
0,0,0,0,17.0,1,0
0,0,0,0,23.0,1,0
0,0,0,0,8.0,1,0
0,0,0,0,13.0,1,0
0,0,0,0,11.0,1,0
0,0,0,0,16.0,2,0
0,0,0,0,12.0,1,0
0,0,0,0,7.0,1,0
0,0,0,0,7.0,3,0
0,0,0,0,23.0,1,0
0,0,0,0,14.0,2,0
0,0,0,0,21.0,1,0
0,0,0,0,9.0,1,0
0,0,0,0,22.0,1,0
0,0,0,0,9.0,1,0
0,0,0,0,9.0,1,0
0,0,0,0,18.0,1,0
0,0,0,0,7.0,1,0
0,0,0,0,18.0,1,0
0,0,0,3,13.0,1,0
0,0,0,0,19.0,1,0
0,0,0,0,11.5,2,0
0,0,0,0,22.0,1,0
0,0,0,0,2.0,1,0
0,0,0,0,2.0,1,0
0,0,0,0,4.0,1,0
0,0,0,0,0.0,1,0
0,0,0,0,22.0,1,0
0,0,0,0,18.5,2,0
0,0,0,0,22.0,1,0
0,0,0,0,1.3333333333333333,2,0
0,0,0,0,12.0,1,0
0,0,0,0,11.0,1,0
0,0,0,0,16.0,1,0
0,0,0,0,13.0,1,0
0,0,0,0,15.0,2,0
0,0,0,0,17.0,4,0
0,0,0,0,13.0,4,0
0,0,0,0,10.375,5,0
0,0,0,0,4.333333333333333,3,0
0,0,0,2,17.625,7,0
0,0,0,0,9.0,3,0
0,0,0,0,12.2,5,0
0,0,0,0,18.666666666666668,3,0
0,0,0,0,13.0,4,0
0,0,0,0,6.571428571428571,6,0
0,0,0,0,5.666666666666667,4,0
0,0,0,0,12.166666666666666,3,0
0,0,0,0,21.6,5,0
0,0,0,0,16.6,4,0
0,0,0,0,14.5,4,0
0,0,0,0,12.2,7,0
0,0,0,0,11.0,2,0
0,0,0,0,9.75,3,0
0,0,0,0,10.166666666666666,6,0
0,0,0,0,9.0,8,0
0,0,0,0,13.333333333333334,3,0
0,0,0,0,8.0,1,0
0,0,0,0,23.0,2,0
0,0,0,0,15.666666666666666,3,0
0,0,0,0,13.0,6,0
0,0,0,0,6.75,3,0
0,0,0,0,12.25,4,0
0,0,0,0,12.0,4,0
0,0,0,0,10.777777777777779,8,0
0,0,0,1,17.166666666666668,6,0
0,0,0,0,10.833333333333334,5,0
0,0,0,0,15.88888888888889,7,0
0,0,0,0,15.285714285714286,5,0
0,0,0,0,15.75,6,0
0,0,0,0,18.272727272727273,5,0
0,0,0,0,14.75,7,0
0,0,0,0,14.125,6,0
0,0,0,0,8.5,6,0
0,0,0,0,16.5,4,0
0,0,0,0,15.0,6,0
0,0,0,0,21.75,4,0
0,0,0,0,12.0,3,0
0,0,0,0,1.0,1,0
0,0,0,0,21.0,3,0
0,0,0,1,22.5,2,0
0,0,0,0,11.666666666666666,3,0
0,0,0,0,16.0,1,0
0,0,0,0,20.5,2,0
0,0,0,0,21.5,3,0
0,0,0,0,23.0,1,0
0,0,0,0,19.0,1,0
0,0,0,0,8.0,1,0
0,0,0,0,16.0,1,0
0,0,0,0,8.0,2,0
0,0,0,0,0.0,1,0
0,0,0,0,12.0,1,0
0,0,0,0,11.0,2,0
0,0,0,0,8.0,1,0
0,0,0,0,10.0,1,0
0,0,0,0,11.0,2,0
0,0,0,0,20.0,2,0
0,0,0,0,10.0,1,0
0,0,0,0,23.0,1,0
0,0,0,0,19.0,1,0
0,0,0,0,0.0,1,0
0,0,0,0,13.0,1,0
0,0,0,0,23.0,1,0
0,0,0,1,8.0,1,0
0,0,0,0,4.0,1,0
0,0,0,0,12.0,1,0
0,0,0,0,22.0,1,0
0,0,0,0,2.0,1,0
0,0,0,0,7.5,2,0
0,0,0,0,20.75,3,0
0,0,0,0,15.0,1,0
0,0,0,0,16.9,11,1
0,0,0,0,13.214285714285714,14,1
0,0,0,0,12.857142857142858,15,1
0,0,0,0,10.153846153846153,18,1
0,0,0,2,15.173913043478262,14,1
0,0,0,0,13.0,11,1
0,0,0,1,11.0,8,0
0,0,0,2,11.047619047619047,14,1
0,0,0,0,11.608695652173912,15,1
0,0,0,0,13.285714285714286,21,1
0,0,0,0,9.225,26,1
0,0,0,0,11.6,12,1
0,0,0,1,10.714285714285714,11,1
0,0,0,0,15.25,11,1
0,0,0,0,12.266666666666667,11,1
0,0,0,0,11.0,13,1
0,0,0,0,12.0,18,1
0,0,0,0,13.25,10,1
0,0,0,0,14.555555555555555,9,0
0,0,0,0,13.0,6,0
0,0,0,0,11.923076923076923,12,1
0,0,0,0,10.461538461538462,12,1
0,0,0,0,9.0,2,0
0,0,0,0,16.6,5,0
0,0,0,0,15.444444444444445,5,0
0,0,0,0,14.75,3,0
0,0,0,0,20.0,1,0
0,0,0,0,14.0,1,0
0,0,0,0,13.0,1,0
0,0,0,0,14.0,1,0
0,0,0,0,11.0,1,0
0,0,0,0,8.5,2,0
0,0,0,0,13.75,3,0
0,0,0,0,14.0,4,0
0,0,0,0,12.333333333333334,3,0
0,0,0,0,12.833333333333334,3,0
0,0,0,0,7.5,5,0
0,0,0,0,15.8,5,0
0,0,0,0,12.0,3,0
0,0,0,0,17.0,4,0
0,0,0,0,11.857142857142858,4,0
0,0,0,0,14.6,5,0
0,0,0,1,11.625,9,1
0,0,0,0,9.8,5,0
0,0,0,0,12.538461538461538,9,1
0,0,0,0,12.0,7,0
0,0,0,0,14.0,2,0
0,0,0,0,11.0,2,0
0,0,0,0,12.142857142857142,4,0
0,0,0,0,13.0,8,1
0,0,0,0,9.555555555555555,9,0
0,0,0,0,9.75,3,0
0,0,0,0,22.0,1,0
0,0,0,0,2.0,1,0
0,0,0,0,22.0,1,0
0,0,0,0,0.0,1,0
0,0,0,0,13.0,1,0
0,0,0,0,22.0,1,0
0,0,0,0,13.0,1,0
0,0,0,0,1.0,1,0
0,0,0,0,6.0,1,0
0,0,0,0,8.0,1,0
0,0,0,0,7.0,1,0
0,0,0,0,22.0,1,0
0,0,0,0,7.0,1,0
0,0,0,0,18.0,1,0
0,0,0,0,0.0,1,0
0,0,0,0,12.0,1,0
0,0,0,0,23.0,1,0
0,0,0,0,23.0,1,0
0,0,0,0,1.0,1,0
0,0,0,0,7.0,2,0
0,0,0,0,4.0,1,0
0,0,0,0,13.0,1,0
0,0,0,0,15.0,1,0
0,0,0,0,22.0,1,0
0,0,0,0,18.0,1,0
0,0,0,0,10.0,1,0
0,0,0,1,18.0,1,0
0,0,0,0,8.0,1,0
0,0,0,0,14.0,1,0
0,0,0,0,17.333333333333332,3,0
0,0,0,0,13.0,1,0
0,0,0,0,14.0,3,0
0,0,0,0,8.0,2,0
0,0,0,0,11.5,2,0
0,0,0,0,5.5,3,0
0,0,0,0,14.0,1,0
0,0,0,0,14.0,1,0
0,0,0,0,15.0,1,0
0,0,0,0,16.0,1,0
0,0,0,0,9.0,1,0
0,0,0,0,16.0,1,0
0,0,0,0,9.0,1,0
0,0,0,0,8.0,1,0
0,0,0,0,11.0,2,0
0,0,0,0,12.0,1,0
0,0,0,0,17.0,1,0
0,0,0,0,3.0,1,0
0,0,0,0,15.0,1,0
0,0,0,0,8.0,4,0
0,0,0,0,18.0,1,0
0,0,0,0,14.5,2,0
0,0,0,0,2.0,1,0
0,0,0,0,12.5,4,0
0,0,0,0,12.0,7,0
0,0,0,0,15.0,9,0
0,0,0,0,13.238095238095237,18,1
0,0,0,3,10.294117647058824,14,1
0,0,0,0,13.736842105263158,17,1
0,0,0,0,14.428571428571429,13,1
0,0,0,1,16.333333333333332,14,1
0,0,0,0,13.833333333333334,10,1
0,0,0,0,13.722222222222221,17,1
0,0,0,0,11.88888888888889,14,1
0,0,0,0,11.318181818181818,19,1
0,0,0,0,12.263157894736842,18,1
0,0,0,0,14.571428571428571,16,1
0,0,0,0,11.5,17,1
0,0,0,0,12.75,18,1
0,0,0,0,11.0,12,1
0,0,0,0,15.263157894736842,29,1
0,0,0,4,9.516129032258064,23,1
0,0,0,0,9.32,20,1
0,0,0,0,11.25,6,0
0,0,0,0,10.933333333333334,13,1
0,0,0,0,9.666666666666666,3,0
0,0,0,0,7.0,1,0
0,0,0,0,20.166666666666668,4,0
0,0,0,0,10.0,1,0
0,0,0,0,16.0,1,0
0,0,0,0,18.6,3,0
0,0,0,2,17.0,6,0
0,0,0,0,16.2,4,0
0,0,0,0,11.538461538461538,10,1
0,0,0,0,13.588235294117647,11,1
0,0,0,0,9.142857142857142,20,1
0,0,0,0,15.055555555555555,12,1
0,0,0,0,17.142857142857142,18,1
0,0,0,0,15.64,19,1
0,0,0,0,11.75,13,1
0,0,0,2,18.647058823529413,13,1
0,0,0,0,12.03448275862069,17,1
0,0,0,0,10.545454545454545,15,1
0,0,0,0,18.1,9,0
0,0,0,0,12.5625,12,1
0,0,0,0,16.642857142857142,12,1
0,0,0,0,14.090909090909092,11,0
0,0,0,0,12.466666666666667,12,1
0,0,0,0,9.916666666666666,11,1
0,0,0,1,11.285714285714286,15,1
0,0,0,0,13.558823529411764,21,1
0,0,0,0,11.5,17,1
0,0,0,0,8.058823529411764,15,1
0,0,0,0,11.333333333333334,10,1
0,0,0,0,10.5,2,0
0,0,0,0,18.0,1,0
0,0,0,0,16.0,1,0
0,0,0,0,10.0,1,0
0,0,0,0,16.0,1,0
0,0,0,0,21.0,1,0
0,0,0,0,6.333333333333333,3,0
0,0,0,0,0.0,1,0
0,0,0,0,11.0,1,0
0,0,0,0,10.0,1,0
0,0,0,0,12.0,2,0
0,0,0,0,0.0,1,0
0,0,0,0,23.0,1,0
0,0,0,0,14.0,1,0
0,0,0,0,10.0,2,0
0,0,0,0,20.0,1,0
0,0,0,0,15.0,1,0
0,0,0,0,16.0,1,0
0,0,0,0,4.0,1,0
0,0,0,0,11.25,3,0
0,0,0,0,12.0,3,0
0,0,0,0,21.0,1,0
0,0,0,0,16.0,1,0
0,0,0,0,22.0,1,0
0,0,0,0,21.0,1,0
0,0,0,0,19.0,1,0
0,0,0,0,0.0,1,0
0,0,0,0,7.0,2,0
0,0,0,0,1.0,1,0
0,0,0,0,20.0,1,0
0,0,0,0,10.0,1,0
0,0,0,0,23.0,1,0
0,0,0,1,7.0,1,0
0,0,0,0,22.0,2,0
0,0,0,0,23.0,1,0
0,0,0,0,17.0,1,0
0,0,0,0,20.0,1,0
0,0,0,0,4.0,1,0
0,0,0,0,19.0,1,0
0,0,0,0,11.0,1,0
0,0,0,0,19.0,1,0
0,0,0,0,18.0,1,0
0,0,0,0,17.0,1,0
0,0,0,0,23.0,1,0
0,0,0,0,22.0,1,0
0,0,0,0,15.0,2,0
0,0,0,0,14.5,4,0
0,0,0,2,10.055555555555555,11,1
0,0,0,2,11.133333333333333,11,1
0,0,0,0,10.538461538461538,21,1
0,0,0,0,15.642857142857142,20,1
0,0,0,0,8.264705882352942,22,1
0,0,0,0,12.923076923076923,33,1
0,0,0,1,13.725806451612904,52,1
0,0,0,2,9.23076923076923,37,1
0,0,0,2,12.554054054054054,53,1
0,0,0,3,9.196078431372548,38,1
0,0,0,1,11.507042253521126,48,1
0,0,0,2,10.39240506329114,56,1
0,0,0,0,12.685714285714285,53,1
0,0,0,1,13.791666666666666,42,1
0,0,0,3,11.4,31,1
0,0,0,1,12.833333333333334,52,1
0,0,0,0,9.934426229508198,47,1
0,0,0,0,10.56140350877193,42,1
0,0,0,0,12.5,50,1
0,0,0,0,9.125,26,1
0,0,0,6,12.9375,71,1
0,0,0,0,11.828125,49,1
0,0,0,0,11.764705882352942,58,1
0,0,0,0,12.555555555555555,40,1
0,0,0,0,12.366666666666667,27,1
0,0,0,1,9.470588235294118,12,1
0,0,0,0,1.0,1,0
0,0,0,0,9.0,1,0
0,0,0,0,13.0,1,0
0,0,0,0,13.0,1,0
0,0,0,0,8.0,1,0
0,0,0,0,11.0,1,0
0,0,0,0,10.0,1,0
0,0,0,0,14.0,1,0
0,0,0,0,11.0,1,0
0,0,0,0,8.0,1,0
0,0,0,0,1.0,1,0
0,0,0,0,10.0,1,0
0,0,0,0,14.0,1,0
0,0,0,0,16.0,1,0
0,0,0,0,19.0,1,0
0,0,0,0,23.0,1,0
0,0,0,0,8.0,1,0
0,0,0,0,17.0,1,0
0,0,0,0,22.0,1,0
0,0,0,0,7.0,1,0
0,0,0,0,6.0,1,0
0,0,0,0,1.0,1,0
0,0,0,0,6.0,1,0
0,0,0,0,8.0,1,0
0,0,0,0,7.0,1,0
0,0,0,0,20.0,1,0
0,0,0,0,23.0,1,0
0,0,0,0,21.0,2,0
0,0,0,0,22.0,1,0
0,0,0,0,11.2,4,0
0,0,0,0,19.0,2,0
0,0,0,0,19.666666666666668,2,0
0,0,0,0,21.0,1,0
0,0,0,0,11.666666666666666,3,0
0,0,0,0,15.0,3,0
0,0,0,0,13.0,1,0
0,0,0,0,8.0,1,0
0,0,0,2,10.0,1,0
0,0,0,0,13.0,1,0
0,0,0,0,12.0,1,0
0,0,0,0,1.0,1,0
0,0,0,0,12.0,1,0
0,0,0,0,20.0,1,0
0,0,0,0,22.0,1,0
0,0,0,0,4.0,1,0
0,0,0,0,8.0,1,0
0,0,0,0,16.0,1,0
0,0,0,0,22.0,1,0
0,0,0,0,0.0,1,0
0,0,0,0,22.0,1,0
0,0,0,0,0.0,1,0
0,0,0,0,17.0,1,0
0,0,0,0,22.0,1,0
0,0,0,0,1.3333333333333333,2,0
0,0,0,0,21.0,2,0
0,0,0,0,23.0,1,0
0,0,0,0,20.0,1,0
0,0,0,0,21.0,1,0
0,0,0,0,1.0,1,0
0,0,0,0,22.0,1,0
0,0,0,0,18.166666666666668,3,0
0,0,0,0,21.0,1,0
0,0,0,0,0.0,1,0
0,0,0,0,0.0,1,0
0,0,0,0,20.0,1,0
0,0,0,0,19.22222222222222,5,0
0,0,0,0,22.0,1,0
0,0,0,0,1.0,1,0
0,0,0,0,23.0,1,0
0,0,0,0,14.333333333333334,3,0
0,0,0,0,17.0,1,0
0,0,0,0,11.0,1,0
0,0,0,0,6.0,2,0
0,0,0,0,13.0,1,0
0,0,0,0,8.0,1,0
0,0,0,0,10.0,1,0
0,0,0,0,18.0,1,0
0,0,0,0,19.0,2,0
0,0,0,0,8.666666666666666,2,0
0,0,0,0,6.0,2,0
0,0,0,0,16.0,1,0
0,0,0,0,18.333333333333332,2,0
0,0,0,0,10.0,1,0
0,0,0,0,22.0,1,0
0,0,0,0,14.0,1,0
0,0,0,0,14.0,1,0
0,0,0,0,13.0,1,0
0,0,0,0,6.5,2,0
0,0,0,0,13.0,1,0
0,0,0,0,13.0,1,0
0,0,0,0,14.0,2,0
0,0,0,0,12.0,1,0
0,0,0,0,10.0,1,0
0,0,0,0,6.0,1,0
0,0,0,0,7.0,1,0
0,0,0,0,11.0,1,0
0,0,0,0,8.0,1,0
0,0,0,0,23.0,1,0
0,0,0,0,14.75,3,0
0,0,0,0,9.0,1,0
0,0,0,0,15.0,2,0
0,0,0,0,15.0,2,0
0,0,0,0,16.0,2,0
0,0,0,0,17.5,2,0
0,0,0,0,18.0,1,0
0,0,0,0,6.0,1,0
0,0,0,0,17.0,1,0
0,0,0,0,13.0,3,0
0,0,0,0,12.333333333333334,3,0
0,0,0,0,13.666666666666666,2,0
0,0,0,0,8.0,1,0
0,0,0,0,21.0,1,0
0,0,0,0,19.0,1,0
0,0,0,0,8.166666666666666,5,0
0,0,0,0,10.0,1,0
0,0,0,0,16.333333333333332,2,0
0,0,0,1,15.0,3,0
0,0,0,0,13.0,1,0
0,0,0,0,13.0,5,0
0,0,0,0,12.0,2,0
0,0,0,0,8.0,1,0
0,0,0,0,5.166666666666667,4,0
0,0,0,0,10.666666666666666,2,0
0,0,0,0,10.0,2,0
0,0,0,0,9.0,1,0
0,0,0,0,9.0,2,0
0,0,0,0,17.0,1,0
0,0,0,0,8.5,4,0
0,0,0,0,11.0,1,0
0,0,0,0,15.0,2,0
0,0,0,0,12.875,5,0
0,0,0,0,17.0,1,0
0,0,0,0,17.25,3,0
0,0,0,0,16.4,3,0
0,0,0,0,15.333333333333334,3,0
0,0,0,0,14.0,3,0
0,0,0,0,11.833333333333334,5,0
0,0,0,0,10.375,5,0
0,0,0,0,14.166666666666666,4,0
0,0,0,0,10.75,4,0
0,0,0,0,16.666666666666668,3,0
0,0,0,6,16.875,3,0
0,0,0,0,4.2,5,0
0,0,0,1,14.375,7,0
0,0,0,0,2.5,3,0
0,0,0,0,9.2,3,0
0,0,0,0,17.5,4,0
0,0,0,0,10.428571428571429,5,0
0,0,0,0,7.0,2,0
0,0,0,0,2.0,1,0
0,0,0,0,18.0,1,0
0,0,0,0,16.0,1,0
0,0,0,0,10.0,1,0
0,0,0,0,16.333333333333332,2,0
0,0,0,0,20.0,1,0
0,0,0,0,17.0,1,0
0,0,0,0,6.0,1,0
0,0,0,0,12.0,2,0
0,0,0,0,10.0,1,0
0,0,0,0,14.0,1,0
0,0,0,0,0.0,1,0
0,0,0,0,7.0,1,0
0,0,0,0,11.0,1,0
0,0,0,0,14.0,1,0
0,0,0,0,18.0,1,0
0,0,0,0,1.0,1,0
0,0,0,0,0.0,1,0
0,0,0,0,16.0,1,0
0,0,0,0,19.0,1,0
0,0,0,0,18.0,1,0
0,0,0,0,20.75,2,0
0,0,0,0,8.0,1,0
0,0,0,1,19.0,1,0
0,0,0,0,16.0,1,0
0,0,0,0,10.666666666666666,3,0
0,0,0,0,11.8,4,0
0,0,0,2,15.46875,21,1
0,0,0,2,13.983050847457626,39,1
0,0,0,1,14.831325301204819,64,1
0,0,0,1,12.19047619047619,75,1
0,0,0,8,13.381642512077295,154,1
0,0,0,12,14.83030303030303,114,1
0,0,0,6,12.702325581395348,151,1
0,0,0,8,13.733576642335766,200,1
0,0,0,12,13.917355371900827,278,1
0,0,2,23,13.12,275,1
0,3,0,24,13.26930693069307,367,1
0,0,0,11,12.751693002257337,335,1
0,0,0,14,13.231132075471699,334,1
0,4,0,10,12.991694352159469,439,1
0,1,0,20,13.132530120481928,433,1
0,0,0,6,13.981981981981981,348,1
0,0,0,5,12.643243243243242,283,1
0,0,0,13,12.469635627530364,386,1
0,0,0,10,12.990530303030303,396,1
0,1,0,12,12.4642166344294,409,1
0,0,0,9,12.185567010309278,368,1
0,0,0,23,12.576441102756892,295,1
0,1,0,6,12.433206106870228,411,1
0,1,0,9,12.423728813559322,311,1
0,0,0,5,12.56043956043956,361,1
0,0,0,2,13.128617363344052,248,1
0,12,0,14,12.05668016194332,175,1
0,0,0,0,13.968,99,1
0,0,0,0,12.777777777777779,8,0
0,0,0,0,21.0,1,0
0,0,0,0,8.0,1,0
0,0,0,0,9.0,1,0
0,0,0,0,22.0,1,0
0,0,0,0,21.0,1,0
0,0,0,0,7.0,1,0
0,0,0,0,13.0,1,0
0,0,0,0,14.0,1,0
0,0,0,0,17.0,1,0
0,0,0,0,1.0,1,0
0,0,0,0,19.0,2,0
0,0,0,0,2.0,1,0
0,0,0,0,23.0,1,0
0,0,0,0,16.0,1,0
0,0,0,0,14.0,1,0
0,0,0,0,14.0,1,0
0,0,0,0,0.0,1,0
0,0,0,0,15.0,1,0
0,0,0,0,10.5,2,0
0,0,0,0,21.0,2,0
0,0,0,0,1.0,1,0
0,0,0,0,1.0,1,0
0,0,0,0,20.0,1,0
0,0,0,0,20.0,1,0
0,0,0,0,17.0,1,0
0,0,0,0,6.0,1,0
0,0,0,0,8.0,1,0
0,0,0,0,9.0,2,0
0,0,0,0,10.5,2,0
0,0,0,0,13.5,2,0
0,0,0,0,19.0,1,0
0,0,0,0,8.0,1,0
0,0,0,0,7.0,3,0
0,0,0,0,11.333333333333334,2,0
0,0,0,0,8.0,1,0
0,0,0,0,13.666666666666666,3,0
0,0,0,0,6.5,2,0
0,0,0,0,9.0,4,0
0,0,0,0,12.5,2,0
0,0,0,0,11.0,1,0
0,0,0,0,8.333333333333334,3,0
0,0,0,0,11.0,1,0
0,0,0,0,11.4,5,0
0,0,0,0,11.0,4,0
0,0,0,0,6.0,1,0
0,0,0,0,9.0,1,0
0,0,0,0,18.0,1,0
0,0,0,0,0.0,1,0
0,0,0,0,2.0,1,0
0,0,0,0,3.0,1,0
0,0,0,0,22.0,1,0
0,0,0,0,14.0,1,0
0,0,0,0,15.0,1,0
0,0,0,0,11.0,1,0
0,0,0,0,10.0,2,0
0,0,0,0,6.0,1,0
0,0,0,0,18.0,2,0
0,0,0,0,20.0,1,0
0,0,0,0,8.0,1,0
0,0,0,0,23.0,1,0
0,0,0,0,22.0,1,0
0,0,0,0,2.0,1,0
0,0,0,0,1.0,1,0
0,0,0,0,22.0,1,0
0,0,0,0,23.0,1,0
0,0,0,0,16.0,1,0
0,0,0,0,5.0,1,0
0,0,0,0,12.0,1,0
0,0,0,0,21.0,1,0
0,0,0,0,1.0,1,0
0,0,0,0,13.0,1,0
0,0,0,0,8.0,1,0
0,0,0,0,9.0,1,0
0,0,0,0,2.0,1,0
0,0,0,0,0.0,1,0
0,0,0,0,1.0,1,0
0,0,0,0,15.0,2,0
0,0,0,0,23.0,1,0
0,0,0,0,16.0,1,0
0,0,0,0,0.0,1,0
0,0,0,0,17.0,1,0
0,0,0,0,12.0,1,0
0,0,0,0,23.0,1,0
0,0,0,0,16.0,1,0
0,0,0,0,19.0,1,0
0,0,0,0,19.0,1,0
0,0,0,0,16.0,1,0
0,0,0,0,14.5,2,0
0,0,0,0,19.0,1,0
0,0,0,3,11.2,2,0
0,0,0,0,13.0,3,0
0,0,0,0,23.0,1,0
0,0,0,0,1.0,1,0
0,0,0,0,17.0,1,0
0,0,0,0,16.0,1,0
0,0,0,0,15.0,1,0
0,0,0,0,1.0,1,0
0,0,0,0,16.0,3,0
0,0,0,0,5.0,1,0
0,0,0,0,18.666666666666668,2,0
0,0,0,0,10.0,1,0
0,0,0,0,16.6,2,0
0,0,0,0,10.0,1,0
0,0,0,0,17.0,1,0
0,0,0,0,21.0,1,0
0,0,0,0,12.0,1,0
0,0,0,0,15.0,1,0
0,0,0,0,17.0,1,0
0,0,0,0,8.0,1,0
0,0,0,0,7.0,1,0
0,0,0,0,18.0,1,0
0,0,0,0,8.0,1,0
0,0,0,0,8.0,1,0
0,0,0,0,3.0,1,0
0,0,0,0,12.0,1,0
0,0,0,0,22.0,1,0
0,0,0,0,11.0,1,0
0,0,0,0,8.0,1,0
0,0,0,0,8.0,1,0
0,0,0,0,9.0,1,0
0,0,0,0,8.0,1,0
0,0,0,0,8.0,1,0
0,0,0,0,8.0,1,0
0,0,0,0,1.0,1,0
0,0,0,0,17.0,1,0
0,0,0,0,14.5,2,0
0,0,0,0,22.0,1,0
0,0,0,0,16.0,1,0
0,0,0,0,21.0,1,0
0,0,0,0,17.0,1,0
0,0,0,0,14.0,1,0
0,0,0,0,17.0,1,0
0,0,0,0,11.0,1,0
0,0,0,0,20.0,1,0
0,0,0,0,17.0,1,0
0,0,0,0,3.0,1,0
0,0,0,0,3.5,2,0
0,0,0,0,4.0,1,0
0,0,0,0,8.0,1,0
0,0,0,0,10.0,1,0
0,0,0,0,21.0,1,0
0,0,0,0,20.0,1,0
0,0,0,0,20.0,1,0
0,0,0,0,0.0,1,0
0,0,0,0,22.0,1,0
0,0,0,0,14.0,1,0
0,0,0,0,0.0,1,0
0,0,0,0,0.0,1,0
0,0,0,0,9.0,2,0
0,0,0,0,22.0,1,0
0,0,0,0,22.0,1,0
0,0,0,1,18.0,3,0
0,0,0,0,23.0,1,0
0,0,0,0,23.0,1,0
0,0,0,0,0.0,1,0
0,0,0,0,23.0,2,0
0,0,0,0,22.0,3,0
0,0,0,0,13.6,2,0
0,0,0,0,0.0,1,0
0,0,0,0,22.0,1,0
0,0,0,0,23.0,1,0
0,0,0,0,16.0,2,0
0,0,0,0,6.0,1,0
0,0,0,0,11.0,1,0
0,0,0,0,21.0,1,0
0,0,0,0,22.0,1,0
0,0,0,0,22.0,1,0
0,0,0,0,9.0,1,0
0,0,0,0,3.0,1,0
0,0,0,8,0.0,1,0
0,0,0,0,16.0,1,0
0,0,0,0,16.5,2,0
0,0,0,0,2.6666666666666665,2,0
0,0,0,0,21.5,2,0
0,0,0,0,18.0,1,0
0,0,0,0,17.0,1,0
0,0,0,0,13.0,1,0
0,0,0,0,10.0,1,0
0,0,0,0,19.0,2,0
0,0,0,0,1.0,1,0
0,0,0,0,19.0,1,0
0,0,0,0,9.0,1,0
0,0,0,0,3.0,1,0
0,0,0,0,7.0,1,0
0,0,0,0,19.0,1,0
0,0,0,0,19.0,1,0
0,0,0,0,17.0,1,0
0,0,0,0,19.0,1,0
0,0,0,0,11.0,3,0
0,0,0,0,12.666666666666666,3,0
0,0,0,0,18.0,1,0
0,0,0,0,17.0,1,0
0,0,0,0,11.333333333333334,2,0
0,0,0,0,15.0,5,0
0,0,0,0,0.0,1,0
0,0,0,0,11.0,1,0
0,0,0,0,16.0,1,0
0,0,0,0,16.0,1,0
0,0,0,0,1.0,1,0
0,0,0,0,8.0,1,0
0,0,0,0,14.0,1,0
0,0,0,0,19.0,1,0
0,0,0,0,8.0,1,0
0,0,0,0,3.0,1,0
0,0,0,0,23.0,1,0
0,0,0,0,8.5,2,0
0,0,0,0,8.0,1,0
0,0,0,0,11.0,1,0
0,0,0,0,5.0,1,0
0,0,0,0,5.0,2,0
0,0,0,0,15.0,1,0
0,0,0,0,18.0,2,0
0,0,0,0,10.0,1,0
0,0,0,0,10.0,1,0
0,0,0,0,23.0,1,0
0,0,0,0,1.0,2,0
0,0,0,0,13.5,2,0
0,0,0,1,8.4,3,0
0,0,0,0,0.0,1,0
0,0,0,0,22.0,1,0
0,0,0,0,12.833333333333334,4,0
0,0,0,0,5.285714285714286,4,0
0,0,0,0,17.0,2,0
0,0,0,0,10.75,4,0
0,0,0,0,15.5,3,0
0,0,0,0,19.0,1,0
0,0,0,0,5.3,4,0
0,0,0,0,14.714285714285714,7,0
0,0,0,0,13.2,4,0
0,0,0,0,3.5,3,0
0,0,0,0,5.25,3,0
0,0,0,0,18.5,2,0
0,0,0,0,10.0,1,0
0,0,0,0,12.0,1,0
0,0,0,0,15.333333333333334,2,0
0,0,0,0,13.666666666666666,3,0
0,0,0,0,14.333333333333334,2,0
0,0,0,0,15.0,1,0
0,0,0,0,2.0,1,0
0,0,0,0,15.0,1,0
0,0,0,0,14.5,2,0
0,0,0,0,16.4,5,0
0,0,0,0,16.666666666666668,3,0
0,0,0,0,14.0,6,0
0,0,0,0,10.0,4,0
0,0,0,0,0.0,1,0
0,0,0,1,11.6,5,0
0,0,0,0,15.142857142857142,5,0
0,0,0,0,0.0,1,0
0,0,0,0,3.0,1,0
0,0,0,0,10.0,1,0
0,0,0,0,23.0,1,0
0,0,0,0,22.0,1,0
0,0,0,0,5.2,2,0
0,0,0,0,13.0,1,0
0,0,0,0,22.0,1,0
0,0,0,0,23.0,1,0
0,0,0,0,23.0,1,0
0,0,0,0,21.0,1,0
0,0,0,0,10.5,2,0
0,0,0,0,0.5,2,0
0,0,0,0,17.0,1,0
0,0,0,0,20.0,1,0
0,0,0,0,19.0,1,0
0,0,0,0,21.0,1,0
0,0,0,0,1.0,1,0
0,0,0,0,5.833333333333333,3,0
0,0,0,0,16.0,1,0
0,0,0,0,19.0,1,0
0,0,0,0,4.0,1,0
0,0,0,0,7.0,1,0
0,0,0,0,18.666666666666668,2,0
0,0,0,0,15.5,4,0
0,0,0,0,17.0,1,0
0,0,0,0,15.5,2,0
0,0,0,0,15.75,3,0
0,0,0,0,0.6666666666666666,2,0
0,0,0,0,22.0,1,0
0,0,0,0,2.0,1,0
0,0,0,0,7.8,4,0
0,0,0,1,8.5,2,0
0,0,0,0,3.0,1,0
0,0,0,0,2.0,1,0
0,0,0,0,6.0,1,0
0,0,0,0,11.0,1,0
0,0,0,0,1.0,1,0
0,0,0,0,8.0,2,0
0,0,0,0,21.0,1,0
0,0,0,0,16.5,2,0
0,0,0,0,6.0,1,0
0,0,0,0,14.0,1,0
0,0,0,0,1.0,1,0
0,0,0,0,18.77777777777778,6,0
0,0,0,0,15.9,9,0
0,0,0,0,16.23076923076923,17,1
0,0,0,0,13.333333333333334,23,1
0,5,0,5,13.542553191489361,59,1
0,0,0,3,14.652631578947368,70,1
0,0,0,14,13.306358381502891,114,1
0,0,0,7,12.69260700389105,180,1
0,0,0,7,13.30566037735849,197,1
0,0,0,18,13.64756446991404,241,1
0,2,0,24,12.40547263681592,261,1
0,3,0,18,12.03010033444816,217,1
0,4,0,15,13.601609657947686,338,1
0,0,0,16,13.213270142180095,316,1
0,0,0,9,13.136069114470843,344,1
0,0,0,8,13.472813238770685,326,1
0,0,0,17,13.91542288557214,311,1
0,0,0,7,12.633074935400517,288,1
0,0,0,12,12.50561797752809,327,1
0,0,0,19,12.668789808917197,354,1
0,2,0,3,13.12061403508772,359,1
0,0,0,7,12.524027459954233,341,1
0,2,0,7,12.368131868131869,279,1
0,0,0,10,12.62809917355372,178,1
0,0,0,6,13.012841091492778,509,1
0,0,0,20,13.177570093457945,404,1
0,0,0,3,12.708206686930092,271,1
0,0,0,5,12.143250688705233,289,1
0,0,0,2,11.783464566929133,188,1
0,0,0,1,12.476190476190476,81,1
0,0,0,0,16.4,8,0
0,0,0,0,0.0,1,0
0,0,0,0,20.0,1,0
0,0,0,0,17.0,1,0
0,0,0,0,23.0,1,0
0,0,0,0,19.0,1,0
0,0,0,0,8.0,1,0
0,0,0,0,22.0,1,0
0,0,0,0,20.0,1,0
0,0,0,0,19.0,1,0
0,0,0,0,10.0,1,0
0,0,0,0,18.0,1,0
0,0,0,0,10.0,1,0
0,0,0,0,14.0,1,0
0,0,0,0,22.0,1,0
0,0,0,0,19.5,2,0
0,0,0,0,18.5,2,0
0,0,0,0,22.0,1,0
0,0,0,0,2.5,2,0
0,0,0,0,23.0,1,0
0,0,0,0,9.0,1,0
0,0,0,0,12.0,1,0
0,0,0,0,21.0,1,0
0,0,0,0,19.0,1,0
0,0,0,0,19.5,2,0
0,0,0,0,14.0,1,0
0,0,0,0,19.666666666666668,2,0
0,0,0,0,12.666666666666666,3,0
0,0,0,0,1.0,1,0
0,0,0,0,14.0,1,0
0,0,0,0,16.0,1,0
0,0,0,0,6.0,1,0
0,0,0,0,23.0,1,0
0,0,0,0,17.0,1,0
0,0,0,0,22.0,1,0
0,0,0,0,18.0,1,0
0,0,0,0,23.0,1,0
0,0,0,0,10.0,1,0
0,0,0,0,17.0,1,0
0,0,0,0,21.0,1,0
0,0,0,0,1.0,1,0
0,0,0,0,17.0,1,0
0,0,0,0,16.0,1,0
0,0,0,0,15.0,1,0
0,0,0,0,11.0,1,0
0,0,0,4,2.0,1,0
0,0,0,0,22.0,1,0
0,0,0,0,19.5,2,0
0,0,0,0,9.0,1,0
0,0,0,0,21.0,1,0
0,0,0,0,23.0,1,0
0,0,0,0,23.0,1,0
0,0,0,0,1.0,1,0
0,0,0,0,16.0,1,0
0,0,0,0,0.0,1,0
0,0,0,0,22.0,1,0
0,0,0,0,14.0,1,0
0,0,0,0,16.5,2,0
0,0,0,0,7.0,1,0
0,0,0,0,9.0,1,0
0,0,0,0,8.0,1,0
0,0,0,0,17.0,1,0
0,0,0,0,23.0,1,0
0,0,0,0,22.0,1,0
0,0,0,0,21.0,1,0
0,0,0,0,11.0,2,0
0,0,0,0,11.0,3,0
0,0,0,0,3.0,1,0
0,0,0,0,2.0,1,0
0,0,0,0,23.0,1,0
0,0,0,0,10.0,1,0
0,0,0,0,3.5,2,0
0,0,0,0,15.0,1,0
0,0,0,0,12.5,2,0
0,0,0,0,20.0,1,0
0,0,0,0,21.0,1,0
0,0,0,0,10.833333333333334,4,0
0,0,0,0,13.0,1,0
0,0,0,0,6.0,2,0
0,0,0,0,19.0,1,0
0,0,0,0,7.0,1,0
0,0,0,0,22.0,1,0
0,0,0,0,14.0,1,0
0,0,0,0,21.0,1,0
0,0,0,0,0.0,1,0
0,0,0,0,19.0,1,0
0,0,0,0,10.0,1,0
0,0,0,0,9.0,1,0
0,0,0,0,10.0,1,0
0,0,0,0,9.0,1,0
0,0,0,0,3.0,1,0
0,0,0,0,20.0,1,0
0,0,0,0,23.0,1,0
0,0,0,0,16.0,1,0
0,0,0,0,19.0,6,0
0,0,0,0,10.88888888888889,6,0
0,0,0,0,9.8,4,0
0,0,0,0,11.4,5,0
0,0,0,2,12.6,7,0
0,0,0,0,16.428571428571427,6,0
0,0,0,0,12.863636363636363,17,1
0,0,0,0,16.875,21,1
0,0,0,1,15.588235294117647,16,1
0,1,0,1,12.384615384615385,10,1
0,0,1,0,13.136363636363637,17,1
0,0,0,0,14.9375,23,1
0,0,0,0,14.944444444444445,16,1
0,0,0,1,11.962962962962964,25,1
0,0,0,0,14.567567567567568,29,1
0,0,0,0,14.72,22,1
0,0,0,1,13.6,18,1
0,0,0,0,11.03448275862069,23,1
0,0,0,1,18.80952380952381,14,1
0,0,0,0,17.32,19,1
0,0,0,0,15.142857142857142,4,0
0,0,0,0,0.0,1,0
0,0,0,1,17.571428571428573,4,0
0,0,0,0,20.0,1,0
0,0,0,0,12.0,1,0
0,0,0,0,22.0,1,0
0,0,0,0,1.0,1,0
0,0,0,0,8.0,1,0
0,0,0,0,0.0,1,0
0,0,0,0,23.0,1,0
0,0,0,0,18.0,1,0
0,0,0,0,9.0,1,0
0,0,0,0,9.0,1,0
0,0,0,0,1.0,1,0
0,0,0,0,12.0,1,0
0,0,0,0,21.0,1,0
0,0,0,0,20.0,1,0
0,0,0,0,15.0,1,0
0,0,0,0,9.0,1,0
0,0,0,0,0.0,1,0
0,0,0,0,14.0,2,0
0,0,0,0,21.0,1,0
0,0,0,0,15.0,1,0
0,0,0,0,14.733333333333333,22,1
0,0,0,0,12.125,7,0
0,0,0,0,14.470588235294118,14,1
0,0,0,0,12.545454545454545,9,0
0,0,0,0,9.666666666666666,3,0
0,0,0,0,8.4,5,0
0,0,0,0,8.0,1,0
0,0,0,0,23.0,1,0
0,0,0,0,9.0,1,0
0,0,0,0,2.0,1,0
0,0,0,0,3.0,1,0
0,0,0,0,19.0,1,0
0,0,0,0,2.0,1,0
0,0,0,0,10.0,1,0
0,0,0,0,17.0,1,0
0,0,0,0,17.0,1,0
0,0,0,0,9.0,1,0
0,0,0,0,8.0,1,0
0,0,0,0,12.0,1,0
0,0,0,0,17.0,2,0
0,0,0,0,9.0,2,0
0,0,0,0,13.5,2,0
0,0,0,0,13.0,1,0
0,0,0,0,22.0,1,0
0,0,0,0,1.0,1,0
0,0,0,0,23.0,1,0
0,0,0,0,23.0,1,0
0,0,0,0,10.0,1,0
0,0,0,0,20.0,1,0
0,0,0,0,18.0,1,0
0,0,0,0,17.0,2,0
0,0,0,2,12.369565217391305,33,1
0,0,0,4,14.3125,49,1
0,0,0,0,10.426229508196721,42,1
0,0,0,3,12.636363636363637,61,1
0,0,0,1,13.957142857142857,56,1
0,0,0,0,14.974025974025974,66,1
0,0,0,3,13.524590163934427,91,1
0,2,0,2,13.0,102,1
0,0,0,9,14.955357142857142,94,1
0,0,0,2,12.731092436974789,99,1
0,0,0,3,12.994475138121548,145,1
0,0,0,2,12.446666666666667,124,1
0,0,0,0,13.99099099099099,94,1
0,0,0,4,11.909774436090226,112,1
0,0,0,4,12.82857142857143,142,1
0,0,0,7,12.541666666666666,115,1
0,2,0,2,12.695402298850574,150,1
0,0,0,1,12.80327868852459,151,1
0,0,0,0,13.061643835616438,125,1
0,0,0,1,13.336065573770492,100,1
0,0,0,2,14.857142857142858,30,1
0,0,0,1,16.75,4,0
0,0,0,0,8.0,1,0
0,0,0,0,5.0,1,0
0,0,0,0,18.0,2,0
0,0,0,0,1.0,1,0
0,0,0,0,13.555555555555555,5,0
0,0,0,0,4.0,5,0
0,0,0,0,23.0,1,0
0,0,0,0,22.0,1,0
0,0,0,0,23.0,1,0
0,0,0,0,18.0,1,0
0,0,0,0,17.0,1,0
0,0,0,0,2.0,1,0
0,0,0,0,13.764705882352942,12,1
0,0,0,0,1.0,1,0
0,0,0,0,15.333333333333334,2,0
0,0,0,0,16.0,1,0
0,0,0,0,12.833333333333334,3,0
0,0,0,0,1.0,1,0
0,0,0,0,0.0,1,0
0,0,0,0,1.0,1,0
0,0,0,0,22.0,1,0
0,0,0,0,1.0,1,0
0,0,0,0,14.0,1,0
0,0,0,0,21.0,1,0
0,0,0,0,16.0,1,0
0,0,0,0,19.0,1,0
0,0,0,0,21.0,1,0
0,0,0,0,6.166666666666667,5,0
0,0,0,0,14.5,3,0
0,0,0,0,14.142857142857142,3,0
0,0,0,0,19.0,1,0
0,0,0,0,18.0,1,0
0,0,0,0,10.0,1,0
0,0,0,0,18.0,1,0
0,0,0,0,14.0,2,0
0,0,0,0,12.0,1,0
0,0,0,9,14.851063829787234,33,1
0,0,0,0,10.386363636363637,26,1
0,0,0,0,11.037037037037036,19,1
0,0,0,0,15.666666666666666,18,1
0,0,0,0,10.772727272727273,16,1
0,0,0,1,12.210526315789474,14,1
0,0,0,0,13.833333333333334,5,0
0,0,0,1,16.22222222222222,7,0
0,0,0,0,13.8,5,0
0,0,0,0,17.0,1,0
0,0,0,0,2.0,1,0
0,0,0,0,8.0,2,0
0,0,0,0,13.0,1,0
0,0,0,0,8.0,1,0
0,0,0,0,8.0,1,0
0,0,0,0,1.0,1,0
0,0,0,0,15.0,1,0
0,0,0,0,7.0,1,0
0,0,0,0,15.0,1,0
0,0,0,0,11.0,1,0
0,0,0,0,0.0,1,0
0,0,0,0,12.0,1,0
0,0,0,0,6.0,1,0
0,0,0,0,8.0,1,0
0,0,0,0,7.0,1,0
0,0,0,0,23.0,1,0
0,0,0,0,20.0,1,0
0,0,0,0,15.0,1,0
0,0,0,0,14.5,2,0
0,0,0,0,11.0,1,0
0,0,0,0,23.0,1,0
0,0,0,0,14.333333333333334,3,0
0,0,0,1,11.17142857142857,52,1
0,0,0,2,13.94915254237288,47,1
0,0,0,0,13.984126984126984,55,1
0,0,0,5,13.64179104477612,52,1
0,0,0,1,13.78125,28,1
0,0,0,0,11.333333333333334,24,1
0,5,0,6,11.564516129032258,50,1
0,0,0,0,17.0,1,0
0,0,0,3,11.787234042553191,38,1
0,0,0,0,16.363636363636363,19,1
0,0,0,0,12.8,5,0
0,0,0,0,10.0,1,0
0,0,0,0,23.0,1,0
0,0,0,0,18.0,1,0
0,0,0,0,16.0,1,0
0,0,0,0,16.0,1,0
0,0,0,0,13.0,1,0
0,0,0,0,18.0,1,0
0,0,0,0,23.0,1,0
0,0,0,0,17.0,1,0
0,0,0,0,0.0,1,0
0,0,0,0,8.0,1,0
0,0,0,0,17.0,1,0
0,0,0,0,10.0,1,0
0,0,0,1,11.363636363636363,11,0
0,0,0,0,17.0,3,0
0,0,0,0,8.5,2,0
0,0,0,0,13.76923076923077,10,1
0,0,0,0,9.25,7,0
0,0,0,0,20.0,1,0
0,0,0,0,21.0,1,0
0,0,0,0,21.0,1,0
0,0,0,0,20.0,1,0
0,0,0,0,0.0,1,0
0,0,0,0,15.0,1,0
0,0,0,0,8.0,1,0
0,0,0,0,23.0,1,0
0,0,0,0,9.078947368421053,28,1
0,0,0,0,9.75,14,1
0,0,0,0,11.0,2,0
0,0,0,0,14.5,4,0
0,0,0,0,20.0,1,0
0,0,0,0,11.0,1,0
0,0,0,0,14.0,1,0
0,0,0,0,23.0,1,0
0,0,0,0,19.0,1,0
0,0,0,0,23.0,1,0
0,0,0,0,4.0,1,0
0,0,0,0,22.0,1,0
0,0,0,0,11.0,1,0
0,0,0,0,18.142857142857142,2,0
0,0,0,0,20.0,1,0
0,0,0,0,17.0,1,0
0,0,0,0,7.0,1,0
0,0,0,0,9.0,1,0
0,0,0,0,8.0,1,0
0,0,0,0,13.0,1,0
0,0,0,0,19.0,1,0
0,0,0,0,21.0,1,0
0,0,0,0,20.75,3,0
0,0,0,0,18.5,2,0
0,0,0,0,15.0,2,0
0,0,0,0,15.727272727272727,5,0
0,0,0,0,13.2,3,0
0,0,0,0,14.0,3,0
0,0,0,0,10.166666666666666,4,0
0,0,0,0,23.0,1,0
0,0,0,0,18.0,2,0
0,0,0,0,13.5,4,0
0,0,0,0,9.5,2,0
0,0,0,0,12.0,1,0
0,0,0,0,21.0,2,0
0,0,0,0,9.0,1,0
0,0,0,0,14.0,1,0
0,0,0,0,16.0,1,0
0,0,0,0,19.0,1,0
0,0,0,0,23.0,1,0
0,0,0,0,19.0,2,0
0,0,0,0,15.0,1,0
0,0,0,0,17.0,1,0
0,0,0,0,7.0,1,0
0,0,0,0,17.0,1,0
0,0,0,1,14.0,1,0
0,0,0,0,13.0,2,0
0,0,0,0,14.0,1,0
0,0,0,0,7.0,1,0
0,0,0,0,18.0,1,0
0,0,0,0,1.0,1,0
0,0,0,0,17.5,2,0
0,0,0,0,19.0,1,0
0,0,0,0,6.0,1,0
0,0,0,0,10.0,1,0
0,0,0,0,3.0,1,0
0,0,0,0,8.333333333333334,2,0
0,0,0,0,19.0,1,0
0,0,0,0,19.0,1,0
0,0,0,0,17.0,1,0
0,0,0,3,15.833333333333334,3,0
0,0,0,0,14.0,1,0
0,0,0,0,8.0,1,0
0,0,0,0,19.0,1,0
0,0,0,1,19.5,2,0
0,0,0,0,16.0,1,0
0,0,0,0,21.0,1,0
0,0,0,0,10.0,1,0
0,0,0,0,9.0,1,0
0,0,0,0,11.0,1,0
0,0,0,0,21.0,1,0
0,0,0,0,23.0,1,0
0,0,0,0,8.0,1,0
0,0,0,0,23.0,1,0
0,0,0,0,19.0,1,0
0,0,0,0,22.0,1,0
0,0,0,0,4.0,1,0
0,0,0,0,14.0,1,0
0,0,0,0,14.0,1,0
0,0,0,0,17.0,1,0
0,0,0,0,22.0,1,0
0,0,0,0,19.0,1,0
0,0,0,0,23.0,1,0
0,0,0,1,23.0,1,0
0,0,0,0,11.0,1,0
0,0,0,0,10.0,1,0
0,0,0,0,21.0,1,0
0,0,0,0,13.0,1,0
0,0,0,0,9.0,1,0
0,0,0,0,8.0,1,0
0,0,0,0,15.0,1,0
0,0,0,0,14.0,1,0
0,0,0,0,16.5,2,0
0,0,0,0,11.0,1,0
0,0,0,0,12.0,1,0
0,0,0,0,13.0,1,0
0,0,0,0,0.0,1,0
0,0,0,0,22.0,1,0
0,0,0,0,20.0,2,0
0,0,0,0,23.0,1,0
0,0,0,0,22.0,1,0
0,0,0,0,14.666666666666666,3,0
0,0,0,0,21.166666666666668,2,0
0,0,0,0,14.5,3,0
0,0,0,0,22.0,1,0
0,0,0,0,13.75,4,0
0,0,0,0,4.5,3,0
0,1,0,0,12.666666666666666,3,0
0,0,0,0,0.0,1,0
0,0,0,0,12.5,2,0
0,0,0,0,13.333333333333334,3,0
0,0,0,1,12.0,1,0
0,0,0,0,22.0,1,0
0,0,0,0,23.0,1,0
0,0,0,0,4.0,1,0
0,0,0,0,17.5,2,0
0,0,0,3,5.0,1,0
0,0,0,0,13.0,1,0
0,0,0,0,7.8,2,0
0,0,0,0,8.0,2,0
0,0,0,0,14.0,2,0
0,0,0,0,8.0,1,0
0,0,0,0,2.6666666666666665,2,0
0,0,0,0,6.666666666666667,3,0
0,0,0,0,14.0,1,0
0,0,0,0,12.0,2,0
0,0,0,0,12.0,1,0
0,0,0,0,9.0,1,0
0,0,0,0,11.0,1,0
0,0,0,0,22.0,1,0
0,0,0,0,6.0,1,0
0,0,0,0,8.0,1,0
0,0,0,0,18.0,1,0
0,0,0,0,2.0,1,0
0,0,0,0,17.0,1,0
0,0,0,0,8.0,1,0
0,0,0,0,17.0,1,0
0,0,0,0,10.0,1,0
0,0,0,0,22.0,1,0
0,0,0,0,20.0,2,0
0,0,0,0,16.0,1,0
0,0,0,0,22.0,1,0
0,0,0,0,20.0,2,0
0,0,0,0,9.0,1,0
0,0,0,0,10.0,1,0
0,0,0,0,7.0,1,0
0,0,0,0,15.0,1,0
0,0,0,0,15.666666666666666,2,0
0,0,0,0,13.0,1,0
0,0,0,0,22.0,1,0
0,0,0,0,7.0,1,0
0,0,0,0,15.0,1,0
0,0,0,0,7.0,1,0
0,0,0,0,22.0,1,0
0,0,0,0,22.0,1,0
0,0,0,0,12.0,1,0
0,0,0,0,9.0,1,0
0,0,0,0,17.0,1,0
0,0,0,0,11.0,1,0
0,0,0,0,20.0,1,0
0,0,0,0,0.0,1,0
0,0,0,0,23.0,1,0
0,0,0,0,13.0,1,0
0,0,0,0,21.0,1,0
0,0,0,0,15.0,1,0
0,0,0,0,21.0,1,0
0,0,0,0,19.0,1,0
0,0,0,0,0.0,1,0
0,0,0,0,1.0,1,0
0,0,0,0,9.0,1,0
0,0,0,0,17.0,1,0
0,0,0,0,5.4,4,0
0,0,0,0,10.0,1,0
0,0,0,0,16.0,1,0
0,0,0,0,1.0,1,0
0,0,0,0,14.5,2,0
0,0,0,0,9.0,1,0
0,0,0,0,20.0,1,0
0,0,0,0,0.0,1,0
0,0,0,0,14.0,1,0
0,0,0,0,9.0,1,0
0,0,0,0,9.5,2,0
0,0,0,0,8.666666666666666,3,0
0,0,0,0,18.0,1,0
0,0,0,0,12.0,1,0
0,0,0,0,17.0,1,0
0,0,0,0,11.875,6,0
0,0,0,0,14.375,7,0
0,0,0,2,15.333333333333334,8,0
0,0,0,0,11.833333333333334,5,0
0,0,0,0,12.0,22,1
0,0,0,3,15.621052631578948,74,1
0,0,0,0,15.841584158415841,70,1
0,0,0,1,13.083333333333334,106,1
0,0,0,2,13.540880503144654,124,1
0,0,0,12,13.221518987341772,121,1
0,0,0,1,12.232758620689655,96,1
0,0,0,6,14.597701149425287,142,1
0,0,0,2,14.132978723404255,151,1
0,0,0,2,13.650602409638553,69,1
0,0,0,0,13.179487179487179,35,1
0,0,0,7,12.84873949579832,92,1
0,0,0,1,14.013513513513514,65,1
0,0,0,1,12.311827956989248,81,1
0,0,0,0,13.51388888888889,61,1
0,0,0,1,13.987951807228916,66,1
0,0,0,2,12.879310344827585,50,1
0,0,0,0,12.947368421052632,36,1
0,0,0,0,10.4,4,0
0,0,0,0,15.75,3,0
0,0,0,0,21.0,1,0
0,0,0,0,21.0,1,0
0,0,0,0,15.0,1,0
0,0,0,0,8.0,1,0
0,0,0,0,16.0,1,0
0,0,0,0,8.5,2,0
0,0,0,0,6.0,1,0
0,0,0,0,17.0,2,0
0,0,0,0,0.6666666666666666,2,0
0,0,0,0,1.0,1,0
0,0,0,0,15.5,2,0
0,0,0,0,21.0,1,0
0,0,0,0,0.0,1,0
0,0,0,0,16.5,2,0
0,0,0,0,12.333333333333334,2,0
0,0,0,0,13.0,1,0
0,0,0,0,15.0,1,0
0,0,0,0,17.0,1,0
0,0,0,0,22.0,1,0
0,0,0,0,11.0,1,0
0,0,0,0,13.0,1,0
0,0,0,0,14.333333333333334,2,0
0,0,0,0,20.0,1,0
0,0,0,0,3.0,1,0
0,0,0,0,16.0,1,0
0,0,0,0,16.0,1,0
0,0,0,0,7.0,2,0
0,0,0,0,15.0,2,0
0,0,0,0,16.0,1,0
0,0,0,0,14.5,2,0
0,0,0,0,12.125,5,0
0,0,0,0,12.705882352941176,14,1
0,0,0,0,9.9,13,1
0,0,0,1,13.0,9,0
0,0,0,0,15.666666666666666,4,0
0,0,0,0,13.0,1,0
0,0,0,0,10.0,1,0
0,0,0,0,11.0,1,0
0,0,0,0,13.0,1,0
0,0,0,0,13.0,1,0
0,0,0,0,23.0,1,0
0,0,0,0,20.0,1,0
0,0,0,0,11.0,1,0
0,0,0,0,9.0,1,0
0,0,0,0,9.5,2,0
0,0,0,0,13.0,1,0
0,0,0,0,11.5,2,0
0,0,0,0,10.0,1,0
0,0,0,0,17.0,1,0
0,0,0,0,12.666666666666666,3,0
0,0,0,0,12.0,1,0
0,0,0,0,15.8,4,0
0,0,0,0,11.0,1,0
0,0,0,0,22.0,1,0
0,0,0,0,17.0,1,0
0,0,0,3,4.5,2,0
0,0,0,4,12.912698412698413,103,1
0,0,0,6,13.675496688741722,120,1
0,0,0,5,13.666666666666666,156,1
0,0,0,2,12.611842105263158,119,1
0,0,0,0,14.39090909090909,87,1
0,0,0,2,10.45045045045045,75,1
0,0,0,5,13.14864864864865,57,1
0,0,0,0,10.313725490196079,45,1
0,0,0,1,12.67741935483871,153,1
0,0,0,0,12.636363636363637,114,1
0,0,0,2,11.94,85,1
0,0,0,0,12.67741935483871,52,1
0,0,0,3,10.76595744680851,39,1
0,0,0,0,12.666666666666666,49,1
0,0,0,0,12.944444444444445,14,1
0,0,0,0,22.0,1,0
0,0,0,0,4.0,1,0
0,0,0,0,10.0,1,0
0,0,0,0,12.0,1,0
0,0,0,0,10.0,1,0
0,0,0,0,9.0,1,0
0,0,0,0,20.0,1,0
0,0,0,0,11.0,1,0
0,0,0,0,17.0,1,0
0,0,0,0,23.0,1,0
0,0,0,0,17.0,1,0
0,0,0,0,12.0,1,0
0,0,0,0,20.0,1,0
0,0,0,0,16.0,1,0
0,0,0,0,9.0,1,0
0,0,0,0,1.0,1,0
0,0,0,0,22.0,1,0
0,0,0,0,20.0,1,0
0,0,0,0,0.0,1,0
0,0,0,0,9.0,1,0
0,0,0,0,2.0,1,0
0,0,0,0,17.0,1,0
0,0,0,0,14.0,1,0
0,0,0,0,19.0,5,0
0,0,0,0,13.8,4,0
0,3,0,0,15.75,2,0
0,0,0,0,9.571428571428571,3,0
0,0,0,0,11.6,3,0
0,0,0,0,18.5,2,0
0,0,0,0,14.071428571428571,11,1
0,0,0,1,11.5,14,1
0,0,0,0,13.333333333333334,6,0
0,0,0,0,14.076923076923077,8,1
0,0,0,0,8.727272727272727,10,0
0,0,0,0,2.0,1,0
0,0,0,0,7.0,1,0
0,0,0,0,7.0,1,0
0,0,0,0,0.0,1,0
0,0,0,0,5.0,1,0
0,0,0,0,15.0,1,0
0,0,0,0,22.0,1,0
0,0,0,0,17.0,1,0
0,0,0,0,23.0,1,0
0,0,0,1,9.0,1,0
0,0,0,0,14.0,1,0
0,0,0,0,10.0,1,0
0,0,0,0,20.0,1,0
0,0,0,0,23.0,1,0
0,0,0,0,14.0,1,0
0,0,0,0,15.0,1,0
0,0,0,0,22.0,1,0
0,0,0,0,9.0,1,0
0,0,0,0,14.513513513513514,26,1
0,0,0,0,15.4,23,1
0,0,0,0,11.941176470588236,11,1
0,0,0,0,14.0,3,0
0,0,0,0,18.0,4,0
0,0,0,0,10.5,6,0
0,0,0,0,8.875,7,0
0,0,0,0,11.166666666666666,5,0
0,0,0,3,8.857142857142858,5,0
0,0,0,0,16.0,1,0
0,0,0,0,11.0,1,0
0,0,0,0,12.0,1,0
0,0,0,0,10.0,1,0
0,0,0,0,17.0,1,0
0,0,0,0,11.0,1,0
0,0,0,0,15.0,1,0
0,0,0,0,12.5,2,0
0,0,0,0,19.0,2,0
0,0,0,0,12.0,1,0
0,0,0,0,20.0,1,0
0,0,0,0,13.0,1,0
0,0,0,0,13.0,1,0
0,0,0,0,21.0,1,0
0,0,0,0,4.5,2,0
0,0,0,2,13.6,3,0
0,0,0,0,13.2,4,0
0,0,0,0,23.0,1,0
0,0,0,0,7.0,1,0
0,0,0,0,11.5,2,0
0,0,0,0,21.0,1,0
0,0,0,0,20.0,1,0
0,0,0,0,4.0,1,0
0,0,0,0,11.0,1,0
0,0,0,0,7.0,1,0
0,0,0,0,15.0,1,0
0,0,0,0,8.0,1,0
0,0,0,0,15.0,1,0
0,0,0,0,14.0,1,0
0,0,0,0,23.0,1,0
0,0,0,0,20.0,1,0
0,0,0,0,6.0,1,0
0,0,0,0,18.0,1,0
0,0,0,4,23.0,1,0
0,0,0,0,8.0,1,0
0,0,0,0,15.0,1,0
0,0,0,0,22.0,1,0
0,0,0,0,10.8,3,0
0,0,0,0,4.0,1,0
0,0,0,0,20.0,1,0
0,0,0,0,8.0,1,0
0,0,0,0,0.0,1,0
0,0,0,0,0.0,1,0
0,0,0,0,11.0,1,0
0,0,0,0,16.0,1,0
0,0,0,0,8.0,1,0
0,0,0,0,12.0,1,0
0,0,0,0,9.0,1,0
0,0,0,0,21.0,1,0
0,0,0,0,9.1,3,0
0,0,0,0,22.0,1,0
0,0,0,0,19.333333333333332,2,0
0,0,0,0,15.5,2,0
0,0,0,0,23.0,1,0
0,0,0,0,19.0,1,0
0,0,0,0,12.0,1,0
0,0,0,0,23.0,1,0
0,0,0,0,14.0,1,0
0,0,0,0,7.0,1,0
0,0,0,0,14.0,1,0
0,0,0,0,20.0,1,0
0,0,0,0,20.0,1,0
0,0,0,0,16.0,1,0
0,0,0,0,8.0,1,0
0,0,0,0,23.0,1,0
0,0,0,0,8.0,1,0
0,0,0,0,23.0,1,0
0,0,0,0,7.0,1,0
0,0,0,0,11.0,1,0
0,0,0,0,22.0,1,0
0,0,0,0,9.0,1,0
0,0,0,0,7.0,1,0
0,0,0,0,0.0,1,0
0,0,0,0,21.0,1,0
0,0,0,0,9.0,1,0
0,0,0,0,14.0,1,0
0,0,0,0,15.0,1,0
0,0,0,0,9.0,1,0
0,0,0,0,17.0,1,0
0,0,0,0,19.0,1,0
0,0,0,0,23.0,1,0
0,0,0,0,8.0,1,0
0,0,0,0,11.0,1,0
0,0,0,0,15.0,1,0
0,0,0,0,13.666666666666666,2,0
0,0,0,0,7.0,1,0
0,0,0,0,1.0,1,0
0,0,0,1,11.714285714285714,6,0
0,0,0,0,17.666666666666668,2,0
0,0,0,0,19.0,3,0
0,0,0,0,7.714285714285714,6,0
0,0,0,0,6.555555555555555,7,0
0,0,0,0,12.8,12,1
0,0,0,0,9.8125,12,1
0,0,0,1,10.857142857142858,14,1
0,0,0,0,13.0,8,0
0,0,0,0,13.333333333333334,8,0
0,0,0,0,15.25,10,1
0,0,0,0,13.0,8,0
0,0,0,0,10.714285714285714,13,1
0,0,0,0,11.857142857142858,7,0
0,0,0,0,12.071428571428571,13,1
0,0,0,0,7.681818181818182,15,1
0,0,0,0,10.153846153846153,12,1
0,0,0,0,12.473684210526315,17,1
0,0,0,0,11.777777777777779,6,0
0,0,0,0,21.0,1,0
0,0,0,0,10.8,4,0
0,0,0,0,14.666666666666666,2,0
0,0,0,0,12.4,5,0
0,0,0,0,14.0,2,0
0,0,0,0,13.0,1,0
0,0,0,0,11.666666666666666,2,0
0,0,0,0,9.5,4,0
0,0,0,0,9.4,5,0
0,0,0,0,10.333333333333334,3,0
0,0,0,0,12.0,1,0
0,0,0,0,13.0,3,0
0,0,0,0,8.666666666666666,3,0
0,0,0,0,14.0,3,0
0,0,0,0,13.0,1,0
0,0,0,0,0.0,1,0
0,0,0,0,22.0,1,0
0,0,0,0,1.0,1,0
0,0,0,0,20.0,1,0
0,0,0,0,16.0,1,0
0,0,0,0,15.6,4,0
0,0,0,0,11.333333333333334,2,0
0,0,0,0,21.0,1,0
0,0,0,0,19.0,1,0
0,0,0,0,12.5,2,0
0,0,0,0,12.0,1,0
0,0,0,0,17.0,1,0
0,0,0,0,10.0,1,0
0,0,0,0,0.0,1,0
0,0,0,0,11.0,2,0
0,0,0,0,7.0,1,0
0,0,0,0,9.666666666666666,3,0
0,0,0,0,17.0,1,0
0,0,0,0,8.5,2,0
0,0,0,0,10.0,3,0
0,0,0,0,12.0,2,0
0,0,0,0,10.0,1,0
0,0,0,0,4.0,1,0
0,0,0,0,0.0,1,0
0,0,0,0,22.0,1,0
0,0,0,0,7.0,1,0
0,0,0,0,21.0,1,0
0,0,0,1,16.0,1,0
0,0,0,0,8.0,1,0
0,0,0,0,8.0,1,0
0,0,0,0,21.0,1,0
0,0,0,0,14.0,2,0
0,0,0,0,21.0,1,0
0,0,0,0,9.076923076923077,7,1
0,0,0,0,12.0,4,0
0,0,0,0,8.333333333333334,3,0
0,0,0,0,13.25,11,1
0,0,0,0,14.4,15,1
0,0,0,0,10.23076923076923,12,1
0,0,0,0,11.043478260869565,21,1
0,0,0,0,9.869565217391305,19,1
0,0,0,0,15.0,14,1
0,0,0,0,11.428571428571429,7,0
0,0,0,2,12.727272727272727,9,0
0,0,0,0,12.346153846153847,23,1
0,0,0,0,11.6,19,1
0,0,0,2,14.208333333333334,22,1
0,3,0,0,12.142857142857142,18,1
0,0,0,0,10.25,7,0
0,0,0,0,8.25,8,0
0,0,0,0,13.6,9,0
0,0,0,0,23.0,1,0
0,0,0,0,14.0,1,0
0,0,0,0,18.0,1,0
0,0,0,0,22.0,1,0
0,0,0,0,0.0,1,0
0,0,0,0,21.0,1,0
0,0,0,0,8.0,1,0
0,0,0,0,10.0,1,0
0,0,0,0,8.0,1,0
0,0,0,0,20.0,1,0
0,0,0,0,23.0,1,0
0,0,0,0,22.0,1,0
0,0,0,0,22.0,1,0
0,0,0,0,15.0,1,0
0,0,0,0,8.0,1,0
0,0,0,0,12.0,1,0
0,0,0,0,18.25,3,0
0,0,0,0,11.5,4,0
0,0,0,0,6.5,3,0
0,0,0,0,9.0,2,0
0,0,0,0,12.0,2,0
0,0,0,0,9.5,2,0
0,0,0,0,11.0,1,0
0,0,0,0,11.0,2,0
0,0,0,0,11.0,1,0
0,0,0,0,23.0,1,0
0,0,0,0,3.0,1,0
0,0,0,0,8.0,1,0
0,0,0,0,6.0,1,0
0,0,0,0,12.0,1,0
0,0,0,0,7.0,1,0
0,0,0,0,10.0,1,0
0,0,0,0,6.0,1,0
0,0,0,0,16.0,1,0
0,0,0,1,17.0,1,0
0,0,0,0,16.0,1,0
0,0,0,0,10.0,1,0
0,0,0,0,11.0,1,0
0,0,0,0,9.0,1,0
0,0,0,0,2.0,1,0
0,0,0,0,14.2,3,0
0,0,0,0,8.0,1,0
0,0,0,3,10.88888888888889,6,0
0,0,0,0,15.0625,14,1
0,0,0,0,12.6,20,1
0,0,0,2,9.4,20,1
0,0,0,1,11.121212121212121,26,1
0,0,0,0,14.875,21,1
0,0,0,0,9.76,18,1
0,0,0,0,12.478260869565217,21,1
0,0,0,0,12.647058823529411,26,1
0,0,1,0,12.133333333333333,25,1
0,0,0,0,11.857142857142858,13,1
0,0,0,0,9.545454545454545,8,0
0,0,0,0,13.384615384615385,11,1
0,0,0,1,11.8,8,0
0,0,0,0,13.7,8,0
0,0,0,0,12.142857142857142,7,0
0,0,0,0,12.416666666666666,10,1
0,0,0,0,12.0,7,0
0,0,0,0,8.0,1,0
0,0,0,0,9.0,1,0
0,0,0,0,16.0,1,0
0,0,0,0,17.5,2,0
0,0,0,0,8.0,1,0
0,0,0,1,19.0,1,0
0,0,0,0,17.0,1,0
0,0,0,3,21.0,1,0
0,0,0,0,16.727272727272727,7,0
0,0,0,0,14.3,8,0
0,0,0,0,12.714285714285714,7,0
0,0,0,1,11.823529411764707,14,1
0,0,0,1,14.0,4,0
0,0,0,1,9.0,8,0
0,0,0,0,11.538461538461538,10,1
0,0,0,1,11.166666666666666,6,0
0,0,0,0,8.833333333333334,6,0
0,0,0,0,14.0,5,0
0,0,0,0,13.0,8,0
0,0,0,0,10.0,4,0
0,0,0,0,12.5,5,0
0,0,0,0,9.6,5,0
0,0,0,0,10.5,6,0
0,0,0,0,9.5,4,0
0,0,0,0,21.0,1,0
0,0,0,0,23.0,1,0
0,0,0,0,9.0,1,0
0,0,0,0,22.0,1,0
0,0,0,0,18.0,1,0
0,0,0,0,8.0,1,0
0,0,0,0,14.0,1,0
0,0,0,0,4.0,1,0
0,0,0,0,5.0,1,0
0,0,0,0,15.0,1,0
0,0,0,0,8.0,1,0
0,0,0,0,18.0,1,0
0,0,0,0,17.0,1,0
0,0,0,0,7.0,1,0
0,0,0,0,21.0,1,0
0,0,0,0,18.0,1,0
0,0,0,0,23.0,1,0
0,0,0,0,1.0,1,0
0,0,0,0,18.0,1,0
0,0,0,0,14.0,1,0
0,0,0,0,4.0,1,0
0,0,0,0,10.0,1,0
0,0,0,0,4.0,1,0
0,0,0,0,20.0,1,0
0,0,0,0,8.0,1,0
0,0,0,0,17.0,1,0
0,0,0,0,1.0,1,0
0,0,0,0,14.0,1,0
0,0,0,0,17.0,1,0
0,0,0,0,13.0,1,0
0,0,0,0,2.0,1,0
0,0,0,0,10.0,1,0
0,0,0,0,1.0,1,0
0,0,0,0,23.0,1,0
0,0,0,0,19.0,1,0
0,0,0,0,10.5,2,0
0,0,0,0,22.0,1,0
0,0,0,0,22.0,1,0
0,0,0,0,16.0,1,0
0,0,0,0,11.0,1,0
0,0,0,0,17.0,1,0
0,0,0,0,11.0,1,0
0,0,0,0,13.0,2,0
0,0,0,0,11.0,1,0
0,0,0,0,10.0,1,0
0,0,0,0,16.0,1,0
0,0,0,0,11.666666666666666,3,0
0,0,0,0,8.0,1,0
0,0,0,0,18.333333333333332,2,0
0,0,0,0,2.0,1,0
0,0,0,0,9.0,1,0
0,0,0,0,15.0,1,0
0,0,0,0,8.0,1,0
0,0,0,0,9.0,1,0
0,0,0,4,21.0,2,0
0,0,0,0,7.0,1,0
0,0,0,0,16.5,4,0
0,0,0,0,11.0,1,0
0,0,0,0,23.0,1,0
0,0,0,0,1.0,1,0
0,0,0,0,20.0,1,0
0,0,0,0,2.5,3,0
0,0,0,0,8.0,1,0
0,0,0,0,8.0,1,0
0,0,0,0,17.0,1,0
0,0,0,0,13.5,2,0
0,0,0,0,14.666666666666666,4,0
0,0,0,0,13.333333333333334,6,0
0,0,0,0,11.4,5,0
0,0,0,0,14.636363636363637,6,0
0,0,0,0,15.6,5,0
0,0,0,0,15.0,6,0
0,0,0,0,17.5,2,0
0,0,0,0,15.0,5,0
0,0,0,0,12.5,2,0
0,0,0,0,20.8,4,0
0,0,0,0,3.25,2,0
0,0,0,0,10.666666666666666,3,0
0,0,0,0,7.666666666666667,6,0
0,0,0,0,0.0,1,0
0,0,0,0,14.0,5,0
0,0,0,0,15.5,3,0
0,0,0,0,12.571428571428571,7,0
0,0,0,0,23.0,1,0
0,0,0,0,14.75,4,0
0,0,0,0,13.0,1,0
0,0,0,0,22.0,1,0
0,0,0,0,17.0,1,0
0,0,0,0,10.666666666666666,2,0
0,0,0,0,9.0,1,0
0,0,0,0,15.0,1,0
0,0,0,0,8.0,1,0
0,0,0,0,6.0,1,0
0,0,0,0,12.0,1,0
0,0,0,0,21.0,1,0
0,0,0,0,9.0,1,0
0,0,0,0,8.0,1,0
0,0,0,0,15.0,1,0
0,0,0,0,8.0,1,0
0,0,0,0,11.0,1,0
0,0,0,0,10.0,1,0
0,0,0,0,8.0,1,0
0,0,0,0,23.0,1,0
0,0,0,0,14.5,2,0
0,0,0,0,15.0,5,0
0,0,0,0,13.0,6,0
0,0,0,0,11.125,8,0
0,0,0,0,14.666666666666666,13,1
0,0,0,0,14.5,19,1
0,0,0,0,16.77777777777778,16,1
0,0,0,0,16.4,39,1
0,0,0,0,13.567567567567568,27,1
0,0,0,0,17.27777777777778,18,1
0,0,1,0,11.571428571428571,27,1
0,0,0,0,16.21212121212121,31,1
0,0,0,0,12.636363636363637,49,1
0,0,0,1,12.981132075471699,45,1
0,0,0,0,11.87719298245614,43,1
0,0,0,0,12.203703703703704,42,1
0,0,0,0,13.607843137254902,41,1
0,0,0,0,11.235294117647058,29,1
0,0,0,0,12.893617021276595,40,1
0,0,0,0,11.317073170731707,32,1
0,0,0,0,14.022727272727273,37,1
0,0,0,0,14.46808510638298,39,1
0,0,0,0,14.647058823529411,27,1
0,0,0,0,12.78125,24,1
0,0,0,0,10.393939393939394,29,1
0,0,0,0,11.181818181818182,9,0
0,0,0,0,15.0,7,0
0,0,0,0,11.3,5,0
0,0,0,0,19.0,1,0
0,0,0,0,10.0,1,0
0,0,0,0,12.0,1,0
0,0,0,0,13.0,1,0
0,0,0,0,22.0,1,0
0,0,0,0,0.0,1,0
0,0,0,0,19.0,1,0
0,0,0,0,1.0,1,0
0,0,0,0,15.0,1,0
0,0,0,0,6.0,1,0
0,0,0,0,16.0,1,0
0,0,0,0,15.0,2,0
0,0,0,0,14.75,4,0
0,0,0,0,22.0,1,0
0,0,0,0,14.666666666666666,3,0
0,0,0,0,13.333333333333334,3,0
0,0,0,0,23.0,1,0
0,0,0,0,9.4,3,0
0,0,0,0,7.0,2,0
0,0,0,0,14.0,3,0
0,0,0,0,11.5,2,0
0,0,0,0,9.666666666666666,3,0
0,0,0,0,12.428571428571429,4,0
0,0,0,0,13.333333333333334,3,0
0,0,0,0,16.0,1,0
0,0,0,0,16.0,1,0
0,0,0,0,18.0,1,0
0,0,0,0,23.0,1,0
0,0,0,0,14.0,2,0
0,0,0,0,13.0,1,0
0,0,0,0,12.5,2,0
0,0,0,0,12.666666666666666,3,0
0,0,0,0,12.272727272727273,10,0
0,0,0,0,12.11111111111111,7,0
0,0,0,0,2.6666666666666665,2,0
0,0,0,0,9.0,4,0
0,0,0,0,13.75,3,0
0,0,0,0,8.5,5,0
0,0,0,0,12.5,2,0
0,0,0,1,14.2,5,0
0,0,0,0,19.25,2,0
0,0,0,1,8.0,6,0
0,0,0,0,13.833333333333334,6,0
0,0,0,0,13.0,4,0
0,0,0,0,12.0,2,0
0,0,0,0,4.0,2,0
0,0,0,0,11.166666666666666,5,0
0,0,0,0,12.75,4,0
0,0,0,0,10.0,1,0
0,0,0,0,12.75,4,0
0,0,0,0,14.0,2,0
0,0,0,0,21.0,1,0
0,0,0,0,9.0,1,0
0,0,0,0,14.0,1,0
0,0,0,0,17.0,2,0
0,0,0,0,9.0,1,0
0,0,0,0,1.0,1,0
0,0,0,0,10.0,2,0
0,0,0,0,12.0,1,0
0,0,0,0,7.0,1,0
0,0,0,0,1.0,1,0
0,0,0,0,11.0,1,0
0,0,0,0,14.5,2,0
0,0,0,0,14.571428571428571,7,0
0,0,0,0,10.0,1,0
0,0,0,0,19.0,1,0
0,0,0,0,7.0,1,0
0,0,0,0,13.0,1,0
0,0,0,0,8.0,1,0
0,0,0,0,8.0,1,0
0,0,0,0,15.0,1,0
0,0,0,0,14.5,2,0
0,0,0,0,10.0,2,0
0,0,0,0,17.0,1,0
0,0,0,0,14.0,3,0
0,0,0,0,16.0,2,0
0,0,0,0,9.0,1,0
0,0,0,0,19.0,2,0
0,0,0,0,16.75,4,0
0,0,0,0,11.0,2,0
0,0,0,0,12.0,1,0
0,0,0,0,15.285714285714286,6,0
0,0,0,0,8.0,2,0
0,0,0,0,7.5,2,0
0,0,0,2,9.5,7,0
0,0,0,0,10.75,4,0
0,0,0,0,6.0,1,0
0,0,0,0,11.5,2,0
0,0,0,0,14.333333333333334,3,0
0,0,0,0,12.333333333333334,3,0
0,0,0,0,15.0,2,0
0,0,0,0,11.0,2,0
0,0,0,0,16.0,2,0
0,0,0,0,16.0,1,0
0,0,0,0,10.0,2,0
0,0,0,0,6.0,1,0
0,0,0,0,10.0,1,0
0,0,0,0,15.0,1,0
0,0,0,0,7.0,1,0
0,0,0,0,12.0,1,0
0,0,0,0,23.0,1,0
0,0,0,0,7.0,1,0
0,0,0,0,10.333333333333334,3,0
0,0,0,0,11.0,2,0
0,0,0,0,1.0,1,0
0,0,0,0,8.0,1,0
0,0,0,0,22.0,1,0
0,0,0,0,13.75,4,0
0,0,0,0,14.5,2,0
0,0,0,0,11.0,4,0
0,0,0,0,16.666666666666668,3,0
0,0,0,0,20.0,1,0
0,0,0,0,11.5,2,0
0,0,0,0,17.333333333333332,3,0
0,0,0,0,20.0,1,0
0,0,0,0,16.0,1,0
0,0,0,0,11.0,1,0
0,0,0,0,16.0,1,0
0,0,0,0,8.0,1,0
0,0,0,0,11.5,2,0
0,0,0,0,7.0,1,0
0,0,0,0,11.0,1,0
0,0,0,0,7.0,1,0
0,0,0,0,21.0,1,0
0,0,0,0,12.0,1,0
0,0,0,0,16.0,1,0
0,0,0,0,13.0,1,0
0,0,0,0,11.0,1,0
0,0,0,0,15.0,1,0
0,0,0,0,11.0,1,0
0,0,0,0,9.0,1,0
0,0,0,0,13.0,1,0
0,0,0,0,10.0,1,0
0,0,0,0,6.0,1,0
0,0,0,0,7.0,1,0
0,0,0,0,17.0,1,0
0,0,0,0,8.0,1,0
0,0,0,0,1.0,1,0
0,0,0,0,23.0,1,0
0,0,0,0,6.0,1,0
0,0,0,0,10.333333333333334,3,0
0,0,0,0,11.0,1,0
0,0,0,0,13.88888888888889,6,0
0,0,0,0,15.6,12,1
0,0,0,0,14.5,23,1
0,0,0,2,12.333333333333334,21,1
0,0,0,1,11.676923076923076,54,1
0,0,0,2,13.030303030303031,52,1
0,0,0,1,13.573170731707316,71,1
0,0,0,3,12.801980198019802,73,1
0,0,0,0,14.822222222222223,142,1
0,0,0,1,11.815602836879433,118,1
0,0,0,9,13.742857142857142,146,1
0,0,0,2,13.321951219512195,166,1
0,0,0,0,13.95673076923077,178,1
0,0,0,11,12.669421487603305,206,1
0,0,0,0,13.35377358490566,188,1
0,0,0,2,13.591836734693878,178,1
0,0,1,3,12.814814814814815,156,1
0,0,0,4,13.074906367041198,221,1
0,0,0,3,12.478632478632479,203,1
0,0,0,2,12.182926829268293,213,1
0,0,0,3,12.820754716981131,182,1
0,0,0,3,13.03875968992248,116,1
0,0,0,0,11.951219512195122,139,1
0,0,0,4,11.812080536912752,121,1
0,0,0,0,14.0,71,1
0,0,0,1,12.392857142857142,51,1
0,0,0,1,13.1,18,1
0,0,0,0,8.0,3,0
0,0,0,0,13.0,1,0
0,0,0,0,7.0,1,0
0,0,0,0,14.5,2,0
0,0,0,0,6.0,1,0
0,0,0,0,22.0,1,0
0,0,0,0,23.0,1,0
0,0,0,0,16.5,2,0
0,0,0,0,19.0,1,0
0,0,0,0,21.0,1,0
0,0,0,0,23.0,1,0
0,0,0,0,23.0,2,0
0,0,0,0,11.0,2,0
0,0,0,0,22.0,1,0
0,0,0,0,18.75,2,0
0,0,0,0,22.0,1,0
0,0,0,0,22.0,1,0
0,0,0,0,4.6,3,0
0,0,0,0,23.0,1,0
0,0,0,0,21.0,1,0
0,0,0,0,15.0,1,0
0,0,0,0,17.0,1,0
0,0,0,0,18.0,1,0
0,0,0,0,8.0,1,0
0,0,0,0,13.0,1,0
0,0,0,0,23.0,1,0
0,0,0,0,9.0,1,0
0,0,0,0,12.0,1,0
0,0,0,0,15.0,1,0
0,0,0,0,10.0,1,0
0,0,0,0,17.0,1,0
0,0,0,0,21.0,1,0
0,0,0,0,20.5,2,0
0,0,0,0,16.0,1,0
0,0,0,0,4.0,1,0
0,0,0,0,21.0,1,0
0,0,0,0,22.0,1,0
0,0,0,0,23.0,1,0
0,0,0,0,18.0,1,0
0,0,0,0,9.0,1,0
0,0,0,0,15.0,1,0
0,0,0,0,20.0,1,0
0,0,0,0,19.0,1,0
0,0,0,0,2.0,1,0
0,0,0,0,13.0,1,0
0,0,0,0,13.0,1,0
0,0,0,0,12.2,2,0
0,0,0,0,13.75,3,0
0,0,0,0,12.25,4,0
0,0,0,0,11.0,1,0
0,0,0,0,5.75,3,0
0,0,0,0,12.818181818181818,6,0
0,0,0,0,14.666666666666666,3,0
0,0,0,0,9.0,3,0
0,0,0,0,2.0,1,0
0,0,0,0,13.75,3,0
0,0,0,0,0.0,1,0
0,0,0,0,15.0,5,0
0,0,0,0,20.5,2,0
0,0,0,1,10.0,3,0
0,0,0,0,17.0,1,0
0,0,0,0,11.0,1,0
0,0,0,0,14.0,1,0
0,0,0,0,0.0,1,0
0,0,0,0,1.0,1,0
0,0,0,0,18.666666666666668,3,0
0,0,0,1,14.0,1,0
0,0,0,0,16.76923076923077,8,1
0,0,0,3,12.5,8,0
0,0,0,0,11.05,13,1
0,0,0,0,14.217391304347826,21,1
0,0,0,0,16.40909090909091,19,1
0,0,0,0,12.571428571428571,23,1
0,0,0,1,13.911764705882353,26,1
0,0,0,0,14.4,41,1
0,0,0,8,13.136986301369863,57,1
0,0,0,0,13.629032258064516,51,1
0,0,0,0,14.545454545454545,43,1
0,0,0,3,13.114754098360656,50,1
0,0,0,6,13.448717948717949,61,1
0,0,0,0,13.824742268041238,82,1
0,0,0,0,13.491228070175438,47,1
0,0,0,1,14.565217391304348,41,1
0,0,0,1,14.106060606060606,57,1
0,0,0,1,14.014705882352942,55,1
0,0,0,2,14.583333333333334,50,1
0,0,0,0,12.841269841269842,52,1
0,0,0,0,13.326530612244898,39,1
0,0,0,1,9.824561403508772,45,1
0,0,0,0,13.592592592592593,25,1
0,0,0,2,10.34375,24,1
0,0,0,0,12.05,19,1
0,0,0,0,12.117647058823529,14,1
0,0,0,0,11.2,5,0
0,0,0,0,13.0,1,0
0,0,0,0,22.0,1,0
0,0,0,0,8.0,1,0
0,0,0,0,7.0,1,0
0,0,0,0,17.0,1,0
0,0,0,0,23.0,1,0
0,0,0,0,12.5,2,0
0,0,0,0,7.333333333333333,3,0
0,0,0,0,7.0,1,0
0,0,0,0,11.2,3,0
0,0,0,0,6.666666666666667,3,0
0,0,0,0,14.5,2,0
0,0,0,0,8.0,1,0
0,0,0,0,0.0,1,0
0,0,0,0,7.0,1,0
0,0,0,0,5.0,3,0
0,0,0,0,7.0,1,0
0,0,0,0,0.0,1,0
0,0,0,0,15.0,1,0
0,0,0,0,16.0,1,0
0,0,0,0,7.0,1,0
0,0,0,0,14.0,1,0
0,0,0,0,22.0,1,0
0,0,0,0,17.0,1,0
0,0,0,0,22.0,1,0
0,0,0,0,7.0,1,0
0,0,0,0,14.0,1,0
0,0,0,0,0.0,1,0
0,0,0,0,14.0,1,0
0,0,0,0,23.0,1,0
0,0,0,0,21.0,1,0
0,0,0,0,8.0,1,0
0,0,0,0,10.0,1,0
0,0,0,0,9.0,1,0
0,0,0,0,16.0,1,0
0,0,0,0,17.5,2,0
0,0,0,5,23.0,1,0
0,0,0,0,23.0,1,0
0,0,0,0,5.5,2,0
0,0,0,0,15.0,1,0
0,0,0,0,9.0,1,0
0,0,0,0,17.0,1,0
0,0,0,0,0.0,1,0
0,0,0,0,23.0,1,0
0,0,0,0,17.0,1,0
0,0,0,0,17.0,1,0
0,0,0,0,13.0,1,0
0,0,0,0,20.0,1,0
0,0,0,0,12.0,1,0
0,0,0,0,16.2,2,0
0,0,0,0,11.0,2,0
0,0,0,0,17.0,2,0
0,0,0,0,21.0,1,0
0,0,0,0,2.0,1,0
0,0,0,0,1.0,1,0
0,0,0,0,21.0,1,0
0,0,0,0,10.0,1,0
0,0,0,0,19.0,1,0
0,0,0,0,17.0,1,0
0,0,0,0,8.0,1,0
0,0,0,0,1.0,1,0
0,0,0,0,22.666666666666668,2,0
0,0,0,0,6.0,2,0
0,0,0,0,21.0,1,0
0,0,0,0,3.0,1,0
0,0,0,0,8.0,1,0
0,0,0,0,23.0,1,0
0,0,0,0,19.0,1,0
0,0,0,0,16.0,1,0
0,0,0,0,23.0,1,0
0,0,0,0,22.0,1,0
0,0,0,0,3.0,2,0
0,0,0,0,15.0,2,0
0,0,0,0,18.0,2,0
0,0,0,0,21.5,2,0
0,0,0,0,0.0,1,0
0,0,0,0,12.0,2,0
0,0,0,0,8.0,2,0
0,0,0,0,2.0,1,0
0,0,0,0,15.75,2,0
0,0,0,0,1.0,1,0
0,0,0,0,6.5,4,0
0,0,0,0,12.8,3,0
0,0,0,0,20.0,2,0
0,0,0,0,9.333333333333334,3,0
0,0,0,0,12.25,3,0
0,0,0,0,21.0,1,0
0,0,0,0,20.0,1,0
0,0,0,0,16.0,1,0
0,0,0,0,16.0,1,0
0,0,0,0,19.0,1,0
0,0,0,0,1.0,1,0
0,0,0,0,23.0,1,0
0,0,0,0,23.0,1,0
0,0,0,0,1.0,1,0
0,0,0,0,16.333333333333332,2,0
0,0,0,0,17.0,2,0
0,0,0,0,19.0,3,0
0,0,0,1,20.5,4,0
0,0,0,0,8.25,11,1
0,0,0,0,17.285714285714285,6,0
0,0,0,2,17.448275862068964,19,1
0,0,0,0,15.161290322580646,25,1
0,0,0,0,12.210526315789474,29,1
0,0,0,0,16.22222222222222,22,1
0,0,0,0,13.842105263157896,31,1
0,0,0,3,12.619047619047619,32,1
0,0,0,3,13.696428571428571,48,1
0,0,0,0,13.56,42,1
0,0,0,1,14.96551724137931,47,1
0,0,0,2,12.68,43,1
0,0,0,0,12.958333333333334,41,1
0,0,0,0,14.884615384615385,41,1
0,0,0,4,14.5,65,1
0,0,0,0,10.885245901639344,50,1
0,1,0,0,13.32,65,1
0,0,0,0,14.15625,54,1
0,0,0,0,13.543478260869565,33,1
0,0,0,0,12.428571428571429,18,1
0,0,0,0,12.823529411764707,58,1
0,0,0,1,14.520833333333334,43,1
0,0,0,3,12.814814814814815,22,1
0,0,0,0,12.972222222222221,28,1
0,0,0,0,14.0,15,1
0,0,0,0,13.333333333333334,11,1
0,0,0,0,6.0,1,0
0,0,0,0,1.0,1,0
0,0,0,0,22.0,1,0
0,0,0,0,17.0,1,0
0,0,0,0,5.5,2,0
0,0,0,0,8.0,1,0
0,0,0,0,14.0,1,0
0,0,0,0,2.0,1,0
0,0,0,0,11.0,1,0
0,0,0,0,7.0,1,0
0,0,0,0,11.0,1,0
0,0,0,0,0.0,1,0
0,0,0,0,7.0,1,0
0,0,0,0,3.0,1,0
0,0,0,0,2.0,1,0
0,0,0,0,5.5,2,0
0,0,0,0,19.0,1,0
0,0,0,0,15.0,1,0
0,0,0,0,21.5,2,0
0,0,0,0,13.0,1,0
0,0,0,0,10.333333333333334,3,0
0,0,0,0,23.0,1,0
0,0,0,0,7.666666666666667,3,0
0,0,0,0,19.8,4,0
0,0,0,0,19.0,1,0
0,0,0,0,11.0,1,0
0,0,0,0,8.0,1,0
0,0,0,0,16.0,1,0
0,0,0,0,2.0,1,0
0,0,0,0,9.0,1,0
0,0,0,0,23.0,1,0
0,0,0,0,8.0,1,0
0,0,0,0,21.0,1,0
0,0,0,0,1.0,1,0
0,0,0,0,12.0,1,0
0,0,0,0,5.4,6,0
0,0,0,0,14.4375,11,1
0,0,0,0,16.5,3,0
0,0,0,0,14.5,4,0
0,0,0,0,10.25,4,0
0,0,0,0,14.7,8,0
0,0,0,0,12.7,7,0
0,0,0,0,17.5,11,1
0,0,0,0,14.5,4,0
0,0,0,0,12.0,3,0
0,0,0,0,19.6,4,0
0,0,0,0,20.5,2,0
0,0,0,2,12.0,4,0
0,0,0,0,0.0,1,0
0,0,0,0,10.142857142857142,7,0
0,0,0,1,10.0,2,0
0,0,0,0,9.0,1,0
0,0,0,0,8.0,2,0
0,0,0,0,7.0,1,0
0,0,0,0,16.0,1,0
0,0,0,0,22.0,1,0
0,0,0,0,18.0,1,0
0,0,0,0,7.5,2,0
0,0,0,0,13.333333333333334,2,0
0,0,0,0,23.0,1,0
0,0,0,0,18.666666666666668,2,0
0,0,0,0,13.5,3,0
0,0,0,0,22.0,2,0
0,0,0,0,12.454545454545455,10,0
0,0,0,0,14.5,8,0
0,0,0,0,16.857142857142858,7,0
0,0,0,0,13.0,1,0
0,0,0,0,16.285714285714285,7,0
0,0,0,0,10.6,5,0
0,0,0,0,7.5,4,0
0,0,0,0,14.0,2,0
0,0,0,0,13.4,5,0
0,0,0,0,22.0,1,0
0,0,0,0,12.5,5,0
0,0,0,0,13.5,2,0
0,0,0,0,14.0,1,0
0,0,0,0,3.0,1,0
0,0,0,0,4.5,2,0
0,0,0,0,3.0,2,0
0,0,0,0,4.0,1,0
0,0,0,0,17.0,1,0
0,0,0,0,11.0,1,0
0,0,0,0,18.0,1,0
0,0,0,0,23.0,1,0
0,0,0,0,12.0,1,0
0,0,0,0,11.0,1,0
0,0,0,0,1.0,1,0
0,0,0,4,16.0,1,0
0,0,0,0,1.0,1,0
0,0,0,0,23.0,1,0
0,0,0,0,17.0,1,0
0,0,0,0,18.0,1,0
0,0,0,0,16.0,1,0
0,0,0,0,6.333333333333333,2,0
0,0,0,0,1.0,1,0
0,0,0,0,14.0,1,0
0,0,0,0,14.0,5,0
0,0,0,0,10.166666666666666,5,0
0,0,0,0,14.666666666666666,3,0
0,0,0,0,12.833333333333334,6,0
0,0,0,0,16.7,10,0
0,0,0,0,16.058823529411764,17,1
0,0,0,0,14.263157894736842,16,1
0,0,0,0,14.06060606060606,25,1
0,0,0,0,12.555555555555555,16,1
0,0,0,0,9.875,15,1
0,0,0,4,11.696969696969697,29,1
0,0,0,0,13.8,24,1
0,0,0,0,13.4,15,1
0,0,0,0,14.32,22,1
0,0,0,0,12.576923076923077,25,1
0,0,0,1,11.714285714285714,13,1
0,0,0,0,11.61111111111111,17,1
0,0,0,0,12.64,19,1
0,0,0,0,13.117647058823529,14,1
0,0,0,0,13.6,5,0
0,0,0,0,11.0,1,0
0,0,0,0,19.0,2,0
0,0,0,0,20.0,1,0
0,0,0,0,22.0,1,0
0,0,0,0,10.0,1,0
0,0,0,0,21.0,1,0
0,0,0,0,8.0,1,0
0,0,0,0,16.0,1,0
0,0,0,0,2.0,1,0
0,0,0,0,1.0,1,0
0,0,0,0,19.0,1,0
0,0,0,0,20.0,1,0
0,0,0,0,14.0,1,0
0,0,0,0,12.928571428571429,13,1
0,0,0,0,15.8,5,0
0,0,0,0,8.4,5,0
0,0,0,0,19.0,5,0
0,0,0,0,15.0,2,0
0,0,0,0,11.75,4,0
0,0,0,0,14.6,5,0
0,0,0,0,11.0,1,0
0,0,0,0,19.0,1,0
0,0,0,0,22.0,1,0
0,0,0,0,22.0,1,0
0,0,0,0,2.0,1,0
0,0,0,0,16.0,1,0
0,0,0,0,15.1,9,0
0,0,0,0,6.9,7,0
0,0,0,0,8.529411764705882,12,1
0,0,0,0,16.181818181818183,11,0
0,0,0,0,1.0,2,0
0,0,0,0,13.285714285714286,7,0
0,0,0,0,13.714285714285714,7,0
0,0,0,0,19.5,2,0
0,0,0,0,23.0,1,0
0,0,0,0,10.0,1,0
0,0,0,0,16.333333333333332,2,0
0,0,0,0,10.0,1,0
0,0,0,1,17.833333333333332,6,0
0,0,0,0,11.0,2,0
0,0,0,0,15.666666666666666,3,0
0,0,0,0,9.0,3,0
0,0,0,0,17.833333333333332,4,0
0,0,0,0,22.0,1,0
0,0,0,0,14.5,4,0
0,0,0,1,10.333333333333334,3,0
0,0,0,0,19.0,1,0
0,0,0,1,14.5,11,1
0,0,0,0,11.0,1,0
0,0,0,0,19.5,2,0
0,0,0,0,20.0,1,0
0,0,0,0,23.0,1,0
0,0,0,0,10.0,1,0
0,0,0,0,9.0,1,0
0,0,0,0,16.0,1,0
0,0,0,0,8.0,1,0
0,0,0,0,14.0,1,0
0,0,0,0,15.0,1,0
0,0,0,0,15.0,1,0
0,0,0,0,14.0,1,0
0,0,0,0,11.0,1,0
0,0,0,0,14.8,3,0
0,0,0,0,14.5,4,0
0,0,0,0,13.0,1,0
0,0,0,0,9.0,1,0
0,0,0,0,15.0,1,0
0,0,0,0,10.0,1,0
0,0,0,0,23.0,1,0
0,0,0,0,16.0,1,0
0,0,0,1,10.0,1,0
0,0,0,0,10.0,1,0
0,0,0,0,17.5,2,0
0,0,0,0,9.0,1,0
0,0,0,0,9.0,1,0
0,0,0,0,23.0,1,0
0,0,0,0,1.0,1,0
0,0,0,0,17.0,1,0
0,0,0,0,11.0,2,0
0,0,0,0,13.0,1,0
0,0,0,0,9.0,1,0
0,0,0,0,20.0,1,0
0,0,0,0,3.0,1,0
0,0,0,0,20.0,1,0
0,0,0,0,21.0,1,0
0,0,0,0,17.0,1,0
0,0,0,0,7.0,1,0
0,0,0,0,11.0,2,0
0,0,0,0,11.0,1,0
0,0,0,0,16.0,1,0
0,0,0,0,9.0,1,0
0,0,0,0,15.0,1,0
0,0,0,0,8.0,1,0
0,0,0,0,1.0,1,0
0,0,0,0,1.0,1,0
0,0,0,0,12.0,1,0
0,0,0,0,9.0,1,0
0,0,0,0,8.0,1,0
0,0,0,0,15.0,1,0
0,0,0,0,11.0,1,0
0,0,0,0,23.0,1,0
0,0,0,0,8.0,1,0
0,0,0,0,0.0,1,0
0,0,0,0,15.0,1,0
0,0,0,0,21.0,1,0
0,0,0,0,16.0,1,0
0,0,0,0,16.5,2,0
0,0,0,0,15.5,2,0
0,0,0,0,19.0,2,0
0,0,0,0,6.6,2,0
0,0,0,0,14.5,2,0
0,0,0,0,14.538461538461538,11,1
0,0,0,1,11.666666666666666,12,1
0,0,0,2,11.714285714285714,13,1
0,0,0,0,12.285714285714286,19,1
0,0,0,1,17.0,14,1
0,0,0,1,14.5625,16,1
0,0,0,0,15.772727272727273,21,1
0,0,0,0,14.64864864864865,32,1
0,0,0,2,13.6,12,1
0,0,0,0,15.0,13,1
0,0,0,0,14.0,12,1
0,0,0,0,14.68421052631579,13,1
0,0,0,0,12.933333333333334,15,1
0,0,0,0,14.333333333333334,3,0
0,0,0,0,13.11111111111111,8,0
0,0,0,0,10.0,5,0
0,0,0,0,8.0,1,0
0,0,0,0,16.0,1,0
0,0,0,1,17.0,1,0
0,0,0,0,16.0,1,0
0,0,0,0,23.0,1,0
0,0,0,0,23.0,1,0
0,0,0,0,7.0,1,0
0,0,0,0,22.0,1,0
0,0,0,0,9.0,1,0
0,0,0,0,13.0,1,0
0,0,0,0,1.0,1,0
0,0,0,0,14.0,1,0
0,0,0,1,23.0,1,0
0,0,0,0,23.0,1,0
0,0,0,0,21.0,1,0
0,0,0,0,17.0,1,0
0,0,0,0,2.0,1,0
0,0,0,0,9.0,1,0
0,0,0,0,22.0,1,0
0,0,0,0,14.857142857142858,13,1
0,0,0,0,11.419354838709678,25,1
0,0,0,3,10.470588235294118,16,1
0,0,0,0,12.892857142857142,26,1
0,0,0,1,15.615384615384615,12,1
0,0,0,0,10.538461538461538,13,1
0,0,0,0,17.8,5,0
0,0,0,0,15.076923076923077,11,1
0,0,0,2,14.185185185185185,25,1
0,0,0,0,14.421052631578947,19,1
0,0,0,0,14.625,8,0
0,0,0,0,13.166666666666666,6,0
0,0,0,0,10.0,5,0
0,0,0,0,15.0,1,0
0,0,0,0,9.0,1,0
0,0,0,0,14.0,1,0
0,0,0,0,10.0,1,0
0,0,0,0,1.0,1,0
0,0,0,0,0.0,1,0
0,0,0,0,9.0,1,0
0,0,0,0,22.0,1,0
0,0,0,0,15.666666666666666,3,0
0,0,0,0,16.0,2,0
0,0,0,0,21.0,1,0
0,0,0,0,14.0,3,0
0,0,0,0,17.0,1,0
0,0,0,0,0.0,1,0
0,0,0,0,19.0,1,0
0,0,0,0,13.0,1,0
0,0,0,0,20.0,1,0
0,0,0,0,14.428571428571429,6,0
0,0,0,0,12.0,2,0
0,0,0,0,15.0,1,0
0,0,0,0,14.5,2,0
0,0,0,0,21.0,1,0
0,0,0,0,14.333333333333334,3,0
0,0,0,0,22.0,1,0
0,0,0,0,9.0,1,0
0,0,0,0,10.0,1,0
0,0,0,0,15.0,1,0
0,0,0,0,23.0,1,0
0,0,0,0,8.0,1,0
0,0,0,0,15.0,1,0
0,0,0,0,22.0,1,0
0,0,0,0,8.0,1,0
0,0,0,0,7.0,1,0
0,0,0,0,20.0,1,0
0,0,0,0,23.0,1,0
0,0,0,0,18.0,1,0
0,0,0,0,11.666666666666666,2,0
0,0,0,0,15.75,3,0
0,0,0,0,10.25,4,0
0,0,0,0,10.333333333333334,3,0
0,0,0,0,7.0,1,0
0,0,0,0,17.0,3,0
0,0,0,0,12.0,2,0
0,0,0,0,8.0,3,0
0,0,0,0,8.0,1,0
0,0,0,0,14.5,2,0
0,0,0,0,9.625,8,0
0,0,0,0,12.5,2,0
0,0,0,0,13.666666666666666,3,0
0,0,0,0,12.4,7,0
0,0,0,0,4.0,2,0
0,0,0,0,5.333333333333333,2,0
0,0,0,1,9.25,4,0
0,0,0,0,6.0,1,0
0,0,0,0,15.857142857142858,7,0
0,0,0,0,8.5,2,0
0,0,0,0,11.11111111111111,9,0
0,0,0,0,14.555555555555555,16,1
0,0,0,0,13.590909090909092,20,1
0,0,0,0,13.8,18,1
0,0,0,0,10.5,2,0
0,0,0,0,19.0,1,0
0,0,0,0,10.333333333333334,3,0
0,0,0,0,15.0,1,0
0,0,0,1,17.0,1,0
0,0,0,0,8.0,1,0
0,0,0,0,13.0,2,0
0,0,0,0,14.0,1,0
0,0,0,0,13.285714285714286,7,0
0,0,0,0,12.0,1,0
0,0,0,0,22.0,1,0
0,0,0,0,9.0,1,0
0,0,0,0,16.571428571428573,6,0
0,0,0,0,18.0,2,0
0,0,0,0,6.875,5,0
0,0,0,0,10.0,1,0
0,0,0,0,9.857142857142858,6,0
0,0,0,0,14.75,4,0
0,0,0,0,16.25,3,0
0,0,0,0,19.0,1,0
0,0,0,0,6.75,4,0
0,0,0,0,17.333333333333332,3,0
0,0,0,0,15.333333333333334,3,0
0,0,0,0,18.5,2,0
0,0,0,0,12.0,1,0
0,0,0,0,12.0,1,0
0,0,0,0,8.0,2,0
0,0,0,0,7.0,1,0
0,0,0,0,8.0,1,0
0,0,0,0,14.0,2,0
0,0,0,0,19.0,1,0
0,0,0,0,15.0,1,0
0,0,0,0,7.0,1,0
0,0,0,0,22.0,1,0
0,0,0,0,16.0,1,0
0,0,0,0,7.0,1,0
0,0,0,0,3.0,1,0
0,0,0,0,22.0,1,0
0,0,0,0,8.0,1,0
0,0,0,0,9.0,2,0
0,0,0,0,8.0,1,0
0,0,0,0,13.5625,14,1
0,0,0,0,11.588235294117647,13,1
0,0,0,6,12.952380952380953,15,1
0,0,0,0,13.32258064516129,25,1
0,0,0,0,13.923076923076923,25,1
0,0,0,0,13.4375,26,1
0,0,0,0,14.625,78,1
0,0,0,1,13.397435897435898,73,1
0,0,0,2,13.534653465346535,88,1
0,0,0,2,14.344086021505376,85,1
0,0,0,1,12.30232558139535,110,1
0,0,0,1,12.012820512820513,74,1
0,0,0,0,14.041666666666666,45,1
0,0,0,0,12.55,67,1
0,0,0,5,13.122641509433961,94,1
0,0,0,0,13.471698113207546,50,1
0,0,0,0,11.534883720930232,40,1
0,0,0,0,12.210526315789474,37,1
0,0,0,1,9.7,17,1
0,0,0,0,13.733333333333333,13,1
0,0,0,0,9.555555555555555,7,0
0,0,0,0,10.5,2,0
0,0,0,0,18.0,1,0
0,0,0,0,13.0,1,0
0,0,0,0,23.0,1,0
0,0,0,0,17.5,2,0
0,0,0,0,2.0,1,0
0,0,0,0,21.0,1,0
0,0,0,0,15.0,3,0
0,0,0,0,13.0,2,0
0,0,0,0,13.0,1,0
0,0,0,0,14.0,2,0
0,0,0,0,10.5,2,0
0,0,0,0,23.0,1,0
0,0,0,0,13.0,1,0
0,0,0,0,7.0,2,0
0,0,0,2,23.0,1,0
0,0,0,0,12.0,1,0
0,0,0,0,7.0,1,0
0,0,0,0,9.0,1,0
0,0,0,0,9.0,2,0
0,0,0,0,9.0,1,0
0,0,0,0,13.0,1,0
0,0,0,0,8.0,1,0
0,0,0,0,9.0,1,0
0,0,0,0,17.0,1,0
0,0,0,0,8.0,1,0
0,0,0,0,11.25,4,0
0,0,0,0,15.833333333333334,5,0
0,0,0,0,17.333333333333332,3,0
0,0,0,0,19.7,8,0
0,0,0,1,12.5,30,1
0,0,0,1,13.54054054054054,35,1
0,0,0,0,14.909090909090908,40,1
0,0,0,1,13.383561643835616,62,1
0,0,0,1,12.982456140350877,51,1
0,0,0,0,12.482142857142858,50,1
0,0,0,3,12.333333333333334,45,1
0,0,0,0,12.428571428571429,69,1
0,0,0,0,13.065217391304348,44,1
0,0,0,0,12.392857142857142,27,1
0,0,0,0,12.35897435897436,35,1
0,0,0,0,12.35483870967742,25,1
0,0,0,0,11.272727272727273,22,1
0,0,0,0,13.0625,15,1
0,0,0,0,12.866666666666667,13,1
0,0,0,0,10.692307692307692,13,1
0,0,0,0,13.75,4,0
0,0,0,0,14.0,1,0
0,0,0,0,14.0,1,0
0,0,0,0,17.0,1,0
0,0,0,0,17.0,1,0
0,0,0,0,21.0,1,0
0,0,0,0,16.0,1,0
0,0,0,0,14.0,1,0
0,0,0,0,17.0,1,0
0,0,0,0,7.0,1,0
0,0,0,0,23.0,1,0
0,0,0,0,6.0,1,0
0,0,0,0,15.0,1,0
0,0,0,0,21.0,1,0
0,0,0,0,8.0,1,0
0,0,0,0,9.0,1,0
0,0,0,0,13.0,1,0
0,0,0,0,9.0,1,0
0,0,0,0,10.0,1,0
0,0,0,0,10.0,1,0
0,0,0,0,0.0,1,0
0,0,0,0,21.0,1,0
0,0,0,0,16.0,1,0
0,0,0,0,23.0,1,0
0,0,0,0,22.0,1,0
0,0,0,0,11.0,1,0
0,0,0,0,16.0,1,0
0,0,0,0,20.0,1,0
0,0,0,0,11.0,1,0
0,0,0,0,11.0,1,0
0,0,0,0,9.0,1,0
0,0,0,0,23.0,1,0
0,0,0,0,7.0,1,0
0,0,0,0,11.0,1,0
0,0,0,0,12.0,1,0
0,0,0,0,9.0,1,0
0,0,0,0,11.0,1,0
0,0,0,0,17.0,1,0
0,0,0,0,23.0,1,0
0,0,0,0,2.0,1,0
0,0,0,0,13.0,1,0
0,0,0,0,2.0,2,0
0,0,0,0,11.0,1,0
0,0,0,0,9.0,1,0
0,0,0,0,7.0,1,0
0,0,0,0,8.0,1,0
0,0,0,0,19.0,1,0
0,0,0,0,9.0,1,0
0,0,0,0,16.0,1,0
0,0,0,0,12.0,1,0
0,0,0,0,9.5,2,0
0,0,0,0,18.0,1,0
0,0,0,0,10.0,1,0
0,0,0,0,16.0,1,0
0,0,0,0,6.0,1,0
0,0,0,0,12.0,1,0
0,0,0,0,2.0,1,0
0,0,0,0,11.5,2,0
0,0,0,0,23.0,1,0
0,0,0,0,1.0,1,0
0,0,0,0,12.0,1,0
0,0,0,0,11.461538461538462,11,1
0,0,0,0,12.6,3,0
0,0,0,0,21.5,2,0
0,0,0,0,8.142857142857142,3,0
0,0,0,0,13.25,9,1
0,0,0,0,16.0,1,0
0,0,0,0,22.0,1,0
0,0,0,0,15.956521739130435,17,1
0,0,0,0,14.473684210526315,16,1
0,0,0,0,15.0,3,0
0,0,0,0,19.0,2,0
0,0,0,0,14.0,1,0
0,0,0,0,0.0,1,0
0,0,0,0,9.0,1,0
0,0,0,0,10.0,2,0
0,0,0,0,10.0,1,0
0,0,0,0,9.333333333333334,2,0
0,0,0,0,1.0,1,0
0,0,0,0,8.0,1,0
0,0,0,1,18.0,1,0
0,0,0,0,9.0,1,0
0,0,0,0,23.0,1,0
0,0,0,0,13.0,2,0
0,0,0,0,9.8,5,0
0,0,0,0,16.5,2,0
0,0,0,0,17.0,1,0
0,0,0,0,7.0,1,0
0,0,0,0,8.0,1,0
0,0,0,0,20.0,1,0
0,0,0,0,16.0,1,0
0,0,0,0,20.0,1,0
0,0,0,0,15.0,1,0
0,0,0,0,15.428571428571429,6,0
0,0,0,0,2.0,1,0
0,0,0,0,17.0,1,0
0,0,0,0,2.0,1,0
0,0,0,0,8.0,1,0
0,0,0,0,7.0,1,0
0,0,0,0,7.5,2,0
0,0,0,0,14.0,1,0
0,0,0,0,1.0,1,0
0,0,0,0,20.0,1,0
0,0,0,0,10.0,1,0
0,0,0,0,17.0,1,0
0,0,0,0,21.0,1,0
0,0,0,0,0.0,1,0
0,0,0,0,7.5,3,0
0,0,0,0,19.5,4,0
0,0,0,0,9.0,4,0
0,0,0,0,11.454545454545455,8,0
0,0,0,0,13.666666666666666,7,0
0,0,0,0,2.5,2,0
0,0,0,0,14.0,1,0
0,0,0,0,23.0,1,0
0,0,0,0,0.0,1,0
0,0,0,0,10.0,1,0
0,0,0,0,22.0,1,0
0,0,0,0,3.0,1,0
0,0,0,0,23.0,1,0
0,0,0,0,11.0,1,0
0,0,0,0,23.0,1,0
0,0,0,0,8.0,1,0
0,0,0,0,3.0,1,0
0,0,0,0,7.0,1,0
0,0,0,0,15.0,1,0
0,0,0,0,16.0,1,0
0,0,0,0,18.0,1,0
0,0,0,0,0.0,1,0
0,0,0,0,2.0,1,0
0,0,0,0,23.0,1,0
0,0,0,0,0.0,1,0
0,0,0,0,17.0,1,0
0,0,0,0,17.0,1,0
0,0,0,0,22.0,1,0
0,0,0,0,0.0,1,0
0,0,0,0,11.0,1,0
0,0,0,0,23.0,1,0
0,0,0,0,17.0,1,0
0,0,0,0,5.0,1,0
0,0,0,0,22.0,1,0
0,0,0,0,11.0,1,0
0,0,0,0,11.0,1,0
0,0,0,0,11.0,1,0
0,0,0,0,22.0,1,0
0,0,0,0,9.0,1,0
0,0,0,0,18.0,1,0
0,0,0,0,12.0,1,0
0,0,0,0,11.0,1,0
0,0,0,0,4.0,1,0
0,0,0,0,13.0,1,0
0,0,0,0,1.3333333333333333,2,0
0,0,0,0,16.0,1,0
0,0,0,0,19.0,1,0
0,0,0,0,15.0,1,0
0,0,0,0,0.0,1,0
0,0,0,0,10.0,1,0
0,0,0,0,19.0,1,0
0,0,0,0,7.0,1,0
0,0,0,0,10.0,1,0
0,0,0,0,17.0,1,0
0,0,0,0,17.0,1,0
0,0,0,0,15.0,1,0
0,0,0,0,11.0,1,0
0,0,0,0,13.0,1,0
0,0,0,0,13.0,1,0
0,0,0,0,7.0,1,0
0,0,0,0,6.0,1,0
0,0,0,0,13.0,1,0
0,0,0,0,0.0,1,0
0,0,0,0,11.0,1,0
0,0,0,0,19.0,2,0
0,0,0,0,19.5,2,0
0,0,0,0,16.0,1,0
0,0,0,0,14.0,1,0
0,0,0,0,22.0,1,0
0,0,0,0,21.0,1,0
0,0,0,0,22.0,1,0
0,0,0,0,3.0,1,0
0,0,0,0,2.0,1,0
0,0,0,0,21.0,1,0
0,0,0,0,23.0,1,0
0,0,0,0,17.0,1,0
0,0,0,0,0.0,1,0
0,0,0,0,17.0,1,0
0,0,0,0,23.0,1,0
0,0,0,0,21.0,1,0
0,0,0,0,20.0,1,0
0,0,0,0,12.0,1,0
0,0,0,0,13.0,1,0
0,0,0,0,14.0,1,0
0,0,0,0,13.5,2,0
0,0,0,0,8.0,1,0
0,0,0,0,9.0,1,0
0,0,0,0,14.0,1,0
0,0,0,0,0.0,1,0
0,0,0,0,8.0,1,0
0,0,0,0,4.0,1,0
0,0,0,0,14.0,1,0
0,0,0,0,23.0,1,0
0,0,0,0,9.0,1,0
0,0,0,0,19.0,1,0
0,0,0,0,22.0,1,0
0,0,0,0,18.0,1,0
0,0,0,0,12.0,1,0
0,0,0,0,21.0,1,0
0,0,0,0,22.0,1,0
0,0,0,0,21.0,1,0
0,0,0,0,16.0,1,0
0,0,0,0,7.0,1,0
0,0,0,0,18.0,1,0
0,0,0,0,23.0,1,0
0,0,0,0,22.0,1,0
0,0,0,0,21.0,1,0
0,0,0,0,21.0,1,0
0,0,0,0,5.0,1,0
0,0,0,0,19.0,1,0
0,0,0,0,1.0,1,0
0,0,0,0,0.0,3,0
0,0,0,0,9.5,2,0
0,0,0,0,21.0,1,0
0,0,0,0,15.0,1,0
0,0,0,0,0.0,1,0
0,0,0,0,2.0,1,0
0,0,0,0,20.0,1,0
0,0,0,0,1.0,1,0
0,0,0,0,5.0,1,0
0,0,0,0,11.0,1,0
0,0,0,0,11.0,1,0
0,0,0,0,23.0,1,0
0,0,0,0,12.0,1,0
0,0,0,0,1.0,1,0
0,0,0,0,14.0,1,0
0,0,0,0,12.0,2,0
0,0,0,0,23.0,1,0
0,0,0,0,18.0,1,0
0,0,0,0,19.0,1,0
0,0,0,0,18.0,1,0
0,0,0,0,23.0,1,0
0,0,0,0,3.5,2,0
0,0,0,0,2.0,1,0
0,0,0,0,13.0,1,0
0,0,0,0,14.0,1,0
0,0,0,0,4.0,1,0
0,0,0,0,23.0,1,0
0,0,0,0,16.0,1,0
0,0,0,0,20.0,1,0
0,0,0,0,19.0,1,0
0,0,0,0,22.0,1,0
0,0,0,0,0.0,1,0
0,0,0,0,0.0,1,0
0,0,0,0,7.0,1,0
0,0,0,0,22.0,1,0
0,0,0,0,0.0,1,0
0,0,0,0,22.0,1,0
0,0,0,0,17.0,1,0
0,0,0,0,20.0,1,0
0,0,0,0,13.0,1,0
0,0,0,0,13.0,1,0
0,0,0,0,1.0,1,0
0,0,0,0,0.0,1,0
0,0,0,1,14.0,1,0
0,0,0,0,8.0,1,0
0,0,0,0,20.0,1,0
0,0,0,0,15.0,1,0
0,0,0,0,23.0,1,0
0,0,0,0,3.0,1,0
0,0,0,0,13.25,2,0
0,0,0,0,14.0,1,0
0,0,0,0,23.0,1,0
0,0,0,0,23.0,1,0
0,0,0,0,1.0,2,0
0,0,0,0,5.0,1,0
0,0,0,0,21.0,1,0
0,0,0,0,8.0,1,0
0,0,0,0,15.0,1,0
0,0,0,0,19.0,1,0
0,0,0,0,13.0,1,0
0,0,0,0,9.0,1,0
0,0,0,0,10.0,1,0
0,0,0,0,21.0,1,0
0,0,0,0,13.0,1,0
0,0,0,0,21.0,1,0
0,0,0,0,22.0,1,0
0,0,0,0,21.0,1,0
0,0,0,0,19.0,1,0
0,0,0,0,11.0,1,0
0,0,0,0,0.0,1,0
0,0,0,0,23.0,1,0
0,0,0,0,9.0,1,0
0,0,0,0,8.0,1,0
0,0,0,0,7.0,1,0
0,0,0,0,10.0,1,0
0,0,0,0,13.0,1,0
0,0,0,0,13.0,1,0
0,0,0,0,19.0,1,0
0,0,0,0,10.0,1,0
0,0,0,0,23.0,1,0
0,0,0,0,16.0,1,0
0,0,0,0,14.0,1,0
0,0,0,0,23.0,1,0
0,0,0,0,8.0,1,0
0,0,0,0,20.0,1,0
0,0,0,0,19.0,1,0
0,0,0,0,23.0,1,0
0,0,0,0,15.0,1,0
0,0,0,0,11.0,1,0
0,0,0,0,10.0,1,0
0,0,0,0,11.0,1,0
0,0,0,0,6.0,1,0
0,0,0,0,6.0,1,0
0,0,0,0,19.0,1,0
0,0,0,0,0.0,1,0
0,0,0,0,0.0,1,0
0,0,0,0,18.0,1,0
0,0,0,0,6.0,1,0
0,0,0,0,23.0,1,0
0,0,0,0,17.0,1,0
0,0,0,0,7.0,1,0
0,0,0,0,16.5,2,0
0,0,0,0,8.0,1,0
0,0,0,0,20.0,1,0
0,0,0,0,8.0,1,0
0,0,0,0,2.0,1,0
0,0,0,0,14.0,1,0
0,0,0,0,16.0,1,0
0,0,0,0,23.0,1,0
0,0,0,0,11.0,1,0
0,0,0,0,17.0,1,0
0,0,0,0,7.0,1,0
0,0,0,0,13.0,1,0
0,0,0,0,22.0,1,0
0,0,0,0,7.0,1,0
0,0,0,0,17.0,1,0
0,0,0,0,21.0,1,0
0,0,0,0,2.0,1,0
0,0,0,0,3.0,1,0
0,0,0,0,21.0,1,0
0,0,0,0,12.5,2,0
0,0,0,0,18.0,1,0
0,0,0,0,7.0,1,0
0,0,0,0,10.5,2,0
0,0,0,0,16.0,1,0
0,0,0,0,2.0,1,0
0,0,0,0,4.0,1,0
0,0,0,0,3.0,1,0
0,0,0,0,23.0,1,0
0,0,0,0,10.0,1,0
0,0,0,0,11.0,1,0
0,0,0,0,15.0,1,0
0,0,0,0,7.0,1,0
0,0,0,1,7.0,1,0
0,0,0,0,9.0,1,0
0,0,0,0,7.0,2,0
0,0,0,0,8.0,1,0
0,0,0,0,10.0,1,0
0,0,0,0,15.0,3,0
0,0,0,0,17.0,1,0
0,0,0,0,9.0,1,0
0,0,0,1,13.0,1,0
0,0,0,0,7.2,4,0
0,0,0,0,2.0,1,0
0,0,0,0,13.0,1,0
0,0,0,0,17.25,3,0
0,0,0,0,23.0,1,0
0,0,0,0,20.0,2,0
0,0,0,0,18.5,2,0
0,0,0,0,15.0,1,0
0,0,0,0,17.0,2,0
0,0,0,0,18.0,4,0
0,0,0,0,13.0,3,0
0,0,0,0,23.0,1,0
0,0,0,0,13.25,3,0
0,0,0,0,10.0,2,0
0,0,0,0,12.333333333333334,3,0
0,0,0,0,21.0,1,0
0,0,0,0,8.5,4,0
0,0,0,0,9.25,3,0
0,0,0,0,20.333333333333332,3,0
0,0,0,0,12.6,4,0
0,0,0,0,16.8,5,0
0,0,0,0,18.833333333333332,6,0
0,0,0,0,19.5,2,0
0,0,0,0,12.666666666666666,2,0
0,0,0,0,9.285714285714286,5,0
0,0,0,0,23.0,1,0
0,0,0,0,3.0,1,0
0,0,0,0,8.0,1,0
0,0,0,0,12.0,2,0
0,0,0,0,7.5,2,0
0,0,0,0,12.0,2,0
0,0,0,0,12.666666666666666,6,0
0,0,0,0,10.0,1,0
0,0,0,0,11.666666666666666,3,0
0,0,0,0,8.6,3,0
0,0,0,0,9.714285714285714,3,0
0,0,0,0,10.166666666666666,6,0
0,0,0,0,11.0,5,0
0,0,0,0,12.285714285714286,4,0
0,0,0,0,10.5,6,0
0,0,0,0,3.0,1,0
0,0,0,0,3.0,1,0
0,0,0,0,22.0,1,0
0,0,0,0,23.0,1,0
0,0,0,0,10.0,1,0
0,0,0,0,21.0,1,0
0,0,0,0,7.0,1,0
0,0,0,0,14.0,1,0
0,0,0,0,14.0,1,0
0,0,0,0,22.0,1,0
0,0,0,0,2.0,1,0
0,0,0,0,9.0,1,0
0,0,0,0,23.0,1,0
0,0,0,0,18.0,1,0
0,0,0,0,20.0,1,0
0,0,0,0,9.0,1,0
0,0,0,0,10.0,2,0
0,0,0,0,14.5,2,0
0,0,0,0,14.0,1,0
0,0,0,0,14.166666666666666,4,0
0,0,0,0,10.5,2,0
0,0,0,0,14.0,1,0
0,0,0,0,7.666666666666667,2,0
0,0,0,0,17.75,2,0
0,0,0,0,13.0,2,0
0,0,0,1,13.5,6,0
0,0,0,2,11.571428571428571,5,0
0,0,0,0,12.8,5,0
0,0,0,0,11.0,5,0
0,0,0,0,16.11111111111111,8,0
0,0,0,0,12.909090909090908,9,0
0,0,0,0,9.142857142857142,8,1
0,0,0,1,11.454545454545455,10,0
0,0,0,0,7.944444444444445,12,1
0,0,0,0,10.625,23,1
0,0,0,0,13.133333333333333,25,1
0,0,0,0,9.384615384615385,10,1
0,0,0,0,13.285714285714286,7,0
0,0,0,0,9.6,4,0
0,0,0,1,13.5,2,0
0,0,0,0,18.666666666666668,3,0
0,0,0,0,16.666666666666668,2,0
0,0,0,0,18.75,3,0
0,0,0,0,14.8,5,0
0,0,0,0,15.25,4,0
0,0,0,0,9.833333333333334,4,0
0,0,0,0,18.0,1,0
0,0,0,0,15.25,3,0
0,0,0,0,16.714285714285715,6,0
0,0,0,0,21.0,5,0
0,0,0,0,12.363636363636363,8,0
0,0,0,0,17.384615384615383,7,1
0,0,0,0,12.75,8,1
0,0,0,0,15.5,2,0
0,0,0,0,14.11111111111111,8,0
0,0,0,0,8.444444444444445,7,0
0,0,0,0,23.0,1,0
0,0,0,0,7.0,1,0
0,0,0,0,8.0,1,0
0,0,0,0,11.0,1,0
0,0,0,0,14.0,1,0
0,0,0,0,23.0,1,0
0,0,0,0,13.5,2,0
0,0,0,0,10.0,1,0
0,0,0,0,14.5,2,0
0,0,0,0,18.0,1,0
0,4,0,0,13.642857142857142,6,1
0,0,0,0,20.11111111111111,5,0
0,0,0,0,16.444444444444443,6,0
0,0,0,0,15.941176470588236,11,1
0,0,0,0,22.333333333333332,2,0
0,0,0,0,15.714285714285714,7,0
0,0,0,0,16.384615384615383,10,1
0,0,0,0,14.4375,13,1
0,0,0,0,10.625,6,0
0,0,0,0,10.375,13,1
0,0,0,0,10.846153846153847,10,1
0,0,0,0,12.0,24,1
0,0,0,3,13.928571428571429,21,1
0,0,0,0,11.923076923076923,36,1
0,0,0,4,14.40625,25,1
0,0,0,0,12.294117647058824,15,1
0,0,0,0,11.9,9,0
0,0,0,0,12.625,8,0
0,0,0,0,11.0,1,0
0,0,0,0,1.0,1,0
0,0,0,0,5.0,1,0
0,0,0,0,1.0,1,0
0,0,0,0,16.0,1,0
0,0,0,0,17.0,1,0
0,0,0,0,16.0,1,0
0,0,0,0,10.0,1,0
0,0,0,0,14.0,1,0
0,0,0,0,8.0,1,0
0,0,0,0,15.0,1,0
0,0,0,0,14.0,1,0
0,0,0,0,13.0,1,0
0,0,0,0,16.0,2,0
0,0,0,0,16.285714285714285,5,0
0,0,0,0,21.0,1,0
0,0,0,0,12.4,4,0
0,0,0,1,14.222222222222221,8,0
0,0,0,0,16.38888888888889,17,1
0,0,0,0,8.7,9,0
0,0,0,0,17.0,5,0
0,0,0,0,15.625,12,1
0,0,0,0,17.7,12,1
0,0,0,3,12.842105263157896,14,1
0,0,0,1,12.821428571428571,20,1
0,0,0,0,15.303030303030303,28,1
0,0,0,2,14.923076923076923,22,1
0,0,0,2,11.0,16,1
0,0,0,1,13.6875,25,1
0,0,0,5,9.773584905660377,29,1
0,0,0,0,11.487804878048781,29,1
0,0,0,3,9.875,27,1
0,0,0,2,12.52,23,1
0,0,0,0,15.1,15,1
0,0,0,0,19.0,1,0
0,0,0,0,0.0,1,0
0,0,0,0,2.0,1,0
0,0,0,0,23.0,1,0
0,0,0,0,18.0,1,0
0,0,0,0,0.0,1,0
0,0,0,0,3.0,1,0
0,0,0,0,14.285714285714286,6,0
0,0,0,0,13.75,11,1
0,0,0,0,11.0,3,0
0,0,0,0,14.0,1,0
0,0,0,0,19.0,3,0
0,0,0,0,16.0,1,0
0,0,0,0,15.0,3,0
0,0,0,0,12.0,1,0
0,0,0,0,9.0,1,0
0,0,0,0,3.0,1,0
0,0,0,0,19.0,1,0
0,0,0,0,1.0,1,0
0,0,0,0,3.0,1,0
0,0,0,0,19.0,1,0
0,0,0,0,16.0,1,0
0,0,0,0,15.0,1,0
0,0,0,0,19.0,1,0
0,0,0,0,11.0,1,0
0,0,0,0,10.5,2,0
0,0,0,0,12.0,1,0
0,0,0,0,16.0,1,0
0,0,0,0,13.0,1,0
0,0,0,0,14.0,1,0
0,0,0,0,5.333333333333333,2,0
0,0,0,0,10.0,1,0
0,0,0,0,10.0,1,0
0,0,0,0,10.0,1,0
0,0,0,0,8.0,1,0
0,0,0,1,9.0,1,0
0,0,0,0,13.0,1,0
0,0,0,0,18.0,1,0
0,0,0,0,7.0,1,0
0,0,0,0,14.0,1,0
0,0,0,0,7.0,1,0
0,0,0,0,13.4,4,0
0,0,0,0,18.0,1,0
0,0,0,0,8.846153846153847,18,1
0,0,0,1,16.818181818181817,28,1
0,2,0,2,15.823529411764707,38,1
0,0,0,0,14.037974683544304,56,1
0,0,0,0,15.492307692307692,54,1
0,0,0,0,14.09433962264151,41,1
0,0,0,1,15.057142857142857,27,1
0,0,0,0,14.761904761904763,33,1
0,0,0,1,12.442857142857143,54,1
0,0,0,5,10.518518518518519,35,1
0,0,0,0,13.855263157894736,62,1
0,0,0,1,12.405405405405405,61,1
0,0,0,0,12.161016949152541,83,1
0,0,0,5,12.888501742160278,223,1
0,0,0,7,13.932692307692308,78,1
0,0,0,4,12.4375,68,1
0,0,0,0,12.33695652173913,70,1
0,0,0,1,14.092307692307692,55,1
0,0,0,0,16.166666666666668,5,0
0,0,0,0,23.0,1,0
0,0,0,0,8.0,1,0
0,0,0,0,5.0,1,0
0,0,0,0,22.0,1,0
0,0,0,0,1.0,1,0
0,0,0,0,23.0,1,0
0,0,0,0,13.0,1,0
0,0,0,0,1.0,1,0
0,0,0,0,1.0,1,0
0,0,0,0,0.0,1,0
0,0,0,0,10.0,1,0
0,0,0,0,8.0,1,0
0,0,0,0,17.0,3,0
0,0,0,0,18.25,4,0
0,0,0,0,9.75,3,0
0,0,0,0,11.833333333333334,6,0
0,0,0,0,15.0,4,0
0,0,0,0,21.0,1,0
0,0,0,0,3.0,1,0
0,0,0,0,8.666666666666666,6,0
0,0,0,0,6.666666666666667,6,0
0,0,0,0,12.0,1,0
0,0,0,0,13.0,2,0
0,0,0,0,19.0,1,0
0,0,0,0,21.0,1,0
0,0,0,0,3.0,1,0
0,0,0,0,13.0,1,0
0,0,0,0,15.0,1,0
0,0,0,0,11.0,1,0
0,0,0,0,11.0,1,0
0,0,0,0,9.0,1,0
0,0,0,0,2.0,1,0
0,0,0,0,2.0,1,0
0,0,0,0,13.0,1,0
0,0,0,0,9.0,1,0
0,0,0,0,12.0,1,0
0,0,0,0,10.714285714285714,6,0
0,0,0,0,15.222222222222221,7,0
0,0,0,0,12.23076923076923,10,1
0,0,0,2,14.041666666666666,19,1
0,0,0,1,11.5625,24,1
0,0,0,0,6.222222222222222,9,0
0,0,0,0,12.125,8,0
0,0,0,0,15.0,4,0
0,0,0,0,2.0,1,0
0,0,0,0,11.666666666666666,2,0
0,0,0,0,17.0,1,0
0,0,0,0,0.6666666666666666,2,0
0,0,0,0,8.0,1,0
0,0,0,0,2.0,1,0
0,0,0,0,14.0,1,0
0,0,0,0,23.0,1,0
0,0,0,0,2.0,1,0
0,0,0,0,8.0,1,0
0,0,0,0,17.0,1,0
0,0,0,0,21.0,1,0
0,0,0,0,10.0,1,0
0,0,0,0,21.0,1,0
0,0,0,0,15.5,2,0
0,0,0,0,9.0,1,0
0,0,0,0,17.0,2,0
0,0,0,0,19.0,2,0
0,0,0,0,10.0,1,0
0,0,0,0,14.0,1,0
0,0,0,0,19.0,1,0
0,0,0,0,22.0,1,0
0,0,0,0,15.0,1,0
0,0,0,0,22.0,1,0
0,0,0,0,20.0,1,0
0,0,0,0,9.0,1,0
0,0,0,0,16.0,1,0
0,0,0,0,17.0,1,0
0,0,0,0,17.0,1,0
0,0,0,0,13.0,1,0
0,0,0,0,10.0,1,0
0,0,0,0,17.0,1,0
0,0,0,0,2.0,1,0
0,0,0,0,10.0,1,0
0,0,0,0,0.0,1,0
0,0,0,0,19.058823529411764,7,1
0,0,0,1,14.76,21,1
0,0,0,0,14.35897435897436,28,1
0,0,0,0,14.0,27,1
0,0,0,0,9.09375,23,1
0,0,0,0,16.833333333333332,5,0
0,0,0,0,14.44,18,1
0,0,0,0,13.947368421052632,16,1
0,0,0,0,12.538461538461538,10,1
0,0,0,0,14.235294117647058,14,1
0,0,0,0,11.75,16,1
0,0,0,0,14.666666666666666,19,1
0,0,0,0,12.724137931034482,26,1
0,0,0,1,11.793103448275861,25,1
0,0,0,0,13.214285714285714,12,1
0,0,0,0,14.052631578947368,17,1
0,0,0,0,12.178571428571429,21,1
0,0,0,0,9.0,1,0
0,0,0,0,19.0,1,0
0,0,0,0,11.0,1,0
0,0,0,0,11.0,1,0
0,0,0,0,0.0,2,0
0,0,0,0,21.0,1,0
0,0,0,0,7.0,1,0
0,0,0,0,13.0,2,0
0,0,0,0,14.6,5,0
0,0,0,0,21.0,2,0
0,0,0,0,11.0,1,0
0,0,0,0,14.666666666666666,6,0
0,0,0,0,8.666666666666666,5,0
0,0,0,0,17.25,4,0
0,0,0,0,19.0,1,0
0,0,0,0,21.0,1,0
0,0,0,0,14.0,1,0
0,0,0,0,10.0,1,0
0,0,0,0,10.75,6,0
0,0,0,1,12.76923076923077,9,1
0,0,0,0,23.0,1,0
0,0,0,0,15.333333333333334,3,0
0,0,0,0,9.333333333333334,6,0
0,0,0,0,15.0,2,0
0,0,0,0,16.25,3,0
0,0,0,0,3.0,1,0
0,0,0,0,9.88888888888889,7,0
0,0,0,0,6.0,1,0
0,0,0,0,4.666666666666667,4,0
0,0,0,0,17.75,3,0
0,0,0,0,23.0,1,0
0,0,0,0,17.0,1,0
0,0,0,0,19.0,1,0
0,0,0,0,16.0,1,0
0,0,0,0,14.0,1,0
0,0,0,0,1.0,1,0
0,0,0,0,3.5,2,0
0,0,0,0,18.0,1,0
0,0,0,1,11.0,1,0
0,0,0,0,3.0,1,0
0,0,0,0,21.0,1,0
0,0,0,0,22.666666666666668,2,0
0,0,0,0,12.5,2,0
0,0,0,0,2.0,1,0
0,0,0,0,0.0,1,0
0,0,0,0,3.0,1,0
0,0,0,0,16.0,1,0
0,0,0,0,23.0,1,0
0,0,0,0,2.0,1,0
0,0,0,0,11.5,2,0
0,0,0,0,13.0,1,0
0,0,0,0,22.0,1,0
0,0,0,0,22.0,1,0
0,0,0,0,4.0,1,0
0,0,0,0,19.0,1,0
0,0,0,0,7.0,1,0
0,0,0,0,21.0,1,0
0,0,0,0,2.0,1,0
0,0,0,0,14.0,1,0
0,0,0,0,8.0,1,0
0,0,0,0,2.0,1,0
0,0,0,0,3.0,1,0
0,0,0,0,0.0,1,0
0,0,0,0,2.0,1,0
0,0,0,0,8.0,1,0
0,0,0,0,10.0,1,0
0,0,0,0,22.0,3,0
0,0,0,0,8.0,1,0
0,0,0,0,16.0,1,0
0,0,0,0,21.0,1,0
0,0,0,0,22.0,1,0
0,0,0,0,16.5,3,0
0,0,0,0,16.0,1,0
0,0,0,0,17.0,1,0
0,0,0,0,9.0,1,0
0,0,0,0,6.0,1,0
0,0,0,0,11.0,1,0
0,0,0,0,12.0,1,0
0,0,0,0,23.0,1,0
0,0,0,0,11.0,1,0
0,0,0,0,9.181818181818182,8,0
0,0,0,0,13.2,8,0
0,0,0,0,13.461538461538462,38,1
0,0,0,0,15.555555555555555,29,1
0,0,0,2,13.821428571428571,41,1
0,0,0,5,12.868852459016393,42,1
0,0,0,11,12.5,62,1
0,0,0,0,13.6,53,1
0,0,0,0,15.254901960784315,44,1
0,0,0,1,14.877777777777778,78,1
0,0,0,3,13.31578947368421,51,1
0,5,0,1,12.542372881355933,185,1
0,0,0,0,14.420765027322405,132,1
0,0,0,17,13.285245901639344,236,1
0,0,0,1,13.065934065934066,74,1
0,0,0,3,12.401515151515152,112,1
0,0,0,5,12.140625,57,1
0,0,0,1,13.534883720930232,35,1
0,0,0,0,2.0,2,0
0,0,0,0,21.0,1,0
0,0,0,0,22.0,1,0
0,0,0,0,21.0,1,0
0,0,0,0,17.0,1,0
0,0,0,0,17.0,1,0
0,0,0,0,2.0,1,0
0,0,0,0,1.0,1,0
0,0,0,0,5.0,1,0
0,0,0,0,13.0,1,0
0,0,0,0,18.0,1,0
0,0,0,0,15.0,1,0
0,0,0,0,20.0,3,0
0,0,0,0,1.0,1,0
0,0,0,0,8.181818181818182,8,0
0,0,0,0,22.5,2,0
0,0,0,0,16.5,5,0
0,0,0,0,17.75,3,0
0,0,0,0,0.75,2,0
0,0,0,0,17.5,2,0
0,0,0,0,4.0,1,0
0,0,0,0,4.333333333333333,2,0
0,0,0,0,2.0,1,0
0,0,0,0,21.0,1,0
0,0,0,0,23.0,1,0
0,0,0,0,15.0,1,0
0,0,0,0,9.0,1,0
0,0,0,0,21.0,1,0
0,0,0,0,5.0,1,0
0,0,0,0,20.0,1,0
0,0,0,0,13.0,1,0
0,0,0,0,17.0,1,0
0,0,0,0,16.0,1,0
0,0,0,0,9.0,1,0
0,0,0,0,14.0,1,0
0,0,0,0,15.0,1,0
0,0,0,0,16.0,1,0
0,0,0,0,0.0,1,0
0,0,0,0,13.25,4,0
0,0,0,0,13.0,3,0
0,0,0,0,7.75,4,0
0,0,0,0,4.571428571428571,3,0
0,0,0,0,16.0,1,0
0,0,0,0,13.0,4,0
0,0,0,0,10.0,1,0
0,0,0,0,16.142857142857142,6,0
0,0,0,0,11.2,4,0
0,0,0,0,12.333333333333334,3,0
0,0,0,0,12.416666666666666,6,1
0,0,0,0,8.714285714285714,7,0
0,0,0,0,17.333333333333332,3,0
0,0,0,0,13.0,6,0
0,0,0,0,15.333333333333334,2,0
0,0,0,0,12.0,1,0
0,0,0,0,12.5,2,0
0,0,0,0,23.0,1,0
0,0,0,0,12.666666666666666,3,0
0,0,0,0,23.0,1,0
0,0,0,0,14.0,1,0
0,0,0,3,22.0,1,0
0,0,0,0,17.0,1,0
0,0,0,0,18.0,1,0
0,0,0,0,12.0,1,0
0,0,0,0,3.0,1,0
0,0,0,0,10.0,3,0
0,0,0,0,14.714285714285714,5,0
0,0,0,4,13.210526315789474,12,1
0,0,0,4,9.363636363636363,7,0
0,0,0,0,7.625,6,0
0,0,0,0,16.6,4,0
0,0,0,0,10.5,3,0
0,0,0,0,16.6,8,0
0,0,0,0,17.0,2,0
0,0,0,1,15.0,4,0
0,0,0,0,11.5,3,0
0,0,0,0,23.0,1,0
0,0,0,0,17.846153846153847,10,1
0,0,0,0,17.375,6,0
0,0,0,0,7.0,2,0
0,0,0,0,6.0,2,0
0,0,0,0,20.0,1,0
0,0,0,0,11.666666666666666,3,0
0,0,0,0,21.0,1,0
0,0,0,0,9.0,3,0
0,0,0,0,17.0,1,0
0,0,0,0,2.0,1,0
0,0,0,0,12.0,2,0
0,0,0,0,8.333333333333334,3,0
0,0,0,0,12.666666666666666,3,0
0,0,0,0,16.0,1,0
0,0,0,0,11.333333333333334,3,0
0,0,0,0,15.0,2,0
0,0,0,0,22.0,1,0
0,0,0,2,23.0,1,0
0,0,0,0,17.0,1,0
0,0,0,0,15.0,1,0
0,0,0,0,18.0,1,0
0,0,0,0,12.0,1,0
0,0,0,0,9.0,1,0
0,0,0,0,23.0,1,0
0,0,0,1,16.8,12,1
0,0,0,0,9.75,12,1
0,0,0,0,11.3,7,0
0,0,0,1,15.7,10,0
0,0,0,0,20.0,2,0
0,0,0,0,9.0,7,1
0,0,0,0,11.642857142857142,14,1
0,0,0,0,11.5,17,1
0,0,0,1,12.73913043478261,17,1
0,0,0,0,9.583333333333334,8,1
0,0,0,0,14.333333333333334,11,1
0,0,0,0,13.0,6,0
0,0,0,0,20.333333333333332,2,0
0,0,0,0,10.0,2,0
0,0,0,0,22.0,1,0
0,0,0,0,23.0,1,0
0,0,0,0,20.0,1,0
0,0,0,0,9.0,1,0
0,0,0,0,18.0,1,0
0,0,0,0,6.0,1,0
0,0,0,0,13.5,2,0
0,0,0,0,11.0,3,0
0,0,0,0,18.0,2,0
0,0,0,0,13.0,1,0
0,0,0,0,22.0,1,0
0,0,0,0,17.0,1,0
0,0,0,0,7.0,2,0
0,0,0,0,10.0,1,0
0,0,0,0,21.0,1,0
0,0,0,0,5.0,2,0
0,0,0,0,21.0,1,0
0,0,0,0,10.666666666666666,3,0
0,0,0,0,8.0,1,0
0,0,0,0,19.0,2,0
0,0,0,0,14.0,1,0
0,0,0,0,23.0,1,0
0,0,0,0,18.4,2,0
0,0,0,0,5.5,2,0
0,0,0,0,16.0,1,0
0,0,0,0,14.0,1,0
0,0,0,0,13.0,1,0
0,0,0,7,13.304347826086957,14,1
0,0,0,0,16.384615384615383,8,1
0,0,0,0,10.272727272727273,8,0
0,0,0,0,12.0,2,0
0,0,0,0,13.571428571428571,6,0
0,0,0,0,22.0,1,0
0,0,0,0,9.0,1,0
0,0,0,0,15.25,3,0
0,0,0,0,8.0,1,0
0,0,0,2,17.285714285714285,5,0
0,0,0,1,10.833333333333334,4,0
0,0,0,0,8.0,4,0
0,0,0,0,21.0,1,0
0,0,0,0,7.0,1,0
0,0,0,0,1.0,1,0
0,0,0,0,20.0,1,0
0,0,0,0,9.0,1,0
0,0,0,0,12.0,1,0
0,0,0,0,13.0,1,0
0,0,0,0,14.0,1,0
0,0,0,0,13.5,2,0
0,0,0,0,17.0,1,0
0,0,0,0,18.0,1,0
0,0,0,0,15.0,1,0
0,0,0,0,4.25,2,0
0,0,0,0,0.0,2,0
0,0,0,0,22.0,1,0
0,0,0,0,16.5,2,0
0,0,0,0,11.125,6,0
0,0,0,0,7.0,3,0
0,0,0,0,9.0,1,0
0,0,0,0,0.0,1,0
0,3,0,0,16.625,6,0
0,0,0,0,17.5,2,0
0,0,0,0,0.0,1,0
0,0,0,0,21.0,1,0
0,0,0,0,22.0,1,0
0,0,0,0,12.0,1,0
0,0,0,0,2.0,1,0
0,0,0,0,16.0,1,0
0,0,0,0,22.0,1,0
0,0,0,0,23.0,1,0
0,0,0,0,14.5,2,0
0,0,0,0,1.0,1,0
0,0,0,0,2.0,1,0
0,0,0,0,8.0,1,0
0,0,0,0,8.0,1,0
0,0,0,0,22.0,1,0
0,0,0,0,6.0,1,0
0,0,0,0,19.0,1,0
0,0,0,0,8.0,1,0
0,0,0,0,13.0,1,0
0,0,0,0,16.0,1,0
0,0,0,0,0.0,1,0
0,0,0,0,9.0,1,0
0,0,0,0,9.0,1,0
0,0,0,0,10.0,1,0
0,0,0,0,23.0,1,0
0,0,0,0,23.0,1,0
0,0,0,0,13.0,1,0
0,0,0,0,10.5,2,0
0,0,0,0,21.0,1,0
0,0,0,0,20.0,1,0
0,0,0,1,6.0,1,0
0,0,0,0,21.0,1,0
0,0,0,0,4.0,2,0
0,0,0,0,22.0,1,0
0,0,0,0,10.0,1,0
0,0,0,0,7.0,1,0
0,0,0,0,14.0,1,0
0,0,0,0,4.0,1,0
0,0,0,0,21.0,1,0
0,0,0,0,1.0,1,0
0,0,0,0,9.0,1,0
0,0,0,0,10.0,3,0
0,0,0,0,23.0,1,0
0,0,0,0,8.0,1,0
0,0,0,0,14.0,1,0
0,0,0,0,21.0,1,0
0,0,0,0,4.0,2,0
0,0,0,0,7.0,1,0
0,0,0,0,13.0,1,0
0,0,0,0,16.0,1,0
0,0,0,0,9.0,1,0
0,0,0,0,10.0,1,0
0,0,0,0,17.0,3,0
0,0,0,0,12.0,1,0
0,0,0,0,19.0,1,0
0,0,0,0,21.0,1,0
0,0,0,0,20.0,1,0
0,0,0,0,8.0,1,0
0,0,0,0,11.0,1,0
0,0,0,0,15.0,1,0
0,0,0,0,22.0,1,0
0,0,0,0,13.0,1,0
0,0,0,0,16.0,1,0
0,0,0,0,14.0,1,0
0,0,0,0,7.0,1,0
0,0,0,0,23.0,1,0
0,0,0,0,17.333333333333332,2,0
0,0,0,0,19.0,1,0
0,0,0,0,1.0,1,0
0,0,0,0,22.0,1,0
0,0,0,0,22.0,1,0
0,0,0,0,22.0,1,0
0,0,0,0,14.0,1,0
0,0,0,0,21.666666666666668,2,0
0,0,0,0,12.333333333333334,2,0
0,0,0,0,14.0,1,0
0,0,0,1,11.5,4,0
0,0,0,0,11.555555555555555,6,0
0,0,0,0,14.0,2,0
0,0,0,0,23.0,1,0
0,0,0,0,20.0,1,0
0,0,0,0,23.0,1,0
0,0,0,0,13.0,1,0
0,0,0,0,18.0,1,0
0,0,0,0,9.0,1,0
0,0,0,0,11.0,1,0
0,0,0,0,20.0,1,0
0,0,0,0,11.0,1,0
0,0,0,0,3.0,1,0
0,0,0,0,21.0,1,0
0,0,0,0,16.0,1,0
0,0,0,0,14.0,1,0
0,0,0,0,1.0,1,0
0,0,0,0,23.0,1,0
0,0,0,1,14.0,1,0
0,0,0,0,13.0,1,0
0,0,0,0,21.0,1,0
0,0,0,0,18.333333333333332,5,0
0,0,0,0,11.333333333333334,4,0
0,0,0,0,15.75,4,0
0,0,0,0,13.0,1,0
0,0,0,0,15.0,1,0
0,0,0,0,21.0,1,0
0,0,0,0,8.0,1,0
0,0,0,0,7.0,1,0
0,0,0,0,18.0,1,0
0,0,0,0,20.0,1,0
0,0,0,0,14.0,2,0
0,0,0,0,11.0,1,0
0,0,0,0,11.0,1,0
0,0,0,2,16.0,1,0
0,0,0,0,22.0,1,0
0,0,0,5,14.0,1,0
0,0,0,0,9.0,1,0
0,0,0,0,19.0,1,0
0,0,0,0,19.0,1,0
0,0,0,0,20.0,1,0
0,0,0,0,7.0,1,0
0,0,0,0,9.0,1,0
0,0,0,0,16.0,1,0
0,0,0,0,12.0,1,0
0,0,0,0,11.0,1,0
0,0,0,0,14.0,1,0
0,0,0,0,11.0,1,0
0,0,0,0,16.0,1,0
0,0,0,0,0.0,1,0
0,0,0,0,5.833333333333333,5,0
0,0,0,0,17.25,3,0
0,0,0,0,2.0,1,0
0,0,0,0,22.0,1,0
0,0,0,0,19.0,1,0
0,0,0,0,9.666666666666666,2,0
0,0,0,0,15.333333333333334,2,0
0,0,0,0,16.0,2,0
0,0,0,0,19.0,1,0
0,0,0,0,0.6666666666666666,2,0
0,0,0,0,23.0,1,0
0,0,0,0,0.0,1,0
0,0,0,0,6.0,1,0
0,0,0,0,23.0,1,0
0,0,0,0,16.0,1,0
0,0,0,0,9.0,1,0
0,0,0,0,18.5,2,0
0,0,0,0,1.0,1,0
0,0,0,0,11.0,1,0
0,0,0,0,17.0,1,0
0,0,0,0,2.0,1,0
0,0,0,0,4.0,1,0
0,0,0,0,8.0,1,0
0,0,0,0,9.0,1,0
0,0,0,0,7.0,1,0
0,0,0,0,22.0,1,0
0,0,0,0,18.333333333333332,2,0
0,0,0,0,14.0,1,0
0,0,0,0,9.0,1,0
0,0,0,0,6.0,1,0
0,0,0,0,14.0,1,0
0,0,0,0,7.0,1,0
0,0,0,0,9.5,2,0
0,0,0,0,8.0,1,0
0,0,0,0,9.0,1,0
0,0,0,0,2.0,1,0
0,0,0,0,22.0,1,0
0,0,0,0,22.0,1,0
0,0,0,0,21.0,1,0
0,0,0,0,1.0,1,0
0,0,0,0,20.0,1,0
0,0,0,0,22.0,1,0
0,0,0,0,14.0,1,0
0,0,0,0,9.333333333333334,2,0
0,0,0,0,12.5,2,0
0,0,0,0,10.666666666666666,5,0
0,0,0,0,14.0,1,0
0,0,0,0,1.0,1,0
0,0,0,0,7.0,1,0
0,0,0,0,8.0,1,0
0,0,0,0,3.0,2,0
0,0,0,0,0.0,1,0
0,0,0,0,21.0,1,0
0,0,0,0,10.5,4,0
0,0,0,0,23.0,1,0
0,0,0,0,18.0,1,0
0,0,0,0,15.0,3,0
0,0,0,0,9.0,2,0
0,0,0,0,4.0,2,0
0,0,0,0,16.0,1,0
0,0,0,0,5.666666666666667,3,0
0,0,0,0,1.0,1,0
0,0,0,0,14.0,5,0
0,0,0,0,9.0,1,0
0,0,0,0,13.125,15,1
0,0,0,0,7.0,1,0
0,0,0,0,8.25,5,0
0,0,0,0,7.0,1,0
0,0,0,0,12.0,1,0
0,0,0,0,14.0,1,0
0,0,0,0,8.0,1,0
0,0,0,0,9.0,1,0
0,0,0,0,8.0,1,0
0,0,0,0,12.0,1,0
0,0,0,0,7.0,1,0
0,0,0,0,12.0,2,0
0,0,0,0,17.0,1,0
0,0,0,0,4.5,2,0
0,0,0,0,12.0,1,0
0,0,0,0,3.0,1,0
0,0,0,0,8.666666666666666,5,0
0,0,0,0,13.4,4,0
0,0,0,0,3.888888888888889,7,0
0,0,0,0,19.666666666666668,3,0
0,0,0,0,9.333333333333334,2,0
0,0,0,0,22.0,1,0
0,0,0,0,6.0,1,0
0,0,0,0,3.0,1,0
0,0,0,0,1.0,1,0
0,0,0,0,8.0,1,0
0,0,0,0,8.0,1,0
0,0,0,0,23.0,1,0
0,0,0,0,7.0,1,0
0,0,0,0,3.0,1,0
0,0,0,0,8.0,1,0
0,0,0,0,16.0,1,0
0,0,0,0,8.0,1,0
0,0,0,0,17.0,1,0
0,0,0,0,14.0,1,0
0,0,0,0,7.0,1,0
0,0,0,0,14.0,1,0
0,0,0,0,18.0,1,0
0,0,0,0,23.0,1,0
0,0,0,0,10.0,1,0
0,0,0,0,14.0,1,0
0,0,0,0,23.0,1,0
0,0,0,0,1.0,1,0
0,0,0,0,21.0,1,0
0,0,0,0,22.0,1,0
0,0,0,0,23.0,1,0
0,0,0,0,20.0,1,0
0,0,0,0,7.0,1,0
0,0,0,0,11.0,1,0
0,0,0,0,21.0,1,0
0,0,0,0,13.75,2,0
0,0,0,0,19.0,1,0
0,0,0,0,21.0,1,0
0,0,0,0,16.0,1,0
0,0,0,0,21.0,1,0
0,0,0,0,8.5,2,0
0,0,0,0,19.833333333333332,3,0
0,0,0,0,7.5,2,0
0,0,0,0,4.571428571428571,5,0
0,0,0,0,15.0,1,0
0,0,0,0,6.0,1,0
0,0,0,0,6.0,1,0
0,0,0,0,2.0,1,0
0,0,0,0,22.0,1,0
0,0,0,0,12.25,6,0
0,0,0,0,5.333333333333333,3,0
0,0,0,0,9.6,3,0
0,0,0,0,12.7,7,0
0,0,0,0,14.333333333333334,4,0
0,0,0,0,19.22222222222222,6,0
0,0,0,0,12.5,8,0
0,0,0,3,12.714285714285714,15,1
0,0,0,0,15.5,2,0
0,0,0,0,9.727272727272727,15,1
0,0,0,0,18.75,4,0
0,0,0,0,12.538461538461538,11,1
0,0,0,0,12.0,12,1
0,0,0,0,11.9,9,0
0,0,0,0,21.0,2,0
0,0,0,0,11.0,1,0
0,0,0,0,23.0,1,0
0,0,0,0,17.0,1,0
0,0,0,0,20.0,1,0
0,0,0,0,9.0,1,0
0,0,0,0,4.0,1,0
0,0,0,0,8.0,1,0
0,0,0,0,12.0,1,0
0,0,0,0,16.0,1,0
0,0,0,0,9.0,1,0
0,0,0,0,17.0,1,0
0,0,0,0,17.0,1,0
0,0,0,0,14.5,2,0
0,0,0,0,13.25,2,0
0,0,0,0,14.166666666666666,5,0
0,0,0,0,13.25,3,0
0,0,0,0,13.0,1,0
0,0,0,0,16.0,1,0
0,0,0,0,16.0,3,0
0,0,0,0,8.0,2,0
0,0,0,0,9.222222222222221,8,0
0,0,0,0,8.142857142857142,6,0
0,0,0,0,11.666666666666666,5,0
0,0,0,0,5.571428571428571,6,0
0,0,0,0,10.2,3,0
0,0,0,0,11.0,3,0
0,0,0,0,20.0,1,0
0,0,0,0,23.0,1,0
0,0,0,0,22.0,1,0
0,0,0,0,22.666666666666668,3,0
0,0,0,0,12.666666666666666,7,0
0,0,0,0,11.285714285714286,6,0
0,0,0,0,19.714285714285715,6,0
0,0,0,0,10.5,4,0
0,0,0,0,17.625,5,0
0,0,0,0,12.181818181818182,8,0
0,0,0,0,12.5,4,0
0,0,0,0,9.75,4,0
0,0,0,0,12.166666666666666,6,0
0,0,0,0,7.588235294117647,13,1
0,0,0,0,6.4,4,0
0,0,0,0,13.0,5,0
0,0,0,0,15.75,9,1
0,0,0,0,23.0,1,0
0,0,0,0,11.0,1,0
0,0,0,0,15.0,1,0
0,0,0,0,21.5,2,0
0,0,0,0,12.5,2,0
0,0,0,0,17.0,2,0
0,0,0,0,8.0,1,0
0,0,0,0,10.0,1,0
0,0,0,0,12.0,1,0
0,0,0,0,11.0,1,0
0,0,0,0,3.0,1,0
0,0,0,0,11.0,1,0
0,0,0,0,12.333333333333334,2,0
0,0,0,0,10.0,1,0
0,0,0,0,9.333333333333334,3,0
0,0,0,0,10.0,1,0
0,0,0,0,15.0,1,0
0,0,0,0,8.0,1,0
0,0,0,0,6.0,2,0
0,0,0,0,13.0,2,0
0,0,0,0,13.5,2,0
0,0,0,0,9.0,1,0
0,0,0,0,0.0,1,0
0,0,0,0,9.0,1,0
0,0,0,0,7.0,1,0
0,0,0,0,13.0,1,0
0,0,0,0,2.0,1,0
0,0,0,0,15.0,6,0
0,0,0,0,16.952380952380953,16,1
0,0,0,1,12.228571428571428,28,1
0,0,0,1,12.96551724137931,44,1
0,0,0,0,16.433962264150942,40,1
0,0,0,2,13.775862068965518,50,1
0,0,0,0,13.904761904761905,55,1
0,0,0,2,13.297619047619047,75,1
0,0,0,0,13.31578947368421,49,1
0,0,0,1,14.36,69,1
0,0,0,0,12.426829268292684,73,1
0,0,0,1,14.23076923076923,62,1
0,0,0,1,11.993055555555555,117,1
0,0,0,0,13.794117647058824,114,1
0,5,0,5,11.6,170,1
0,0,0,0,10.873015873015873,47,1
0,0,0,0,11.717391304347826,39,1
0,0,0,0,11.0,20,1
0,0,0,0,14.363636363636363,10,0
0,0,0,0,18.0,1,0
0,0,0,0,6.0,1,0
0,0,0,0,8.0,1,0
0,0,0,0,2.0,1,0
0,0,0,0,4.0,1,0
0,0,0,0,13.0,1,0
0,0,0,0,22.0,1,0
0,0,0,0,21.0,1,0
0,0,0,0,14.0,1,0
0,0,0,0,0.0,1,0
0,0,0,0,21.0,1,0
0,0,0,0,22.0,1,0
0,0,0,0,21.0,1,0
0,0,0,0,22.0,1,0
0,0,0,0,9.0,1,0
0,0,0,1,12.5,2,0
0,0,0,0,15.0,1,0
0,0,0,0,17.666666666666668,3,0
0,0,0,0,18.25,4,0
0,0,0,0,21.22222222222222,7,0
0,0,0,0,1.0,1,0
0,0,0,0,16.0,2,0
0,0,0,0,16.333333333333332,4,0
0,0,0,0,7.818181818181818,6,0
0,0,0,0,17.2,5,0
0,0,0,1,12.636363636363637,8,0
0,0,0,0,10.666666666666666,7,0
0,0,0,2,14.75,10,1
0,0,0,0,16.2,3,0
0,0,0,0,9.555555555555555,8,0
0,0,0,0,15.294117647058824,15,1
0,0,0,0,12.583333333333334,10,1
0,0,0,0,15.777777777777779,7,0
0,0,0,0,11.2,4,0
0,0,0,0,5.571428571428571,5,0
0,0,0,0,10.0,1,0
0,0,0,0,7.0,1,0
0,0,0,0,14.5,2,0
0,0,0,0,20.0,1,0
0,0,0,0,9.0,1,0
0,0,0,0,1.0,1,0
0,0,0,0,18.666666666666668,2,0
0,0,0,0,12.75,4,0
0,0,0,0,12.0,2,0
0,0,0,0,9.0,1,0
0,0,0,0,10.0,1,0
0,0,0,0,3.0,1,0
0,0,0,0,17.0,1,0
0,0,0,0,5.0,2,0
0,0,0,0,17.0,1,0
0,0,0,0,20.0,1,0
0,0,0,0,23.0,1,0
0,0,0,0,23.0,1,0
0,0,0,0,11.0,1,0
0,0,0,0,17.0,1,0
0,0,0,0,0.0,1,0
0,0,0,0,22.0,1,0
0,0,0,0,8.0,1,0
0,0,0,0,14.0,2,0
0,0,0,0,21.0,1,0
0,0,0,0,19.0,1,0
0,0,0,0,22.0,1,0
0,0,0,0,14.666666666666666,3,0
0,0,0,0,22.0,1,0
0,0,0,0,23.0,1,0
0,0,0,0,16.333333333333332,3,0
0,0,0,0,11.0,1,0
0,0,0,0,15.0,1,0
0,0,0,0,15.0,1,0
0,0,0,0,18.0,1,0
0,0,0,0,16.0,1,0
0,0,0,1,18.0,1,0
0,0,0,0,22.0,1,0
0,0,0,0,0.5,2,0
0,0,0,0,12.0,2,0
0,0,0,0,13.0,1,0
0,0,0,0,23.0,1,0
0,0,0,0,7.0,1,0
0,0,0,0,21.0,2,0
0,0,0,0,19.666666666666668,3,0
0,0,0,0,16.0,10,1
0,0,0,0,9.588235294117647,12,1
0,0,0,0,13.85,18,1
0,0,0,3,12.290322580645162,20,1
0,0,0,0,15.090909090909092,9,0
0,0,0,0,11.695652173913043,19,1
0,0,0,0,11.357142857142858,12,1
0,0,0,1,15.333333333333334,23,1
0,0,0,0,11.9,18,1
0,0,0,0,13.38888888888889,18,1
0,0,0,1,13.162162162162161,28,1
0,0,0,0,12.9375,28,1
0,0,0,2,12.245283018867925,76,1
0,0,0,2,10.4,31,1
0,0,0,0,13.964285714285714,21,1
0,0,0,0,13.379310344827585,25,1
0,0,0,0,9.115384615384615,17,1
0,0,0,0,22.0,1,0
0,0,0,0,23.0,1,0
0,0,0,0,17.0,1,0
0,0,0,0,6.5,2,0
0,0,0,0,9.0,1,0
0,0,0,0,15.0,1,0
0,0,0,0,14.0,1,0
0,0,0,0,23.0,1,0
0,0,0,0,3.0,1,0
0,0,0,0,7.0,1,0
0,0,0,0,0.0,1,0
0,0,0,0,3.0,1,0
0,0,0,0,11.0,1,0
0,0,0,0,19.0,1,0
0,0,0,0,6.0,1,0
0,0,0,0,1.0,1,0
0,0,0,0,21.0,1,0
0,0,0,0,21.0,1,0
0,0,0,0,23.0,1,0
0,0,0,0,12.0,1,0
0,0,0,0,21.0,1,0
0,0,0,0,15.0,1,0
0,0,0,0,21.0,1,0
0,0,0,0,0.0,1,0
0,0,0,0,22.0,1,0
0,0,0,0,10.5,4,0
0,0,0,0,17.5,2,0
0,0,0,0,13.454545454545455,6,0
0,0,0,0,14.0,5,0
0,0,0,0,11.416666666666666,11,1
0,0,0,0,22.0,1,0
0,0,0,0,16.153846153846153,9,1
0,0,0,0,23.0,1,0
0,0,0,0,13.0,1,0
0,0,0,0,1.0,1,0
0,0,0,0,5.5,2,0
0,0,0,0,19.0,1,0
0,0,0,0,15.0,1,0
0,0,0,0,18.0,1,0
0,0,0,0,17.0,1,0
0,0,0,0,16.0,1,0
0,0,0,0,0.0,1,0
0,0,0,0,10.0,1,0
0,0,0,0,11.0,1,0
0,0,0,0,10.0,1,0
0,0,0,0,7.0,1,0
0,0,0,0,18.0,1,0
0,0,0,0,7.0,1,0
0,0,0,0,8.0,1,0
0,0,0,0,13.0,1,0
0,0,0,0,19.0,1,0
0,0,0,0,21.0,1,0
0,0,0,0,22.0,1,0
0,0,0,0,21.0,1,0
0,0,0,0,22.0,1,0
0,0,0,0,13.0,1,0
0,0,0,0,13.875,5,0
0,0,0,1,14.833333333333334,11,1
0,0,0,0,12.666666666666666,10,1
0,0,0,0,13.857142857142858,7,0
0,0,0,0,16.0,1,0
0,0,0,0,17.25,6,0
0,0,0,0,9.25,6,0
0,0,0,0,12.833333333333334,5,0
0,0,0,0,10.5,4,0
0,0,0,0,9.833333333333334,4,0
0,0,0,0,13.5,7,0
0,0,0,0,8.444444444444445,7,0
0,0,0,0,14.166666666666666,6,0
0,0,0,0,7.0,2,0
0,0,0,0,20.0,1,0
0,0,0,0,9.0,1,0
0,0,0,0,9.0,1,0
0,0,0,0,15.333333333333334,2,0
0,0,0,0,16.0,1,0
0,0,0,0,7.0,1,0
0,0,0,0,17.0,1,0
0,0,0,0,14.4,3,0
0,0,0,0,17.0,1,0
0,0,0,0,9.666666666666666,6,0
0,0,0,0,14.0,1,0
0,0,0,0,9.333333333333334,2,0
0,0,0,0,11.0,1,0
0,0,0,0,12.0,1,0
0,0,0,0,23.0,1,0
0,0,0,0,21.0,1,0
0,0,0,0,22.0,2,0
0,0,0,0,7.0,1,0
0,0,0,0,10.0,1,0
0,0,0,0,0.0,1,0
0,0,0,0,15.0,2,0
0,0,0,0,21.5,3,0
0,0,0,0,10.0,1,0
0,0,0,0,6.0,1,0
0,0,0,0,22.0,1,0
0,0,0,0,18.0,1,0
0,0,0,0,18.0,1,0
0,0,0,0,0.0,1,0
0,0,0,0,21.0,1,0
0,0,0,0,15.0,1,0
0,0,0,0,23.0,1,0
0,0,0,0,7.0,1,0
0,0,0,0,17.0,1,0
0,0,0,0,23.0,1,0
0,0,0,0,21.0,1,0
0,0,0,0,19.0,1,0
0,0,0,0,8.0,1,0
0,0,0,0,8.0,1,0
0,0,0,0,7.0,1,0
0,0,0,0,13.0,1,0
0,0,0,0,19.0,1,0
0,0,0,0,6.0,1,0
0,0,0,0,16.0,1,0
0,0,0,0,22.0,1,0
0,0,0,0,20.0,1,0
0,0,0,0,0.0,1,0
0,0,0,0,1.0,1,0
0,0,0,0,22.5,2,0
0,0,0,0,9.0,1,0
0,0,0,0,7.8,2,0
0,0,0,0,7.4,3,0
0,0,0,0,13.0,1,0
0,0,0,0,16.0,1,0
0,0,0,0,18.5,2,0
0,0,0,0,8.5,2,0
0,0,0,0,21.0,2,0
0,0,0,0,1.0,1,0
0,0,0,1,16.0,1,0
0,0,0,0,9.333333333333334,3,0
0,0,0,0,0.0,1,0
0,0,0,0,0.0,1,0
0,0,0,1,4.666666666666667,3,0
0,0,0,0,15.5,4,0
0,0,0,0,15.272727272727273,6,0
0,0,0,0,8.75,4,0
0,0,0,0,14.785714285714286,11,1
0,0,0,0,12.125,6,0
0,0,0,1,14.891891891891891,28,1
0,0,0,0,12.785714285714286,23,1
0,0,0,0,13.294117647058824,16,1
0,0,0,0,11.515151515151516,28,1
0,0,0,0,13.782608695652174,20,1
0,0,0,3,13.581395348837209,70,1
0,0,0,1,10.552238805970148,51,1
0,0,0,0,14.337349397590362,67,1
0,0,0,0,13.348837209302326,32,1
0,0,0,0,16.03030303030303,29,1
0,0,0,0,15.363636363636363,11,0
0,0,0,0,12.4,9,0
0,0,0,0,20.0,1,0
0,0,0,0,23.0,1,0
0,0,0,0,12.0,1,0
0,0,0,0,22.0,1,0
0,0,0,0,3.0,1,0
0,0,0,0,8.0,1,0
0,0,0,0,2.0,1,0
0,0,0,0,5.0,1,0
0,0,0,0,17.8,2,0
0,0,0,0,9.666666666666666,2,0
0,0,0,0,9.0,1,0
0,0,0,0,0.0,1,0
0,0,0,0,14.0,1,0
0,0,0,0,15.0,1,0
0,0,0,0,13.0,1,0
0,0,0,0,7.0,1,0
0,0,0,0,0.0,1,0
0,0,0,0,22.0,1,0
0,0,0,0,6.75,2,0
0,0,0,0,5.5,2,0
0,0,0,0,21.0,1,0
0,0,0,0,9.0,1,0
0,0,0,0,16.0,2,0
0,0,0,0,11.5,4,0
0,0,0,0,10.5,1,0
0,0,0,0,12.5,2,0
0,0,0,0,11.0,1,0
0,0,0,0,7.0,1,0
0,0,0,0,21.0,1,0
0,0,0,0,9.454545454545455,8,0
0,0,0,0,22.0,1,0
0,0,0,0,13.833333333333334,6,0
0,0,0,0,5.75,3,0
0,0,0,0,7.75,3,0
0,0,0,0,11.333333333333334,3,0
0,0,0,0,10.666666666666666,3,0
0,0,0,0,11.666666666666666,3,0
0,0,0,0,1.0,1,0
0,0,0,0,15.666666666666666,3,0
0,0,0,0,22.0,1,0
0,0,0,0,13.0,1,0
0,0,0,0,8.0,1,0
0,0,0,0,12.0,1,0
0,0,0,0,7.0,1,0
0,0,0,0,9.5,4,0
0,0,0,0,10.0,3,0
0,0,0,0,12.0,1,0
0,0,0,0,13.0,1,0
0,0,0,0,15.0,2,0
0,0,0,0,15.0,2,0
0,0,0,0,10.0,1,0
0,0,0,0,13.0,2,0
0,0,0,0,12.0,1,0
0,0,0,0,9.0,2,0
0,0,0,0,16.0,7,0
0,0,0,0,10.666666666666666,5,0
0,0,0,0,13.0,2,0
0,0,0,0,10.666666666666666,3,0
0,0,0,0,15.0,2,0
0,0,0,0,10.4,5,0
0,0,0,0,21.0,1,0
0,0,0,0,10.0,2,0
0,0,0,0,12.0,2,0
0,0,0,0,0.0,1,0
0,0,0,0,20.0,5,0
0,0,0,0,15.8,5,0
0,0,0,0,11.882352941176471,16,1
0,0,0,0,12.058823529411764,12,1
0,0,0,0,9.333333333333334,15,1
0,0,0,0,9.833333333333334,13,1
0,0,0,0,11.448275862068966,28,1
0,0,0,0,13.653846153846153,21,1
0,0,0,0,14.583333333333334,21,1
0,0,0,0,9.9,19,1
0,0,0,0,12.73913043478261,23,1
0,0,0,0,14.08695652173913,19,1
0,0,0,0,12.714285714285714,13,1
0,0,0,0,14.5,8,0
0,0,0,0,15.142857142857142,7,0
0,0,0,0,16.8,5,0
0,0,0,0,18.142857142857142,6,0
0,0,0,0,18.0,1,0
0,0,0,0,17.0,2,0
0,0,0,0,17.0,1,0
0,0,0,0,20.0,1,0
0,0,0,0,16.0,1,0
0,0,0,0,1.0,1,0
0,0,0,0,14.0,3,0
0,0,0,0,20.5,4,0
0,0,0,0,18.5,4,0
0,0,0,0,11.0,2,0
0,0,0,0,4.0,2,0
0,0,0,1,12.25,4,0
0,0,0,0,11.2,5,0
0,0,0,0,15.0,1,0
0,0,0,0,6.0,3,0
0,0,0,0,13.285714285714286,4,0
0,0,0,0,10.5,2,0
0,0,0,0,4.0,1,0
0,0,0,0,20.0,1,0
0,0,0,0,21.0,1,0
0,0,0,0,22.0,1,0
0,0,0,0,1.0,1,0
0,0,0,0,20.0,1,0
0,0,0,0,23.0,1,0
0,0,0,0,8.0,1,0
0,0,0,0,1.0,1,0
0,0,0,0,1.0,1,0
0,0,0,0,12.0,1,0
0,0,0,0,4.0,1,0
0,0,0,0,9.0,1,0
0,0,0,0,9.0,1,0
0,0,0,1,17.0,1,0
0,0,0,0,14.5,2,0
0,0,0,0,8.5,2,0
0,0,0,0,13.0,1,0
0,0,0,0,8.0,1,0
0,0,0,0,22.0,1,0
0,0,0,0,22.0,1,0
0,0,0,0,10.0,1,0
0,0,0,0,21.25,3,0
0,0,0,0,19.4,3,0
0,0,0,0,11.333333333333334,3,0
0,0,0,0,10.0,1,0
0,0,0,0,3.0,1,0
0,0,0,0,15.0,1,0
0,0,0,0,11.5,2,0
0,0,0,0,8.0,2,0
0,0,0,0,16.5,2,0
0,0,0,0,5.0,3,0
0,0,0,1,16.0,2,0
0,0,0,0,12.333333333333334,3,0
0,0,0,0,11.0,1,0
0,0,0,0,23.0,1,0
0,0,0,0,8.0,1,0
0,0,0,0,19.0,1,0
0,0,0,0,23.0,1,0
0,0,0,0,5.0,1,0
0,0,0,0,20.0,1,0
0,0,0,0,0.0,1,0
0,0,0,0,22.0,1,0
0,0,0,0,22.0,1,0
0,0,0,0,23.0,1,0
0,0,0,0,3.0,1,0
0,0,0,0,14.0,2,0
0,0,0,0,21.0,1,0
0,0,0,0,23.0,1,0
0,0,0,0,11.5,2,0
0,0,0,0,21.0,1,0
0,0,0,0,18.0,1,0
0,0,0,0,22.0,1,0
0,0,0,0,21.0,1,0
0,0,0,0,15.0,1,0
0,0,0,1,7.0,1,0
0,0,0,0,10.0,1,0
0,0,0,0,20.0,1,0
0,0,0,0,22.0,1,0
0,0,0,0,16.0,1,0
0,0,0,0,2.0,1,0
0,0,0,0,0.0,1,0
0,0,0,0,23.0,1,0
0,0,0,0,17.0,1,0
0,0,0,0,18.0,1,0
0,0,0,0,17.0,1,0
0,0,0,0,15.0,1,0
0,0,0,0,23.0,1,0
0,0,0,0,2.0,1,0
0,0,0,0,11.0,1,0
0,0,0,0,9.0,1,0
0,0,0,0,11.0,1,0
0,0,0,0,8.0,1,0
0,0,0,0,23.0,1,0
0,0,0,0,0.0,1,0
0,0,0,0,8.0,1,0
0,0,0,0,12.0,1,0
0,0,0,0,22.0,1,0
0,0,0,0,11.0,1,0
0,0,0,0,22.0,1,0
0,0,0,0,22.0,1,0
0,0,0,0,19.0,1,0
0,0,0,0,23.0,1,0
0,0,0,0,23.0,1,0
0,0,0,3,16.0,1,0
0,0,0,0,19.0,2,0
0,0,0,0,10.0,1,0
0,0,0,0,10.0,1,0
0,0,0,0,18.0,1,0
0,0,0,0,14.5,2,0
0,0,0,0,10.0,1,0
0,0,0,0,21.0,1,0
0,0,0,0,11.0,1,0
0,0,0,0,22.5,2,0
0,0,0,0,21.0,2,0
0,0,0,0,12.0,3,0
0,0,0,0,15.0,1,0
0,0,0,0,9.333333333333334,2,0
0,0,0,0,19.0,1,0
0,0,0,0,15.2,4,0
0,0,0,0,6.0,2,0
0,0,0,0,11.666666666666666,3,0
0,0,0,0,15.5,2,0
0,0,0,0,5.0,2,0
0,0,0,0,0.0,1,0
0,0,0,0,18.0,1,0
0,0,0,0,8.25,3,0
0,0,0,0,19.8,8,0
0,0,0,0,16.875,6,0
0,0,0,0,13.0,5,0
0,0,0,0,14.0,2,0
0,0,0,0,7.857142857142857,3,0
0,0,0,0,23.0,1,0
0,0,0,0,15.5,2,0
0,0,0,0,11.5,2,0
0,0,0,0,17.0,1,0
0,0,0,0,14.0,1,0
0,0,0,0,1.0,2,0
0,0,0,0,14.0,1,0
0,0,0,0,18.0,1,0
0,0,0,0,21.0,1,0
0,0,0,0,10.0,1,0
0,0,0,0,9.75,3,0
0,0,0,0,14.0,1,0
0,0,0,0,17.0,2,0
0,0,0,0,1.0,1,0
0,0,0,0,11.5,2,0
0,0,0,0,9.5,2,0
0,0,0,0,21.0,1,0
0,0,0,0,8.0,1,0
0,0,0,0,15.0,1,0
0,0,0,0,8.0,1,0
0,0,0,0,22.0,1,0
0,0,0,0,21.0,1,0
0,0,0,0,19.0,1,0
0,0,0,0,4.0,1,0
0,0,0,0,22.0,1,0
0,0,0,0,21.0,1,0
0,0,0,0,10.0,1,0
0,0,0,0,13.0,1,0
0,0,0,0,6.0,1,0
0,0,0,0,10.0,1,0
0,0,0,0,23.0,1,0
0,0,0,0,14.0,1,0
0,0,0,0,7.0,1,0
0,0,0,0,0.0,1,0
0,0,0,0,15.333333333333334,2,0
0,0,0,0,17.5,2,0
0,0,0,0,15.571428571428571,5,0
0,0,0,0,17.6,5,0
0,0,0,0,12.4,4,0
0,0,0,0,9.0,2,0
0,0,0,0,9.0,2,0
0,0,0,0,10.0,3,0
0,0,0,0,6.666666666666667,2,0
0,0,0,0,11.0,2,0
0,0,0,0,13.0,1,0
0,0,0,0,8.0,1,0
0,0,0,0,2.4,2,0
0,0,0,0,12.666666666666666,2,0
0,0,0,1,9.5,2,0
0,0,0,0,19.0,1,0
0,0,0,0,17.333333333333332,3,0
0,0,0,0,7.666666666666667,2,0
0,0,0,0,4.0,3,0
0,0,0,0,21.0,1,0
0,0,0,0,15.3,8,0
0,0,0,0,10.333333333333334,4,0
0,0,0,0,3.3333333333333335,2,0
0,0,0,0,21.0,2,0
0,0,0,0,16.25,3,0
0,0,0,0,12.0,3,0
0,0,0,0,8.0,1,0
0,0,0,0,10.5,2,0
0,0,0,0,9.5,4,0
0,0,0,0,8.0,1,0
0,0,0,0,12.4,2,0
0,0,0,0,21.0,1,0
0,0,0,0,17.333333333333332,2,0
0,0,0,0,13.5,2,0
0,0,0,0,16.0,1,0
0,0,0,0,21.333333333333332,2,0
0,0,0,0,6.0,3,0
0,0,0,0,2.3333333333333335,2,0
0,0,0,0,7.0,2,0
0,0,0,0,17.444444444444443,5,0
0,0,0,0,19.5,2,0
0,0,0,0,14.4,8,0
0,0,0,0,8.8125,11,1
0,0,0,0,10.117647058823529,11,1
0,0,0,0,8.466666666666667,12,1
0,0,0,0,9.571428571428571,3,0
0,0,0,0,14.222222222222221,7,0
0,0,0,0,8.285714285714286,4,0
0,0,0,0,8.5,6,0
0,0,0,0,11.6,5,0
0,0,0,0,12.5,2,0
0,0,0,0,14.88888888888889,7,0
0,0,0,0,6.0,9,1
0,0,0,0,18.333333333333332,2,0
0,0,0,0,13.666666666666666,2,0
0,0,0,0,9.0,1,0
0,0,0,0,17.6,4,0
0,0,0,0,22.0,1,0
0,0,0,0,21.0,1,0
0,0,0,0,12.857142857142858,13,1
0,0,0,0,9.0,1,0
0,0,0,0,11.333333333333334,2,0
0,0,0,0,8.0,3,0
0,0,0,0,14.0,1,0
0,0,0,0,18.0,1,0
0,0,0,0,3.0,1,0
0,0,0,0,0.0,1,0
0,0,0,0,3.0,1,0
0,0,0,0,9.2,5,0
0,0,0,0,12.153846153846153,12,1
0,0,0,0,7.0,3,0
0,0,0,0,13.8,3,0
0,0,0,0,6.083333333333333,11,1
0,0,0,0,13.176470588235293,9,1
0,0,0,0,10.916666666666666,7,1
0,0,0,0,12.7,8,0
0,0,0,0,12.333333333333334,5,0
0,0,0,0,15.333333333333334,6,0
0,0,0,0,17.0,1,0
0,0,0,0,10.0,1,0
0,0,0,0,8.0,1,0
0,0,0,0,19.0,1,0
0,0,0,0,13.0,1,0
0,0,0,0,9.0,1,0
0,0,0,0,17.4,4,0
0,0,0,0,12.0,1,0
0,0,0,0,6.8,2,0
0,0,0,0,11.428571428571429,8,1
0,0,0,0,12.6,5,0
0,0,0,0,18.4,4,0
0,0,0,0,18.666666666666668,2,0
0,0,0,0,8.11111111111111,7,0
0,0,0,0,16.0,3,0
0,0,0,0,23.0,1,0
0,0,0,0,22.0,1,0
0,0,0,0,9.0,1,0
0,0,0,0,10.0,1,0
0,0,0,0,17.0,1,0
0,0,0,0,2.0,1,0
0,0,0,0,22.0,1,0
0,0,0,0,23.0,1,0
0,0,0,0,7.0,1,0
0,0,0,0,9.5,2,0
0,0,0,0,22.0,1,0
0,0,0,0,19.0,1,0
0,0,0,0,11.05,14,1
0,0,0,0,12.666666666666666,5,0
0,0,0,0,14.357142857142858,11,1
0,0,0,0,15.555555555555555,19,1
0,0,0,0,12.277777777777779,16,1
0,0,0,0,1.0,1,0
0,0,0,0,20.0,1,0
0,0,0,0,22.0,1,0
0,0,0,0,14.444444444444445,45,1
0,0,0,1,14.434782608695652,34,1
0,0,0,0,12.58,37,1
0,0,0,4,13.372093023255815,34,1
0,0,0,1,13.714285714285714,17,1
0,0,0,0,11.6,15,1
0,0,0,0,10.0,1,0
0,0,0,0,20.0,1,0
0,0,0,0,23.0,1,0
0,0,0,0,0.75,2,0
0,0,0,0,1.0,1,0
0,0,0,0,15.0,1,0
0,0,0,0,10.0,1,0
0,0,0,0,18.0,1,0
0,0,0,0,22.0,1,0
0,0,0,0,0.0,1,0
0,0,0,0,23.0,1,0
0,0,0,0,19.0,1,0
0,0,0,0,14.0,9,1
0,0,0,0,16.666666666666668,4,0
0,0,0,0,16.0,1,0
0,0,0,0,13.0,2,0
0,0,0,0,8.0,1,0
0,0,0,3,13.0,1,0
0,0,0,0,16.0,1,0
0,0,0,0,15.0,1,0
0,0,0,0,12.0,2,0
0,0,0,0,21.0,1,0
0,0,0,0,10.0,1,0
0,0,0,0,10.666666666666666,2,0
0,0,0,0,5.0,2,0
0,0,0,2,13.166666666666666,10,1
0,0,0,0,9.8,14,1
0,0,0,0,10.705882352941176,14,1
0,0,0,0,13.538461538461538,11,1
0,0,0,0,10.857142857142858,9,1
0,0,0,0,9.4,12,1
0,0,0,0,13.461538461538462,8,1
0,0,0,0,10.5,6,0
0,0,0,0,13.125,11,1
0,0,0,0,12.25,7,0
0,0,0,0,19.22222222222222,6,0
0,0,0,0,22.0,1,0
0,0,0,0,0.0,1,0
0,0,0,0,14.0,1,0
0,0,0,0,16.0,1,0
0,0,0,0,23.0,1,0
0,0,0,0,15.0,1,0
0,0,0,0,1.0,1,0
0,0,0,0,9.0,2,0
0,0,0,0,12.0,1,0
0,0,0,0,10.0,6,0
0,0,0,0,13.0,8,1
0,0,0,0,15.285714285714286,6,0
0,0,0,0,15.285714285714286,6,0
0,0,0,0,10.0,1,0
0,0,0,0,12.142857142857142,12,1
0,0,0,3,7.7272727272727275,4,0
0,0,0,0,6.0,1,0
0,0,0,0,4.0,1,0
0,0,0,0,18.0,1,0
0,0,0,0,1.0,1,0
0,0,0,0,17.0,1,0
0,0,0,0,9.0,1,0
0,0,0,0,13.538461538461538,15,1
0,0,0,0,16.0,1,0
0,0,0,0,23.0,1,0
0,0,0,0,20.0,1,0
0,0,0,0,12.666666666666666,2,0
0,0,0,0,23.0,1,0
0,0,0,0,12.0,1,0
0,0,0,0,21.0,1,0
0,0,0,0,17.666666666666668,10,1
0,0,0,0,16.5,11,1
0,0,0,0,14.625,8,0
0,0,0,0,16.0,1,0
0,0,0,0,7.3,6,0
0,0,0,0,20.4,4,0
0,0,0,1,16.25,3,0
0,0,0,0,19.0,1,0
0,0,0,0,10.5,2,0
0,0,0,0,11.666666666666666,3,0
0,0,0,0,18.0,2,0
0,0,0,0,10.0,2,0
0,0,0,0,4.0,2,0
0,0,0,0,15.0,1,0
0,0,0,0,19.0,1,0
0,0,0,0,15.5,2,0
0,0,0,1,15.333333333333334,13,1
0,0,0,0,20.0,2,0
0,0,0,0,11.0,3,0
0,0,0,0,19.666666666666668,2,0
0,0,0,0,20.0,1,0
0,0,0,0,15.0,1,0
0,0,0,0,22.0,1,0
0,0,0,0,8.0,1,0
0,0,0,0,21.0,1,0
0,0,0,0,20.0,1,0
0,0,0,0,20.0,1,0
0,0,0,0,9.666666666666666,3,0
0,0,0,0,19.0,2,0
0,0,0,0,15.5,2,0
0,0,0,0,16.75,3,0
0,0,0,0,23.0,2,0
0,0,0,0,12.5,2,0
0,0,0,0,21.0,1,0
0,0,0,0,11.0,1,0
0,0,0,0,22.0,1,0
0,0,0,0,15.666666666666666,5,0
0,0,0,0,13.8,5,0
0,0,0,0,3.0,1,0
0,0,0,0,12.0,1,0
0,0,0,4,11.0,1,0
0,0,0,0,17.666666666666668,3,0
0,0,0,0,7.0,1,0
0,0,0,0,22.0,1,0
0,0,0,0,20.0,1,0
0,0,0,0,17.0,1,0
0,0,0,0,20.0,1,0
0,0,0,0,10.0,1,0
0,0,0,0,23.0,1,0
0,0,0,0,15.75,4,0
0,0,0,0,11.0,1,0
0,0,0,0,12.75,4,0
0,0,0,0,18.0,2,0
0,0,0,0,22.0,1,0
0,0,0,0,21.5,4,0
0,0,0,0,18.0,1,0
0,0,0,0,13.0,1,0
0,0,0,0,17.0,1,0
0,0,0,0,15.0,1,0
0,0,0,0,22.0,1,0
0,0,0,0,12.166666666666666,6,0
0,0,0,0,18.0,2,0
0,0,0,0,7.0,1,0
0,0,0,0,23.0,1,0
0,0,0,0,9.409090909090908,20,1
0,0,0,1,15.11111111111111,8,0
0,0,0,4,11.625,6,0
0,0,0,0,8.0,2,0
0,0,0,0,0.0,1,0
0,0,0,0,23.0,1,0
0,0,0,0,22.0,1,0
0,0,0,0,12.0,1,0
0,0,0,0,11.0,1,0
0,0,0,0,17.0,2,0
0,0,0,0,15.0,1,0
0,0,0,0,11.5,2,0
0,0,0,0,7.0,1,0
0,0,0,0,13.0,1,0
0,0,0,0,22.0,1,0
0,0,0,0,7.0,1,0
0,0,0,0,16.0,1,0
0,0,0,0,8.0,1,0
0,0,0,0,16.333333333333332,2,0
0,0,0,0,18.0,7,0
0,0,0,0,9.857142857142858,5,0
0,0,0,0,13.0,3,0
0,0,0,0,11.5,9,1
0,0,0,0,10.666666666666666,5,0
0,0,0,0,20.0,2,0
0,0,0,0,21.0,1,0
0,0,0,0,13.0,2,0
0,0,0,0,21.0,2,0
0,0,0,0,14.0,1,0
0,0,0,0,10.0,1,0
0,0,0,0,0.0,1,0
0,0,0,0,16.0,3,0
0,0,0,0,14.5,4,0
0,0,0,0,15.0,2,0
0,0,0,0,14.75,3,0
0,0,0,0,17.333333333333332,3,0
0,0,0,0,11.0,2,0
0,0,0,0,16.375,6,0
0,0,0,0,12.0,1,0
0,0,0,0,11.0,1,0
0,0,0,0,7.0,1,0
0,0,0,0,14.363636363636363,11,0
0,0,0,2,15.615384615384615,9,1
0,0,0,0,15.333333333333334,3,0
0,0,0,0,16.4,5,0
0,0,0,0,21.0,1,0
0,0,0,0,0.0,1,0
0,0,0,0,13.0,1,0
0,0,0,0,11.0,1,0
0,0,0,0,13.0,2,0
0,0,0,0,12.5,2,0
0,0,0,0,8.5,2,0
0,0,0,0,14.0,1,0
0,0,0,0,23.0,1,0
0,0,0,0,23.0,1,0
0,0,0,0,12.0,1,0
0,0,0,0,20.0,2,0
0,0,0,0,2.0,1,0
0,0,0,0,0.0,1,0
0,0,0,0,7.0,1,0
0,0,0,0,1.0,1,0
0,0,0,0,10.0,1,0
0,0,0,0,15.0,1,0
0,0,0,0,10.5,2,0
0,0,0,0,9.0,2,0
0,0,0,0,12.0,1,0
0,0,0,0,13.0,4,0
0,0,0,0,12.0,2,0
0,0,0,0,8.285714285714286,4,0
0,0,0,0,16.0,3,0
0,0,0,0,8.5,4,0
0,0,0,0,12.0,1,0
0,0,0,0,7.5,2,0
0,0,0,0,23.0,1,0
0,0,0,0,18.0,1,0
0,0,0,0,14.142857142857142,6,0
0,0,0,0,10.0,2,0
0,0,0,0,13.0,2,0
0,0,0,0,20.0,1,0
0,0,0,0,12.0,1,0
0,0,0,0,0.0,1,0
0,0,0,0,18.0,1,0
0,0,0,0,19.0,1,0
0,0,0,0,8.0,1,0
0,0,0,0,21.5,2,0
0,0,0,0,15.0,1,0
0,0,0,0,17.0,1,0
0,0,0,0,21.0,1,0
0,0,0,0,10.0,1,0
0,0,0,0,14.666666666666666,6,0
0,0,0,0,7.0,1,0
0,0,0,0,8.0,1,0
0,0,0,0,11.666666666666666,3,0
0,0,0,0,23.0,1,0
0,0,0,0,12.0,1,0
0,0,0,0,10.0,1,0
0,0,0,0,19.0,1,0
0,0,0,0,21.0,1,0
0,0,0,0,15.0,1,0
0,0,0,1,16.0,1,0
0,0,0,0,10.0,1,0
0,0,0,0,9.0,1,0
0,0,0,0,17.0,1,0
0,0,0,0,1.0,1,0
0,0,0,0,17.0,1,0
0,0,0,0,14.0,1,0
0,0,0,0,7.666666666666667,3,0
0,0,0,0,22.333333333333332,2,0
0,0,0,0,14.0,2,0
0,0,0,0,21.666666666666668,2,0
0,0,0,0,19.0,1,0
0,0,0,0,23.0,1,0
0,0,0,0,14.0,1,0
0,0,0,0,18.0,1,0
0,0,0,0,19.0,1,0
0,0,0,0,1.0,1,0
0,0,0,0,15.0,1,0
0,0,0,0,3.0,1,0
0,0,0,0,1.0,1,0
0,0,0,0,23.0,1,0
0,0,0,0,3.0,1,0
0,0,0,0,17.5,2,0
0,0,0,0,2.0,1,0
0,0,0,0,9.0,2,0
0,0,0,0,17.0,1,0
0,0,0,0,2.0,1,0
0,0,0,0,22.0,1,0
0,0,0,0,17.0,1,0
0,0,0,0,9.0,1,0
0,0,0,0,9.5,2,0
0,0,0,0,17.333333333333332,3,0
0,0,0,0,7.0,1,0
0,0,0,0,6.0,1,0
0,0,0,0,17.0,2,0
0,0,0,0,0.5,3,0
0,0,0,0,11.0,1,0
0,0,0,0,14.4,5,0
0,0,0,0,22.5,2,0
0,0,0,0,7.0,1,0
0,0,0,0,11.5,2,0
0,0,0,0,16.5,2,0
0,0,0,0,2.0,1,0
0,0,0,0,8.666666666666666,4,0
0,0,0,0,6.333333333333333,2,0
0,0,0,0,18.0,1,0
0,0,0,0,16.0,1,0
0,0,0,0,22.0,1,0
0,0,0,0,22.0,1,0
0,0,0,0,20.0,1,0
0,0,0,0,1.0,1,0
0,0,0,0,6.75,3,0
0,0,0,0,18.0,1,0
0,0,0,0,7.0,1,0
0,0,0,0,23.0,1,0
0,0,0,0,17.0,2,0
0,0,0,0,15.0,2,0
0,0,0,0,16.0,4,0
0,0,0,0,8.0,1,0
0,0,0,0,8.666666666666666,3,0
0,0,0,0,20.0,1,0
0,0,0,0,15.0,1,0
0,0,0,0,10.0,1,0
0,0,0,0,2.0,1,0
0,0,0,0,3.0,1,0
0,0,0,0,16.0,1,0
0,0,0,0,8.0,1,0
0,0,0,0,11.0,3,0
0,0,0,0,0.0,1,0
0,0,0,0,13.0,1,0
0,0,0,0,20.5,4,0
0,0,0,0,0.0,1,0
0,0,0,0,6.0,1,0
0,0,0,0,23.0,1,0
0,0,0,0,1.0,1,0
0,0,0,0,13.5,2,0
0,0,0,0,14.0,1,0
0,0,0,0,22.0,1,0
0,0,0,0,22.0,1,0
0,0,0,0,0.0,2,0
0,0,0,0,16.666666666666668,3,0
0,0,0,0,10.4,4,0
0,0,0,0,21.5,3,0
0,0,0,0,15.75,5,0
0,0,0,0,3.0,1,0
0,0,0,0,10.19047619047619,13,1
0,0,0,0,10.545454545454545,10,0
0,0,0,0,10.375,4,0
0,0,0,0,17.166666666666668,5,0
0,0,0,0,8.0,1,0
0,0,0,0,9.0,4,0
0,0,0,0,1.0,1,0
0,0,0,0,17.0,1,0
0,0,0,0,20.0,1,0
0,0,0,0,14.0,2,0
0,0,0,0,8.666666666666666,3,0
0,0,0,0,14.5,2,0
0,0,0,0,19.0,1,0
0,0,0,0,10.0,1,0
0,0,0,0,1.0,1,0
0,0,0,0,12.0,1,0
0,0,0,0,9.0,3,0
0,0,0,0,10.333333333333334,3,0
0,0,0,0,22.5,3,0
0,0,0,0,9.714285714285714,5,0
0,0,0,0,14.88888888888889,8,0
0,0,0,0,21.0,1,0
0,0,0,0,11.5,2,0
0,0,0,0,5.0,3,0
0,0,0,0,12.0,1,0
0,0,0,0,0.0,1,0
0,0,0,1,8.0,1,0
0,0,0,0,10.0,1,0
0,0,0,0,6.0,1,0
0,0,0,0,20.0,1,0
0,0,0,0,14.5,2,0
0,0,0,0,13.0,3,0
0,0,0,0,8.666666666666666,3,0
0,0,0,0,4.0,1,0
0,0,0,0,16.0,1,0
0,0,0,0,15.0,1,0
0,0,0,0,16.0,2,0
0,0,0,0,18.0,1,0
0,0,0,0,13.0,1,0
0,0,0,0,18.0,1,0
0,0,0,0,13.166666666666666,6,0
0,0,0,0,14.5,2,0
0,0,0,0,1.0,1,0
0,0,0,0,1.125,2,0
0,0,0,0,1.0,1,0
0,0,0,0,9.0,1,0
0,0,0,0,8.0,1,0
0,0,0,0,13.0,1,0
0,0,0,0,22.5,2,0
0,0,0,0,21.0,1,0
0,0,0,0,8.0,1,0
0,0,0,0,10.0,1,0
0,0,0,0,22.0,1,0
0,0,0,0,1.0,1,0
0,0,0,0,13.0,1,0
0,0,0,0,23.0,1,0
0,0,0,0,23.0,1,0
0,0,0,0,16.0,1,0
0,0,0,0,23.0,1,0
0,0,0,0,16.0,1,0
0,0,0,0,14.0,2,0
0,0,0,0,2.0,1,0
0,0,0,0,18.0,1,0
0,0,0,0,19.0,1,0
0,0,0,0,11.0,1,0
0,0,0,0,13.0,1,0
0,0,0,0,23.0,1,0
0,0,0,0,21.0,1,0
0,0,0,0,20.0,1,0
0,0,0,2,13.5,2,0
0,0,0,1,10.666666666666666,3,0
0,0,0,0,11.25,3,0
0,0,0,0,0.0,1,0
0,0,0,0,11.5,2,0
0,0,0,0,21.0,1,0
0,0,0,0,13.0,1,0
0,0,0,0,17.5,2,0
0,0,0,0,15.0,1,0
0,0,0,0,20.0,1,0
0,0,0,0,7.0,1,0
0,0,0,0,18.0,2,0
0,0,0,0,7.0,1,0
0,0,0,0,23.0,1,0
0,0,0,0,16.0,1,0
0,0,0,0,10.333333333333334,3,0
0,0,0,0,18.0,2,0
0,0,0,0,11.0,1,0
0,0,0,0,6.714285714285714,3,0
0,0,0,0,20.0,1,0
0,0,0,0,20.0,1,0
0,0,0,0,0.0,1,0
0,0,0,0,3.0,1,0
0,0,0,0,22.0,1,0
0,0,0,0,1.0,1,0
0,0,0,0,18.0,1,0
0,0,0,0,1.0,1,0
0,0,0,0,1.0,1,0
0,0,0,0,17.0,1,0
0,0,0,0,11.333333333333334,3,0
0,0,0,0,7.666666666666667,3,0
0,0,0,0,1.0,1,0
0,0,0,0,16.0,1,0
0,0,0,0,7.5,2,0
0,0,0,0,17.0,4,0
0,0,0,0,11.0,1,0
0,0,0,0,10.0,1,0
0,0,0,0,0.0,1,0
0,0,0,0,20.0,1,0
0,0,0,0,18.0,1,0
0,0,0,0,10.0,1,0
0,0,0,0,0.0,1,0
0,0,0,0,13.0,1,0
0,0,0,0,7.0,1,0
0,0,0,0,20.0,1,0
0,0,0,0,11.0,1,0
0,0,0,0,13.166666666666666,5,0
0,0,0,0,22.0,1,0
0,0,0,0,7.0,1,0
0,0,0,0,15.0,1,0
0,0,0,0,21.0,1,0
0,0,0,0,19.0,1,0
0,0,0,0,22.0,1,0
0,0,0,0,8.0,1,0
0,0,0,0,20.0,1,0
0,0,0,0,0.0,1,0
0,0,0,0,8.0,1,0
0,0,0,0,7.0,1,0
0,0,0,0,13.0,1,0
0,0,0,0,19.0,1,0
0,0,0,0,0.0,1,0
0,0,0,0,9.0,1,0
0,0,0,0,7.0,1,0
0,0,0,0,2.0,1,0
0,0,0,0,21.0,1,0
0,0,0,0,18.0,1,0
0,0,0,0,17.0,1,0
0,0,0,0,17.0,1,0
0,0,0,0,20.0,1,0
0,0,0,0,16.0,1,0
0,0,0,0,1.0,1,0
0,0,0,0,12.0,1,0
0,0,0,0,17.0,1,0
0,0,0,0,23.0,1,0
0,0,0,0,23.0,1,0
0,0,0,0,21.0,1,0
0,0,0,0,11.0,1,0
0,0,0,0,16.0,1,0
0,0,0,0,15.0,1,0
0,0,0,0,13.0,1,0
0,0,0,0,1.0,1,0
0,0,0,0,21.0,1,0
0,0,0,0,10.0,1,0
0,0,0,0,23.0,1,0
0,0,0,0,22.0,1,0
0,0,0,0,10.0,1,0
0,0,0,0,11.0,1,0
0,0,0,0,10.0,1,0
0,0,0,0,12.0,1,0
0,0,0,0,22.0,1,0
0,0,0,1,17.0,1,0
0,0,0,0,2.0,1,0
0,0,0,1,3.0,1,0
0,0,0,0,9.0,1,0
0,0,0,0,2.0,1,0
0,0,0,0,18.0,1,0
0,0,0,0,18.0,1,0
0,0,0,0,18.0,1,0
0,0,0,0,15.0,1,0
0,0,0,0,16.0,1,0
0,0,0,0,2.0,1,0
0,0,0,0,17.0,1,0
0,0,0,0,16.0,1,0
0,0,0,0,19.0,1,0
0,0,0,0,1.0,1,0
0,0,0,0,4.0,1,0
0,0,0,0,0.0,1,0
0,0,0,0,11.0,1,0
0,0,0,0,8.0,1,0
0,0,0,0,10.5,2,0
0,0,0,0,14.0,1,0
0,0,0,0,15.0,1,0
0,0,0,0,9.0,1,0
0,0,0,0,11.0,1,0
0,0,0,0,3.0,1,0
0,0,0,0,22.0,1,0
0,0,0,0,8.0,1,0
0,0,0,0,14.0,1,0
0,0,0,0,16.5,2,0
0,0,0,0,4.0,1,0
0,0,0,2,14.0,1,0
0,0,0,0,16.0,1,0
0,0,0,0,16.0,1,0
0,0,0,0,7.0,1,0
0,0,0,0,10.0,1,0
0,0,0,0,11.0,1,0
0,0,0,0,9.5,2,0
0,0,0,0,9.0,1,0
0,0,0,0,13.0,1,0
0,0,0,0,7.0,1,0
0,0,0,0,16.0,1,0
0,0,0,0,9.0,1,0
0,0,0,0,11.0,1,0
0,0,0,0,8.0,1,0
0,0,0,0,10.0,1,0
0,0,0,0,21.0,1,0
0,0,0,0,23.0,1,0
0,0,0,0,0.0,1,0
0,0,0,0,8.0,1,0
0,0,0,0,8.0,1,0
0,0,0,0,11.0,1,0
0,0,0,0,20.0,1,0
0,0,0,0,16.0,1,0
0,0,0,0,10.0,1,0
0,0,0,0,23.0,1,0
0,0,0,0,6.0,1,0
0,0,0,0,11.0,1,0
0,0,0,0,16.0,1,0
0,0,0,0,10.0,1,0
0,0,0,0,22.0,1,0
0,0,0,0,12.666666666666666,2,0
0,0,0,0,21.0,1,0
0,0,0,0,14.0,1,0
0,0,0,0,10.0,1,0
0,0,0,0,9.0,1,0
0,0,0,0,12.0,1,0
0,0,0,0,7.0,1,0
0,0,0,0,3.0,1,0
0,0,0,0,10.0,1,0
0,0,0,0,16.0,1,0
0,0,0,0,14.0,1,0
0,0,0,0,22.0,1,0
0,0,0,0,23.0,1,0
0,0,0,0,0.0,1,0
0,0,0,0,13.0,1,0
0,0,0,0,7.0,1,0
0,0,0,0,12.0,1,0
0,0,0,0,13.0,1,0
0,0,0,0,19.0,1,0
0,0,0,0,9.0,1,0
0,0,0,0,10.0,1,0
0,0,0,0,7.666666666666667,3,0
0,0,0,0,10.0,3,0
0,0,0,0,20.0,2,0
0,0,0,0,13.333333333333334,2,0
0,0,0,0,19.0,1,0
0,0,0,0,20.0,2,0
0,0,0,0,13.0,1,0
0,0,0,0,17.0,1,0
0,0,0,0,18.0,1,0
0,0,0,0,16.0,1,0
0,0,0,0,6.0,1,0
0,0,0,0,17.866666666666667,14,1
0,0,0,0,10.933333333333334,13,1
0,0,0,0,10.380952380952381,19,1
0,0,0,0,12.133333333333333,14,1
0,0,0,0,17.4,4,0
0,0,0,0,6.666666666666667,9,1
0,0,0,0,14.5,4,0
0,0,0,0,9.0,3,0
0,0,0,0,12.6,5,0
0,0,0,0,23.0,1,0
0,0,0,0,20.5,2,0
0,0,0,0,4.0,1,0
0,0,0,0,11.0,2,0
0,0,0,0,21.0,1,0
0,0,0,0,20.333333333333332,3,0
0,0,0,0,22.0,1,0
0,0,0,0,13.0,1,0
0,0,0,0,2.75,3,0
0,0,0,0,9.0,2,0
0,0,0,0,12.666666666666666,3,0
0,0,0,0,13.0,1,0
0,0,0,0,22.0,1,0
0,0,0,0,23.0,1,0
0,0,0,0,7.0,1,0
0,0,0,0,16.166666666666668,4,0
0,0,0,0,23.0,1,0
0,0,0,0,18.0,3,0
0,0,0,0,15.0,1,0
0,0,0,0,5.0,2,0
0,0,0,0,19.5,2,0
0,0,0,0,7.0,1,0
0,0,0,0,8.0,1,0
0,0,0,0,10.0,1,0
0,0,0,0,18.0,1,0
0,0,0,0,10.0,1,0
0,0,0,0,0.0,1,0
0,0,0,0,12.0,1,0
0,0,0,0,13.0,1,0
0,0,0,0,9.0,1,0
0,0,0,0,6.0,1,0
0,0,0,0,8.0,1,0
0,0,0,0,13.0,2,0
0,0,0,0,9.0,1,0
0,0,0,0,9.083333333333334,8,1
0,0,0,1,14.222222222222221,9,0
0,0,0,0,8.733333333333333,13,1
0,0,0,0,15.090909090909092,8,0
0,0,0,0,8.88888888888889,9,0
0,0,0,0,13.419354838709678,27,1
0,0,0,0,16.75,14,1
0,0,0,0,9.583333333333334,12,1
0,0,0,0,12.454545454545455,35,1
0,0,0,0,12.5,20,1
0,0,0,1,11.571428571428571,14,1
0,0,0,0,11.393939393939394,26,1
0,0,0,1,12.941176470588236,28,1
0,0,0,0,12.529411764705882,14,1
0,0,0,1,10.368421052631579,13,1
0,0,0,0,13.615384615384615,13,1
0,0,0,0,11.4375,29,1
0,0,0,0,10.157894736842104,17,1
0,0,0,0,16.666666666666668,3,0
0,0,0,0,8.142857142857142,7,0
0,0,0,0,9.0,2,0
0,0,0,0,23.0,1,0
0,0,0,0,15.0,1,0
0,0,0,0,12.5,2,0
0,0,0,0,15.0,1,0
0,0,0,0,9.333333333333334,3,0
0,0,0,0,2.0,1,0
0,0,0,0,11.0,1,0
0,0,0,0,6.5,2,0
0,0,0,0,16.0,1,0
0,0,0,0,21.0,1,0
0,0,0,0,10.5,2,0
0,0,0,0,13.0,2,0
0,0,0,0,11.166666666666666,5,0
0,0,0,0,8.0,2,0
0,0,0,0,8.666666666666666,2,0
0,0,0,0,16.0,3,0
0,0,0,0,13.0,1,0
0,0,0,0,9.0,1,0
0,0,0,0,19.0,1,0
0,0,0,0,0.5,2,0
0,0,0,0,16.0,1,0
0,0,0,0,14.0,1,0
0,0,0,0,16.0,1,0
0,0,0,0,1.0,1,0
0,0,0,0,9.5,2,0
0,0,0,0,1.0,1,0
0,0,0,0,17.0,1,0
0,0,0,0,23.0,1,0
0,0,0,0,19.0,1,0
0,0,0,0,23.0,1,0
0,0,0,0,8.0,1,0
0,0,0,0,15.5,2,0
0,0,0,0,12.0,2,0
0,0,0,0,7.0,1,0
0,0,0,0,11.0,1,0
0,0,0,0,11.0,2,0
0,0,0,0,3.0,1,0
0,0,0,0,7.0,1,0
0,0,0,0,22.0,1,0
0,0,0,0,22.0,1,0
0,0,0,0,11.0,2,0
0,0,0,0,21.0,1,0
0,0,0,0,21.0,1,0
0,0,0,0,23.0,1,0
0,0,0,0,13.0,1,0
0,0,0,0,6.0,1,0
0,0,0,0,11.0,1,0
0,0,0,0,15.666666666666666,3,0
0,0,0,0,17.666666666666668,3,0
0,0,0,0,17.5,4,0
0,0,0,0,16.75,3,0
0,0,0,0,11.153846153846153,8,1
0,0,0,0,21.0,1,0
0,0,0,1,8.0,1,0
0,0,0,0,14.0,2,0
0,0,0,2,14.571428571428571,13,1
0,0,0,0,9.083333333333334,10,1
0,0,0,0,11.066666666666666,9,1
0,0,0,0,0.375,4,0
0,0,0,0,19.5,2,0
0,0,0,0,7.5,3,0
0,0,0,0,0.0,1,0
0,0,0,0,22.0,2,0
0,0,0,0,22.0,1,0
0,0,0,0,9.0,1,0
0,0,0,0,10.0,1,0
0,0,0,0,8.166666666666666,6,0
0,0,0,0,22.0,1,0
0,0,0,0,17.0,1,0
0,0,0,0,8.333333333333334,2,0
0,0,0,0,22.0,1,0
0,0,0,0,10.0,1,0
0,0,0,0,18.666666666666668,3,0
0,0,0,0,8.0,1,0
0,0,0,0,14.666666666666666,3,0
0,0,0,0,8.666666666666666,2,0
0,0,0,2,7.0,5,0
0,0,0,0,23.0,1,0
0,0,0,0,9.0,1,0
0,0,0,0,13.833333333333334,5,0
0,0,0,0,12.0,2,0
0,0,0,0,13.875,4,0
0,0,0,1,12.0,3,0
0,0,0,0,14.666666666666666,6,0
0,0,0,0,23.0,1,0
0,0,0,0,20.0,1,0
0,0,0,0,8.0,1,0
0,0,0,0,8.0,1,0
0,0,0,0,16.0,1,0
0,0,0,0,21.0,1,0
0,0,0,0,10.0,1,0
0,0,0,0,23.0,1,0
0,0,0,0,23.0,1,0
0,0,0,0,15.0,1,0
0,0,0,0,12.0,1,0
0,0,0,2,16.2,3,0
0,0,0,0,8.0,1,0
0,0,0,0,10.0,1,0
0,0,0,0,12.0,1,0
0,0,0,0,17.0,1,0
0,0,0,0,2.0,1,0
0,0,0,0,11.0,1,0
0,0,0,0,14.75,4,0
0,0,0,0,21.0,1,0
0,0,0,0,19.0,2,0
0,0,0,0,21.0,1,0
0,0,0,0,2.0,1,0
0,0,0,0,3.0,1,0
0,0,0,0,21.0,1,0
0,0,0,0,8.285714285714286,6,0
0,0,0,0,16.5,4,0
0,0,0,0,1.0,1,0
0,0,0,0,8.0,1,0
0,0,0,0,11.0,1,0
0,0,0,0,14.0,1,0
0,0,0,0,15.0,1,0
0,0,0,0,22.0,1,0
0,0,0,0,1.0,1,0
0,0,0,0,10.333333333333334,3,0
0,0,0,0,21.5,2,0
0,0,0,0,0.0,1,0
0,0,0,0,8.0,1,0
0,0,0,0,23.0,1,0
0,0,0,0,23.0,1,0
0,0,0,0,18.0,1,0
0,0,0,0,12.0,1,0
0,0,0,0,8.0,1,0
0,0,0,0,21.0,1,0
0,0,0,0,22.0,1,0
0,0,0,0,17.5,3,0
0,0,0,0,1.7142857142857142,2,0
0,0,0,0,16.333333333333332,3,0
0,0,0,1,19.0,1,0
0,0,0,0,18.0,1,0
0,0,0,0,16.75,4,0
0,0,0,0,7.0,1,0
0,0,0,0,12.0,1,0
0,0,0,0,19.0,1,0
0,0,0,0,13.0,1,0
0,0,0,0,18.666666666666668,2,0
0,0,0,0,6.0,1,0
0,0,0,0,15.0,1,0
0,0,0,0,15.0,1,0
0,0,0,0,9.25,4,0
0,0,0,0,8.0,1,0
0,0,0,0,22.0,1,0
0,0,0,0,7.0,1,0
0,0,0,0,14.0,1,0
0,0,0,0,9.0,1,0
0,0,0,0,0.0,1,0
0,0,0,0,20.0,2,0
0,0,0,0,14.0,2,0
0,0,0,0,23.0,1,0
0,0,0,0,5.0,1,0
0,0,0,0,9.8,3,0
0,0,0,0,18.0,3,0
0,0,0,0,9.0,1,0
0,0,0,0,10.0,2,0
0,0,0,0,15.0,1,0
0,0,0,0,8.0,1,0
0,0,0,0,14.166666666666666,5,0
0,0,0,0,10.5,5,0
0,0,0,0,16.5,2,0
0,0,0,0,11.0,2,0
0,0,0,0,21.0,1,0
0,0,0,0,16.0,1,0
0,0,0,0,12.0,1,0
0,0,0,0,16.0,1,0
0,0,0,0,12.0,1,0
0,0,0,0,12.0,1,0
0,0,0,0,12.0,1,0
0,0,0,0,23.0,1,0
0,0,0,0,21.8,2,0
0,0,0,0,9.0,1,0
0,0,0,0,9.0,1,0
0,0,0,0,16.0,1,0
0,0,0,0,10.666666666666666,3,0
0,0,0,0,7.666666666666667,2,0
0,0,0,0,8.0,1,0
0,0,0,0,8.0,1,0
0,0,0,0,18.0,1,0
0,0,0,0,20.0,1,0
0,0,0,0,10.0,2,0
0,0,0,0,18.0,2,0
0,0,0,0,12.0,1,0
0,0,0,0,19.0,2,0
0,0,0,0,23.0,1,0
0,0,0,0,15.0,1,0
0,0,0,0,14.5,3,0
0,0,0,0,11.333333333333334,3,0
0,0,0,0,16.0,1,0
0,0,0,0,13.0,1,0
0,0,0,0,22.0,1,0
0,0,0,0,8.0,1,0
0,0,0,0,13.0,1,0
0,0,0,0,22.0,1,0
0,0,0,0,14.0,1,0
0,0,0,0,10.0,1,0
0,0,0,0,11.5,4,0
0,0,0,0,23.0,1,0
0,0,0,0,16.5,5,0
0,0,0,1,18.714285714285715,5,0
0,0,0,0,14.23076923076923,10,1
0,0,0,0,13.0,6,0
0,0,0,0,17.5,5,0
0,0,0,0,14.0,4,0
0,0,0,0,10.666666666666666,5,0
0,0,0,0,9.777777777777779,5,0
0,0,0,0,18.0,4,0
0,0,0,0,10.833333333333334,6,0
0,0,0,0,11.736842105263158,16,1
0,0,0,0,15.333333333333334,6,0
0,0,0,0,17.5,2,0
0,0,0,0,17.0,2,0
0,0,0,0,15.5,2,0
0,0,0,0,8.0,1,0
0,0,0,0,21.0,1,0
0,0,0,0,0.0,1,0
0,0,0,0,8.0,1,0
0,0,0,0,9.0,1,0
0,0,0,5,0.0,1,0
0,0,0,0,11.0,1,0
0,0,0,0,16.0,1,0
0,0,0,0,12.0,1,0
0,0,0,0,0.0,1,0
0,0,0,0,1.0,1,0
0,0,0,0,0.0,1,0
0,0,0,0,14.0,1,0
0,0,0,0,9.0,1,0
0,0,0,0,14.0,1,0
0,0,0,0,17.0,2,0
0,0,0,0,9.0,1,0
0,0,0,0,23.0,1,0
0,0,0,0,21.0,1,0
0,0,0,0,3.0,1,0
0,0,0,0,19.0,1,0
0,0,0,0,18.0,1,0
0,0,0,0,17.0,1,0
0,0,0,1,0.0,1,0
0,0,0,0,19.0,1,0
0,0,0,0,10.0,1,0
0,0,0,0,20.0,1,0
0,0,0,0,11.0,1,0
0,0,0,0,19.0,1,0
0,0,0,0,0.0,1,0
0,0,0,0,21.0,1,0
0,0,0,2,12.0,2,0
0,0,0,0,19.0,1,0
0,0,0,0,11.0,1,0
0,0,0,0,8.0,1,0
0,0,0,0,8.0,1,0
0,0,0,0,20.0,1,0
0,0,0,0,6.0,1,0
0,0,0,0,22.0,1,0
0,0,0,0,22.0,1,0
0,0,0,0,22.0,1,0
0,0,0,0,17.0,1,0
0,0,0,0,11.0,1,0
0,0,0,0,1.0,1,0
0,0,0,0,13.0,1,0
0,0,0,0,22.0,1,0
0,0,0,0,15.0,1,0
0,0,0,0,20.0,1,0
0,0,0,0,23.0,1,0
0,0,0,0,22.0,1,0
0,0,0,0,11.0,1,0
0,0,0,0,22.0,1,0
0,0,0,0,12.0,1,0
0,0,0,0,18.0,1,0
0,0,0,0,10.0,1,0
0,0,0,0,13.0,1,0
0,0,0,0,18.0,1,0
0,0,0,0,8.0,1,0
0,0,0,0,9.0,1,0
0,0,0,0,23.0,1,0
0,0,0,0,23.0,1,0
0,0,0,0,1.0,1,0
0,0,0,0,0.0,1,0
0,0,0,0,2.0,1,0
0,0,0,0,10.0,1,0
0,0,0,0,23.0,1,0
0,0,0,0,23.0,1,0
0,0,0,0,6.0,1,0
0,0,0,0,11.0,1,0
0,0,0,0,14.0,1,0
0,0,0,0,10.0,1,0
0,0,0,0,1.0,1,0
0,0,0,0,14.0,1,0
0,0,0,0,9.0,1,0
0,0,0,0,8.0,1,0
0,0,0,0,11.0,1,0
0,0,0,0,10.0,1,0
0,0,0,0,6.0,1,0
0,0,0,0,16.0,1,0
0,0,0,0,3.0,1,0
0,0,0,0,6.0,1,0
0,0,0,2,7.0,1,0
0,0,0,0,17.0,1,0
0,0,0,0,8.0,1,0
0,0,0,0,8.0,1,0
0,0,0,0,17.0,1,0
0,0,0,0,18.0,1,0
0,0,0,0,9.0,1,0
0,0,0,0,8.0,1,0
0,0,0,0,9.0,1,0
0,0,0,0,14.0,1,0
0,0,0,0,13.0,1,0
0,0,0,0,5.0,1,0
0,0,0,0,16.0,1,0
0,0,0,0,12.0,1,0
0,0,0,0,8.0,1,0
0,0,0,0,19.0,1,0
0,0,0,0,10.0,1,0
0,0,0,0,8.0,1,0
0,0,0,0,17.0,1,0
0,0,0,0,11.0,1,0
0,0,0,0,7.0,1,0
0,0,0,0,11.0,1,0
0,0,0,0,13.0,1,0
0,0,0,0,8.0,1,0
0,0,0,0,16.0,1,0
0,0,0,0,8.0,1,0
0,0,0,0,13.0,1,0
0,0,0,0,9.0,1,0
0,0,0,0,16.0,1,0
0,0,0,1,10.0,1,0
0,0,0,1,12.0,1,0
0,0,0,0,8.0,1,0
0,0,0,0,12.0,1,0
0,0,0,0,15.0,1,0
0,0,0,0,10.0,1,0
0,0,0,0,11.0,1,0
0,0,0,3,11.0,1,0
0,0,0,0,12.333333333333334,2,0
0,0,0,0,10.0,1,0
0,0,0,0,16.0,1,0
0,0,0,0,11.0,1,0
0,0,0,0,6.0,1,0
0,0,0,0,19.0,1,0
0,0,0,0,22.0,1,0
0,0,0,0,8.0,1,0
0,0,0,0,16.0,1,0
0,0,0,0,11.0,1,0
0,0,0,0,8.5,2,0
0,0,0,0,8.0,1,0
0,0,0,0,11.0,1,0
0,0,0,0,12.0,1,0
0,0,0,0,11.0,1,0
0,0,0,0,14.0,1,0
0,0,0,0,16.0,1,0
0,0,0,0,8.0,1,0
0,0,0,1,8.5,3,0
0,0,0,0,20.0,1,0
0,0,0,0,10.0,1,0
0,0,0,0,16.0,1,0
0,0,0,0,14.0,1,0
0,0,0,0,16.0,1,0
0,0,0,0,23.0,1,0
0,0,0,0,2.0,1,0
0,0,0,0,10.0,1,0
0,0,0,0,9.5,2,0
0,0,0,0,10.333333333333334,3,0
0,0,0,0,16.0,1,0
0,0,0,0,14.0,1,0
0,0,0,0,11.0,1,0
0,0,0,0,20.0,1,0
0,0,0,0,17.0,1,0
0,0,0,0,9.0,1,0
0,0,0,0,9.0,1,0
0,0,0,0,18.0,1,0
0,0,0,0,16.0,1,0
0,0,0,0,14.0,1,0
0,0,0,0,8.0,1,0
0,0,0,0,6.0,1,0
0,0,0,0,17.0,1,0
0,0,0,0,10.0,1,0
0,0,0,0,5.0,1,0
0,0,0,0,12.0,1,0
0,0,0,0,13.333333333333334,3,0
0,0,0,0,11.0,1,0
0,0,0,0,10.666666666666666,3,0
0,0,0,1,8.5,2,0
0,0,0,0,15.0,2,0
0,0,0,0,9.0,1,0
0,0,0,0,11.5,1,0
0,0,0,0,7.0,1,0
0,0,0,0,7.0,1,0
0,0,0,0,2.0,1,0
0,0,0,0,11.0,1,0
0,0,0,0,13.0,1,0
0,0,0,0,19.0,1,0
0,0,0,0,15.0,1,0
0,0,0,0,10.0,1,0
0,0,0,0,10.0,1,0
0,0,0,2,10.0,1,0
0,0,0,0,13.0,1,0
0,0,0,0,14.0,1,0
0,0,0,0,8.0,1,0
0,0,0,0,10.0,1,0
0,0,0,0,15.0,1,0
0,0,0,0,13.0,1,0
0,0,0,0,6.0,1,0
0,0,0,0,6.0,1,0
0,0,0,0,15.0,1,0
0,0,0,0,12.0,1,0
0,0,0,0,8.0,1,0
0,0,0,0,9.0,1,0
0,0,0,0,9.0,2,0
0,0,0,0,12.0,1,0
0,0,0,0,15.0,1,0
0,0,0,0,13.0,1,0
0,0,0,0,13.0,2,0
0,0,0,0,12.0,2,0
0,0,0,0,8.333333333333334,2,0
0,0,0,0,6.0,1,0
0,0,0,0,17.0,1,0
0,0,0,0,11.0,1,0
0,0,0,0,10.0,1,0
0,0,0,0,9.0,1,0
0,0,0,0,18.0,1,0
0,0,0,0,9.0,1,0
0,0,0,0,9.0,1,0
0,0,0,0,10.0,1,0
0,0,0,0,21.0,1,0
0,0,0,0,15.0,1,0
0,0,0,0,12.0,1,0
0,0,0,1,17.0,1,0
0,0,0,0,10.0,1,0
0,0,0,0,9.0,1,0
0,0,0,0,11.0,1,0
0,0,0,0,12.0,1,0
0,0,0,0,9.0,1,0
0,0,0,0,8.0,1,0
0,0,0,0,15.0,1,0
0,0,0,0,9.0,1,0
0,2,0,3,16.0,2,0
0,0,0,0,6.75,2,0
0,0,0,0,14.0,1,0
0,0,0,0,14.428571428571429,4,0
0,0,0,0,7.666666666666667,2,0
0,0,0,0,10.666666666666666,2,0
0,0,0,0,8.0,1,0
0,0,0,0,13.75,2,0
0,0,0,0,11.0,1,0
0,0,0,0,8.0,1,0
0,0,0,0,9.0,1,0
0,0,0,0,12.0,1,0
0,0,0,0,12.0,1,0
0,0,0,0,7.0,1,0
0,0,0,0,15.0,1,0
0,0,0,0,10.0,1,0
0,0,0,0,6.0,1,0
0,0,0,0,11.0,1,0
0,0,0,0,11.0,1,0
0,0,0,0,15.0,1,0
0,0,0,0,13.0,1,0
0,0,0,0,13.0,1,0
0,0,0,0,10.0,1,0
0,0,0,0,6.0,1,0
0,0,0,0,8.0,1,0
0,0,0,0,16.0,1,0
0,0,0,0,7.0,1,0
0,0,0,0,9.0,1,0
0,0,0,0,11.0,1,0
0,0,0,0,11.0,1,0
0,0,0,0,19.0,3,0
0,0,0,0,9.333333333333334,3,0
0,0,0,0,17.0,1,0
0,0,0,0,15.272727272727273,4,0
0,0,0,0,16.333333333333332,3,0
0,0,0,0,9.0,2,0
0,0,0,0,8.0,1,0
0,0,0,0,11.5,9,0
0,0,0,0,10.142857142857142,7,0
0,0,0,0,10.333333333333334,5,0
0,0,0,0,7.0,1,0
0,0,0,0,1.0,1,0
0,0,0,0,7.0,1,0
0,0,0,0,12.333333333333334,3,0
0,0,0,0,8.5,2,0
0,0,0,0,14.0,2,0
0,0,0,0,12.0,2,0
0,0,0,0,7.5,2,0
0,0,0,0,8.0,1,0
0,0,0,0,9.0,1,0
0,0,0,0,13.0,1,0
0,0,0,0,9.0,1,0
0,0,0,0,16.0,1,0
0,0,0,0,20.0,1,0
0,0,0,0,13.0,1,0
0,0,0,0,11.0,1,0
0,0,0,0,15.0,1,0
0,0,0,0,14.0,1,0
0,0,0,0,8.0,1,0
0,0,0,0,9.0,1,0
0,0,0,0,8.0,1,0
0,0,0,0,7.0,1,0
0,0,0,1,0.0,1,0
0,0,0,0,8.0,1,0
0,0,0,0,6.0,1,0
0,0,0,0,10.0,1,0
0,0,0,0,16.0,1,0
0,0,0,0,10.0,3,0
0,0,0,0,10.0,1,0
0,0,0,0,11.0,1,0
0,0,0,0,8.0,1,0
0,0,0,0,11.0,1,0
0,0,0,0,12.0,1,0
0,0,0,0,4.0,1,0
0,0,0,0,10.0,1,0
0,0,0,0,10.0,1,0
0,0,0,0,16.0,1,0
0,0,0,0,13.0,1,0
0,0,0,0,9.0,1,0
0,0,0,0,5.0,1,0
0,0,0,0,22.0,1,0
0,0,0,0,23.0,1,0
0,0,0,0,7.0,1,0
0,0,0,0,13.0,1,0
0,0,0,0,18.0,1,0
0,0,0,0,7.0,1,0
0,0,0,0,12.0,1,0
0,0,0,3,20.0,1,0
0,0,0,1,16.4,3,0
0,0,0,1,9.0,1,0
0,0,0,0,10.75,5,0
0,0,0,3,15.833333333333334,4,0
0,2,0,0,11.928571428571429,8,1
0,0,0,0,21.0,1,0
0,0,0,0,21.0,1,0
0,0,0,0,8.0,1,0
0,0,0,0,9.0,1,0
0,0,0,0,13.0,1,0
0,0,0,0,11.5,4,0
0,0,0,0,17.0,1,0
0,0,0,0,11.0,3,0
0,0,0,0,13.0,1,0
0,0,0,0,10.0,1,0
0,0,0,0,12.0,1,0
0,0,0,0,8.0,1,0
0,0,0,0,6.0,2,0
0,0,0,0,13.0,1,0
0,0,0,0,15.0,1,0
0,0,0,0,9.0,1,0
0,0,0,0,13.0,1,0
0,0,0,0,9.0,1,0
0,0,0,0,16.666666666666668,2,0
0,0,0,1,9.0,1,0
0,0,0,0,4.5,2,0
0,0,0,0,11.666666666666666,3,0
0,0,0,0,4.0,1,0
0,0,0,0,13.0,1,0
0,0,0,0,12.5,2,0
0,0,0,0,6.5,2,0
0,0,0,0,14.0,3,0
0,0,0,0,10.5,2,0
0,0,0,0,13.0,1,0
0,0,0,0,9.0,1,0
0,0,0,0,2.0,1,0
0,0,0,0,6.0,1,0
0,0,0,0,20.0,1,0
0,0,0,0,8.0,1,0
0,0,0,0,13.0,1,0
0,0,0,0,15.0,1,0
0,0,0,0,9.0,1,0
0,0,0,0,13.0,1,0
0,0,0,0,15.0,1,0
0,0,0,0,16.0,1,0
0,0,0,0,13.0,1,0
0,0,0,0,11.4,3,0
0,0,0,0,11.5,2,0
0,0,0,0,13.0,1,0
0,0,0,0,14.0,1,0
0,0,0,0,13.0,1,0
0,0,0,0,14.0,1,0
0,0,0,0,11.0,1,0
0,0,0,0,8.5,2,0
0,0,0,0,13.0,1,0
0,0,0,0,17.0,1,0
0,0,0,0,7.0,1,0
0,0,0,0,16.0,1,0
0,0,0,0,8.0,3,0
0,0,0,0,22.0,1,0
0,0,0,0,21.0,1,0
0,0,0,0,17.0,1,0
0,0,0,0,22.0,1,0
0,0,0,0,20.0,1,0
0,0,0,0,0.0,1,0
0,0,0,0,13.0,1,0
0,0,0,0,19.25,2,0
0,0,0,2,18.0,1,0
0,0,0,0,16.666666666666668,2,0
0,0,0,0,14.0,4,0
0,0,0,0,13.071428571428571,12,1
0,0,0,0,10.36,18,1
0,0,0,0,15.971428571428572,23,1
0,0,0,1,11.709677419354838,20,1
0,0,0,0,16.178571428571427,20,1
0,0,0,0,13.666666666666666,11,1
0,0,0,0,10.818181818181818,8,0
0,0,0,0,18.0,1,0
0,0,0,0,22.0,1,0
0,0,0,0,18.0,1,0
0,0,0,0,15.0,1,0
0,0,0,0,11.0,1,0
0,0,0,0,17.0,1,0
0,0,0,0,21.0,1,0
0,0,0,0,3.6666666666666665,2,0
0,0,0,0,8.0,1,0
0,0,0,0,0.0,1,0
0,0,0,0,4.666666666666667,2,0
0,0,0,0,12.0,2,0
0,0,0,0,21.666666666666668,2,0
0,0,0,0,19.0,1,0
0,0,0,0,1.0,1,0
0,0,0,0,14.0,3,0
0,0,0,0,23.0,1,0
0,0,0,0,7.0,1,0
0,0,0,0,20.5,2,0
0,0,0,0,15.0,1,0
0,0,0,0,1.0,1,0
0,0,0,0,7.0,1,0
0,0,0,0,12.0,1,0
0,0,0,0,15.0,3,0
0,0,0,0,10.0,1,0
0,0,0,0,14.666666666666666,2,0
0,0,0,0,13.666666666666666,4,0
0,0,0,0,7.0,3,0
0,0,0,0,14.857142857142858,2,0
0,0,0,0,12.666666666666666,5,0
0,0,0,0,17.0,4,0
0,0,0,0,13.3,6,0
0,0,0,0,10.125,8,1
0,0,0,0,6.25,5,0
0,0,0,0,9.666666666666666,2,0
0,0,0,0,9.0,4,0
0,0,0,0,10.0,2,0
0,0,0,0,9.88888888888889,7,0
0,0,0,0,21.0,1,0
0,0,0,0,11.0,3,0
0,0,0,0,12.0,4,0
0,0,0,0,11.0,3,0
0,0,0,0,10.0,2,0
0,0,0,0,13.0,2,0
0,0,0,0,9.0,2,0
0,0,0,0,23.0,1,0
0,0,0,0,21.0,1,0
0,0,0,0,2.0,1,0
0,0,0,0,8.0,1,0
0,0,0,0,10.0,1,0
0,0,0,0,20.0,1,0
0,0,0,0,10.0,1,0
0,0,0,0,14.0,1,0
0,0,0,0,21.0,1,0
0,0,0,0,19.0,1,0
0,0,0,0,17.5,2,0
0,0,0,0,19.666666666666668,2,0
0,0,0,0,5.363636363636363,6,0
0,0,0,0,14.75,10,1
0,0,0,0,12.8,4,0
0,0,0,0,13.666666666666666,7,1
0,0,0,0,18.666666666666668,4,0
0,0,0,0,20.0,1,0
0,0,0,0,14.0,1,0
0,0,0,0,16.0,1,0
0,0,0,0,13.0,1,0
0,0,0,0,10.5,2,0
0,0,0,0,9.0,1,0
0,0,0,0,4.428571428571429,5,0
0,0,0,0,13.5,2,0
0,0,0,0,4.166666666666667,2,0
0,0,0,0,9.0,1,0
0,0,0,0,12.0,4,0
0,0,0,0,11.0,2,0
0,0,0,0,13.0,1,0
0,0,0,0,9.0,1,0
0,0,0,0,13.0,1,0
0,0,0,0,8.0,1,0
0,0,0,1,9.5,4,0
0,0,0,0,11.0,4,0
0,0,0,0,8.5,2,0
0,0,0,0,17.0,1,0
0,0,0,0,14.0,1,0
0,0,0,0,17.0,1,0
0,0,0,0,10.0,1,0
0,0,0,0,0.0,1,0
0,0,0,0,13.0,1,0
0,0,0,0,15.0,1,0
0,0,0,0,13.0,1,0
0,0,0,0,15.0,1,0
0,0,0,0,11.5,2,0
0,0,0,0,8.0,1,0
0,0,0,0,11.0,2,0
0,0,0,0,16.0,1,0
0,0,0,0,6.0,1,0
0,0,0,0,13.0,1,0
0,0,0,0,7.0,1,0
0,0,0,0,15.333333333333334,2,0
0,0,0,0,14.0,1,0
0,0,0,0,12.0,1,0
0,0,0,0,15.0,2,0
0,0,0,0,10.0,1,0
0,0,0,0,12.0,1,0
0,0,0,0,11.0,1,0
0,0,0,0,8.0,2,0
0,0,0,0,11.0,2,0
0,0,0,0,11.0,1,0
0,0,0,0,0.0,1,0
0,0,0,0,9.333333333333334,2,0
0,0,0,0,9.5,2,0
0,0,0,0,8.0,1,0
0,0,0,0,19.0,2,0
0,0,0,0,19.0,1,0
0,0,0,0,4.5,2,0
0,0,0,0,11.0,1,0
0,0,0,0,8.0,1,0
0,0,0,0,21.0,1,0
0,0,0,0,10.0,1,0
0,0,0,0,12.0,1,0
0,0,0,0,0.0,1,0
0,0,0,0,6.0,1,0
0,0,0,0,14.0,1,0
0,0,0,0,16.25,3,0
0,0,0,0,10.0,5,0
0,0,0,0,22.0,1,0
0,0,0,0,19.4,5,0
0,0,0,0,6.5,2,0
0,0,0,0,13.8125,12,1
0,0,0,0,11.333333333333334,8,0
0,0,0,0,15.6,8,0
0,0,0,0,11.642857142857142,11,1
0,0,0,0,11.428571428571429,5,0
0,0,0,0,9.625,5,0
0,0,0,0,12.0,2,0
0,0,0,0,9.7,4,0
0,0,0,0,9.5,6,0
0,0,0,0,13.0,3,0
0,0,0,0,8.5,2,0
0,0,0,0,10.0,2,0
0,0,0,0,11.0,1,0
0,0,0,0,12.0,2,0
0,0,0,0,9.2,4,0
0,0,0,0,13.0,1,0
0,0,0,0,16.0,1,0
0,0,0,0,9.0,1,0
0,0,0,0,20.0,1,0
0,0,0,0,13.0,1,0
0,0,0,0,12.0,1,0
0,0,0,0,2.0,1,0
0,0,0,0,18.0,1,0
0,0,0,0,0.0,1,0
0,0,0,0,8.0,1,0
0,0,0,0,17.0,2,0
0,0,0,0,19.0,1,0
0,0,0,0,8.0,1,0
0,0,0,0,13.0,2,0
0,0,0,0,13.0,1,0
0,0,0,0,15.0,1,0
0,0,0,0,11.0,1,0
0,0,0,0,9.0,1,0
0,0,0,0,6.0,1,0
0,0,0,0,15.0,1,0
0,0,0,0,11.0,1,0
0,0,0,0,14.0,1,0
0,0,0,0,11.0,1,0
0,0,0,0,11.0,1,0
0,0,0,0,12.0,1,0
0,0,0,0,9.0,1,0
0,0,0,0,21.0,1,0
0,0,0,0,18.0,1,0
0,0,0,0,23.0,1,0
0,0,0,0,16.0,1,0
0,0,0,0,1.0,1,0
0,0,0,1,16.5,2,0
0,0,0,0,23.0,1,0
0,0,0,0,17.0,1,0
0,0,0,0,7.0,1,0
0,0,0,0,7.0,1,0
0,0,0,0,10.0,1,0
0,0,0,0,8.0,1,0
0,0,0,0,7.0,1,0
0,0,0,0,13.0,1,0
0,0,0,0,0.0,1,0
0,0,0,6,3.0,2,0
0,0,0,0,11.571428571428571,4,0
0,0,0,0,21.0,1,0
0,0,0,0,1.0,1,0
0,0,0,0,4.0,1,0
0,0,0,0,14.0,1,0
0,0,0,0,10.0,1,0
0,0,0,0,9.0,1,0
0,0,0,0,8.0,1,0
0,0,0,0,7.0,1,0
0,0,0,0,11.0,1,0
0,0,0,0,3.25,3,0
0,0,0,0,10.333333333333334,2,0
0,0,0,0,14.666666666666666,3,0
0,0,0,0,15.11111111111111,7,0
0,0,0,0,13.2,13,1
0,0,0,0,17.4,8,0
0,0,0,0,8.444444444444445,6,0
0,0,0,0,15.666666666666666,3,0
0,0,0,0,15.0,2,0
0,0,0,0,9.333333333333334,2,0
0,0,0,0,8.785714285714286,7,1
0,0,0,0,12.5,4,0
0,0,0,0,13.333333333333334,3,0
0,0,0,0,9.0,4,0
0,0,0,0,7.2,4,0
0,0,0,0,20.0,1,0
0,0,0,0,13.333333333333334,3,0
0,0,0,0,11.2,4,0
0,0,0,0,0.0,1,0
0,0,0,0,14.25,2,0
0,0,0,0,21.0,1,0
0,0,0,0,19.0,1,0
0,0,0,0,15.0,1,0
0,0,0,0,14.0,1,0
0,0,0,0,2.0,1,0
0,0,0,0,7.5,2,0
0,0,0,0,4.0,1,0
0,0,0,0,23.0,1,0
0,0,0,0,21.0,1,0
0,0,0,0,21.0,1,0
0,0,0,0,18.0,1,0
0,0,0,0,22.0,1,0
0,0,0,0,16.0,1,0
0,0,0,0,0.0,1,0
0,0,0,0,2.0,1,0
0,0,0,0,18.0,1,0
0,0,0,0,12.0,3,0
0,0,0,0,11.0,1,0
0,0,0,0,16.0,1,0
0,0,0,0,21.0,1,0
0,0,0,0,21.0,1,0
0,0,0,0,9.0,1,0
0,0,0,0,12.0,1,0
0,0,0,0,0.0,1,0
0,0,0,0,22.0,1,0
0,0,0,0,11.0,1,0
0,0,0,0,15.0,1,0
0,0,0,0,9.0,1,0
0,0,0,0,13.0,1,0
0,0,0,0,14.25,2,0
0,0,0,0,8.0,1,0
0,0,0,0,22.0,1,0
0,0,0,0,18.0,1,0
0,0,0,0,17.0,1,0
0,0,0,0,0.0,1,0
0,0,0,0,17.714285714285715,3,0
0,0,0,0,17.0,1,0
0,0,0,0,8.0,1,0
0,0,0,0,13.0,3,0
0,0,0,4,21.0,1,0
0,0,0,0,12.0,1,0
0,0,0,0,23.0,1,0
0,0,0,0,1.0,1,0
0,0,0,0,8.333333333333334,2,0
0,0,0,0,11.8,4,0
0,0,0,0,4.0,1,0
0,0,0,2,12.5,3,0
0,0,0,0,21.5,3,0
0,0,0,0,22.0,1,0
0,0,0,0,1.0,1,0
0,0,0,0,1.0,1,0
0,0,0,0,7.0,1,0
0,0,0,0,2.0,1,0
0,0,0,0,13.0,1,0
0,0,0,0,23.0,1,0
0,0,0,0,0.0,1,0
0,0,0,2,12.142857142857142,4,0
0,0,0,0,9.777777777777779,4,0
0,0,0,0,0.0,1,0
0,0,0,0,18.0,4,0
0,0,0,0,23.0,2,0
0,0,0,0,20.0,2,0
0,0,0,0,10.0,1,0
0,0,0,0,17.5,2,0
0,0,0,0,12.0,1,0
0,0,0,0,10.0,1,0
0,0,0,0,1.0,1,0
0,0,0,0,3.0,1,0
0,0,0,0,11.0,1,0
0,0,0,0,20.333333333333332,2,0
0,0,0,0,1.0,1,0
0,0,0,0,14.857142857142858,4,0
0,0,0,0,22.333333333333332,3,0
0,0,0,0,17.90909090909091,8,0
0,0,0,0,10.714285714285714,7,0
0,0,0,0,9.75,5,0
0,0,0,0,7.2,4,0
0,0,0,0,21.0,1,0
0,0,0,0,18.75,3,0
0,0,0,0,16.0,1,0
0,0,0,0,21.0,1,0
0,0,0,0,16.0,2,0
0,0,0,0,13.0,1,0
0,0,0,0,11.5,4,0
0,0,0,0,20.0,1,0
0,0,0,0,10.0,1,0
0,0,0,0,8.0,1,0
0,0,0,0,23.0,1,0
0,0,0,0,11.0,1,0
0,0,0,0,22.0,1,0
0,0,0,0,11.0,1,0
0,0,0,0,23.0,1,0
0,0,0,0,4.0,2,0
0,0,0,0,17.0,1,0
0,0,0,0,22.0,1,0
0,0,0,0,0.0,1,0
0,0,0,0,6.0,1,0
0,0,0,0,17.25,5,0
0,0,0,0,1.0,1,0
0,0,0,0,2.0,1,0
0,0,0,0,23.0,1,0
0,0,0,0,9.0,1,0
0,0,0,0,13.0,1,0
0,0,0,0,3.0,2,0
0,0,0,0,19.0,2,0
0,0,0,0,22.0,1,0
0,0,0,0,7.0,2,0
0,0,0,0,10.0,1,0
0,0,0,0,21.333333333333332,2,0
0,0,0,0,19.5,2,0
0,0,0,0,21.0,1,0
0,0,0,3,19.0,2,0
0,0,0,0,21.0,1,0
0,0,0,0,14.0,1,0
0,0,0,0,0.0,1,0
0,0,0,0,13.0,1,0
0,0,0,0,13.0,1,0
0,0,0,0,23.0,1,0
0,0,0,0,17.4,3,0
0,0,0,0,7.0,1,0
0,0,0,0,15.0,1,0
0,0,0,0,18.0,1,0
0,0,0,0,10.0,1,0
0,0,0,0,10.5,2,0
0,0,0,0,12.0,1,0
0,0,0,0,12.0,1,0
0,0,0,0,22.0,1,0
0,0,0,0,14.0,1,0
0,0,0,0,22.0,1,0
0,0,0,0,17.0,1,0
0,0,0,0,6.5,4,0
0,0,0,0,9.5,2,0
0,0,0,0,10.0,1,0
0,0,0,0,13.285714285714286,5,0
0,0,0,0,18.0,1,0
0,0,0,0,11.0,1,0
0,0,0,0,10.0,1,0
0,0,0,0,12.0,1,0
0,0,0,0,19.0,1,0
0,0,0,0,11.0,1,0
0,0,0,0,21.0,1,0
0,0,0,0,10.0,1,0
0,0,0,0,12.0,1,0
0,0,0,0,12.533333333333333,11,1
0,0,0,0,9.25,4,0
0,4,0,0,14.0,4,0
0,0,0,0,9.0,1,0
0,0,0,0,17.0,3,0
0,0,0,0,12.666666666666666,3,0
0,0,0,0,9.0,1,0
0,0,0,0,18.333333333333332,2,0
0,0,0,0,13.0,1,0
0,0,0,0,18.0,1,0
0,0,0,5,12.6,5,0
0,0,0,0,16.0,1,0
0,0,0,0,7.0,1,0
0,0,0,0,3.0,1,0
0,0,0,0,7.0,1,0
0,0,0,0,17.0,1,0
0,0,0,0,10.4,3,0
0,0,0,0,15.0,2,0
0,0,0,0,1.0,1,0
0,0,0,0,9.0,1,0
0,0,0,0,10.0,2,0
0,0,0,0,16.0,1,0
0,0,0,0,5.0,1,0
0,0,0,0,8.0,2,0
0,0,0,0,15.0,1,0
0,0,0,0,23.0,1,0
0,0,0,0,8.0,1,0
0,0,0,0,20.0,1,0
0,0,0,0,20.0,1,0
0,0,0,0,1.0,1,0
0,0,0,0,3.0,1,0
0,0,0,0,16.0,2,0
0,0,0,0,12.0,2,0
0,0,0,1,17.0,1,0
0,0,0,0,8.0,1,0
0,0,0,0,22.0,1,0
0,0,0,0,21.0,1,0
0,0,0,0,21.0,1,0
0,0,0,0,13.0,1,0
0,0,0,0,21.0,1,0
0,0,0,0,4.0,1,0
0,0,0,0,11.0,1,0
0,0,0,0,13.0,1,0
0,0,0,0,9.0,1,0
0,0,0,1,18.0,1,0
0,0,0,0,22.0,1,0
0,0,0,1,15.25,4,0
0,0,0,0,12.071428571428571,7,1
0,0,0,0,9.0,1,0
0,0,0,0,16.285714285714285,4,0
0,0,0,0,18.0,1,0
0,0,0,0,22.0,1,0
0,0,0,0,22.0,1,0
0,0,0,0,4.0,1,0
0,0,0,0,10.0,1,0
0,0,0,0,22.0,1,0
0,0,0,0,18.0,1,0
0,0,0,0,17.0,1,0
0,0,0,0,11.0,1,0
0,0,0,0,0.0,1,0
0,0,0,0,13.0,1,0
0,0,0,0,2.0,1,0
0,0,0,0,16.0,1,0
0,0,0,0,14.0,1,0
0,0,0,0,0.0,1,0
0,0,0,0,10.0,1,0
0,0,0,0,23.0,1,0
0,0,0,0,22.0,1,0
0,0,0,0,12.0,1,0
0,0,0,0,21.0,1,0
0,0,0,0,18.0,1,0
0,0,0,0,9.0,1,0
0,0,0,0,0.0,1,0
0,0,0,0,8.0,1,0
0,0,0,0,9.0,1,0
0,0,0,0,8.0,1,0
0,0,0,0,9.0,1,0
0,0,0,0,16.0,1,0
0,0,0,0,17.0,1,0
0,0,0,0,19.0,1,0
0,0,0,0,18.0,1,0
0,0,0,0,17.0,1,0
0,0,0,0,14.75,7,0
0,0,0,0,10.0,4,0
0,0,0,1,14.4,8,0
0,0,0,0,15.785714285714286,13,1
0,0,0,0,16.6,5,0
0,0,0,0,15.933333333333334,12,1
0,0,0,0,13.5,7,0
0,0,0,0,15.666666666666666,2,0
0,0,0,0,15.0,1,0
0,0,0,0,11.0,3,0
0,0,0,0,15.0,4,0
0,0,0,0,13.0,3,0
0,0,0,0,11.0,1,0
0,0,0,0,12.0,1,0
0,0,0,0,11.0,1,0
0,0,0,0,20.0,1,0
0,0,0,0,23.0,1,0
0,0,0,0,14.0,1,0
0,0,0,0,16.0,1,0
0,0,0,0,1.0,1,0
0,0,0,0,18.0,1,0
0,0,0,0,6.0,1,0
0,0,0,0,15.0,1,0
0,0,0,0,18.0,1,0
0,0,0,0,2.0,1,0
0,0,0,0,11.0,1,0
0,0,0,0,13.5,2,0
0,0,0,0,21.0,2,0
0,0,0,0,0.0,1,0
0,0,0,0,17.0,1,0
0,0,0,0,9.0,1,0
0,0,0,0,17.5,2,0
0,0,0,0,15.0,1,0
0,0,0,0,0.6666666666666666,1,0
0,0,0,0,17.0,1,0
0,0,0,0,6.0,1,0
0,0,0,0,12.0,2,0
0,0,0,0,11.0,1,0
0,0,0,0,16.5,2,0
0,0,0,0,8.0,1,0
0,0,0,0,13.0,1,0
0,0,0,0,12.0,1,0
0,0,0,0,20.0,1,0
0,0,0,0,12.0,1,0
0,0,0,0,11.0,1,0
0,0,0,0,22.0,1,0
0,0,0,0,11.0,1,0
0,0,0,0,9.0,3,0
0,0,0,0,14.0,1,0
0,0,0,0,13.0,1,0
0,0,0,0,23.0,1,0
0,0,0,0,8.0,1,0
0,0,0,0,4.0,1,0
0,0,0,0,0.0,1,0
0,0,0,0,15.0,1,0
0,0,0,0,20.0,1,0
0,0,0,0,8.0,1,0
0,0,0,0,23.0,1,0
0,0,0,0,11.5,3,0
0,0,0,0,8.0,1,0
0,0,0,0,1.0,1,0
0,0,0,0,7.0,1,0
0,0,0,0,22.0,1,0
0,0,0,0,11.0,1,0
0,0,0,0,22.0,1,0
0,0,0,0,13.0,1,0
0,0,0,0,0.0,1,0
0,0,0,0,9.0,1,0
0,0,0,0,14.0,1,0
0,0,0,0,22.0,1,0
0,0,0,0,1.0,1,0
0,0,0,0,9.0,1,0
0,0,0,0,21.0,1,0
0,0,0,0,22.0,1,0
0,0,0,0,21.0,1,0
0,0,0,0,20.0,1,0
0,0,0,0,9.0,1,0
0,0,0,0,23.0,1,0
0,0,0,0,10.0,1,0
0,0,0,0,11.0,1,0
0,0,0,0,10.5,2,0
0,0,0,0,3.0,1,0
0,0,0,0,15.0,1,0
0,0,0,0,11.0,1,0
0,0,0,0,22.0,1,0
0,0,0,0,14.0,1,0
0,0,0,1,17.0,1,0
0,0,0,0,23.0,1,0
0,0,0,0,4.0,1,0
0,0,0,0,18.0,1,0
0,0,0,0,19.0,1,0
0,0,0,0,11.0,1,0
0,0,0,0,23.0,1,0
0,0,0,0,8.0,1,0
0,0,0,0,1.0,1,0
0,0,0,0,22.0,1,0
0,0,0,0,11.0,1,0
0,0,0,0,0.0,1,0
0,0,0,0,8.0,1,0
0,0,0,0,5.5,2,0
0,0,0,0,0.0,1,0
0,0,0,0,22.0,1,0
0,0,0,0,18.0,2,0
0,0,0,0,23.0,1,0
0,0,0,0,23.0,1,0
0,0,0,0,9.0,1,0
0,0,0,0,0.0,1,0
0,0,0,1,11.0,1,0
0,0,0,0,2.0,1,0
0,0,0,0,17.5,2,0
0,0,0,0,10.0,1,0
0,0,0,0,15.0,1,0
0,0,0,0,14.0,1,0
0,0,0,0,1.0,1,0
0,0,0,0,21.0,1,0
0,0,0,0,14.0,1,0
0,0,0,0,23.0,1,0
0,0,0,0,14.0,1,0
0,0,0,0,10.0,1,0
0,0,0,0,22.0,1,0
0,0,0,0,21.0,1,0
0,0,0,0,11.0,1,0
0,0,0,0,12.0,1,0
0,0,0,0,20.0,1,0
0,0,0,0,12.0,1,0
0,0,0,0,9.0,1,0
0,0,0,0,12.0,1,0
0,0,0,0,9.0,2,0
0,0,0,0,15.0,1,0
0,0,0,0,8.0,1,0
0,0,0,0,11.0,1,0
0,0,0,0,16.0,1,0
0,0,0,0,23.0,1,0
0,0,0,0,9.0,1,0
0,0,0,0,20.0,1,0
0,0,0,0,12.0,1,0
0,0,0,0,21.0,1,0
0,0,0,0,15.5,2,0
0,0,0,0,23.0,1,0
0,0,0,0,16.0,1,0
0,0,0,0,23.0,1,0
0,0,0,0,8.0,1,0
0,0,0,0,10.0,1,0
0,0,0,0,18.0,3,0
0,0,0,0,15.0,2,0
0,0,0,0,9.0,1,0
0,0,0,0,12.0,1,0
0,0,0,0,10.0,4,0
0,0,0,0,11.0,1,0
0,0,0,0,9.5,2,0
0,0,0,0,17.0,1,0
0,0,0,0,11.5,2,0
0,0,0,0,16.0,1,0
0,0,0,0,17.2,3,0
0,0,0,0,12.666666666666666,3,0
0,0,0,0,8.666666666666666,2,0
0,0,0,0,13.5,4,0
0,0,0,0,10.6,4,0
0,0,0,0,12.0,1,0
0,0,0,0,2.0,1,0
0,0,0,0,7.5,2,0
0,0,0,0,2.0,1,0
0,0,0,0,13.0,1,0
0,0,0,0,12.0,1,0
0,0,0,0,2.0,1,0
0,0,0,0,12.0,2,0
0,0,0,0,17.0,1,0
0,0,0,0,3.25,3,0
0,0,0,1,8.333333333333334,3,0
0,0,0,0,12.75,4,0
0,0,0,0,2.0,1,0
0,0,0,0,10.0,1,0
0,0,0,0,11.8,4,0
0,0,0,0,14.5,2,0
0,0,0,0,11.0,4,0
0,0,0,0,16.571428571428573,5,0
0,0,0,0,9.333333333333334,2,0
0,0,0,0,20.0,3,0
0,0,0,0,12.166666666666666,5,0
0,0,0,0,7.166666666666667,8,1
0,0,0,0,11.923076923076923,6,1
0,0,0,0,21.0,2,0
0,0,0,0,16.5,2,0
0,0,0,0,16.0,1,0
0,0,0,0,16.0,1,0
0,0,0,0,12.0,1,0
0,0,0,0,16.0,1,0
0,0,0,0,14.0,1,0
0,0,0,1,7.0,1,0
0,0,0,0,7.0,2,0
0,0,0,0,15.2,2,0
0,0,0,0,18.0,2,0
0,0,0,0,12.0,1,0
0,0,0,0,13.0,1,0
0,0,0,0,12.0,1,0
0,0,0,0,20.333333333333332,3,0
0,0,0,0,15.5,2,0
0,0,0,0,15.333333333333334,2,0
0,0,0,0,19.0,1,0
0,0,0,0,9.0,1,0
0,0,0,0,1.0,1,0
0,0,0,0,16.0,2,0
0,0,0,0,16.75,3,0
0,0,0,0,16.571428571428573,6,0
0,0,0,0,10.5,4,0
0,0,0,0,19.0,1,0
0,0,0,0,7.0,1,0
0,0,0,0,10.0,1,0
0,0,0,0,15.5,2,0
0,0,0,0,1.0,1,0
0,0,0,0,7.0,1,0
0,0,0,0,8.0,1,0
0,0,0,0,10.0,1,0
0,0,0,0,23.0,1,0
0,0,0,0,18.0,1,0
0,0,0,0,22.0,1,0
0,0,0,0,7.75,3,0
0,0,0,0,14.0,5,0
0,0,0,0,18.25,4,0
0,0,0,0,11.0,1,0
0,0,0,0,0.0,1,0
0,0,0,0,19.0,1,0
0,0,0,1,16.0,2,0
0,0,0,0,15.0,5,0
0,0,0,0,19.0,1,0
0,0,0,2,8.0,3,0
0,0,0,0,14.5,12,1
0,0,0,0,10.5,11,1
0,0,0,0,13.933333333333334,12,1
0,0,0,0,11.533333333333333,11,1
0,0,0,0,14.0,15,1
0,0,0,0,18.61111111111111,13,1
0,0,0,0,19.666666666666668,5,0
0,0,0,0,12.0,2,0
0,0,0,0,10.0,4,0
0,0,0,0,13.11111111111111,9,0
0,0,0,0,10.833333333333334,12,1
0,0,0,0,14.444444444444445,7,0
0,0,0,0,14.6,17,1
0,0,0,0,14.653846153846153,21,1
0,0,0,3,12.692307692307692,20,1
0,0,0,0,14.285714285714286,6,0
0,0,0,0,9.0,1,0
0,0,0,0,20.0,1,0
0,0,0,0,7.0,1,0
0,0,0,0,22.0,1,0
0,0,0,0,18.0,1,0
0,0,0,0,22.0,1,0
0,0,0,0,9.0,1,0
0,0,0,0,22.0,1,0
0,0,0,0,14.0,1,0
0,0,0,0,22.0,1,0
0,0,0,0,22.0,1,0
0,0,0,0,10.0,1,0
0,0,0,0,22.0,1,0
0,0,0,0,22.0,1,0
0,0,0,0,13.0,1,0
0,0,0,0,19.0,1,0
0,0,0,0,10.0,1,0
0,0,0,0,11.0,1,0
0,0,0,0,8.666666666666666,3,0
0,0,0,0,12.0,1,0
0,0,0,0,10.0,1,0
0,0,0,0,10.0,1,0
0,0,0,0,14.0,1,0
0,0,0,0,13.0,1,0
0,0,0,0,22.0,1,0
0,0,0,0,1.0,1,0
0,0,0,0,7.0,1,0
0,0,0,0,23.0,1,0
0,0,0,0,11.0,1,0
0,0,0,0,10.0,1,0
0,0,0,0,16.0,1,0
0,0,0,0,16.0,1,0
0,0,0,0,19.0,1,0
0,0,0,0,17.0,1,0
0,0,0,0,14.0,1,0
0,0,0,0,2.0,1,0
0,0,0,0,10.0,1,0
0,0,0,0,22.0,1,0
0,0,0,0,13.0,1,0
0,0,0,0,13.0,1,0
0,0,0,0,23.0,1,0
0,0,0,0,14.0,2,0
0,0,0,2,19.75,3,0
0,0,0,0,15.5,3,0
0,0,0,0,18.25,3,0
0,0,0,0,11.142857142857142,5,0
0,0,0,0,13.5,8,0
0,5,0,0,14.0,12,1
0,0,0,0,11.35483870967742,22,1
0,0,0,2,14.704545454545455,34,1
0,0,0,0,13.694444444444445,27,1
0,0,0,6,12.512195121951219,34,1
0,0,0,2,14.395833333333334,41,1
0,0,1,1,15.042857142857143,49,1
0,2,0,0,14.178571428571429,46,1
0,0,0,1,13.0,30,1
0,0,0,0,13.434782608695652,15,1
0,4,0,0,15.652173913043478,35,1
0,0,0,1,15.428571428571429,23,1
0,0,0,0,12.625,15,1
0,0,0,0,11.615384615384615,17,1
0,0,0,0,13.0,6,0
0,0,0,0,21.25,2,0
0,0,0,0,16.142857142857142,5,0
0,0,0,1,9.75,12,1
0,0,0,2,14.2,23,1
0,0,0,0,15.444444444444445,17,1
0,2,0,0,10.838709677419354,51,1
0,0,0,1,10.450980392156863,47,1
0,0,0,0,12.897435897435898,28,1
0,0,0,0,17.4,5,0
0,0,0,0,10.0,1,0
0,0,0,0,15.0,1,0
0,0,0,0,6.5,4,0
0,0,0,0,18.0,2,0
0,0,0,0,20.0,1,0
0,0,0,0,20.0,1,0
0,0,0,0,17.0,1,0
0,0,0,0,17.0,1,0
0,0,0,0,9.0,1,0
0,0,0,0,16.0,2,0
0,0,0,0,9.0,2,0
0,0,0,0,13.0,1,0
0,0,0,0,22.0,1,0
0,0,0,0,6.0,1,0
0,0,0,0,8.0,1,0
0,0,0,0,23.0,1,0
0,0,0,0,7.0,1,0
0,0,0,0,8.0,1,0
0,0,0,0,14.0,1,0
0,0,0,0,11.0,1,0
0,0,0,0,11.0,1,0
0,0,0,0,4.0,1,0
0,0,0,0,11.0,1,0
0,0,0,0,8.75,3,0
0,0,0,0,16.25,2,0
0,0,0,0,8.333333333333334,2,0
0,0,0,0,3.0,1,0
0,0,0,0,15.666666666666666,3,0
0,0,0,0,7.0,1,0
0,0,0,0,10.0,1,0
0,0,0,0,16.5,2,0
0,0,0,0,8.333333333333334,2,0
0,0,0,0,9.0,3,0
0,0,0,0,10.5,3,0
0,0,0,0,10.25,4,0
0,0,0,0,12.0,2,0
0,0,0,0,23.0,1,0
0,0,0,0,19.0,1,0
0,0,0,0,0.0,1,0
0,0,0,0,21.0,1,0
0,0,0,0,13.0,1,0
0,0,0,0,16.0,1,0
0,0,0,0,7.0,1,0
0,0,0,0,12.0,1,0
0,0,0,0,13.0,1,0
0,0,0,0,12.0,1,0
0,0,0,0,21.0,1,0
0,0,0,0,7.0,1,0
0,0,0,0,8.0,1,0
0,0,0,0,12.0,1,0
0,0,0,0,12.5,2,0
0,0,0,0,2.0,1,0
0,0,0,0,6.0,1,0
0,0,0,0,23.0,1,0
0,0,0,0,11.333333333333334,9,1
0,0,0,0,14.724137931034482,17,1
0,0,0,0,13.666666666666666,3,0
0,0,0,0,7.0,1,0
0,0,0,0,8.333333333333334,2,0
0,0,0,0,13.0,1,0
0,0,0,0,17.0,1,0
0,0,0,0,16.0,1,0
0,0,0,0,19.0,1,0
0,0,0,3,16.34375,22,1
0,0,0,0,2.25,3,0
0,0,0,0,19.666666666666668,3,0
0,0,0,1,16.285714285714285,6,0
0,0,0,0,2.6,4,0
0,0,0,0,17.857142857142858,6,0
0,0,0,0,23.0,1,0
0,0,0,4,9.8,18,1
0,0,0,0,7.0,4,0
0,0,0,0,12.25,8,1
0,0,0,0,20.0,1,0
0,0,0,0,16.0,1,0
0,0,0,0,1.0,1,0
0,0,0,0,3.0,1,0
0,0,0,0,21.0,1,0
0,0,0,0,8.0,1,0
0,0,0,0,13.0,1,0
0,0,0,0,22.0,1,0
0,0,0,0,2.0,1,0
0,0,0,0,8.0,1,0
0,0,0,0,17.0,1,0
0,0,0,0,22.0,1,0
0,0,0,0,23.0,1,0
0,0,0,0,1.0,1,0
0,0,0,0,19.0,1,0
0,0,0,0,9.0,1,0
0,0,0,0,13.0,1,0
0,0,0,0,8.0,1,0
0,0,0,0,18.0,1,0
0,0,0,0,14.0,1,0
0,0,0,0,8.0,1,0
0,0,0,0,13.0,1,0
0,0,0,0,8.0,1,0
0,0,0,0,13.0,1,0
0,0,0,0,22.0,1,0
0,0,0,0,7.0,1,0
0,0,0,1,3.2,2,0
0,0,0,0,22.0,1,0
0,0,0,0,18.0,1,0
0,0,0,0,6.0,1,0
0,0,0,0,10.0,1,0
0,0,0,0,8.0,1,0
0,0,0,0,22.333333333333332,2,0
0,0,0,0,9.0,1,0
0,0,0,0,10.0,1,0
0,0,0,0,9.0,1,0
0,0,0,2,11.0,1,0
0,0,0,0,8.0,1,0
0,0,0,0,16.0,1,0
0,0,0,0,19.0,1,0
0,0,0,0,19.0,1,0
0,0,0,0,23.0,1,0
0,0,0,0,18.0,1,0
0,0,0,0,0.0,1,0
0,0,0,0,11.0,1,0
0,0,0,0,7.0,1,0
0,0,0,0,18.0,1,0
0,0,0,0,19.0,1,0
0,0,0,0,7.0,1,0
0,0,0,0,16.0,1,0
0,0,0,0,21.0,1,0
0,0,0,1,7.0,1,0
0,0,0,0,10.5,2,0
0,0,0,0,11.333333333333334,3,0
0,0,0,0,12.0,1,0
0,0,0,0,9.0,1,0
0,0,0,0,8.0,1,0
0,0,0,0,8.666666666666666,2,0
0,0,0,0,7.0,1,0
0,0,0,0,0.0,1,0
0,0,0,0,21.0,1,0
0,0,0,0,21.0,1,0
0,0,0,0,19.0,1,0
0,0,0,0,17.6,2,0
0,0,0,0,14.6,4,0
0,0,0,4,15.307692307692308,8,1
0,0,0,4,9.5625,11,1
0,0,0,0,12.466666666666667,11,1
0,0,0,0,17.05263157894737,12,1
0,0,0,0,12.857142857142858,21,1
0,0,0,0,15.5625,27,1
0,0,0,0,13.978260869565217,32,1
0,0,0,0,12.9,21,1
0,0,0,0,11.464285714285714,16,1
0,0,0,0,12.764705882352942,40,1
0,0,0,2,15.096774193548388,21,1
0,0,0,2,12.894736842105264,12,1
0,0,0,0,12.25,9,1
0,0,0,0,13.5,12,1
0,0,0,0,8.666666666666666,9,1
0,0,0,0,16.0,6,0
0,0,0,0,11.13888888888889,28,1
0,0,0,0,14.108108108108109,25,1
0,0,0,0,14.6,14,1
0,0,0,4,9.64,33,1
0,0,0,0,14.344827586206897,23,1
0,0,0,2,14.666666666666666,11,1
0,0,0,0,17.4,9,0
0,0,0,0,22.0,1,0
0,0,0,0,16.0,1,0
0,0,0,0,16.0,1,0
0,0,0,0,22.0,1,0
0,0,0,0,0.0,1,0
0,0,0,0,17.0,1,0
0,0,0,0,17.0,1,0
0,0,0,0,3.0,1,0
0,0,0,0,0.0,1,0
0,0,0,0,22.0,2,0
0,0,0,0,21.0,1,0
0,0,0,0,17.0,1,0
0,0,0,0,20.0,1,0
0,0,0,0,20.0,1,0
0,0,0,0,22.0,1,0
0,0,0,0,19.0,2,0
0,0,0,0,23.0,1,0
0,0,0,0,10.0,1,0
0,0,0,0,23.0,1,0
0,0,0,0,0.0,1,0
0,0,0,0,4.0,1,0
0,0,0,0,23.0,1,0
0,0,0,0,21.0,1,0
0,0,0,0,23.0,1,0
0,0,0,0,23.0,1,0
0,0,0,0,18.0,1,0
0,0,0,0,20.5,2,0
0,0,0,0,9.0,1,0
0,0,0,0,10.0,1,0
0,0,0,0,8.0,1,0
0,0,0,0,16.0,1,0
0,0,0,0,12.5,2,0
0,0,0,0,7.0,1,0
0,0,0,0,6.0,1,0
0,0,0,0,8.0,2,0
0,0,0,0,2.0,1,0
0,0,0,0,22.0,1,0
0,0,0,0,15.0,1,0
0,0,0,0,7.0,1,0
0,0,0,0,16.0,1,0
0,0,0,1,0.0,1,0
0,0,0,0,23.0,1,0
0,0,0,0,18.0,1,0
0,0,0,0,12.0,2,0
0,0,0,0,1.0,1,0
0,0,0,0,15.0,1,0
0,0,0,0,18.0,1,0
0,0,0,0,10.0,4,0
0,0,0,0,19.0,3,0
0,0,0,0,20.0,2,0
0,0,0,0,13.0,1,0
0,0,0,0,15.5,2,0
0,0,0,0,19.0,1,0
0,0,0,0,7.0,1,0
0,0,0,0,8.0,1,0
0,0,0,0,21.0,1,0
0,0,0,0,23.0,1,0
0,0,0,0,15.0,1,0
0,0,0,0,21.0,1,0
0,0,0,0,12.0,1,0
0,0,0,0,22.0,1,0
0,0,0,0,23.0,1,0
0,0,0,0,0.0,1,0
0,0,0,0,5.0,1,0
0,0,0,0,15.638297872340425,31,1
0,0,0,0,14.30952380952381,33,1
0,0,0,0,14.783783783783784,28,1
0,0,0,0,16.733333333333334,11,1
0,0,0,0,19.444444444444443,6,0
0,0,0,0,15.666666666666666,4,0
0,0,0,1,13.133333333333333,14,1
0,0,0,1,14.714285714285714,13,1
0,0,0,0,11.857142857142858,12,1
0,0,0,0,13.4,4,0
0,0,0,0,11.666666666666666,3,0
0,0,0,0,3.0,3,0
0,0,0,0,22.0,1,0
0,0,0,0,7.0,1,0
0,0,0,0,12.5,2,0
0,0,0,0,11.666666666666666,6,0
0,0,0,0,14.0,1,0
0,0,0,0,11.0,1,0
0,0,0,0,8.0,1,0
0,0,0,0,22.0,1,0
0,0,0,0,15.0,1,0
0,0,0,0,22.0,1,0
0,0,0,0,0.0,1,0
0,0,0,0,17.0,1,0
0,0,0,0,18.0,1,0
0,0,0,0,10.0,34,1
0,0,0,4,12.130434782608695,37,1
0,0,0,0,8.851851851851851,23,1
0,0,0,8,13.707317073170731,28,1
0,2,0,0,12.596774193548388,42,1
0,0,0,0,16.105263157894736,18,1
0,0,0,0,11.333333333333334,15,1
0,0,0,0,4.833333333333333,3,0
0,0,0,0,14.2,5,0
0,0,0,2,9.727272727272727,13,1
0,0,0,1,14.5625,12,1
0,0,0,0,10.0,1,0
0,0,0,0,20.333333333333332,2,0
0,0,0,0,12.5,2,0
0,0,0,1,21.0,4,0
0,0,0,0,9.0,1,0
0,0,0,0,10.0,1,0
0,0,0,0,2.0,1,0
0,0,0,0,18.0,1,0
0,0,0,0,21.0,1,0
0,0,0,0,2.0,1,0
0,0,0,0,2.0,1,0
0,0,0,0,12.0,1,0
0,0,0,0,11.0,1,0
0,0,0,0,16.0,1,0
0,0,0,0,6.0,1,0
0,0,0,0,21.0,1,0
0,0,0,0,14.0,3,0
0,0,0,0,11.6,5,0
0,0,0,0,16.833333333333332,5,0
0,0,0,0,15.692307692307692,6,1
0,0,0,0,14.0,1,0
0,0,0,0,16.0,4,0
0,0,0,1,16.0,4,0
0,0,0,0,3.6,2,0
0,0,0,0,8.0,1,0
0,0,0,0,14.666666666666666,14,1
0,0,0,0,13.7,10,0
0,0,0,0,10.5,4,0
0,0,0,0,19.5,4,0
0,0,0,0,9.0,1,0
0,0,0,0,10.0,1,0
0,0,0,0,17.0,1,0
0,0,0,0,0.0,1,0
0,0,0,0,4.0,1,0
0,0,0,0,15.0,1,0
0,0,0,0,21.0,1,0
0,0,0,0,22.0,1,0
0,0,0,0,22.0,1,0
0,0,0,0,21.0,1,0
0,0,0,0,8.0,1,0
0,0,0,0,8.0,1,0
0,0,0,0,23.0,1,0
0,0,0,0,23.0,1,0
0,0,0,0,20.0,1,0
0,0,0,0,14.0,1,0
0,0,0,0,4.0,1,0
0,0,0,0,21.0,1,0
0,0,0,0,12.5,5,0
0,0,0,0,16.15,15,1
0,0,0,0,6.333333333333333,4,0
0,0,0,0,15.25,4,0
0,0,0,0,1.0,1,0
0,0,0,0,7.6923076923076925,7,1
0,0,0,0,14.0,4,0
0,0,0,0,3.4285714285714284,7,0
0,0,0,1,9.76923076923077,9,1
0,0,0,2,14.235294117647058,12,1
0,0,0,0,3.0,1,0
0,0,0,0,10.0,1,0
0,0,0,0,21.0,1,0
0,0,0,0,9.0,1,0
0,0,0,0,0.0,1,0
0,0,0,0,22.0,1,0
0,0,0,0,17.0,1,0
0,0,0,0,23.0,1,0
0,0,0,0,12.333333333333334,3,0
0,0,0,0,10.6,3,0
0,0,0,0,18.4,5,0
0,0,0,0,2.0,1,0
0,0,0,0,15.0,1,0
0,0,0,0,19.0,1,0
0,0,0,0,2.0,1,0
0,0,0,0,8.5,2,0
0,0,0,0,18.0,1,0
0,0,0,0,23.0,1,0
0,0,0,0,8.0,1,0
0,0,0,0,8.0,1,0
0,0,0,0,13.0,1,0
0,0,0,0,23.0,1,0
0,0,0,0,19.0,1,0
0,0,0,0,16.0,1,0
0,0,0,0,17.0,1,0
0,0,0,0,14.0,1,0
0,0,0,0,19.0,1,0
0,0,0,0,7.0,1,0
0,0,0,0,10.0,1,0
0,0,0,0,14.833333333333334,4,0
0,0,0,0,22.0,1,0
0,0,0,0,16.666666666666668,3,0
0,0,0,1,9.2,4,0
0,0,0,0,11.8,4,0
0,0,0,0,15.0,1,0
0,0,0,0,0.0,1,0
0,0,0,0,10.0,1,0
0,0,0,0,12.0,3,0
0,0,0,5,2.0,1,0
0,0,0,0,12.0,1,0
0,0,0,0,11.0,1,0
0,0,0,0,9.0,1,0
0,0,0,0,10.0,1,0
0,0,0,0,13.0,1,0
0,0,0,0,9.0,1,0
0,0,0,0,10.0,1,0
0,0,0,0,17.0,1,0
0,0,0,0,1.0,1,0
0,0,0,0,18.0,1,0
0,0,0,0,23.0,1,0
0,0,0,0,11.0,1,0
0,0,0,0,21.0,1,0
0,0,0,0,15.0,1,0
0,0,0,0,16.0,1,0
0,0,0,0,7.5,5,0
0,0,0,0,13.833333333333334,6,0
0,0,0,0,15.909090909090908,10,0
0,0,0,0,9.666666666666666,3,0
0,0,0,1,12.047619047619047,15,1
0,0,0,0,14.222222222222221,23,1
0,0,0,0,15.826086956521738,17,1
0,0,0,0,10.848484848484848,21,1
0,0,0,1,9.222222222222221,12,1
0,0,0,0,12.344827586206897,25,1
0,0,0,1,10.761904761904763,17,1
0,0,0,1,13.736842105263158,25,1
0,0,0,0,13.6,26,1
0,0,0,0,12.76923076923077,20,1
0,0,0,0,12.125,12,1
0,0,0,0,10.666666666666666,6,0
0,0,0,0,10.088888888888889,32,1
0,0,0,0,11.375,35,1
0,0,0,0,12.333333333333334,15,1
0,0,0,0,13.409090909090908,56,1
0,0,0,0,11.945454545454545,48,1
0,0,0,0,11.087719298245615,47,1
0,0,0,0,10.38888888888889,16,1
0,0,0,0,15.2,5,0
0,0,0,0,14.0,1,0
0,0,0,0,7.5,2,0
0,0,0,0,12.875,5,0
0,0,0,0,13.5,2,0
0,0,0,0,13.0,6,0
0,0,0,0,16.25,7,0
0,0,0,0,14.88888888888889,8,0
0,0,0,0,9.333333333333334,8,0
0,0,0,0,10.0,11,1
0,0,0,0,11.555555555555555,8,0
0,0,0,0,13.5,10,0
0,0,0,0,13.25,3,0
0,0,0,1,11.181818181818182,21,1
0,0,0,0,9.966666666666667,24,1
0,0,0,0,9.307692307692308,11,1
0,0,0,0,10.666666666666666,6,0
0,0,0,0,9.857142857142858,18,1
0,0,0,0,11.0,18,1
0,0,0,0,10.0,4,0
0,0,0,0,14.0,2,0
0,0,0,0,22.0,1,0
0,0,0,0,10.0,1,0
0,0,0,0,12.0,1,0
0,0,0,0,1.0,1,0
0,0,0,1,11.0,1,0
0,0,0,0,19.0,1,0
0,0,0,1,15.5,3,0
0,0,0,0,5.0,2,0
0,0,0,0,21.0,1,0
0,0,0,0,17.666666666666668,3,0
0,0,0,0,10.75,4,0
0,0,0,0,5.2,3,0
0,0,0,0,7.0,1,0
0,0,0,0,23.0,1,0
0,0,0,0,11.5,3,0
0,0,0,0,16.0,2,0
0,0,0,0,8.0,1,0
0,0,0,0,1.0,1,0
0,0,0,0,11.8,4,0
0,0,0,0,17.0,1,0
0,0,0,0,11.571428571428571,7,0
0,0,0,0,14.0,6,0
0,0,0,0,11.166666666666666,5,0
0,0,0,0,16.5,2,0
0,0,0,0,9.0,1,0
0,0,0,0,9.0,1,0
0,0,0,0,22.0,1,0
0,0,0,0,22.0,1,0
0,0,0,0,16.0,1,0
0,0,0,0,1.0,1,0
0,0,0,0,7.0,1,0
0,0,0,0,9.0,1,0
0,0,0,0,17.0,1,0
0,0,0,0,7.0,1,0
0,0,0,0,17.0,1,0
0,0,0,0,14.0,1,0
0,0,0,0,10.0,1,0
0,0,0,0,22.0,1,0
0,0,0,0,8.0,1,0
0,0,0,0,23.0,1,0
0,0,0,0,15.0,2,0
0,0,0,0,22.0,1,0
0,0,0,0,17.333333333333332,3,0
0,0,0,0,18.8,4,0
0,0,0,0,11.8,8,0
0,0,0,2,14.2,9,0
0,0,0,0,12.3125,16,1
0,0,0,0,14.578947368421053,30,1
0,0,0,0,17.30952380952381,31,1
0,0,0,0,15.952380952380953,37,1
0,0,0,0,10.951612903225806,49,1
0,0,0,0,12.865168539325843,69,1
0,0,0,2,12.336633663366337,84,1
0,0,0,3,14.425287356321839,77,1
0,0,0,0,13.858823529411765,71,1
0,0,0,3,12.697368421052632,62,1
0,0,0,6,13.903508771929825,92,1
0,0,0,2,13.103092783505154,83,1
0,0,0,0,12.632183908045977,77,1
0,0,0,1,13.216981132075471,85,1
0,0,0,1,13.147727272727273,69,1
0,0,0,0,10.421052631578947,17,1
0,0,0,1,12.196428571428571,36,1
0,0,0,4,12.508771929824562,45,1
0,0,0,0,13.26923076923077,65,1
0,0,0,0,12.063829787234043,40,1
0,1,0,1,13.206185567010309,94,1
0,0,0,6,11.083333333333334,80,1
0,0,0,0,13.432835820895523,52,1
0,0,0,0,14.818181818181818,24,1
0,0,0,0,18.0,1,0
0,0,0,0,3.0,1,0
0,0,0,0,10.0,1,0
0,0,0,0,7.0,1,0
0,0,0,0,9.0,1,0
0,0,0,0,5.0,1,0
0,0,0,0,7.5,2,0
0,0,0,1,15.5,2,0
0,1,0,0,9.5,2,0
0,0,0,0,0.0,1,0
0,0,0,0,19.0,1,0
0,0,0,0,22.0,1,0
0,0,0,0,19.5,2,0
0,0,0,0,8.333333333333334,2,0
0,0,0,0,0.0,1,0
0,0,0,0,23.0,1,0
0,0,0,0,20.5,2,0
0,0,0,0,13.333333333333334,3,0
0,0,0,0,14.0,1,0
0,0,0,0,11.0,1,0
0,0,0,0,14.5,2,0
0,0,0,0,23.0,1,0
0,0,0,0,4.0,2,0
0,0,0,0,15.2,4,0
0,0,0,0,8.333333333333334,3,0
0,0,0,0,7.0,2,0
0,0,0,0,15.0,4,0
0,0,0,0,9.333333333333334,3,0
0,0,0,0,8.5,2,0
0,0,0,0,11.0,2,0
0,0,0,0,18.5,2,0
0,0,0,0,10.0,1,0
0,0,0,0,12.5,2,0
0,0,0,0,9.4,5,0
0,0,0,0,17.0,2,0
0,0,0,0,11.4,3,0
0,0,0,0,22.5,2,0
0,0,0,0,9.0,2,0
0,0,0,0,12.0,1,0
0,0,0,0,9.75,4,0
0,0,0,0,11.5,5,0
0,0,0,0,4.0,2,0
0,0,0,0,2.0,1,0
0,0,0,0,11.0,1,0
0,0,0,0,18.0,1,0
0,0,0,0,16.0,1,0
0,0,0,0,12.0,1,0
0,0,0,0,0.0,1,0
0,0,0,0,18.0,1,0
0,0,0,0,10.0,1,0
0,0,0,0,16.0,1,0
0,0,0,0,19.0,1,0
0,0,0,0,12.0,1,0
0,0,0,0,9.0,1,0
0,0,0,0,8.8,3,0
0,0,0,0,13.0,1,0
0,0,0,0,22.0,2,0
0,0,0,0,21.0,1,0
0,0,0,0,14.0,1,0
0,0,0,0,23.0,1,0
0,0,0,0,12.0,1,0
0,0,0,0,17.0,1,0
0,0,0,0,23.0,1,0
0,0,0,0,18.0,1,0
0,0,0,0,14.0,1,0
0,0,0,0,11.0,1,0
0,0,0,7,2.0,1,0
0,0,0,0,17.0,1,0
0,0,0,0,2.0,1,0
0,0,0,0,0.0,1,0
0,0,0,0,3.0,1,0
0,0,0,0,15.0,1,0
0,0,0,0,17.0,1,0
0,0,0,0,23.0,1,0
0,0,0,0,7.0,1,0
0,0,0,0,13.0,1,0
0,0,0,0,9.0,1,0
0,0,0,0,9.0,1,0
0,0,0,1,1.0,1,0
0,0,0,0,8.0,1,0
0,0,0,0,23.0,1,0
0,0,0,0,15.0,1,0
0,0,0,0,14.0,1,0
0,0,0,0,16.0,1,0
0,0,0,0,23.0,1,0
0,0,0,0,17.0,1,0
0,0,0,0,3.0,1,0
0,0,0,0,23.0,1,0
0,0,0,0,13.666666666666666,3,0
0,0,0,0,5.333333333333333,2,0
0,0,0,0,10.75,3,0
0,0,0,0,16.333333333333332,3,0
0,0,0,0,16.333333333333332,2,0
0,0,0,0,17.363636363636363,14,1
0,0,0,0,12.142857142857142,7,0
0,0,0,1,9.333333333333334,11,1
0,0,0,2,15.18918918918919,23,1
0,0,0,0,11.125,8,0
0,0,0,0,14.818181818181818,11,0
0,0,0,0,11.8,12,1
0,0,0,3,10.4,14,1
0,0,0,0,14.91304347826087,17,1
0,0,0,2,9.25,13,1
0,0,0,0,14.333333333333334,11,1
0,0,0,0,12.952380952380953,17,1
0,0,0,1,13.738095238095237,30,1
0,0,0,0,13.814814814814815,22,1
0,0,0,0,13.1,14,1
0,0,0,4,9.770833333333334,34,1
0,0,0,0,11.722222222222221,41,1
0,2,0,3,11.773584905660377,44,1
0,1,0,1,9.015625,45,1
0,0,0,2,12.178947368421053,69,1
0,0,0,1,13.88679245283019,43,1
0,0,0,1,13.909090909090908,10,0
0,0,0,0,16.0,1,0
0,0,0,0,4.0,1,0
0,0,0,0,18.0,1,0
0,0,0,0,19.0,1,0
0,0,0,0,13.0,1,0
0,0,0,0,13.0,1,0
0,0,0,0,14.0,1,0
0,0,0,0,21.0,1,0
0,0,0,0,8.0,1,0
0,0,0,0,6.0,1,0
0,0,0,0,9.0,1,0
0,0,0,0,6.5,2,0
0,0,0,0,17.0,1,0
0,0,0,0,14.0,1,0
0,0,0,0,18.0,1,0
0,0,0,0,14.0,1,0
0,0,0,0,8.0,1,0
0,0,0,0,22.0,1,0
0,0,0,0,23.0,1,0
0,0,0,0,9.0,1,0
0,0,0,0,13.0,1,0
0,0,0,0,21.0,1,0
0,0,0,0,9.0,1,0
0,0,0,0,10.0,1,0
0,0,0,0,3.0,1,0
0,0,0,0,8.0,1,0
0,0,0,0,16.0,1,0
0,0,0,0,1.0,1,0
0,0,0,0,3.0,1,0
0,0,0,0,9.0,1,0
0,0,0,0,10.0,1,0
0,0,0,0,10.0,1,0
0,0,0,0,9.0,1,0
0,0,0,0,16.0,1,0
0,0,0,0,19.0,1,0
0,0,0,0,16.0,1,0
0,0,0,0,22.0,1,0
0,0,0,0,14.0,1,0
0,0,0,0,11.0,1,0
0,0,0,0,14.0,1,0
0,0,0,0,8.0,1,0
0,0,0,0,19.0,1,0
0,0,0,0,1.0,1,0
0,0,0,0,13.0,1,0
0,0,0,0,12.0,1,0
0,0,0,0,6.0,1,0
0,0,0,0,14.0,1,0
0,0,0,0,7.0,1,0
0,0,0,0,8.0,1,0
0,0,0,0,8.0,1,0
0,0,0,0,12.0,1,0
0,0,0,0,18.0,1,0
0,0,0,0,15.0,1,0
0,0,0,0,11.0,1,0
0,0,0,7,0.0,1,0
0,0,0,0,9.0,1,0
0,0,0,0,6.0,1,0
0,0,0,0,12.0,1,0
0,0,0,0,22.0,1,0
0,0,0,0,22.0,1,0
0,0,0,0,19.0,1,0
0,0,0,1,16.0,1,0
0,0,0,0,11.0,1,0
0,0,0,0,14.0,1,0
0,0,0,0,0.0,1,0
0,0,0,0,0.0,1,0
0,0,0,0,20.0,1,0
0,0,0,0,16.0,1,0
0,0,0,0,14.0,1,0
0,0,0,0,11.0,1,0
0,0,0,0,10.5,2,0
0,0,0,0,17.333333333333332,2,0
0,0,0,0,0.0,2,0
0,0,0,0,13.0,1,0
0,0,0,0,11.0,1,0
0,0,0,0,14.0,1,0
0,0,0,0,2.6666666666666665,3,0
0,0,0,0,14.0,1,0
0,0,0,0,18.0,1,0
0,0,0,0,12.0,1,0
0,0,0,0,17.0,1,0
0,0,0,0,10.0,1,0
0,0,0,0,23.0,1,0
0,0,0,0,13.0,1,0
0,0,0,0,9.333333333333334,2,0
0,0,0,0,8.0,1,0
0,0,0,0,23.0,1,0
0,0,0,0,18.0,1,0
0,0,0,0,20.0,1,0
0,0,0,0,23.0,1,0
0,0,0,0,21.0,1,0
0,0,0,0,14.0,2,0
0,0,0,0,17.0,1,0
0,0,0,2,10.0,1,0
0,0,0,0,8.0,1,0
0,0,0,0,18.0,1,0
0,0,0,0,22.0,1,0
0,0,0,0,10.0,1,0
0,0,0,0,14.0,1,0
0,0,0,0,12.0,1,0
0,0,0,0,23.0,1,0
0,0,0,0,12.0,1,0
0,0,0,0,16.0,1,0
0,0,0,0,10.0,1,0
0,0,0,0,22.0,1,0
0,0,0,0,22.0,1,0
0,0,0,0,21.0,1,0
0,0,0,0,15.0,1,0
0,0,0,0,10.0,1,0
0,0,0,0,0.0,1,0
0,0,0,0,19.0,1,0
0,0,0,0,16.0,1,0
0,0,0,0,15.0,1,0
0,0,0,0,17.0,1,0
0,0,0,0,21.0,1,0
0,0,0,0,20.0,1,0
0,0,0,0,10.0,2,0
0,0,0,0,20.0,1,0
0,0,0,0,21.0,1,0
0,0,0,0,11.0,1,0
0,0,0,0,10.0,1,0
0,0,0,0,19.0,1,0
0,0,0,0,23.0,1,0
0,0,0,0,13.0,1,0
0,0,0,0,11.0,1,0
0,0,0,0,11.0,1,0
0,0,0,0,19.0,1,0
0,0,0,0,17.0,1,0
0,0,0,0,18.2,3,0
0,0,0,0,17.0,3,0
0,0,0,0,20.666666666666668,3,0
0,0,0,0,16.2,3,0
0,0,0,0,19.0,1,0
0,0,0,0,10.0,1,0
0,0,0,0,8.0,1,0
0,0,0,0,20.0,1,0
0,0,0,0,17.0,1,0
0,0,0,0,21.0,1,0
0,0,0,0,10.0,1,0
0,0,0,0,10.0,1,0
0,0,0,0,12.0,1,0
0,0,0,0,9.0,1,0
0,0,0,0,17.0,1,0
0,0,0,0,15.0,1,0
0,0,0,0,4.0,1,0
0,0,0,0,14.0,1,0
0,0,0,0,13.0,1,0
0,0,0,0,12.0,1,0
0,0,0,0,18.0,1,0
0,0,0,0,8.0,1,0
0,0,0,0,11.0,1,0
0,0,0,0,20.0,1,0
0,0,0,0,6.0,1,0
0,0,0,0,15.0,1,0
0,0,0,0,17.0,1,0
0,0,0,0,11.0,1,0
0,0,0,0,14.0,1,0
0,0,0,0,10.0,1,0
0,0,0,4,15.0,1,0
0,0,0,0,22.0,1,0
0,0,0,0,13.0,1,0
0,0,0,0,11.0,1,0
0,0,0,0,11.0,1,0
0,0,0,0,14.0,1,0
0,0,0,0,13.0,1,0
0,0,0,0,10.0,1,0
0,0,0,1,8.0,1,0
0,0,0,0,1.0,1,0
0,0,0,0,13.0,1,0
0,0,0,0,13.0,1,0
0,0,0,0,9.0,1,0
0,0,0,0,7.0,1,0
0,0,0,0,9.0,1,0
0,0,0,0,11.0,1,0
0,0,0,0,15.0,1,0
0,0,0,0,10.0,1,0
0,0,0,0,13.0,1,0
0,0,0,0,13.0,1,0
0,0,0,1,6.0,1,0
0,0,0,0,15.0,1,0
0,0,0,0,10.0,1,0
0,0,0,0,8.0,1,0
0,0,0,0,14.0,1,0
0,0,0,0,12.0,1,0
0,0,0,0,5.0,1,0
0,0,0,0,3.0,1,0
0,0,0,0,13.0,2,0
0,0,0,0,13.0,1,0
0,0,0,1,11.0,1,0
0,0,0,0,10.0,1,0
0,0,0,0,10.0,1,0
0,0,0,0,12.0,1,0
0,0,0,0,10.0,2,0
0,0,0,0,1.0,1,0
0,0,0,0,13.0,1,0
0,0,0,0,0.0,1,0
0,0,0,1,14.0,1,0
0,0,0,0,13.0,1,0
0,0,0,0,9.0,1,0
0,0,0,0,11.0,1,0
0,0,0,0,11.0,1,0
0,0,0,0,12.0,1,0
0,0,0,0,11.0,1,0
0,0,0,0,8.0,1,0
0,0,0,0,12.0,1,0
0,0,0,0,14.0,1,0
0,0,0,0,8.0,1,0
0,0,0,0,11.0,1,0
0,0,0,0,8.0,1,0
0,0,0,0,14.0,1,0
0,0,0,0,13.0,1,0
0,0,0,0,11.0,1,0
0,0,0,0,10.0,1,0
0,0,0,0,1.0,1,0
0,0,0,0,10.0,1,0
0,0,0,0,8.0,1,0
0,0,0,0,8.0,1,0
0,0,0,0,8.0,1,0
0,0,0,0,0.0,1,0
0,0,0,0,8.0,1,0
0,0,0,0,19.0,2,0
0,0,0,0,11.181818181818182,10,0
0,0,0,0,8.5,2,0
0,0,0,0,14.0,2,0
0,0,0,0,18.0,3,0
0,0,0,1,9.0,1,0
0,0,0,0,13.0,1,0
0,0,0,0,17.0,1,0
0,0,0,0,15.0,1,0
0,0,0,0,10.0,1,0
0,0,0,0,23.0,1,0
0,0,0,0,23.0,1,0
0,0,0,0,10.5,2,0
0,0,0,0,11.5,2,0
0,0,0,0,17.0,1,0
0,0,0,0,0.0,1,0
0,0,0,0,22.0,1,0
0,0,0,0,13.0,1,0
0,0,0,0,13.0,1,0
0,0,0,0,9.0,1,0
0,0,0,0,0.0,1,0
0,0,0,0,8.0,1,0
0,0,0,0,2.0,1,0
0,0,0,0,10.5,2,0
0,0,0,0,12.0,2,0
0,0,0,0,0.0,1,0
0,0,0,0,15.0,1,0
0,0,0,0,16.5,2,0
0,0,0,0,14.0,1,0
0,0,0,0,2.0,1,0
0,0,0,0,15.6,5,0
0,0,0,0,21.0,2,0
0,0,0,0,18.0,4,0
0,0,0,0,12.333333333333334,4,0
0,0,0,0,15.0,3,0
0,0,0,0,12.785714285714286,13,1
0,0,0,0,9.428571428571429,9,1
0,0,0,0,10.25,2,0
0,0,0,0,20.0,4,0
0,0,0,0,9.25,3,0
0,0,0,0,17.0,2,0
0,0,0,0,22.0,1,0
0,0,0,1,22.0,2,0
0,0,0,0,14.0,1,0
0,0,0,0,11.25,3,0
0,0,0,1,12.75,4,0
0,0,0,0,0.0,2,0
0,0,0,2,9.333333333333334,6,0
0,0,0,0,17.0,3,0
0,0,0,0,13.0,3,0
0,0,0,0,11.875,7,0
0,0,0,0,17.0,2,0
0,0,0,5,8.909090909090908,6,0
0,0,0,0,14.454545454545455,8,0
0,0,0,0,11.666666666666666,7,0
0,0,0,0,13.0,4,0
0,0,0,0,6.0,7,0
0,0,0,0,12.0,2,0
0,0,0,0,12.5,2,0
0,0,0,0,21.0,1,0
0,0,0,0,10.0,1,0
0,0,0,0,13.0,1,0
0,0,0,0,12.0,1,0
0,0,0,0,8.0,1,0
0,0,0,0,16.0,1,0
0,0,0,0,22.0,1,0
0,0,0,0,4.0,1,0
0,0,0,0,9.0,1,0
0,0,0,0,8.0,1,0
0,0,0,0,16.0,1,0
0,0,0,0,16.0,1,0
0,0,0,0,12.0,1,0
0,0,0,0,1.0,1,0
0,0,0,0,8.0,1,0
0,0,0,0,7.666666666666667,2,0
0,0,0,0,15.4,3,0
0,0,0,0,12.833333333333334,5,0
0,0,0,0,9.75,4,0
0,0,0,0,15.125,7,0
0,0,0,0,12.555555555555555,17,1
0,0,0,0,12.208333333333334,21,1
0,0,0,0,16.952380952380953,17,1
0,0,0,0,12.793103448275861,26,1
0,0,0,0,10.952380952380953,19,1
0,0,0,0,8.615384615384615,10,1
0,0,0,0,14.0,30,1
0,0,0,0,11.289473684210526,31,1
0,0,0,0,12.577777777777778,35,1
0,0,2,1,10.821917808219178,51,1
0,0,0,0,12.708333333333334,21,1
0,0,0,0,11.28888888888889,32,1
0,0,0,0,11.0,9,0
0,0,0,0,15.0,5,0
0,0,0,0,7.0,1,0
0,0,0,0,12.0,1,0
0,0,0,0,23.0,1,0
0,0,0,0,16.0,1,0
0,0,0,0,14.0,1,0
0,0,0,0,14.0,1,0
0,0,0,0,6.0,1,0
0,0,0,0,2.0,1,0
0,0,0,0,6.0,1,0
0,0,0,0,17.0,1,0
0,0,0,0,8.0,1,0
0,0,0,0,8.0,1,0
0,0,0,0,18.0,1,0
0,0,0,0,9.5,4,0
0,0,0,0,11.666666666666666,5,0
0,0,0,0,8.083333333333334,10,1
0,0,0,3,2.0,1,0
0,0,0,0,19.0,1,0
0,0,0,0,22.0,1,0
0,0,0,0,2.0,1,0
0,0,0,0,1.0,1,0
0,0,0,0,17.0,7,0
0,0,0,0,10.666666666666666,6,0
0,0,0,0,1.0,1,0
0,0,0,0,11.0,1,0
0,0,0,0,13.0,1,0
0,0,0,0,18.0,1,0
0,0,0,0,9.0,1,0
0,0,0,0,14.0,1,0
0,0,0,0,16.0,1,0
0,0,0,0,7.0,1,0
0,0,0,0,12.333333333333334,2,0
0,0,0,0,0.0,1,0
0,0,0,0,22.0,1,0
0,0,0,0,14.0,1,0
0,0,0,0,17.0,1,0
0,0,0,0,11.0,2,0
0,0,0,0,22.0,1,0
0,0,0,0,8.0,1,0
0,0,0,0,15.0,1,0
0,0,0,0,17.0,1,0
0,0,0,0,1.0,1,0
0,0,0,1,12.228260869565217,72,1
0,0,0,0,8.818181818181818,11,0
0,0,0,0,10.7,51,1
0,0,0,0,11.115384615384615,23,1
0,0,0,0,12.945454545454545,48,1
0,0,0,1,14.205128205128204,31,1
0,0,0,0,12.244444444444444,31,1
0,0,0,0,10.615384615384615,11,1
0,0,0,0,13.0,1,0
0,0,0,0,0.0,1,0
0,0,0,0,15.0,1,0
0,0,0,0,11.0,1,0
0,0,0,0,18.0,1,0
0,0,0,0,9.0,1,0
0,0,0,0,9.0,1,0
0,0,0,0,21.0,1,0
0,0,0,0,22.0,1,0
0,0,0,0,14.0,1,0
0,0,0,0,20.0,1,0
0,0,0,0,19.0,1,0
0,0,0,0,4.0,1,0
0,0,0,0,12.0,1,0
0,0,0,0,22.0,1,0
0,0,0,0,0.0,1,0
0,0,0,0,1.0,1,0
0,0,0,0,2.0,1,0
0,0,0,0,15.0,1,0
0,0,0,0,13.0,1,0
0,0,0,0,13.0,1,0
0,0,0,0,10.0,1,0
0,0,0,0,9.0,1,0
0,0,0,0,20.0,1,0
0,0,0,0,0.0,1,0
0,0,0,0,0.0,1,0
0,0,0,0,20.0,1,0
0,0,0,0,23.0,1,0
0,0,0,0,16.0,1,0
0,0,0,0,15.0,1,0
0,0,0,0,8.666666666666666,2,0
0,0,0,0,22.0,1,0
0,0,0,0,9.0,1,0
0,0,0,0,17.2,5,0
0,0,0,1,13.363636363636363,10,0
0,0,0,0,13.333333333333334,5,0
0,0,0,0,14.914285714285715,24,1
0,0,0,0,14.916666666666666,6,1
0,0,0,0,13.05,14,1
0,0,0,0,11.055555555555555,14,1
0,0,0,1,9.947368421052632,16,1
0,0,0,1,14.727272727272727,6,0
0,0,0,1,10.642857142857142,10,1
0,0,0,0,11.846153846153847,32,1
0,0,0,1,12.145631067961165,77,1
0,4,0,2,12.738562091503267,120,1
0,0,0,0,13.948275862068966,47,1
0,0,0,0,12.081395348837209,69,1
0,0,0,1,12.76,22,1
0,0,0,0,12.555555555555555,8,0
0,0,0,0,23.0,1,0
0,0,0,0,22.0,1,0
0,0,0,0,13.0,1,0
0,0,0,0,23.0,1,0
0,0,0,0,2.0,1,0
0,0,0,0,22.0,1,0
0,0,0,0,22.0,1,0
0,0,0,0,3.0,1,0
0,0,0,0,8.0,1,0
0,0,0,0,11.0,1,0
0,0,0,0,19.0,1,0
0,0,0,0,5.5,2,0
0,0,0,0,17.0,1,0
0,0,0,0,0.0,1,0
0,0,0,0,20.0,1,0
0,0,0,0,18.0,1,0
0,0,0,0,18.875,4,0
0,0,0,0,14.333333333333334,3,0
0,0,0,0,14.181818181818182,9,0
0,0,0,0,12.333333333333334,8,0
0,0,0,0,18.5,3,0
0,0,0,0,11.875,5,0
0,0,0,0,13.0,10,1
0,0,0,0,17.5,6,0
0,0,0,0,10.333333333333334,12,1
0,0,0,1,13.909090909090908,20,1
0,0,0,0,15.615384615384615,7,1
0,0,0,0,17.444444444444443,7,0
0,0,0,1,10.692307692307692,11,1
0,0,0,1,14.195121951219512,31,1
0,0,0,0,9.285714285714286,7,0
0,0,0,0,15.454545454545455,8,0
0,0,0,0,16.0,3,0
0,0,0,0,14.0,1,0
0,0,0,0,0.0,1,0
0,0,0,1,12.75,11,1
0,0,0,0,13.166666666666666,5,0
0,0,0,0,16.636363636363637,8,0
0,0,0,0,14.0,1,0
0,0,0,0,22.0,1,0
0,0,0,0,20.0,1,0
0,0,0,0,18.0,1,0
0,0,0,1,6.0,2,0
0,0,0,0,0.0,1,0
0,0,0,0,0.0,1,0
0,0,0,0,17.0,1,0
0,0,0,0,13.0,1,0
0,0,0,0,5.0,2,0
0,0,0,0,10.666666666666666,3,0
0,0,0,0,3.0,3,0
0,0,0,0,22.0,1,0
0,0,0,0,14.0,1,0
0,0,0,0,17.0,1,0
0,0,0,0,11.0,3,0
0,0,0,0,23.0,1,0
0,0,0,0,13.894736842105264,18,1
0,0,0,0,11.653846153846153,20,1
0,0,0,1,10.5,14,1
0,0,0,0,13.05,18,1
0,0,0,2,14.291666666666666,21,1
0,0,0,0,11.23076923076923,10,1
0,0,0,0,15.333333333333334,12,1
0,0,0,0,13.875,7,0
0,0,0,1,17.11111111111111,6,0
0,0,0,0,15.833333333333334,11,1
0,0,0,0,11.642857142857142,10,1
0,0,0,0,9.0,2,0
0,0,0,0,15.2,8,0
0,0,0,0,13.0,9,0
0,0,0,0,12.0,2,0
0,0,0,0,9.0,1,0
0,0,0,0,18.0,1,0
0,0,0,0,22.0,1,0
0,0,0,0,22.0,1,0
0,0,0,0,23.0,1,0
0,0,0,0,2.0,1,0
0,0,0,0,22.0,1,0
0,0,0,0,2.0,1,0
0,0,0,0,8.142857142857142,3,0
0,0,0,0,18.0,7,0
0,0,0,0,9.857142857142858,6,0
0,0,0,0,23.0,1,0
0,0,0,0,7.0,1,0
0,0,0,0,13.5,2,0
0,0,0,0,22.0,1,0
0,0,0,0,7.0,3,0
0,0,0,0,1.0,1,0
0,0,0,0,22.0,1,0
0,0,0,0,13.5,2,0
0,0,0,0,19.0,1,0
0,0,0,0,23.0,1,0
0,0,0,0,15.0,1,0
0,0,0,0,4.0,1,0
0,0,0,0,20.0,1,0
0,0,0,0,20.0,1,0
0,0,0,0,13.0,1,0
0,0,0,0,18.0,1,0
0,0,0,0,6.0,1,0
0,0,0,0,14.0,1,0
0,0,0,0,20.0,1,0
0,0,0,0,1.0,1,0
0,0,0,0,10.0,1,0
0,0,0,0,16.0,1,0
0,0,0,0,12.0,1,0
0,0,0,0,21.0,1,0
0,0,0,0,14.0,1,0
0,0,0,0,14.166666666666666,14,1
0,0,0,0,13.736842105263158,17,1
0,0,0,0,14.555555555555555,16,1
0,0,0,0,13.933333333333334,13,1
0,0,0,0,20.22222222222222,6,0
0,0,0,1,13.8,9,0
0,0,0,0,12.2,5,0
0,3,0,1,11.875,60,1
0,0,0,0,13.526315789473685,33,1
0,0,0,0,14.648148148148149,47,1
0,0,0,0,13.76086956521739,33,1
0,0,0,0,12.909090909090908,20,1
0,0,0,0,12.433333333333334,27,1
0,0,0,0,10.363636363636363,6,0
0,0,0,0,8.333333333333334,2,0
0,0,0,0,13.0,1,0
0,0,0,0,2.0,1,0
0,0,0,0,21.0,1,0
0,0,0,0,11.5,2,0
0,0,0,0,12.0,1,0
0,0,0,0,9.25,2,0
0,0,0,0,23.0,1,0
0,0,0,0,8.0,4,0
0,0,0,0,17.0,1,0
0,0,0,0,8.0,1,0
0,0,0,0,14.0,2,0
0,0,0,0,10.5,2,0
0,0,0,0,15.0,1,0
0,0,0,0,8.0,1,0
0,0,0,0,11.0,1,0
0,0,0,0,9.0,1,0
0,0,0,0,15.0,1,0
0,0,0,0,19.0,1,0
0,0,0,0,21.0,1,0
0,0,0,0,8.0,1,0
0,0,0,1,14.67741935483871,26,1
0,0,0,0,15.307692307692308,32,1
0,0,0,1,9.647058823529411,23,1
0,0,0,1,14.3,50,1
0,0,0,0,12.125,44,1
0,0,0,4,11.372549019607844,38,1
0,0,0,0,11.583333333333334,26,1
0,0,0,0,12.181818181818182,11,0
0,0,0,0,14.88888888888889,8,0
0,0,0,0,10.0,1,0
0,0,0,0,21.0,1,0
0,0,0,0,1.0,1,0
0,0,0,0,22.0,1,0
0,0,0,0,21.0,2,0
0,0,0,0,13.0,1,0
0,0,0,0,13.0,1,0
0,0,0,0,22.0,1,0
0,0,0,0,14.0,1,0
0,0,0,0,19.0,1,0
0,0,0,0,12.5,6,0
0,0,0,0,13.76923076923077,9,1
0,0,0,1,14.26923076923077,17,1
0,0,0,0,14.692307692307692,13,1
0,0,0,0,12.666666666666666,16,1
0,0,0,1,15.538461538461538,19,1
0,0,0,0,15.037037037037036,20,1
0,0,0,0,14.545454545454545,18,1
0,0,0,0,12.535714285714286,21,1
0,0,0,0,1.0,1,0
0,0,0,0,14.0,1,0
0,0,0,0,8.0,1,0
0,0,0,0,9.0,1,0
0,0,0,0,14.0,1,0
0,0,0,0,3.0,1,0
0,0,0,0,8.0,1,0
0,0,0,0,18.0,3,0
0,0,0,0,16.0,2,0
0,0,0,0,10.0,4,0
0,0,0,1,13.076923076923077,19,1
0,0,0,4,16.5,4,0
0,0,0,0,17.09090909090909,6,0
0,0,0,0,13.153846153846153,10,1
0,0,0,0,14.9375,13,1
0,0,0,2,14.882352941176471,14,1
0,0,0,0,13.0,3,0
0,0,0,0,8.0,2,0
0,0,0,0,12.852941176470589,24,1
0,0,0,0,14.714285714285714,20,1
0,0,0,0,12.05,17,1
0,0,0,0,16.5,5,0
0,0,0,0,8.375,5,0
0,0,0,0,6.625,7,0
0,0,0,1,7.3,9,0
0,0,0,0,11.0,1,0
0,0,0,0,8.0,1,0
0,0,0,0,21.0,1,0
0,0,0,0,21.0,1,0
0,0,0,0,17.0,1,0
0,0,0,0,17.0,1,0
0,0,0,0,11.0,1,0
0,0,0,0,10.0,1,0
0,0,0,0,17.0,1,0
0,0,0,0,0.0,1,0
0,0,0,0,10.0,1,0
0,0,0,0,9.666666666666666,3,0
0,0,0,0,9.0,4,0
0,0,0,0,10.8,4,0
0,0,0,0,15.571428571428571,5,0
0,0,0,0,16.5,2,0
0,0,0,0,11.666666666666666,3,0
0,0,0,0,11.181818181818182,9,0
0,0,0,1,7.8,12,1
0,0,0,0,11.833333333333334,6,0
0,0,0,0,17.8,5,0
0,0,0,0,15.25,3,0
0,0,0,2,9.642857142857142,11,1
0,0,0,0,16.0,1,0
0,0,0,0,9.0,1,0
0,0,0,0,16.0,1,0
0,0,0,0,10.166666666666666,5,0
0,0,0,0,11.333333333333334,5,0
0,0,0,0,14.0,3,0
0,0,0,0,8.0,1,0
0,0,0,0,15.0,2,0
0,0,0,0,12.0,1,0
0,0,0,0,20.0,1,0
0,0,0,0,14.0,1,0
0,0,0,0,11.5,4,0
0,0,0,0,18.25,8,0
0,0,0,0,5.5,3,0
0,0,0,0,8.333333333333334,3,0
0,0,0,0,8.4,4,0
0,0,0,0,12.5,2,0
0,0,0,0,12.0,1,0
0,0,0,0,20.0,1,0
0,0,0,0,8.0,1,0
0,0,0,0,9.0,1,0
0,0,0,0,9.0,1,0
0,0,0,0,21.0,1,0
0,0,0,0,18.5,2,0
0,0,0,0,19.333333333333332,3,0
0,0,0,0,13.75,4,0
0,0,0,3,13.833333333333334,4,0
0,0,0,0,13.0,3,0
0,0,0,0,14.0,4,0
0,0,0,0,15.181818181818182,9,0
0,0,0,0,11.875,7,0
0,0,0,0,14.333333333333334,14,1
0,0,0,0,12.166666666666666,5,0
0,0,0,0,14.0,5,0
0,0,0,0,8.75,8,0
0,0,0,0,15.583333333333334,8,1
0,0,0,0,9.928571428571429,33,1
0,0,0,0,10.82857142857143,29,1
0,0,0,0,11.636363636363637,26,1
0,0,0,1,11.083333333333334,23,1
0,0,0,0,11.666666666666666,9,0
0,0,0,0,5.222222222222222,6,0
0,0,0,0,11.6,5,0
0,0,0,0,9.666666666666666,3,0
0,0,0,0,22.0,1,0
0,0,0,0,8.0,1,0
0,0,0,0,8.0,1,0
0,0,0,0,7.0,1,0
0,0,0,0,16.5,2,0
0,0,0,0,21.0,1,0
0,0,0,0,18.0,1,0
0,0,0,0,23.0,1,0
0,0,0,0,7.666666666666667,4,0
0,0,0,0,22.0,3,0
0,0,0,0,12.0,2,0
0,0,0,0,5.75,6,0
0,0,0,0,15.0,6,0
0,0,0,0,1.0,1,0
0,0,0,0,15.0,2,0
0,0,0,0,8.0,1,0
0,0,0,0,22.0,2,0
0,0,0,0,10.0,1,0
0,0,0,0,8.0,1,0
0,0,0,0,9.0,2,0
0,0,0,0,22.0,1,0
0,0,0,0,12.0,1,0
0,0,0,0,12.0,1,0
0,0,0,0,18.714285714285715,7,0
0,0,0,1,12.375,7,0
0,0,0,0,10.5,7,0
0,0,0,0,12.642857142857142,13,1
0,0,0,0,10.25,4,0
0,0,0,0,15.875,8,0
0,0,0,1,12.2,5,0
0,0,0,0,14.0,1,0
0,0,0,0,13.75,4,0
0,0,0,0,10.5,3,0
0,0,0,0,8.8,5,0
0,0,0,0,17.0,2,0
0,0,0,0,20.0,1,0
0,0,0,0,22.0,1,0
0,0,0,0,9.0,1,0
0,0,0,0,12.0,1,0
0,0,0,0,18.0,1,0
0,0,0,0,21.0,1,0
0,0,0,0,1.0,1,0
0,0,0,0,21.0,1,0
0,0,0,0,7.0,1,0
0,0,0,0,13.0,1,0
0,0,0,0,7.0,1,0
0,0,0,0,22.0,1,0
0,0,0,0,8.0,1,0
0,0,0,0,8.0,1,0
0,0,0,0,8.0,1,0
0,0,0,0,14.0,1,0
0,0,0,0,18.0,1,0
0,0,0,0,13.0,1,0
0,0,0,0,17.0,1,0
0,0,0,0,22.0,1,0
0,0,0,0,11.0,1,0
0,0,0,0,9.0,1,0
0,0,0,0,10.0,1,0
0,0,0,0,2.0,1,0
0,0,0,0,11.0,1,0
0,0,0,0,8.0,1,0
0,0,0,0,10.0,1,0
0,0,0,0,13.0,1,0
0,0,0,0,9.0,1,0
0,0,0,0,7.0,1,0
0,0,0,0,8.0,1,0
0,0,0,0,17.0,1,0
0,0,0,0,9.0,1,0
0,0,0,0,13.25,2,0
0,0,0,2,12.0,1,0
0,0,0,0,6.0,1,0
0,0,0,0,13.0,1,0
0,0,0,0,8.0,1,0
0,0,0,0,17.0,1,0
0,0,0,0,12.0,1,0
0,0,0,0,14.0,1,0
0,0,0,0,8.0,1,0
0,0,0,0,16.0,1,0
0,0,0,0,17.0,1,0
0,0,0,0,5.0,1,0
0,0,0,0,16.0,1,0
0,0,0,0,4.0,1,0
0,0,0,0,0.0,1,0
0,0,0,0,9.0,1,0
0,0,0,0,23.0,1,0
0,0,0,0,22.0,1,0
0,0,0,0,14.0,1,0
0,0,0,0,18.0,1,0
0,0,0,0,18.0,1,0
0,0,0,0,16.0,1,0
0,0,0,0,17.0,1,0
0,0,0,0,0.0,1,0
0,0,0,0,14.0,1,0
0,0,0,0,18.0,1,0
0,0,0,0,3.0,1,0
0,0,0,0,7.0,2,0
0,0,0,0,10.5,4,0
0,0,0,0,5.8,3,0
0,0,0,0,11.0,1,0
0,0,0,0,14.4,3,0
0,0,0,0,14.0,2,0
0,0,0,0,14.0,1,0
0,0,0,0,9.5,4,0
0,0,0,0,14.0,1,0
0,0,0,0,9.0,1,0
0,0,0,0,0.0,1,0
0,0,0,0,17.0,1,0
0,0,0,0,15.0,1,0
0,0,0,0,9.0,1,0
0,0,0,0,13.0,1,0
0,0,0,0,11.0,1,0
0,0,0,0,9.0,1,0
0,0,0,0,11.0,1,0
0,0,0,0,7.0,1,0
0,0,0,0,4.0,3,0
0,0,0,0,10.0,1,0
0,0,0,0,5.0,1,0
0,0,0,0,21.857142857142858,3,0
0,0,0,0,22.0,1,0
0,0,0,1,9.0,1,0
0,0,0,0,17.0,2,0
0,0,0,0,13.285714285714286,7,0
0,0,0,0,16.727272727272727,4,0
0,0,0,0,2.4,2,0
0,0,0,0,14.5,2,0
0,0,0,0,18.0,1,0
0,0,0,0,18.0,1,0
0,0,0,0,9.75,3,0
0,0,0,0,13.0,2,0
0,0,0,0,8.0,1,0
0,0,0,0,12.0,1,0
0,0,0,0,22.0,1,0
0,0,0,0,15.0,1,0
0,0,0,0,20.333333333333332,3,0
0,0,0,0,18.0,1,0
0,0,0,0,12.333333333333334,3,0
0,0,0,0,11.5,4,0
0,0,0,0,22.0,1,0
0,0,0,0,13.214285714285714,16,1
0,0,0,0,11.833333333333334,10,1
0,0,0,0,12.25,17,1
0,0,0,0,14.25,4,0
0,0,0,0,21.0,2,0
0,0,0,0,16.8,6,0
0,0,0,0,16.0,1,0
0,0,0,0,15.2,9,0
0,0,0,0,14.157894736842104,14,1
0,0,0,0,14.75,12,1
0,0,0,1,11.375,13,1
0,0,0,0,18.5,2,0
0,0,0,0,13.0,1,0
0,0,0,0,22.0,1,0
0,0,0,0,10.0,1,0
0,0,0,0,7.0,1,0
0,0,0,4,16.0,1,0
0,0,0,0,0.0,1,0
0,0,0,0,23.0,1,0
0,0,0,0,6.0,1,0
0,0,0,0,4.0,2,0
0,0,0,0,0.0,1,0
0,0,0,0,22.0,1,0
0,0,0,0,10.0,1,0
0,0,0,0,8.0,1,0
0,0,0,0,3.0,1,0
0,0,0,0,17.0,1,0
0,0,0,0,0.5714285714285714,2,0
0,0,0,0,11.25,3,0
0,0,0,0,4.666666666666667,3,0
0,0,0,0,11.5,2,0
0,0,0,0,7.5,4,0
0,0,0,0,3.0,1,0
0,0,0,0,1.0,1,0
0,0,0,0,13.333333333333334,3,0
0,0,0,0,11.0,3,0
0,0,0,0,18.0,1,0
0,0,0,0,14.0,1,0
0,0,0,0,9.0,1,0
0,0,0,0,17.0,1,0
0,0,0,0,11.4,3,0
0,0,0,0,10.0,1,0
0,0,0,0,14.0,1,0
0,0,0,0,7.0,1,0
0,0,0,0,23.0,1,0
0,0,0,0,8.0,1,0
0,0,0,0,0.0,1,0
0,0,0,0,14.0,1,0
0,0,0,0,6.0,1,0
0,0,0,0,13.0,1,0
0,0,0,0,18.0,1,0
0,0,0,0,11.0,1,0
0,0,0,0,14.0,1,0
0,0,0,0,13.0,1,0
0,0,0,0,10.0,1,0
0,0,0,0,21.0,1,0
0,0,0,0,20.0,1,0
0,0,0,0,23.0,1,0
0,0,0,0,16.0,1,0
0,0,0,0,20.0,1,0
0,0,0,0,9.0,1,0
0,0,0,0,23.0,1,0
0,0,0,0,17.0,1,0
0,0,0,0,18.0,1,0
0,0,0,0,17.0,1,0
0,0,0,0,18.0,1,0
0,0,0,0,11.0,1,0
0,0,0,1,9.0,1,0
0,0,0,0,23.0,2,0
0,0,0,0,21.5,2,0
0,0,0,0,13.0,2,0
0,0,0,1,0.0,1,0
0,0,0,0,20.333333333333332,2,0
0,0,0,0,12.333333333333334,3,0
0,0,0,0,19.0,3,0
0,0,0,0,15.0,1,0
0,0,0,0,12.0,1,0
0,0,0,0,10.0,1,0
0,0,0,0,13.0,2,0
0,0,0,0,10.0,1,0
0,0,0,0,11.0,1,0
0,0,0,0,12.0,1,0
0,0,0,0,19.333333333333332,2,0
0,0,0,0,18.0,1,0
0,0,0,0,17.5,2,0
0,0,0,0,8.0,1,0
0,0,0,0,17.0,3,0
0,0,0,0,10.0,1,0
0,0,0,0,18.0,1,0
0,0,0,0,16.0,1,0
0,0,0,0,22.0,1,0
0,0,0,0,0.0,1,0
0,0,0,0,17.0,1,0
0,0,0,0,7.0,2,0
0,0,0,1,14.6,5,0
0,0,0,0,21.0,2,0
0,0,0,0,14.75,3,0
0,0,0,0,7.0,3,0
0,0,0,0,12.5,3,0
0,0,0,0,14.4,5,0
0,0,0,0,15.2,2,0
0,0,0,0,12.333333333333334,5,0
0,0,0,0,8.0,1,0
0,0,0,0,14.0,1,0
0,0,0,0,17.333333333333332,2,0
0,0,0,0,4.5,2,0
0,0,0,0,7.0,1,0
0,0,0,0,16.5,2,0
0,0,0,0,12.0,1,0
0,0,0,0,15.0,1,0
0,0,0,0,13.0,1,0
0,0,0,0,14.0,1,0
0,0,0,0,11.0,1,0
0,0,0,0,11.0,1,0
0,0,0,0,8.0,1,0
0,0,0,0,11.0,1,0
0,0,0,0,10.0,1,0
0,0,0,0,1.0,1,0
0,0,0,0,17.0,1,0
0,0,0,0,16.5,2,0
0,0,0,0,19.666666666666668,2,0
0,0,0,0,23.0,1,0
0,0,0,0,18.0,1,0
0,0,0,0,11.5,2,0
0,0,0,0,19.5,2,0
0,0,0,0,2.5714285714285716,2,0
0,0,0,0,12.0,3,0
0,0,0,0,22.0,1,0
0,0,0,0,0.0,1,0
0,0,0,0,13.0,1,0
0,0,0,0,18.666666666666668,2,0
0,0,0,0,14.0,1,0
0,0,0,0,3.0,1,0
0,0,0,0,14.0,1,0
0,0,0,0,17.0,1,0
0,0,0,0,16.0,1,0
0,0,0,0,23.0,1,0
0,0,0,2,12.0,2,0
0,0,0,0,13.0,1,0
0,0,0,0,15.0,1,0
0,0,0,0,8.0,1,0
0,0,0,0,0.0,1,0
0,0,0,0,11.0,1,0
0,0,0,0,15.0,1,0
0,0,0,0,0.0,1,0
0,0,0,0,0.0,2,0
0,0,0,0,13.0,1,0
0,0,0,0,13.0,1,0
0,0,0,0,0.0,1,0
0,0,0,0,9.0,1,0
0,0,0,0,9.0,2,0
0,0,0,0,8.0,1,0
0,0,0,0,1.0,1,0
0,0,0,0,11.0,1,0
0,0,0,0,8.0,1,0
0,0,0,0,16.0,1,0
0,0,0,0,16.0,2,0
0,0,0,0,14.0,1,0
0,0,0,0,16.0,1,0
0,0,0,0,19.0,1,0
0,0,0,0,23.0,1,0
0,0,0,0,18.0,1,0
0,0,0,0,22.0,1,0
0,0,0,0,1.0,1,0
0,0,0,0,13.0,1,0
0,0,0,0,16.0,1,0
0,0,0,0,11.0,1,0
0,0,0,0,14.0,1,0
0,0,0,0,8.0,1,0
0,0,0,0,19.0,1,0
0,0,0,0,20.0,1,0
0,0,0,0,13.0,1,0
0,0,0,0,9.0,1,0
0,0,0,0,10.0,1,0
0,0,0,0,9.0,1,0
0,0,0,0,0.0,1,0
0,0,0,0,15.0,1,0
0,0,0,0,19.0,1,0
0,0,0,0,0.0,1,0
0,0,0,0,11.0,1,0
0,0,0,0,18.0,1,0
0,0,0,0,1.0,1,0
0,0,0,0,9.0,1,0
0,0,0,0,9.0,1,0
0,0,0,0,9.0,1,0
0,0,0,0,9.0,1,0
0,0,0,0,22.0,1,0
0,0,0,0,23.0,1,0
0,0,0,0,5.0,1,0
0,0,0,0,16.0,1,0
0,0,0,0,13.0,1,0
0,0,0,0,14.0,1,0
0,0,0,0,13.0,1,0
0,0,0,0,9.0,1,0
0,0,0,0,8.0,1,0
0,0,0,0,20.0,1,0
0,0,0,0,23.0,1,0
0,0,0,0,0.0,1,0
0,0,0,0,15.0,1,0
0,0,0,0,6.0,1,0
0,0,0,0,23.0,1,0
0,0,0,2,20.0,1,0
0,0,0,0,10.0,1,0
0,0,0,0,23.0,1,0
0,0,0,0,20.0,1,0
0,0,0,0,22.0,1,0
0,0,0,0,10.0,1,0
0,0,0,0,18.0,1,0
0,0,0,0,13.0,1,0
0,0,0,0,3.0,1,0
0,0,0,0,10.0,1,0
0,0,0,0,15.0,1,0
0,0,0,0,1.0,1,0
0,0,0,0,12.0,1,0
0,0,0,0,9.0,1,0
0,0,0,0,11.0,1,0
0,0,0,0,16.0,1,0
0,0,0,0,15.0,1,0
0,0,0,0,21.0,1,0
0,0,0,0,21.5,2,0
0,0,0,0,9.0,1,0
0,0,0,0,10.0,1,0
0,0,0,0,13.0,1,0
0,0,0,0,12.0,1,0
0,0,0,0,11.0,1,0
0,0,0,0,7.0,1,0
0,0,0,0,10.428571428571429,4,0
0,0,0,0,12.5,3,0
0,0,0,0,10.0,1,0
0,0,0,0,15.714285714285714,6,0
0,0,0,0,16.333333333333332,3,0
0,0,0,0,14.333333333333334,8,0
0,0,0,0,11.625,6,0
0,0,0,0,13.133333333333333,12,1
0,0,0,0,15.722222222222221,15,1
0,0,0,0,14.947368421052632,18,1
0,0,0,0,14.066666666666666,14,1
0,0,0,0,8.692307692307692,11,1
0,0,0,0,12.476190476190476,18,1
0,0,0,2,12.32258064516129,25,1
0,0,0,0,11.333333333333334,21,1
0,0,0,0,14.714285714285714,14,1
0,0,0,3,12.147058823529411,29,1
0,0,0,0,14.266666666666667,28,1
0,0,0,0,14.714285714285714,7,0
0,0,0,0,13.066666666666666,13,1
0,0,0,0,11.428571428571429,11,1
0,0,0,0,10.2,5,0
0,0,0,0,11.142857142857142,14,1
0,0,0,1,15.333333333333334,12,1
0,0,0,0,13.857142857142858,7,0
0,0,0,0,9.75,4,0
0,0,0,0,2.0,1,0
0,0,0,0,10.0,1,0
0,0,0,0,1.0,1,0
0,0,0,0,18.0,1,0
0,0,0,0,17.5,2,0
0,0,0,0,23.0,1,0
0,0,0,0,8.0,1,0
0,0,0,0,6.5,2,0
0,0,0,0,13.0,1,0
0,0,0,0,21.0,1,0
0,0,0,0,12.0,2,0
0,0,0,0,23.0,1,0
0,0,0,0,22.0,1,0
0,0,0,0,22.0,1,0
0,0,0,0,1.0,1,0
0,0,0,0,11.0,1,0
0,0,0,0,5.5,2,0
0,0,0,0,13.0,1,0
0,0,0,0,8.0,1,0
0,0,0,0,19.0,1,0
0,0,0,0,18.0,1,0
0,0,0,0,8.333333333333334,2,0
0,0,0,0,0.0,1,0
0,0,0,0,14.5,2,0
0,0,0,0,0.0,1,0
0,0,0,0,20.5,2,0
0,0,0,0,18.333333333333332,2,0
0,0,0,0,17.0,1,0
0,0,0,0,18.0,1,0
0,0,0,0,10.0,1,0
0,0,0,0,1.0,1,0
0,0,0,0,6.0,1,0
0,0,0,0,6.5,2,0
0,0,0,0,22.0,1,0
0,0,0,0,11.666666666666666,5,0
0,0,0,0,12.0,2,0
0,0,0,0,14.666666666666666,3,0
0,0,0,0,7.4,4,0
0,0,0,0,16.0,1,0
0,0,0,0,1.0,1,0
0,0,0,0,19.0,2,0
0,0,0,0,12.5,2,0
0,0,0,0,12.25,2,0
0,0,0,0,22.0,1,0
0,0,0,0,15.636363636363637,9,0
0,0,0,0,9.0,1,0
0,0,0,0,7.0,2,0
0,0,0,0,13.833333333333334,5,0
0,0,0,2,20.0,1,0
0,0,0,0,19.333333333333332,3,0
0,0,0,0,14.25,4,0
0,0,0,0,7.0,1,0
0,0,0,0,16.0,1,0
0,0,0,0,21.0,1,0
0,0,0,0,19.0,1,0
0,0,0,0,1.0,1,0
0,0,0,0,23.0,1,0
0,0,0,0,0.0,1,0
0,0,0,0,23.0,1,0
0,0,0,0,1.0,1,0
0,0,0,0,19.0,1,0
0,0,0,0,7.0,1,0
0,0,0,0,23.0,1,0
0,0,0,0,20.0,1,0
0,0,0,0,13.0,1,0
0,0,0,0,16.0,2,0
0,0,0,0,3.0,1,0
0,0,0,0,14.0,1,0
0,0,0,0,0.0,1,0
0,0,0,0,21.0,1,0
0,0,0,0,8.0,1,0
0,0,0,1,18.0,1,0
0,0,0,0,11.0,2,0
0,0,0,0,7.0,1,0
0,0,0,0,19.0,1,0
0,0,0,0,10.0,1,0
0,0,0,0,8.0,1,0
0,0,0,0,17.0,1,0
0,0,0,0,15.0,1,0
0,0,0,0,13.0,1,0
0,0,0,0,2.0,1,0
0,0,0,0,10.0,1,0
0,0,0,0,7.0,1,0
0,0,0,0,22.0,1,0
0,0,0,0,18.0,1,0
0,0,0,0,20.0,1,0
0,0,0,0,8.0,1,0
0,0,0,0,21.0,1,0
0,0,0,0,15.0,1,0
0,0,0,0,15.333333333333334,2,0
0,0,0,0,17.5,2,0
0,0,0,0,15.0,1,0
0,0,0,0,6.0,1,0
0,0,0,0,21.0,1,0
0,0,0,0,16.0,1,0
0,0,0,1,16.0,1,0
0,0,0,0,14.0,1,0
0,0,0,0,20.0,1,0
0,0,0,0,18.0,1,0
0,0,0,0,22.0,1,0
0,0,0,0,15.0,1,0
0,0,0,0,21.0,1,0
0,0,0,0,22.0,1,0
0,0,0,0,18.0,1,0
0,0,0,0,14.0,1,0
0,0,0,0,11.0,1,0
0,0,0,0,16.0,1,0
0,0,0,0,18.0,1,0
0,0,0,0,23.0,1,0
0,0,0,0,18.0,1,0
0,0,0,0,10.0,1,0
0,0,0,0,21.0,1,0
0,0,0,0,12.0,2,0
0,0,0,0,19.0,1,0
0,0,0,0,7.0,1,0
0,0,0,0,16.0,1,0
0,0,0,0,22.0,1,0
0,0,0,0,17.0,1,0
0,0,0,0,10.0,1,0
0,0,0,0,11.0,1,0
0,0,0,0,19.75,3,0
0,0,0,0,18.666666666666668,3,0
0,0,0,0,16.5,2,0
0,0,0,0,15.0,1,0
0,0,0,0,9.0,1,0
0,0,0,1,17.5,5,0
0,0,0,0,13.0,3,0
0,0,0,0,16.25,3,0
0,0,0,0,9.0,1,0
0,0,0,0,8.0,1,0
0,0,0,0,16.0,1,0
0,0,0,0,11.0,1,0
0,0,0,0,7.0,1,0
0,0,0,1,10.0,2,0
0,0,0,0,18.333333333333332,3,0
0,0,0,0,11.714285714285714,7,0
0,0,0,0,10.0,1,0
0,0,0,0,7.2,5,0
0,0,0,0,7.5,2,0
0,0,0,0,20.0,1,0
0,0,0,0,9.0,1,0
0,0,0,0,11.0,1,0
0,0,0,0,20.0,1,0
0,0,0,0,20.0,1,0
0,0,0,0,7.0,1,0
0,0,0,0,11.0,1,0
0,0,0,0,17.0,1,0
0,0,0,0,11.0,1,0
0,0,0,0,8.0,1,0
0,0,0,0,7.0,1,0
0,0,0,0,8.0,1,0
0,0,0,0,8.0,1,0
0,0,0,0,13.0,1,0
0,0,0,0,9.0,1,0
0,0,0,0,18.0,1,0
0,0,0,0,9.0,1,0
0,0,0,0,3.0,1,0
0,0,0,0,11.5,2,0
0,0,0,0,23.0,1,0
0,0,0,0,12.0,1,0
0,0,0,0,11.666666666666666,3,0
0,0,0,0,22.666666666666668,3,0
0,0,0,0,6.0,1,0
0,0,0,0,15.777777777777779,7,0
0,0,0,0,12.142857142857142,6,0
0,0,0,0,8.5,4,0
0,0,0,0,14.818181818181818,10,0
0,0,0,0,13.428571428571429,7,0
0,0,0,0,17.0,1,0
0,0,0,0,11.571428571428571,6,0
0,0,0,0,12.666666666666666,3,0
0,0,0,0,23.0,1,0
0,0,0,0,13.0,1,0
0,0,0,0,10.0,1,0
0,0,0,0,18.0,1,0
0,0,0,0,8.0,1,0
0,0,0,0,16.0,1,0
0,0,0,0,21.0,1,0
0,0,0,0,19.22222222222222,8,0
0,0,0,0,16.857142857142858,7,0
0,0,0,0,15.571428571428571,6,0
0,0,0,0,19.666666666666668,2,0
0,0,0,0,16.8,4,0
0,0,0,0,14.8,5,0
0,0,0,0,9.555555555555555,9,0
0,0,0,0,15.25,6,0
0,0,0,0,14.25,7,0
0,0,0,0,16.571428571428573,6,0
0,0,0,0,13.0,2,0
0,0,0,1,10.375,8,0
0,0,0,0,13.666666666666666,3,0
0,0,0,0,7.333333333333333,2,0
0,0,0,0,19.0,3,0
0,0,0,0,11.333333333333334,3,0
0,0,0,0,9.727272727272727,11,0
0,0,0,0,22.0,1,0
0,0,0,0,14.0,1,0
0,0,0,0,9.0,1,0
0,0,0,0,10.0,1,0
0,0,0,0,1.0,1,0
0,0,0,0,19.0,1,0
0,0,0,0,18.0,1,0
0,0,0,0,13.0,1,0
0,0,0,0,22.0,1,0
0,0,0,0,8.0,1,0
0,0,0,0,22.0,1,0
0,0,0,0,12.0,1,0
0,0,0,0,20.0,1,0
0,0,0,0,17.0,1,0
0,0,0,0,23.0,1,0
0,0,0,0,23.0,1,0
0,0,0,0,10.0,1,0
0,0,0,0,22.0,1,0
0,0,0,0,12.0,1,0
0,0,0,0,13.0,1,0
0,0,0,0,8.0,1,0
0,0,0,0,16.0,1,0
0,0,0,0,1.0,1,0
0,0,0,0,1.0,1,0
0,0,0,0,3.0,1,0
0,0,0,0,23.0,1,0
0,0,0,0,17.0,1,0
0,0,0,1,16.5,2,0
0,0,0,0,8.0,1,0
0,0,0,0,6.0,1,0
0,0,0,0,17.0,1,0
0,0,0,0,20.666666666666668,2,0
0,0,0,0,16.0,1,0
0,0,0,0,9.0,1,0
0,0,0,0,10.0,1,0
0,0,0,0,13.0,1,0
0,0,0,0,3.0,1,0
0,0,0,0,10.0,1,0
0,0,0,0,22.0,1,0
0,0,0,0,18.0,1,0
0,0,0,0,17.0,1,0
0,0,0,0,15.0,1,0
0,0,0,0,20.0,1,0
0,0,0,0,1.0,1,0
0,0,0,0,6.0,1,0
0,0,0,0,16.0,1,0
0,0,0,0,0.0,1,0
0,0,0,0,17.333333333333332,2,0
0,0,0,0,17.0,1,0
0,0,0,0,20.0,2,0
0,0,0,0,2.0,1,0
0,0,0,0,7.0,1,0
0,0,0,0,15.0,1,0
0,0,0,0,13.0,1,0
0,0,0,0,13.0,1,0
0,0,0,0,10.0,1,0
0,0,0,0,2.0,1,0
0,0,0,0,0.0,1,0
0,0,0,0,19.0,2,0
0,0,0,0,12.0,1,0
0,0,0,0,17.0,1,0
0,0,0,1,3.0,1,0
0,0,0,0,19.5,2,0
0,0,0,0,23.0,1,0
0,0,0,0,21.0,1,0
0,0,0,0,15.5,2,0
0,0,0,0,5.0,1,0
0,0,0,0,1.0,1,0
0,0,0,0,17.0,1,0
0,0,0,0,17.0,2,0
0,0,0,0,0.0,1,0
0,0,0,0,15.5,2,0
0,0,0,0,4.25,2,0
0,0,0,0,17.666666666666668,3,0
0,0,0,0,5.5,2,0
0,0,0,0,23.0,1,0
0,0,0,0,16.0,2,0
0,0,0,0,15.0,1,0
0,0,0,0,0.0,1,0
0,0,0,1,12.0,1,0
0,0,0,0,14.0,1,0
0,0,0,0,21.0,1,0
0,0,0,0,15.0,1,0
0,0,0,0,13.0,1,0
0,3,0,0,17.0,1,0
0,0,0,0,15.333333333333334,3,0
0,0,0,0,5.5,2,0
0,0,0,0,17.0,1,0
0,0,0,0,15.4,4,0
0,0,0,0,9.0,1,0
0,0,0,0,18.0,1,0
0,0,0,0,11.75,3,0
0,0,0,0,13.0,1,0
0,0,0,0,7.0,1,0
0,0,0,0,8.333333333333334,3,0
0,0,0,0,16.0,1,0
0,0,0,0,5.333333333333333,2,0
0,0,0,0,14.5,2,0
0,0,0,0,17.0,4,0
0,0,0,0,9.0,1,0
0,0,0,0,15.0,1,0
0,0,0,0,18.0,1,0
0,0,0,0,13.0,1,0
0,0,0,0,4.0,1,0
0,0,0,0,2.0,1,0
0,0,0,0,12.0,1,0
0,0,0,0,1.0,1,0
0,0,0,1,22.0,1,0
0,0,0,0,22.0,1,0
0,0,0,0,0.0,1,0
0,0,0,0,1.0,1,0
0,0,0,0,9.0,1,0
0,0,0,0,11.0,1,0
0,0,0,0,23.0,1,0
0,0,0,0,23.0,1,0
0,0,0,0,22.0,1,0
0,0,0,0,23.0,1,0
0,0,0,0,17.0,1,0
0,0,0,0,18.0,1,0
0,0,0,0,12.0,1,0
0,0,0,0,19.5,2,0
0,0,0,0,20.0,1,0
0,0,0,0,0.0,1,0
0,0,0,0,16.0,1,0
0,0,0,0,0.0,1,0
0,0,0,0,10.0,1,0
0,0,0,0,0.0,1,0
0,0,0,0,11.0,1,0
0,0,0,0,10.0,1,0
0,0,0,0,0.0,1,0
0,0,0,0,15.0,1,0
0,0,0,0,23.0,1,0
0,0,0,0,11.0,1,0
0,0,0,0,11.0,1,0
0,0,0,0,16.0,1,0
0,2,0,0,0.0,1,0
0,0,0,0,7.0,2,0
0,0,0,0,8.0,2,0
0,0,0,0,12.0,1,0
0,0,0,0,13.0,2,0
0,0,0,0,13.0,4,0
0,0,0,0,5.0,1,0
0,0,0,0,9.666666666666666,3,0
0,0,0,0,10.5,5,0
0,0,0,0,9.272727272727273,6,0
0,0,0,0,11.625,7,0
0,0,0,0,12.8,7,0
0,0,0,0,12.0,3,0
0,0,0,1,14.705882352941176,11,1
0,0,0,0,14.090909090909092,7,0
0,0,0,0,17.75,4,0
0,0,0,0,10.0,8,0
0,0,0,0,11.842105263157896,16,1
0,0,0,0,12.5,9,0
0,0,0,0,7.333333333333333,3,0
0,0,0,1,10.0,5,0
0,0,0,0,16.75,3,0
0,0,0,0,9.4,4,0
0,0,0,0,9.384615384615385,9,1
0,0,0,0,12.428571428571429,6,0
0,0,0,0,15.5,2,0
0,0,0,0,15.2,4,0
0,0,0,0,15.0,2,0
0,0,0,0,3.0,1,0
0,0,0,0,22.0,1,0
0,0,0,0,19.0,2,0
0,0,0,0,21.5,2,0
0,0,0,0,19.0,2,0
0,0,0,0,12.0,1,0
0,0,0,0,22.0,2,0
0,0,0,0,19.5,2,0
0,0,0,0,11.25,11,1
0,0,0,1,5.0,7,1
0,0,0,0,9.166666666666666,8,1
0,0,0,0,12.642857142857142,13,1
0,0,0,0,17.727272727272727,9,0
0,0,0,0,19.75,6,0
0,0,0,0,9.444444444444445,5,0
0,0,0,0,15.8,7,0
0,0,0,0,14.75,11,1
0,0,0,0,13.652173913043478,16,1
0,0,0,0,15.352941176470589,12,1
0,0,0,0,17.444444444444443,6,0
0,0,0,0,11.222222222222221,7,0
0,0,0,0,14.285714285714286,6,0
0,0,0,0,17.0,6,0
0,0,0,0,20.333333333333332,7,0
0,0,0,0,17.0,5,0
0,0,0,0,23.0,1,0
0,0,0,0,16.75,3,0
0,0,0,0,17.0,1,0
0,0,0,0,0.0,1,0
0,0,0,0,22.0,1,0
0,0,0,0,10.0,1,0
0,0,0,0,11.25,3,0
0,0,0,0,18.0,4,0
0,0,0,0,17.666666666666668,3,0
0,0,0,0,12.5,4,0
0,0,0,0,12.0,1,0
0,0,0,0,7.833333333333333,4,0
0,0,0,0,19.8,4,0
0,0,0,0,9.333333333333334,8,1
0,0,0,0,18.8,13,1
0,0,0,0,6.764705882352941,11,1
0,0,0,0,14.714285714285714,11,1
0,0,0,0,10.68,18,1
0,0,0,0,14.947368421052632,15,1
0,0,0,0,15.772727272727273,19,1
0,0,0,0,11.294117647058824,14,1
0,0,0,0,15.066666666666666,25,1
0,0,0,0,12.136363636363637,18,1
0,0,0,4,12.162790697674419,33,1
0,0,0,3,9.609756097560975,32,1
0,0,0,0,11.5,10,0
0,0,0,0,10.777777777777779,24,1
0,0,0,0,9.333333333333334,8,0
0,0,0,1,13.8125,14,1
0,0,0,0,11.03448275862069,26,1
0,0,0,1,12.266666666666667,26,1
0,0,0,0,11.4375,14,1
0,0,0,0,9.75,4,0
0,0,0,0,12.5,2,0
0,0,0,0,9.0,1,0
0,0,0,0,0.0,1,0
0,0,0,0,3.0,1,0
0,0,0,0,10.0,1,0
0,0,0,0,22.0,1,0
0,0,0,0,21.0,1,0
0,0,0,0,12.0,1,0
0,0,0,0,0.0,1,0
0,0,0,0,16.0,2,0
0,0,0,0,15.0,1,0
0,0,0,0,20.0,1,0
0,0,0,0,4.0,1,0
0,0,0,0,22.0,1,0
0,0,0,0,10.0,1,0
0,0,0,0,9.0,1,0
0,0,0,0,21.2,2,0
0,0,0,0,22.0,1,0
0,0,0,0,11.0,1,0
0,0,0,0,9.0,1,0
0,0,0,0,2.0,1,0
0,0,0,0,21.0,1,0
0,0,0,0,15.0,1,0
0,0,0,0,13.11111111111111,7,0
0,0,0,1,11.75,7,0
0,0,0,0,6.5,2,0
0,0,0,0,15.333333333333334,4,0
0,0,0,0,5.0,1,0
0,0,0,0,8.0,1,0
0,0,0,0,19.0,2,0
0,0,0,0,13.0,2,0
0,0,0,0,22.0,1,0
0,0,0,0,23.0,1,0
0,0,0,0,6.666666666666667,2,0
0,0,0,0,23.0,1,0
0,0,0,0,3.0,1,0
0,0,0,0,3.0,1,0
0,0,0,0,20.0,1,0
0,0,0,0,22.0,1,0
0,0,0,0,20.0,1,0
0,0,0,0,20.0,1,0
0,0,0,0,12.0,1,0
0,0,0,0,4.0,1,0
0,0,0,0,22.0,1,0
0,0,0,0,21.0,1,0
0,0,0,0,20.0,1,0
0,0,0,0,19.0,1,0
0,0,0,0,17.8,3,0
0,0,0,0,9.0,1,0
0,0,0,0,14.0,3,0
0,0,0,0,19.0,1,0
0,0,0,0,9.11111111111111,6,0
0,0,0,0,7.75,4,0
0,0,0,1,14.666666666666666,3,0
0,0,0,0,12.833333333333334,6,1
0,0,0,0,17.0,1,0
0,0,0,0,10.166666666666666,10,1
0,0,0,0,14.666666666666666,3,0
0,0,0,0,23.0,1,0
0,0,0,0,2.0,1,0
0,0,0,0,7.0,1,0
0,0,0,0,6.0,6,0
0,0,0,0,12.5,10,1
0,0,0,0,15.6,4,0
0,0,0,0,8.0,1,0
0,0,0,0,22.0,1,0
0,0,0,0,10.0,1,0
0,0,0,0,10.0,1,0
0,0,0,0,1.0,1,0
0,0,0,0,23.0,1,0
0,0,0,1,17.166666666666668,11,1
0,0,0,0,10.88888888888889,7,0
0,0,0,0,13.0,6,0
0,0,0,0,11.0,3,0
0,0,0,0,17.0,3,0
0,0,0,0,15.666666666666666,3,0
0,0,0,0,10.333333333333334,5,0
0,0,0,0,17.666666666666668,2,0
0,0,0,0,17.5,4,0
0,0,0,0,1.0,1,0
0,0,0,0,12.0,1,0
0,0,0,0,7.0,1,0
0,0,0,0,10.0,1,0
0,0,0,0,18.0,1,0
0,0,0,0,13.0,1,0
0,0,0,0,21.0,1,0
0,0,0,0,21.0,1,0
0,0,0,0,20.0,1,0
0,0,0,0,17.0,1,0
0,0,0,0,23.0,1,0
0,0,0,0,10.0,1,0
0,0,0,0,1.0,1,0
0,0,0,0,11.0,1,0
0,0,0,0,15.0,1,0
0,0,0,0,16.0,1,0
0,0,0,0,7.0,1,0
0,0,0,0,12.5,2,0
0,0,0,0,12.666666666666666,3,0
0,0,0,0,12.666666666666666,2,0
0,0,0,0,10.0,1,0
0,0,0,0,23.0,1,0
0,0,0,0,15.0,1,0
0,0,0,0,14.25,3,0
0,0,0,0,16.875,7,0
0,0,0,0,12.05,15,1
0,0,0,1,10.25,11,1
0,0,0,2,14.592592592592593,37,1
0,0,0,0,16.456521739130434,37,1
0,0,0,3,12.097560975609756,29,1
0,0,0,0,10.34375,20,1
0,0,0,0,13.25925925925926,18,1
0,0,0,0,13.458333333333334,36,1
0,0,0,0,13.361702127659575,36,1
0,0,0,0,14.0,2,0
0,0,0,0,15.666666666666666,3,0
0,0,0,0,15.0,2,0
0,0,0,0,7.0,1,0
0,0,0,0,9.0,1,0
0,0,0,1,12.35135135135135,32,1
0,0,0,0,13.746478873239436,48,1
0,8,0,2,13.457142857142857,22,1
0,0,0,0,23.0,1,0
0,0,0,0,17.0,1,0
0,0,0,0,16.0,1,0
0,0,0,0,7.333333333333333,2,0
0,0,0,0,12.0,1,0
0,0,0,0,12.0,1,0
0,0,0,0,12.0,1,0
0,0,0,0,12.0,1,0
0,0,0,0,14.0,2,0
0,0,0,0,21.0,1,0
0,0,0,0,12.0,1,0
0,0,0,0,19.666666666666668,3,0
0,0,0,0,14.0,1,0
0,0,0,0,20.333333333333332,3,0
0,0,0,0,11.428571428571429,7,0
0,0,0,0,14.523076923076923,53,1
0,0,0,0,12.344827586206897,25,1
0,0,0,0,13.148148148148149,25,1
0,0,0,0,11.45945945945946,28,1
0,0,0,0,14.263157894736842,17,1
0,0,0,0,12.307692307692308,12,1
0,0,0,0,9.310344827586206,24,1
0,0,0,2,13.037037037037036,23,1
0,0,0,1,15.347826086956522,22,1
0,0,0,0,11.333333333333334,9,0
0,0,0,0,11.333333333333334,6,0
0,0,0,0,10.0,1,0
0,0,0,0,21.0,1,0
0,0,0,0,11.0,1,0
0,0,0,0,0.0,1,0
0,0,0,0,0.0,1,0
0,0,0,0,2.0,1,0
0,0,0,0,21.0,1,0
0,0,0,0,20.0,1,0
0,0,0,0,23.0,1,0
0,0,0,0,15.5,2,0
0,0,0,0,10.666666666666666,3,0
0,0,0,0,22.0,1,0
0,0,0,0,14.333333333333334,2,0
0,0,0,0,17.0,1,0
0,0,0,0,2.0,1,0
0,0,0,0,10.0,1,0
0,0,0,0,16.0,1,0
0,0,0,0,21.0,1,0
0,0,0,0,8.0,1,0
0,0,0,0,0.0,1,0
0,0,0,0,23.0,1,0
0,0,0,0,16.5,2,0
0,0,0,0,23.0,1,0
0,0,0,0,16.0,1,0
0,0,0,0,17.5,4,0
0,0,0,0,10.666666666666666,2,0
0,0,0,0,5.0,1,0
0,0,0,0,16.0,1,0
0,0,0,0,10.0,1,0
0,0,0,0,12.5,2,0
0,0,0,0,0.0,1,0
0,0,0,0,15.0,3,0
0,0,0,0,19.0,1,0
0,0,0,0,4.0,1,0
0,0,0,0,10.0,3,0
0,0,0,0,15.5,3,0
0,0,0,0,11.666666666666666,3,0
0,0,0,0,6.0,1,0
0,0,0,0,5.25,2,0
0,0,0,0,12.0,1,0
0,0,0,0,13.714285714285714,4,0
0,0,0,0,12.25,3,0
0,0,0,0,21.0,1,0
0,0,0,0,23.0,1,0
0,0,0,0,13.0,1,0
0,0,0,0,21.0,1,0
0,0,0,1,7.0,3,0
0,0,0,0,17.666666666666668,2,0
0,0,0,0,16.0,2,0
0,0,0,0,12.0,6,0
0,0,0,0,11.4375,11,1
0,0,0,0,12.24,17,1
0,0,0,0,12.363636363636363,11,0
0,0,0,0,12.466666666666667,11,1
0,0,0,0,12.333333333333334,6,0
0,0,0,0,14.333333333333334,3,0
0,0,0,0,11.0,1,0
0,0,0,2,13.282051282051283,28,1
0,0,0,0,14.0,1,0
0,0,0,0,23.0,1,0
0,0,0,0,12.208333333333334,18,1
0,0,0,1,12.357142857142858,11,1
0,0,0,0,7.8,4,0
0,0,0,0,4.0,2,0
0,0,0,1,12.0,6,0
0,0,0,0,9.058823529411764,15,1
0,0,0,0,17.25,4,0
0,0,0,0,8.0,4,0
0,0,0,0,7.0,1,0
0,0,0,0,12.0,1,0
0,0,0,0,22.0,1,0
0,0,0,0,18.555555555555557,5,0
0,0,0,0,16.0,5,0
0,0,0,0,10.0,3,0
0,0,0,0,0.0,1,0
0,0,0,0,15.0,4,0
0,0,0,0,8.5,2,0
0,0,0,0,4.5,2,0
0,0,0,0,17.0,1,0
0,0,0,0,7.0,2,0
0,0,0,0,23.0,1,0
0,0,0,0,5.0,1,0
0,0,0,0,0.0,1,0
0,0,0,0,22.0,1,0
0,0,0,0,21.0,1,0
0,0,0,0,20.0,1,0
0,0,0,0,15.0,1,0
0,0,0,0,13.0,1,0
0,0,0,0,13.0,1,0
0,0,0,0,16.5,2,0
0,0,0,0,8.0,1,0
0,0,0,0,22.0,1,0
0,0,0,0,17.0,2,0
0,0,0,0,11.0,2,0
0,0,0,0,10.0,1,0
0,0,0,0,12.0,1,0
0,0,0,0,10.0,1,0
0,0,0,0,17.25,3,0
0,0,0,0,23.0,1,0
0,0,0,0,19.25,2,0
0,0,0,0,14.428571428571429,6,0
0,0,0,0,14.0,6,0
0,0,0,0,13.307692307692308,11,1
0,0,0,0,15.5,2,0
0,0,0,0,7.5,2,0
0,0,0,0,19.0,1,0
0,0,0,0,0.0,1,0
0,0,0,0,7.833333333333333,6,0
0,0,0,0,15.15,17,1
0,0,0,0,13.916666666666666,16,1
0,0,0,0,13.31578947368421,15,1
0,0,0,0,16.53846153846154,11,1
0,0,0,2,8.058823529411764,12,1
0,0,0,0,21.0,2,0
0,0,0,0,18.0,1,0
0,0,0,0,13.0,1,0
0,0,0,0,1.0,1,0
0,0,0,0,23.0,1,0
0,0,0,0,16.0,1,0
0,0,0,0,17.0,1,0
0,0,0,0,22.0,1,0
0,0,0,0,22.0,1,0
0,0,0,0,14.0,8,0
0,0,0,0,18.0,3,0
0,0,0,0,6.0,1,0
0,0,0,0,16.0,1,0
0,0,0,0,1.0,1,0
0,0,0,0,23.0,1,0
0,0,0,0,23.0,1,0
0,0,0,0,3.0,1,0
0,0,0,0,13.0,1,0
0,0,0,0,10.0,1,0
0,0,0,0,14.0,1,0
0,0,0,0,15.75,3,0
0,0,0,0,5.636363636363637,6,0
0,0,0,0,18.0,4,0
0,0,0,0,12.5,2,0
0,0,0,0,4.5,2,0
0,0,0,0,14.0,6,0
0,0,0,0,9.75,7,0
0,0,0,0,9.0,1,0
0,0,0,0,16.0,4,0
0,0,0,0,9.666666666666666,2,0
0,0,0,0,17.0,1,0
0,0,0,0,23.0,1,0
0,0,0,0,16.0,5,0
0,0,0,0,22.0,1,0
0,0,0,0,21.0,1,0
0,0,0,0,17.0,1,0
0,0,0,0,6.5,2,0
0,0,0,0,11.0,1,0
0,0,0,0,1.0,1,0
0,0,0,0,14.333333333333334,3,0
0,0,0,0,20.0,1,0
0,0,0,0,9.0,2,0
0,0,0,0,10.0,1,0
0,0,0,0,10.0,2,0
0,0,0,0,20.0,1,0
0,0,0,0,23.0,1,0
0,0,0,0,16.0,1,0
0,0,0,0,17.0,1,0
0,0,0,0,19.0,1,0
0,0,0,0,17.0,1,0
0,0,0,0,23.0,1,0
0,0,0,0,2.0,1,0
0,0,0,0,20.0,1,0
0,0,0,0,8.0,14,1
0,0,0,0,14.096774193548388,21,1
0,0,0,0,11.823529411764707,12,1
0,0,0,0,14.083333333333334,12,1
0,0,0,0,12.909090909090908,8,0
0,0,0,2,11.375,5,0
0,0,0,0,16.0,5,0
0,0,0,0,9.666666666666666,3,0
0,0,0,0,10.56,20,1
0,0,0,2,11.933333333333334,11,1
0,0,0,0,14.0,1,0
0,0,0,0,9.0,2,0
0,0,0,0,15.0,1,0
0,0,0,0,11.761904761904763,13,1
0,0,0,0,17.533333333333335,12,1
0,0,0,0,8.916666666666666,9,1
0,0,0,0,4.333333333333333,7,1
0,0,0,0,20.0,1,0
0,0,0,1,14.0,1,0
0,0,0,0,15.7,8,0
0,0,0,0,20.0,1,0
0,0,0,0,15.0,1,0
0,0,0,0,5.75,3,0
0,0,0,0,0.0,1,0
0,0,0,0,15.666666666666666,5,0
0,0,0,0,4.5,2,0
0,0,0,0,12.666666666666666,2,0
0,0,0,0,15.0,1,0
0,0,0,0,10.166666666666666,6,0
0,0,0,0,10.5,3,0
0,0,0,0,7.5,2,0
0,0,0,0,9.0,1,0
0,0,0,0,0.0,1,0
0,0,0,0,22.0,1,0
0,0,0,0,19.0,2,0
0,0,0,0,9.0,1,0
0,0,0,0,22.0,2,0
0,0,0,0,23.0,1,0
0,0,0,0,19.0,1,0
0,0,0,0,2.0,1,0
0,0,0,0,22.0,1,0
0,0,0,0,8.0,1,0
0,0,0,0,23.0,1,0
0,0,0,0,9.5,2,0
0,0,0,0,21.0,1,0
0,0,0,0,0.0,1,0
0,0,0,0,12.0,1,0
0,0,0,0,0.0,1,0
0,0,0,0,18.0,3,0
0,0,0,0,22.0,1,0
0,0,0,1,23.0,1,0
0,0,0,0,15.333333333333334,2,0
0,0,0,0,12.0,1,0
0,0,0,0,11.5,2,0
0,0,0,0,15.0,3,0
0,0,0,0,17.0,1,0
0,0,0,0,21.0,1,0
0,0,0,0,23.0,1,0
0,0,0,0,15.0,1,0
0,0,0,0,18.0,4,0
0,0,0,0,16.0,3,0
0,0,0,0,0.0,1,0
0,0,0,0,22.0,1,0
0,0,0,0,9.0,1,0
0,0,0,0,23.0,1,0
0,0,0,0,17.0,1,0
0,0,0,0,12.0,2,0
0,0,0,0,10.5,2,0
0,0,0,0,12.272727272727273,7,0
0,0,0,0,13.428571428571429,6,0
0,0,0,0,20.0,1,0
0,0,0,0,18.428571428571427,5,0
0,0,0,0,12.5,4,0
0,0,0,0,12.0,3,0
0,0,0,0,17.0,1,0
0,0,0,0,8.0,1,0
0,0,0,0,9.0,1,0
0,0,0,0,11.11111111111111,9,0
0,0,0,0,15.6,9,0
0,0,0,0,12.3,8,0
0,0,0,0,11.636363636363637,9,0
0,0,0,0,12.818181818181818,9,0
0,0,0,0,4.0,2,0
0,0,0,0,17.0,1,0
0,0,0,0,22.0,1,0
0,0,0,0,21.0,1,0
0,0,0,0,3.0,1,0
0,0,0,0,21.0,1,0
0,0,0,0,7.666666666666667,3,0
0,0,0,0,17.0,1,0
0,0,0,0,9.0,1,0
0,0,0,0,23.0,1,0
0,0,0,0,21.0,1,0
0,0,0,0,11.555555555555555,7,0
0,0,0,0,11.166666666666666,6,0
0,0,0,0,7.0,1,0
0,0,0,0,4.285714285714286,4,0
0,0,0,0,12.5,4,0
0,0,0,0,9.666666666666666,3,0
0,0,0,0,11.0,4,0
0,0,0,0,9.0,1,0
0,0,0,0,11.0,1,0
0,0,0,0,0.0,1,0
0,0,0,0,13.0,1,0
0,0,0,0,1.0,1,0
0,0,0,0,7.0,1,0
0,0,0,0,9.0,1,0
0,0,0,0,10.0,1,0
0,0,0,0,15.5,2,0
0,0,0,0,20.0,1,0
0,0,0,0,22.0,1,0
0,0,0,0,11.0,1,0
0,0,0,0,17.0,1,0
0,0,0,0,22.0,1,0
0,0,0,0,3.6666666666666665,2,0
0,0,0,0,11.0,1,0
0,0,0,0,10.0,1,0
0,0,0,0,11.0,1,0
0,0,0,0,9.0,1,0
0,0,0,0,16.0,1,0
0,0,0,0,14.5,2,0
0,0,0,0,11.5,5,0
0,0,0,0,12.0,2,0
0,0,0,0,9.833333333333334,4,0
0,0,0,0,11.4,5,0
0,0,0,0,19.0,2,0
0,0,0,0,8.666666666666666,3,0
0,0,0,0,7.25,6,0
0,0,0,0,10.0,1,0
0,0,0,0,8.0,3,0
0,0,0,0,11.0,4,0
0,0,0,0,15.0,1,0
0,0,0,0,12.0,2,0
0,0,0,0,13.0,2,0
0,0,0,0,17.0,1,0
0,0,0,0,10.0,1,0
0,0,0,0,17.0,1,0
0,0,0,0,7.0,1,0
0,0,0,0,6.0,1,0
0,0,0,0,10.0,1,0
0,0,0,0,10.428571428571429,10,1
0,0,0,0,18.666666666666668,3,0
0,0,0,1,12.0,6,0
0,0,0,0,21.5,2,0
0,0,0,0,13.666666666666666,3,0
0,0,0,0,22.0,1,0
0,0,0,0,0.0,1,0
0,0,0,0,21.0,1,0
0,0,0,0,1.0,1,0
0,0,0,0,19.0,1,0
0,0,0,0,21.0,1,0
0,0,0,0,15.25,3,0
0,0,0,0,16.0,3,0
0,0,0,0,15.5,2,0
0,0,0,0,17.0,1,0
0,0,0,0,4.0,1,0
0,0,0,0,1.0,1,0
0,0,0,0,3.0,1,0
0,0,0,0,17.0,1,0
0,0,0,0,14.0,1,0
0,0,0,0,7.0,1,0
0,0,0,0,16.0,1,0
0,0,0,0,8.0,1,0
0,0,0,0,23.0,1,0
0,0,0,0,15.5,2,0
0,0,0,0,12.666666666666666,2,0
0,0,0,0,9.0,1,0
0,0,0,0,19.0,1,0
0,0,0,0,6.0,3,0
0,0,0,0,11.0,2,0
0,0,0,0,20.666666666666668,2,0
0,0,0,0,7.0,2,0
0,0,0,1,17.5,4,0
0,0,0,0,12.0,3,0
0,0,0,0,18.666666666666668,2,0
0,0,0,0,16.5,2,0
0,0,0,0,11.666666666666666,2,0
0,0,0,0,23.0,1,0
0,0,0,0,21.0,1,0
0,0,0,0,16.333333333333332,3,0
0,0,0,0,22.0,1,0
0,0,0,0,16.333333333333332,2,0
0,0,0,0,9.0,1,0
0,0,0,0,3.0,2,0
0,0,0,0,5.0,1,0
0,0,0,0,0.0,1,0
0,0,0,0,1.0,1,0
0,0,0,0,2.0,1,0
0,0,0,0,11.0,1,0
0,0,0,0,15.0,1,0
0,0,0,0,3.0,1,0
0,0,0,1,12.045454545454545,18,1
0,0,0,0,13.76923076923077,42,1
0,0,0,0,14.76923076923077,22,1
0,0,0,0,12.166666666666666,21,1
0,0,0,0,12.238095238095237,16,1
0,0,0,0,19.666666666666668,2,0
0,0,0,0,9.5,2,0
0,0,0,0,20.0,1,0
0,0,0,0,18.0,1,0
0,0,0,0,19.0,1,0
0,0,0,0,4.0,1,0
0,0,0,0,23.0,1,0
0,0,0,0,11.666666666666666,3,0
0,0,0,0,19.0,1,0
0,0,0,0,13.166666666666666,46,1
0,0,0,0,12.26,44,1
0,0,0,0,8.818181818181818,8,0
0,0,0,0,9.0,1,0
0,0,0,0,8.0,1,0
0,0,0,0,12.0,1,0
0,0,0,0,11.0,1,0
0,0,0,0,1.0,1,0
0,0,0,0,22.0,1,0
0,0,0,0,17.0,1,0
0,0,0,0,3.0,1,0
0,0,0,0,14.5,2,0
0,0,0,0,10.0,1,0
0,0,0,0,17.0,1,0
0,0,0,0,13.0,1,0
0,0,0,0,11.0,1,0
0,0,0,0,8.0,1,0
0,0,0,0,22.0,1,0
0,0,0,0,8.0,1,0
0,0,0,0,2.0,1,0
0,0,0,0,12.714285714285714,6,0
0,0,0,0,12.2,8,0
0,0,0,0,21.0,3,0
0,0,0,0,11.32,22,1
0,0,0,3,14.254545454545454,41,1
0,0,0,0,12.848484848484848,29,1
0,0,0,0,14.64102564102564,65,1
0,0,0,0,11.026315789473685,28,1
0,0,0,2,10.65625,31,1
0,0,0,0,13.859375,52,1
0,0,0,0,12.714285714285714,20,1
0,0,0,0,12.40677966101695,49,1
0,0,0,0,14.9,19,1
0,0,0,0,13.0,5,0
0,0,0,0,18.0,1,0
0,0,0,0,16.0,1,0
0,0,0,0,15.0,1,0
0,0,0,0,6.0,1,0
0,0,0,0,13.0,7,0
0,0,0,0,14.2,4,0
0,0,0,0,12.11111111111111,9,0
0,0,0,1,17.77777777777778,7,0
0,0,0,0,20.0,2,0
0,0,0,0,16.333333333333332,3,0
0,0,0,0,14.875,6,0
0,0,0,0,12.5,4,0
0,0,0,0,19.333333333333332,3,0
0,0,0,0,11.333333333333334,3,0
0,0,0,0,4.5,2,0
0,0,0,0,10.0,1,0
0,0,0,0,10.0,3,0
0,0,0,0,6.333333333333333,3,0
0,0,0,0,13.666666666666666,3,0
0,0,0,0,13.0,2,0
0,0,0,0,0.0,1,0
0,0,0,0,7.0,1,0
0,0,0,0,16.0,1,0
0,0,0,2,14.333333333333334,2,0
0,0,0,0,22.0,1,0
0,0,0,0,20.0,1,0
0,0,0,0,11.0,1,0
0,0,0,0,10.333333333333334,3,0
0,0,0,0,2.0,1,0
0,0,0,0,18.0,1,0
0,0,0,0,20.0,3,0
0,0,0,0,12.0,2,0
0,0,0,0,20.5,2,0
0,0,0,0,10.0,1,0
0,0,0,0,21.0,1,0
0,0,0,0,17.5,2,0
0,0,0,0,14.0,1,0
0,0,0,0,18.0,1,0
0,0,0,0,22.0,1,0
0,0,0,0,15.0,1,0
0,0,0,0,15.0,1,0
0,0,0,0,16.125,5,0
0,0,0,0,12.5,2,0
0,0,0,0,19.0,2,0
0,0,0,0,14.666666666666666,3,0
0,0,0,0,9.0,1,0
0,0,0,0,4.333333333333333,2,0
0,0,0,0,13.0,1,0
0,0,0,0,14.5,2,0
0,0,0,1,23.0,2,0
0,0,0,0,11.0,1,0
0,0,0,0,16.4,4,0
0,0,0,0,9.5,2,0
0,0,0,0,18.0,1,0
0,0,0,0,8.5,2,0
0,0,0,0,10.0,1,0
0,0,0,0,14.0,1,0
0,0,0,0,17.0,1,0
0,0,0,0,19.0,1,0
0,0,0,0,20.0,1,0
0,0,0,0,15.0,1,0
0,0,0,0,0.0,1,0
0,0,0,0,22.0,1,0
0,0,0,0,16.666666666666668,2,0
0,0,0,0,10.0,1,0
0,0,0,0,1.0,1,0
0,0,0,0,13.0,1,0
0,0,0,0,10.0,1,0
0,0,0,0,14.0,1,0
0,0,0,0,1.0,1,0
0,0,0,0,23.0,1,0
0,0,0,0,17.0,1,0
0,0,0,0,23.0,1,0
0,0,0,0,21.0,2,0
0,0,0,0,23.0,1,0
0,0,0,0,8.0,1,0
0,0,0,0,11.0,1,0
0,0,0,0,8.333333333333334,3,0
0,0,0,0,19.0,1,0
0,0,0,0,10.0,1,0
0,0,0,0,7.0,1,0
0,0,0,0,11.0,1,0
0,0,0,0,7.75,7,0
0,0,0,0,10.923076923076923,12,1
0,0,0,0,9.23076923076923,7,1
0,0,0,0,9.0,2,0
0,0,0,0,12.11111111111111,7,0
0,0,0,0,16.5625,10,1
0,0,0,0,10.25,8,0
0,0,0,0,10.727272727272727,10,0
0,0,0,0,11.5,8,0
0,0,0,0,13.15,20,1
0,0,0,0,16.333333333333332,5,0
0,0,0,0,7.48,17,1
0,0,0,0,8.5,10,0
0,0,0,0,12.384615384615385,11,1
0,0,0,1,9.375,8,0
0,0,0,0,10.4,12,1
0,0,0,1,9.947368421052632,18,1
0,0,0,0,14.8,8,0
0,0,0,0,13.285714285714286,5,0
0,0,0,0,16.0,1,0
0,0,0,0,8.0,1,0
0,0,0,0,8.0,1,0
0,0,0,0,12.0,1,0
0,0,0,0,11.0,1,0
0,0,0,0,11.0,2,0
0,0,0,0,10.0,2,0
0,0,0,0,10.5,1,0
0,0,0,0,9.0,2,0
0,0,0,0,9.0,3,0
0,0,0,0,6.666666666666667,2,0
0,0,0,0,22.0,1,0
0,0,0,0,21.0,1,0
0,0,0,0,11.0,2,0
0,0,0,0,13.0,1,0
0,0,0,0,12.0,1,0
0,0,0,0,10.0,1,0
0,0,0,0,22.0,1,0
0,0,0,0,21.0,1,0
0,0,0,0,17.5,2,0
0,0,0,0,21.0,1,0
0,0,0,0,4.666666666666667,3,0
0,0,0,0,17.25,4,0
0,0,0,0,21.0,3,0
0,0,0,0,10.5,4,0
0,0,0,0,12.625,8,0
0,0,0,0,11.666666666666666,8,1
0,0,0,0,18.1,8,0
0,0,0,0,12.333333333333334,3,0
0,0,0,0,17.285714285714285,5,0
0,0,0,0,17.4,5,0
0,0,0,0,9.714285714285714,13,1
0,0,0,0,10.0,7,0
0,0,0,0,8.5,2,0
0,0,0,0,13.0,11,1
0,0,0,0,16.0,1,0
0,0,0,0,14.416666666666666,11,1
0,0,0,0,13.166666666666666,6,0
0,0,0,1,13.25,4,0
0,0,0,0,21.0,1,0
0,0,0,0,22.0,1,0
0,0,0,0,21.0,1,0
0,0,0,0,22.0,1,0
0,0,0,0,0.0,1,0
0,0,0,0,8.0,1,0
0,0,0,0,0.0,1,0
0,0,0,0,0.0,1,0
0,0,0,0,2.6666666666666665,3,0
0,0,0,0,7.333333333333333,2,0
0,0,0,0,10.0,1,0
0,0,0,0,9.0,1,0
0,0,0,0,14.0,1,0
0,0,0,0,20.0,1,0
0,0,0,0,3.0,1,0
0,0,0,0,4.0,1,0
0,0,0,0,23.0,1,0
0,0,0,0,10.0,1,0
0,0,0,0,18.0,1,0
0,0,0,0,18.0,1,0
0,0,0,0,15.0,1,0
0,0,0,0,11.0,1,0
0,0,0,0,17.0,1,0
0,0,0,0,0.0,1,0
0,0,0,0,14.0,1,0
0,0,0,0,14.0,1,0
0,0,0,0,16.0,1,0
0,0,0,0,0.0,1,0
0,0,0,0,23.0,1,0
0,0,0,0,5.0,1,0
0,0,0,0,20.0,1,0
0,0,0,0,16.0,1,0
0,0,0,0,23.0,1,0
0,0,0,0,22.0,1,0
0,0,0,0,8.0,1,0
0,0,0,0,17.0,1,0
0,0,0,0,15.333333333333334,3,0
0,0,0,0,10.0,2,0
0,0,0,0,8.0,2,0
0,0,0,0,1.0,1,0
0,0,0,0,7.0,1,0
0,0,0,0,16.0,1,0
0,0,0,0,17.0,1,0
0,0,0,0,16.0,1,0
0,0,0,0,15.0,1,0
0,0,0,0,12.0,1,0
0,0,0,0,18.0,1,0
0,0,0,0,18.0,1,0
0,0,0,0,7.0,1,0
0,0,0,0,2.0,2,0
0,0,0,0,14.0,1,0
0,0,0,0,22.0,1,0
0,0,0,0,13.0,1,0
0,0,0,0,15.0,1,0
0,0,0,0,14.0,1,0
0,0,0,0,12.0,1,0
0,0,0,0,13.0,2,0
0,0,0,0,9.0,1,0
0,0,0,0,7.0,1,0
0,0,0,0,1.0,1,0
0,0,0,0,11.5,2,0
0,0,0,0,9.0,1,0
0,0,0,0,10.0,1,0
0,0,0,0,22.0,1,0
0,0,0,0,10.0,1,0
0,0,0,0,0.0,1,0
0,0,0,0,14.0,1,0
0,0,0,0,8.0,1,0
0,0,0,0,9.0,1,0
0,0,0,0,8.0,1,0
0,0,0,0,17.0,1,0
0,0,0,0,21.0,1,0
0,0,0,0,18.5,2,0
0,0,0,0,13.5,4,0
0,0,0,0,22.0,1,0
0,0,0,0,8.8,5,0
0,0,0,0,13.666666666666666,6,0
0,1,0,0,13.9,9,0
0,0,0,0,10.666666666666666,3,0
0,0,0,0,7.833333333333333,11,1
0,0,0,0,14.481481481481481,20,1
0,0,0,0,7.384615384615385,13,1
0,0,0,0,15.733333333333333,15,1
0,0,0,0,11.625,29,1
0,0,0,0,12.9375,30,1
0,0,0,0,12.318181818181818,18,1
0,0,0,0,12.045454545454545,20,1
0,0,0,0,12.387096774193548,25,1
0,0,0,0,11.0,14,1
0,0,0,0,12.71111111111111,40,1
0,0,0,0,11.869565217391305,20,1
0,0,0,0,18.0,13,1
0,0,0,0,13.058823529411764,14,1
0,0,0,0,13.4,5,0
0,0,0,0,10.666666666666666,6,0
0,0,0,0,16.714285714285715,6,0
0,0,0,0,16.0,1,0
0,0,0,0,15.0,2,0
0,0,0,0,11.0,1,0
0,0,0,0,15.333333333333334,2,0
0,0,0,1,14.0,1,0
0,0,0,0,12.0,1,0
0,0,0,0,13.5,2,0
0,0,0,0,9.0,1,0
0,0,0,0,1.0,1,0
0,0,0,0,23.0,1,0
0,0,0,0,22.0,1,0
0,0,0,0,23.0,1,0
0,0,0,0,0.0,1,0
0,0,0,0,0.0,1,0
0,0,0,0,22.0,1,0
0,0,0,0,12.0,1,0
0,0,0,0,19.0,1,0
0,0,0,0,17.0,3,0
0,0,0,0,7.0,1,0
0,0,0,0,20.0,1,0
0,0,0,0,10.333333333333334,2,0
0,0,0,0,15.0,1,0
0,0,0,0,1.0,1,0
0,0,0,0,8.0,1,0
0,0,0,0,18.0,1,0
0,0,0,0,15.0,1,0
0,0,0,0,14.5,2,0
0,0,0,0,3.0,2,0
0,0,0,0,22.0,1,0
0,0,0,0,18.0,1,0
0,0,0,0,15.4,4,0
0,0,0,0,15.666666666666666,2,0
0,0,0,0,13.6,5,0
0,0,0,0,13.8,4,0
0,0,0,0,19.0,1,0
0,0,0,0,9.0,1,0
0,0,0,0,9.0,1,0
0,0,0,1,8.333333333333334,3,0
0,0,0,0,17.0,6,0
0,0,0,0,20.0,1,0
0,0,0,0,23.0,1,0
0,0,0,0,6.0,1,0
0,0,0,0,7.0,7,0
0,0,0,0,16.0,4,0
0,0,0,0,15.666666666666666,3,0
0,0,0,0,9.0,1,0
0,0,0,0,9.0,1,0
0,0,0,0,17.0,1,0
0,0,0,0,11.0,1,0
0,0,0,0,11.0,1,0
0,0,0,0,0.0,1,0
0,0,0,0,11.0,1,0
0,0,0,0,0.0,1,0
0,0,0,0,16.0,1,0
0,0,0,0,14.0,3,0
0,0,0,0,10.0,1,0
0,0,0,0,8.0,1,0
0,0,0,0,8.0,1,0
0,0,0,0,20.0,2,0
0,0,0,0,18.0,1,0
0,0,0,0,14.0,1,0
0,0,0,0,22.0,1,0
0,0,0,0,8.0,2,0
0,0,0,0,9.0,1,0
0,0,0,0,18.0,1,0
0,0,0,0,13.0,1,0
0,0,0,0,12.0,1,0
0,0,0,0,9.0,1,0
0,0,0,0,17.0,1,0
0,0,0,0,22.0,1,0
0,0,0,0,18.25,3,0
0,0,0,0,10.0,1,0
0,0,0,0,11.666666666666666,3,0
0,0,0,0,20.5,2,0
0,0,0,0,16.0,1,0
0,0,0,0,13.0,1,0
0,0,0,1,10.0,1,0
0,0,0,0,16.0,1,0
0,0,0,0,13.0,1,0
0,0,0,0,12.0,1,0
0,0,0,0,8.0,1,0
0,0,0,0,7.0,1,0
0,0,0,0,22.0,1,0
0,0,0,0,19.0,1,0
0,0,0,0,12.0,1,0
0,0,0,0,9.25,2,0
0,0,0,0,15.75,3,0
0,0,0,0,8.0,1,0
0,0,0,0,3.0,1,0
0,0,0,0,13.0,2,0
0,0,0,0,17.0,2,0
0,0,0,0,19.0,1,0
0,0,0,0,3.0,1,0
0,0,0,0,14.0,1,0
0,0,0,0,19.0,1,0
0,0,0,0,2.0,1,0
0,0,0,0,21.0,1,0
0,0,0,0,1.0,1,0
0,0,0,0,8.0,1,0
0,0,0,0,13.0,1,0
0,0,0,0,21.0,1,0
0,0,0,0,17.666666666666668,3,0
0,0,0,0,11.2,4,0
0,0,0,0,22.0,1,0
0,0,0,0,19.0,1,0
0,0,0,0,15.0,1,0
0,0,0,0,16.0,1,0
0,0,0,0,12.0,1,0
0,0,0,0,14.0,1,0
0,0,0,0,12.0,1,0
0,0,0,0,7.0,1,0
0,0,0,0,0.0,1,0
0,0,0,0,0.0,1,0
0,0,0,0,20.0,1,0
0,0,0,0,17.0,1,0
0,0,0,0,10.0,1,0
0,0,0,0,23.0,1,0
0,0,0,0,8.0,1,0
0,0,0,0,19.0,2,0
0,0,0,0,14.0,1,0
0,0,0,0,2.0,1,0
0,0,0,0,7.0,1,0
0,0,0,0,16.0,3,0
0,0,0,0,13.0,1,0
0,0,0,0,19.0,1,0
0,0,0,0,15.666666666666666,3,0
0,0,0,0,9.555555555555555,5,0
0,0,0,0,14.75,4,0
0,0,0,0,11.0,1,0
0,0,0,0,10.0,2,0
0,0,0,0,2.0,1,0
0,0,0,0,23.0,1,0
0,0,0,0,16.0,4,0
0,0,0,0,19.25,4,0
0,0,0,0,7.5,4,0
0,0,0,0,17.0,1,0
0,0,0,0,7.0,2,0
0,0,0,0,14.0,7,0
0,0,0,0,14.0,5,0
0,0,0,0,8.666666666666666,3,0
0,0,0,0,15.333333333333334,7,0
0,0,0,2,16.8,4,0
0,0,0,0,15.0,1,0
0,0,0,0,9.0,1,0
0,0,0,0,17.0,1,0
0,0,0,0,12.0,1,0
0,0,0,0,15.0,1,0
0,0,0,0,10.0,1,0
0,0,0,0,13.0,1,0
0,0,0,0,13.0,1,0
0,0,0,0,0.0,1,0
0,0,0,0,21.0,1,0
0,0,0,0,3.0,1,0
0,0,0,0,21.0,1,0
0,0,0,3,22.0,1,0
0,0,0,0,1.0,1,0
0,0,0,0,12.0,1,0
0,0,0,0,3.0,1,0
0,0,0,0,23.0,1,0
0,0,0,0,15.0,1,0
0,0,0,0,16.0,1,0
0,0,0,0,22.0,1,0
0,0,0,0,1.0,1,0
0,0,0,0,8.0,1,0
0,0,0,0,18.0,1,0
0,0,0,0,13.0,2,0
0,0,0,0,10.5,2,0
0,0,0,0,13.0,2,0
0,0,0,0,10.0,1,0
0,0,0,0,8.666666666666666,2,0
0,0,0,0,8.0,1,0
0,0,0,0,0.0,1,0
0,0,0,0,10.0,1,0
0,0,0,0,14.666666666666666,2,0
0,0,0,0,17.0,1,0
0,0,0,0,12.0,1,0
0,0,0,0,1.0,1,0
0,0,0,0,2.0,1,0
0,0,0,0,8.0,1,0
0,0,0,0,16.0,1,0
0,0,0,0,14.0,1,0
0,0,0,0,20.0,1,0
0,0,0,0,9.5,2,0
0,0,0,0,13.125,8,0
0,0,0,0,12.3,10,0
0,0,0,1,10.733333333333333,12,1
0,0,0,0,9.777777777777779,9,0
0,0,0,0,11.571428571428571,7,0
0,0,0,1,13.829268292682928,33,1
0,0,0,0,11.307692307692308,23,1
0,0,0,0,13.944444444444445,17,1
0,0,0,0,11.521739130434783,23,1
0,0,0,0,12.933333333333334,15,1
0,0,0,0,10.555555555555555,9,0
0,0,0,0,14.115384615384615,24,1
0,0,0,0,15.307692307692308,11,1
0,0,0,0,10.0,6,0
0,0,0,0,14.666666666666666,14,1
0,0,0,0,8.0,2,0
0,0,0,0,0.0,1,0
0,0,0,0,21.0,1,0
0,0,0,0,6.0,1,0
0,0,0,0,11.0,1,0
0,0,0,0,9.0,1,0
0,0,0,0,20.0,1,0
0,0,0,0,9.5,2,0
0,0,0,0,10.0,2,0
0,0,0,0,16.0,1,0
0,0,0,0,10.5,2,0
0,0,0,0,9.0,1,0
0,0,0,0,22.0,1,0
0,0,0,0,8.0,1,0
0,0,0,0,17.5,2,0
0,0,0,0,13.0,1,0
0,0,0,0,14.5,2,0
0,0,0,0,2.0,1,0
0,0,0,0,15.0,1,0
0,0,0,0,20.0,1,0
0,0,0,0,3.0,1,0
0,0,0,0,10.0,1,0
0,0,0,0,6.0,2,0
0,0,0,0,13.875,7,0
0,0,0,0,10.0,1,0
0,0,0,0,13.0,1,0
0,0,0,0,15.0,1,0
0,0,0,0,11.0,1,0
0,0,0,0,21.0,1,0
0,0,0,0,11.0,1,0
0,0,0,0,23.0,1,0
0,0,0,0,0.0,1,0
0,0,0,0,11.0,1,0
0,0,0,0,14.0,1,0
0,0,0,0,8.0,1,0
0,0,0,0,11.0,1,0
0,0,0,0,3.0,1,0
0,0,0,0,9.0,1,0
0,0,0,0,14.0,1,0
0,0,0,0,0.0,1,0
0,0,0,0,8.0,1,0
0,0,0,0,16.0,1,0
0,0,0,0,10.0,1,0
0,0,0,0,8.666666666666666,2,0
0,0,0,0,16.0,1,0
0,0,0,0,9.0,2,0
0,0,0,0,17.0,1,0
0,0,0,0,2.0,1,0
0,0,0,0,5.0,1,0
0,0,0,0,2.0,1,0
0,0,0,0,9.0,1,0
0,0,0,0,17.0,1,0
0,0,0,0,9.0,1,0
0,0,0,0,0.0,1,0
0,0,0,1,15.0,1,0
0,0,0,0,13.0,2,0
0,0,0,0,22.0,1,0
0,0,0,0,0.0,1,0
0,0,0,0,2.0,1,0
0,0,0,0,9.0,1,0
0,0,0,0,6.0,1,0
0,0,0,0,2.0,1,0
0,0,0,0,11.0,3,0
0,0,0,0,10.0,1,0
0,0,0,0,11.666666666666666,3,0
0,0,0,0,21.0,1,0
0,0,0,0,11.0,1,0
0,0,0,0,8.5,2,0
0,0,0,0,9.0,1,0
0,0,0,0,9.0,1,0
0,0,0,0,11.0,1,0
0,0,0,0,6.0,1,0
0,0,0,0,14.0,1,0
0,0,0,0,15.0,1,0
0,0,0,0,9.0,1,0
0,0,0,0,19.0,1,0
0,0,0,0,8.0,1,0
0,0,0,0,1.0,1,0
0,0,0,0,13.0,1,0
0,0,0,0,10.0,1,0
0,0,0,0,7.0,1,0
0,0,0,0,0.0,1,0
0,0,0,0,12.0,1,0
0,0,0,0,3.0,1,0
0,0,0,0,21.0,1,0
0,0,0,0,23.0,1,0
0,0,0,0,18.0,1,0
0,0,0,0,16.0,1,0
0,0,0,0,5.0,1,0
0,0,0,0,13.0,1,0
0,0,0,0,3.0,1,0
0,0,0,0,2.0,1,0
0,0,0,0,20.0,1,0
0,0,0,0,0.0,1,0
0,0,0,0,23.0,1,0
0,0,0,0,20.0,1,0
0,0,0,0,12.0,1,0
0,0,0,0,7.0,1,0
0,0,0,0,14.0,1,0
0,0,0,0,10.0,1,0
0,0,0,0,18.0,2,0
0,0,0,0,13.0,3,0
0,0,0,0,12.0,1,0
0,0,0,0,13.0,1,0
0,0,0,0,13.0,1,0
0,0,0,0,14.0,1,0
0,0,0,0,10.0,1,0
0,0,0,0,7.0,1,0
0,0,0,0,11.0,1,0
0,0,0,0,10.0,1,0
0,0,0,0,14.4,2,0
0,0,0,0,17.0,1,0
0,0,0,0,14.0,1,0
0,0,0,0,23.0,1,0
0,0,0,0,7.2,3,0
0,0,0,2,15.666666666666666,2,0
0,0,0,0,15.666666666666666,3,0
0,0,0,0,16.5,2,0
0,0,0,0,3.3333333333333335,3,0
0,0,0,0,14.0,2,0
0,0,0,0,9.0,3,0
0,0,0,0,11.0,2,0
0,0,0,0,11.75,3,0
0,0,0,0,15.0,2,0
0,0,0,0,12.0,2,0
0,0,0,0,13.0,3,0
0,0,0,0,8.0,1,0
0,0,0,0,10.0,1,0
0,0,0,0,18.0,1,0
0,0,0,0,13.0,3,0
0,0,0,0,9.0,1,0
0,0,0,0,8.3,6,0
0,0,0,0,15.4,3,0
0,0,0,0,12.444444444444445,7,0
0,0,0,0,14.0,1,0
0,0,0,0,20.0,1,0
0,0,0,0,15.5,2,0
0,0,0,0,3.0,1,0
0,0,0,0,17.5,4,0
0,0,0,0,17.0,1,0
0,0,0,0,23.0,1,0
0,0,0,0,18.0,2,0
0,0,0,0,17.0,1,0
0,0,0,0,7.333333333333333,2,0
0,0,0,0,13.0,1,0
0,0,0,0,8.0,1,0
0,0,0,0,21.0,1,0
0,0,0,0,13.8,3,0
0,0,0,0,18.0,1,0
0,0,0,0,19.545454545454547,6,0
0,0,0,0,20.75,2,0
0,0,0,0,8.666666666666666,6,0
0,0,0,0,17.571428571428573,5,0
0,0,0,0,16.0,4,0
0,0,0,0,14.6,5,0
0,0,0,0,17.4,8,0
0,0,0,0,18.5,3,0
0,0,0,0,6.5,2,0
0,0,0,0,22.0,2,0
0,0,0,0,9.0,1,0
0,0,0,0,16.75,3,0
0,0,0,0,11.4,3,0
0,0,0,0,8.0,3,0
0,0,0,0,18.0,1,0
0,0,0,0,21.0,1,0
0,0,0,0,11.0,2,0
0,0,0,0,12.0,1,0
0,0,0,0,17.0,1,0
0,0,0,0,16.833333333333332,9,1
0,0,0,0,7.909090909090909,9,0
0,0,0,0,17.0,6,0
0,0,0,0,20.0,1,0
0,0,0,0,23.0,1,0
0,0,0,1,7.0,1,0
0,0,0,0,12.0,1,0
0,0,0,0,13.0,1,0
0,0,0,0,22.0,1,0
0,0,0,0,2.0,2,0
0,0,0,0,9.533333333333333,8,1
0,0,0,0,7.0,1,0
0,0,0,1,14.0625,8,1
0,0,0,0,11.833333333333334,7,1
0,0,0,1,8.5,3,0
0,0,0,0,22.0,1,0
0,0,0,0,16.0,1,0
0,0,0,0,0.0,1,0
0,0,0,0,16.0,1,0
0,0,0,0,22.0,2,0
0,0,0,0,21.0,1,0
0,0,0,0,2.0,1,0
0,0,0,0,19.0,1,0
0,0,0,0,18.0,1,0
0,0,0,0,21.0,1,0
0,0,0,0,15.0,1,0
0,0,0,0,16.0,1,0
0,0,0,0,12.0,1,0
0,0,0,0,5.0,1,0
0,0,0,0,14.0,3,0
0,0,0,0,9.5,2,0
0,0,0,0,23.0,1,0
0,0,0,0,11.0,1,0
0,0,0,0,11.5,2,0
0,0,0,0,17.11111111111111,6,0
0,0,0,0,21.0,1,0
0,0,0,0,12.1,9,0
0,0,0,1,8.4,4,0
0,0,0,0,16.1875,11,1
0,0,0,1,14.416666666666666,6,1
0,0,0,0,10.5,2,0
0,0,0,0,22.0,1,0
0,0,0,0,11.0,1,0
0,0,0,0,9.0,1,0
0,0,0,0,8.0,2,0
0,0,0,0,17.0,1,0
0,0,0,0,0.0,1,0
0,0,0,0,19.0,1,0
0,0,0,0,18.0,1,0
0,0,0,0,21.0,1,0
0,0,0,0,15.0,1,0
0,0,0,0,9.0,1,0
0,0,0,0,15.0,1,0
0,0,0,0,0.0,1,0
0,0,0,0,6.0,1,0
0,0,0,0,17.0,1,0
0,0,0,0,19.0,1,0
0,0,0,0,16.0,2,0
0,0,0,0,11.0,3,0
0,0,0,0,21.0,1,0
0,0,0,0,18.0,2,0
0,0,0,0,18.285714285714285,5,0
0,0,0,0,14.0,2,0
0,0,0,0,12.333333333333334,6,0
0,0,0,0,6.0,2,0
0,0,0,0,11.3,10,0
0,0,0,0,15.5,2,0
0,0,0,0,22.0,1,0
0,0,0,0,2.0,1,0
0,0,0,1,9.75,4,0
0,0,0,0,0.0,1,0
0,0,0,0,23.0,1,0
0,0,0,0,17.0,4,0
0,0,0,0,9.8,7,0
0,0,0,0,9.333333333333334,5,0
0,3,0,0,16.416666666666668,9,1
0,0,0,0,16.333333333333332,3,0
0,0,0,0,15.0,1,0
0,0,0,0,17.5,2,0
0,0,0,0,11.5,2,0
0,0,0,0,8.125,5,0
0,0,0,0,11.0,3,0
0,0,0,0,21.0,1,0
0,0,0,0,16.0,1,0
0,0,0,0,2.0,1,0
0,0,0,0,13.571428571428571,7,0
0,0,0,0,17.285714285714285,5,0
0,0,0,0,12.2,3,0
0,0,0,0,11.0,7,0
0,0,0,0,10.2,10,0
0,0,0,0,16.727272727272727,8,0
0,0,0,0,10.0,1,0
0,0,0,0,14.0,3,0
0,0,0,0,23.0,1,0
0,0,0,0,9.25,4,0
0,0,0,0,9.0,2,0
0,0,0,0,3.0,1,0
0,0,0,0,15.0,1,0
0,0,0,0,11.0,1,0
0,0,0,0,23.0,1,0
0,0,0,0,0.0,1,0
0,0,0,0,1.0,1,0
0,0,0,0,12.0,1,0
0,0,0,0,16.0,1,0
0,0,0,0,10.0,1,0
0,0,0,0,17.0,1,0
0,0,0,0,5.0,1,0
0,0,0,0,9.0,1,0
0,0,0,0,9.0,1,0
0,0,0,0,17.0,1,0
0,0,0,0,6.0,1,0
0,0,0,0,18.0,1,0
0,0,0,0,21.0,1,0
0,0,0,0,15.0,1,0
0,0,0,0,14.2,9,0
0,0,0,0,15.076923076923077,9,1
0,0,0,0,15.68,14,1
0,0,0,0,8.217391304347826,15,1
0,0,0,0,3.0,3,0
0,0,0,2,14.833333333333334,18,1
0,0,0,1,14.043478260869565,25,1
0,0,0,1,12.7,8,0
0,0,0,0,17.5,23,1
0,0,0,0,13.9,9,0
0,0,0,0,15.0,5,0
0,0,0,0,13.0,2,0
0,0,0,0,13.333333333333334,2,0
0,0,0,0,16.0,1,0
0,0,0,0,11.666666666666666,3,0
0,0,0,0,15.4,4,0
0,0,0,0,20.0,1,0
0,0,0,0,18.0,1,0
0,0,0,0,9.0,1,0
0,0,0,0,16.0,1,0
0,0,0,0,23.0,1,0
0,0,0,0,20.0,1,0
0,0,0,0,21.0,1,0
0,0,0,0,22.0,1,0
0,0,0,0,20.0,1,0
0,0,0,1,0.0,1,0
0,0,0,0,3.0,1,0
0,0,0,0,16.0,2,0
0,0,0,0,16.0,2,0
0,0,0,0,22.5,2,0
0,0,0,0,4.0,1,0
0,0,0,0,1.0,1,0
0,0,0,0,9.0,1,0
0,0,0,0,2.0,1,0
0,0,0,0,2.0,1,0
0,0,0,0,23.0,1,0
0,0,0,0,10.0,1,0
0,0,0,0,6.5,2,0
0,0,0,0,0.0,1,0
0,0,0,0,22.0,1,0
0,0,0,0,12.0,1,0
0,0,0,0,10.0,1,0
0,0,0,0,6.5,2,0
0,0,0,0,14.0,1,0
0,0,0,0,21.0,1,0
0,0,0,0,12.0,2,0
0,0,0,0,10.0,2,0
0,0,0,0,9.0,2,0
0,0,0,0,19.0,2,0
0,0,0,0,18.0,1,0
0,0,0,0,16.0,1,0
0,0,0,0,9.0,1,0
0,0,0,0,13.0,1,0
0,0,0,0,11.0,1,0
0,0,0,0,1.0,1,0
0,0,0,0,0.0,1,0
0,0,0,0,18.0,1,0
0,0,0,0,18.0,1,0
0,0,0,0,8.75,3,0
0,0,0,0,4.666666666666667,3,0
0,0,0,0,16.0,1,0
0,0,0,0,14.0,1,0
0,0,0,0,23.0,2,0
0,0,0,0,3.0,1,0
0,0,0,0,5.0,1,0
0,0,0,0,10.0,1,0
0,0,0,0,16.0,1,0
0,0,0,0,1.0,1,0
0,0,0,0,4.0,1,0
0,0,0,0,15.0,1,0
0,0,0,0,7.0,1,0
0,0,0,0,11.0,1,0
0,0,0,0,14.0,1,0
0,0,0,0,13.0,1,0
0,0,0,0,20.0,1,0
0,0,0,0,3.0,1,0
0,0,0,0,10.0,1,0
0,0,0,0,6.333333333333333,3,0
0,0,0,0,14.666666666666666,3,0
0,0,0,0,19.5,4,0
0,0,0,1,19.0,3,0
0,0,0,0,18.5,6,0
0,0,0,1,19.5,3,0
0,0,0,0,16.25,4,0
0,0,0,0,10.833333333333334,3,0
0,0,0,0,11.966666666666667,14,1
0,0,0,0,10.0,8,0
0,0,0,0,13.923076923076923,12,1
0,0,0,0,13.916666666666666,12,1
0,0,0,0,13.0,9,1
0,0,0,0,10.833333333333334,5,0
0,0,0,0,14.2,4,0
0,0,0,0,10.875,7,0
0,0,0,0,16.0,1,0
0,0,0,0,11.0,1,0
0,0,0,0,6.625,5,0
0,0,0,0,19.0,3,0
0,0,0,0,22.0,1,0
0,0,0,0,18.727272727272727,7,0
0,0,0,0,19.333333333333332,2,0
0,0,0,0,18.0,6,0
0,0,0,0,11.636363636363637,11,0
0,0,0,0,2.0,1,0
0,0,0,0,19.166666666666668,4,0
0,0,0,0,18.2,4,0
0,0,0,0,14.25,3,0
0,0,0,0,5.5,3,0
0,0,0,0,20.0,3,0
0,0,0,0,14.5,5,0
0,0,0,0,6.0,1,0
0,0,0,0,9.0,2,0
0,0,0,0,5.25,2,0
0,0,0,0,23.0,1,0
0,0,0,0,1.0,1,0
0,0,0,0,1.0,1,0
0,0,0,0,11.333333333333334,3,0
0,0,0,0,15.0,1,0
0,0,0,0,19.0,1,0
0,0,0,0,12.0,2,0
0,0,0,0,0.0,1,0
0,0,0,0,2.3333333333333335,2,0
0,0,0,0,9.0,1,0
0,0,0,0,14.0,1,0
0,0,0,0,14.0,1,0
0,0,0,0,23.0,1,0
0,0,0,0,8.0,1,0
0,0,0,0,10.0,1,0
0,0,0,0,23.0,1,0
0,0,0,0,21.0,1,0
0,0,0,0,12.0,1,0
0,0,0,0,14.0,6,0
0,0,0,0,18.0,1,0
0,0,0,0,21.0,1,0
0,0,0,0,19.0,1,0
0,0,0,0,19.0,1,0
0,0,0,0,12.0,1,0
0,0,0,0,19.0,1,0
0,0,0,0,16.0,1,0
0,0,0,0,14.0,1,0
0,0,0,0,11.0,1,0
0,0,0,0,19.0,1,0
0,0,0,0,22.0,1,0
0,0,0,0,16.0,1,0
0,0,0,0,1.0,1,0
0,0,0,0,0.0,1,0
0,0,0,0,21.0,1,0
0,0,0,0,16.0,2,0
0,0,0,0,20.0,1,0
0,0,0,0,14.0,1,0
0,0,0,0,6.0,1,0
0,0,0,0,22.0,1,0
0,0,0,0,13.0,1,0
0,0,0,0,9.0,1,0
0,0,0,0,0.0,1,0
0,0,0,0,22.0,1,0
0,0,0,0,1.0,1,0
0,0,0,0,11.0,1,0
0,0,0,0,2.0,1,0
0,0,0,0,13.0,1,0
0,0,0,1,7.0,2,0
0,0,0,0,22.5,2,0
0,0,0,0,19.0,1,0
0,0,0,0,23.0,1,0
0,0,0,0,13.0,1,0
0,0,0,0,21.5,2,0
0,0,0,0,3.0,1,0
0,0,0,0,22.0,1,0
0,0,0,0,0.0,1,0
0,0,0,0,10.0,1,0
0,0,0,0,22.0,1,0
0,0,0,0,8.0,1,0
0,0,0,0,22.0,1,0
0,0,0,0,8.0,1,0
0,0,0,0,9.0,1,0
0,0,0,0,7.0,1,0
0,0,0,0,18.0,1,0
0,0,0,0,19.0,1,0
0,0,0,0,14.0,2,0
0,0,0,0,9.666666666666666,3,0
0,0,0,0,10.0,1,0
0,0,0,0,10.0,2,0
0,0,0,0,17.0,4,0
0,0,0,0,12.882352941176471,11,1
0,0,0,0,14.833333333333334,6,0
0,0,0,0,8.0,19,1
0,0,0,0,11.470588235294118,15,1
0,0,0,0,11.8,13,1
0,0,0,0,10.571428571428571,17,1
0,0,0,0,12.4375,15,1
0,0,0,0,13.4,10,0
0,0,0,0,15.15,18,1
0,0,0,0,19.181818181818183,9,0
0,0,0,0,14.142857142857142,7,0
0,0,0,0,10.8,4,0
0,0,0,0,10.0,6,0
0,0,0,0,18.5,7,0
0,0,0,0,14.5,2,0
0,0,0,0,15.333333333333334,2,0
0,0,0,0,19.5,2,0
0,0,0,0,6.0,1,0
0,0,0,0,1.0,1,0
0,0,0,1,16.333333333333332,2,0
0,0,0,0,15.0,1,0
0,0,0,0,21.0,1,0
0,0,0,0,22.0,1,0
0,0,0,0,20.0,1,0
0,0,0,0,15.0,1,0
0,0,0,0,21.0,1,0
0,0,0,0,17.0,1,0
0,0,0,0,0.0,1,0
0,0,0,0,14.0,3,0
0,0,0,0,13.0,1,0
0,0,0,0,22.0,1,0
0,0,0,0,2.0,1,0
0,0,0,0,23.0,1,0
0,0,0,0,17.0,2,0
0,0,0,0,7.0,1,0
0,0,0,0,22.0,1,0
0,0,0,0,12.0,1,0
0,0,0,0,23.0,1,0
0,0,0,0,21.0,1,0
0,0,0,0,1.0,1,0
0,0,0,0,13.0,1,0
0,0,0,0,8.0,1,0
0,0,0,0,15.2,3,0
0,0,0,0,6.5,2,0
0,0,0,0,20.0,1,0
0,0,0,0,18.0,1,0
0,0,0,0,20.0,1,0
0,0,0,0,13.0,1,0
0,0,0,0,12.0,1,0
0,0,0,0,16.0,1,0
0,0,0,0,21.0,1,0
0,0,0,0,11.0,1,0
0,0,0,0,7.0,1,0
0,0,0,0,13.0,3,0
0,0,0,0,23.0,1,0
0,0,0,0,7.0,1,0
0,0,0,0,14.5,2,0
0,0,0,0,13.0,1,0
0,0,0,0,4.0,1,0
0,0,0,0,0.0,1,0
0,0,0,0,14.0,1,0
0,0,0,2,17.75,3,0
0,0,0,0,13.0,2,0
0,0,0,0,6.0,1,0
0,0,0,0,11.0,1,0
0,0,0,0,17.5,2,0
0,0,0,0,2.0,1,0
0,0,0,0,16.0,1,0
0,0,0,0,12.8,4,0
0,0,0,0,17.0,2,0
0,0,0,0,14.0,1,0
0,0,0,0,11.0,1,0
0,0,0,0,23.0,1,0
0,0,0,0,23.0,1,0
0,0,0,0,2.0,1,0
0,0,0,0,23.0,1,0
0,0,0,0,20.0,1,0
0,0,0,0,18.0,1,0
0,0,0,0,16.0,2,0
0,0,0,0,17.714285714285715,6,0
0,0,0,0,16.8,5,0
0,0,0,0,18.833333333333332,5,0
0,0,0,0,14.0,6,0
0,0,0,0,15.0,3,0
0,0,0,6,7.428571428571429,6,1
0,0,0,0,20.0,2,0
0,0,0,0,7.333333333333333,3,0
0,0,0,0,14.0,1,0
0,0,0,0,12.0,2,0
0,0,0,0,21.0,1,0
0,0,0,0,10.0,1,0
0,0,0,0,21.0,1,0
0,0,0,0,9.0,1,0
0,0,0,0,21.0,1,0
0,0,0,0,17.0,1,0
0,0,0,0,23.0,1,0
0,0,0,0,23.0,1,0
0,0,0,0,11.0,1,0
0,0,0,0,21.0,1,0
0,0,0,0,0.0,1,0
0,0,0,0,12.0,1,0
0,0,0,0,2.0,1,0
0,0,0,0,9.0,1,0
0,0,0,0,11.5,2,0
0,0,0,0,15.0,1,0
0,0,0,0,23.0,1,0
0,0,0,0,7.0,1,0
0,0,0,0,15.5,2,0
0,0,0,0,4.333333333333333,3,0
0,0,0,0,2.0,1,0
0,0,0,0,22.0,1,0
0,0,0,0,8.0,1,0
0,0,0,0,22.0,1,0
0,0,0,3,10.222222222222221,7,0
0,0,0,0,15.11111111111111,5,0
0,0,0,0,19.0,2,0
0,0,0,0,9.7,6,0
0,0,0,0,19.5,3,0
0,0,0,0,15.588235294117647,13,1
0,0,0,0,11.214285714285714,10,1
0,0,0,0,7.1,6,0
0,0,0,0,12.6,8,0
0,0,0,1,10.25,7,0
0,0,0,0,14.0,5,0
0,0,0,0,16.0,1,0
0,0,0,0,14.5,2,0
0,0,0,0,23.0,2,0
0,0,0,0,14.333333333333334,3,0
0,0,0,0,11.0,4,0
0,0,0,0,1.0,1,0
0,0,0,0,8.0,1,0
0,0,0,0,23.0,1,0
0,0,0,0,13.0,1,0
0,0,0,0,21.0,1,0
0,0,0,0,19.0,2,0
0,0,0,0,7.0,1,0
0,0,0,0,16.5,2,0
0,0,0,0,20.5,2,0
0,0,0,0,18.5,2,0
0,0,0,0,6.0,1,0
0,0,0,0,9.166666666666666,5,0
0,0,0,0,14.0,1,0
0,0,0,0,20.166666666666668,4,0
0,0,0,0,10.0,1,0
0,0,0,0,11.25,3,0
0,0,0,0,10.0,1,0
0,0,0,0,8.0,1,0
0,0,0,0,17.0,1,0
0,0,0,0,16.0,1,0
0,0,0,0,4.0,1,0
0,0,0,0,0.0,1,0
0,0,0,0,19.0,2,0
0,0,0,0,10.75,3,0
0,0,0,0,15.75,2,0
0,0,0,0,18.5,2,0
0,0,0,0,14.0,2,0
0,0,0,0,23.0,1,0
0,0,0,0,11.0,2,0
0,0,0,0,9.0,1,0
0,0,0,0,11.0,1,0
0,0,0,0,10.0,1,0
0,0,0,0,11.0,1,0
0,0,0,0,1.0,1,0
0,0,0,0,1.0,1,0
0,0,0,0,2.0,1,0
0,0,0,0,10.0,1,0
0,0,0,0,10.0,1,0
0,0,0,0,0.0,1,0
0,0,0,0,9.0,1,0
0,0,0,0,19.0,1,0
0,0,0,0,9.0,1,0
0,0,0,0,3.0,1,0
0,0,0,0,1.0,1,0
0,0,0,0,7.0,1,0
0,0,0,0,7.0,1,0
0,0,0,0,13.0,1,0
0,0,0,0,21.0,1,0
0,0,0,0,15.0,1,0
0,0,0,0,0.0,1,0
0,0,0,0,16.0,1,0
0,0,0,0,7.0,1,0
0,0,0,0,9.0,1,0
0,0,0,0,12.0,1,0
0,0,0,0,10.0,1,0
0,0,0,0,23.0,1,0
0,0,0,0,21.0,1,0
0,0,0,0,18.0,1,0
0,0,0,0,18.5,2,0
0,0,0,0,14.0,1,0
0,0,0,0,10.0,1,0
0,0,0,0,10.0,1,0
0,0,0,0,20.0,1,0
0,0,0,0,7.0,1,0
0,0,0,0,19.0,1,0
0,0,0,0,17.0,1,0
0,0,0,0,16.0,1,0
0,0,0,0,14.0,1,0
0,0,0,0,14.0,1,0
0,0,0,0,9.0,1,0
0,0,0,0,10.0,1,0
0,0,0,0,13.0,1,0
0,0,0,0,1.0,1,0
0,0,0,0,19.0,1,0
0,0,0,0,12.0,1,0
0,0,0,0,1.0,1,0
0,0,0,0,10.2,5,0
0,0,0,0,8.0,3,0
0,0,0,0,15.75,4,0
0,0,0,0,11.0,1,0
0,0,0,0,13.0,2,0
0,0,0,0,20.25,3,0
0,0,0,0,22.0,1,0
0,0,0,0,10.0,3,0
0,0,0,0,14.5,2,0
0,0,0,0,14.0,1,0
0,0,0,0,15.0,1,0
0,0,0,0,10.0,1,0
0,0,0,0,23.0,1,0
0,0,0,0,20.0,1,0
0,0,0,0,8.0,1,0
0,0,0,0,0.0,1,0
0,0,0,0,13.0,1,0
0,0,0,0,12.0,1,0
0,0,0,0,22.0,1,0
0,0,0,0,16.0,1,0
0,0,0,0,16.0,1,0
0,0,0,0,9.0,1,0
0,0,0,0,12.0,1,0
0,0,0,0,12.0,1,0
0,0,0,0,16.0,2,0
0,0,0,0,1.0,1,0
0,0,0,0,20.0,1,0
0,0,0,0,21.0,1,0
0,0,0,0,22.0,1,0
0,0,0,0,9.0,2,0
0,0,0,0,13.666666666666666,3,0
0,0,0,0,16.3,5,0
0,0,0,0,15.8,4,0
0,0,0,0,10.4,5,0
0,0,0,0,16.625,8,0
0,0,0,0,1.0,1,0
0,0,0,0,11.285714285714286,6,0
0,0,0,0,16.5,2,0
0,0,0,0,11.9,8,0
0,0,0,0,9.333333333333334,3,0
0,0,0,0,16.125,6,0
0,0,0,0,13.4,5,0
0,0,0,0,18.0,2,0
0,0,0,0,13.75,4,0
0,0,0,0,12.75,3,0
0,0,0,0,9.0,1,0
0,0,0,0,9.0,1,0
0,0,0,0,23.0,1,0
0,0,0,0,12.0,1,0
0,0,0,0,14.0,1,0
0,0,0,0,9.0,1,0
0,0,0,0,7.0,1,0
0,0,0,0,10.0,1,0
0,0,0,0,12.0,1,0
0,0,0,0,13.0,1,0
0,0,0,0,15.0,1,0
0,0,0,0,10.0,1,0
0,0,0,0,11.0,1,0
0,0,0,0,17.0,1,0
0,0,0,0,0.0,1,0
0,0,0,0,13.0,1,0
0,0,0,0,13.0,1,0
0,0,0,0,15.0,1,0
0,0,0,0,14.0,1,0
0,0,0,0,22.0,1,0
0,0,0,0,14.0,1,0
0,0,0,0,1.0,1,0
0,0,0,0,7.0,1,0
0,0,0,0,0.0,1,0
0,0,0,0,16.0,1,0
0,0,0,0,17.0,1,0
0,0,0,0,11.0,1,0
0,0,0,0,11.0,1,0
0,0,0,0,8.0,1,0
0,0,0,0,5.0,1,0
0,0,0,0,15.0,1,0
0,0,0,0,10.0,1,0
0,0,0,0,15.0,1,0
0,0,0,0,7.0,1,0
0,0,0,0,7.0,1,0
0,0,0,0,11.0,1,0
0,0,0,0,11.0,2,0
0,0,0,0,12.5,2,0
0,0,0,1,9.5,2,0
0,0,0,0,12.0,2,0
0,0,0,0,15.0,1,0
0,0,0,1,12.0,1,0
0,0,0,0,13.0,1,0
0,0,0,0,8.0,1,0
0,0,0,0,11.0,2,0
0,0,0,0,2.0,1,0
0,0,0,0,10.0,1,0
0,0,0,0,12.5,2,0
0,0,0,0,7.0,1,0
0,0,0,0,12.0,1,0
0,0,0,2,14.0,2,0
0,0,0,0,8.5,2,0
0,0,0,0,9.0,1,0
0,0,0,0,9.5,2,0
0,0,0,0,14.0,1,0
0,0,0,0,7.0,1,0
0,0,0,0,11.0,1,0
0,0,0,0,12.0,1,0
0,0,0,0,17.0,1,0
0,0,0,0,12.0,1,0
0,0,0,0,13.0,2,0
0,0,0,0,10.0,1,0
0,0,0,0,10.25,2,0
0,0,0,0,11.0,1,0
0,0,0,0,12.5,2,0
0,0,0,0,9.0,1,0
0,0,0,0,0.0,1,0
0,0,0,0,11.0,1,0
0,0,0,0,8.0,1,0
0,0,0,0,11.0,2,0
0,0,0,4,10.714285714285714,4,0
0,0,0,0,8.0,1,0
0,0,0,0,6.0,1,0
0,0,0,0,17.0,1,0
0,0,3,0,16.0,1,0
0,0,0,0,7.0,1,0
0,0,0,0,12.0,1,0
0,0,0,0,9.0,1,0
0,0,0,1,10.0,1,0
0,0,0,0,10.0,1,0
0,0,0,0,13.0,1,0
0,0,0,0,11.0,1,0
0,0,0,0,8.0,1,0
0,0,0,0,12.0,1,0
0,0,0,0,12.0,1,0
0,0,0,0,12.0,2,0
0,0,0,0,6.0,1,0
0,0,0,0,10.0,1,0
0,0,0,0,8.0,1,0
0,0,0,0,9.0,1,0
0,0,0,0,10.0,1,0
0,0,0,0,10.0,1,0
0,0,0,0,4.0,1,0
0,0,0,0,13.0,1,0
0,0,0,0,9.0,1,0
0,0,0,0,9.0,1,0
0,0,0,0,14.0,1,0
0,0,0,0,12.0,2,0
0,0,0,0,11.0,1,0
0,0,0,0,8.0,1,0
0,0,0,0,15.0,1,0
0,0,0,0,11.5,3,0
0,0,0,0,11.0,1,0
0,0,0,0,13.0,1,0
0,0,0,0,9.75,4,0
0,0,0,0,10.0,1,0
0,0,0,0,11.0,2,0
0,0,0,0,11.0,1,0
0,0,0,0,8.0,1,0
0,0,0,0,14.0,1,0
0,0,0,0,8.0,1,0
0,0,0,0,16.0,1,0
0,0,0,0,15.0,1,0
0,0,0,0,15.0,1,0
0,0,0,0,15.0,1,0
0,0,0,0,11.0,1,0
0,0,0,0,6.0,1,0
0,0,0,0,10.0,1,0
0,0,0,2,14.0,2,0
0,0,0,0,10.0,2,0
0,0,0,0,12.0,1,0
0,0,0,0,11.333333333333334,2,0
0,0,0,0,9.0,1,0
0,0,0,0,11.0,1,0
0,0,0,0,9.0,1,0
0,0,0,0,7.0,1,0
0,0,0,0,1.0,1,0
0,0,0,0,1.0,1,0
0,0,0,0,19.0,1,0
0,0,0,0,20.0,1,0
0,0,0,0,3.0,1,0
0,0,0,0,2.0,1,0
0,0,0,0,0.0,1,0
0,0,0,0,8.0,1,0
0,0,0,0,8.0,1,0
0,0,0,0,1.0,1,0
0,0,0,0,21.0,1,0
0,0,0,0,16.0,2,0
0,0,0,0,14.0,1,0
0,0,0,0,12.0,1,0
0,0,0,0,20.0,1,0
0,0,0,3,23.0,1,0
0,0,0,0,1.0,1,0
0,0,0,0,8.0,1,0
0,0,0,0,1.0,1,0
0,0,0,0,9.0,1,0
0,0,0,0,17.0,1,0
0,0,0,0,10.0,1,0
0,0,0,0,17.0,1,0
0,0,0,0,22.0,1,0
0,0,0,0,1.0,1,0
0,0,0,0,21.0,1,0
0,0,0,0,19.0,1,0
0,0,0,0,22.0,1,0
0,0,0,0,17.0,1,0
0,0,0,0,10.0,1,0
0,0,0,0,7.0,1,0
0,0,0,0,14.0,1,0
0,0,0,0,23.0,1,0
0,0,0,0,15.0,1,0
0,0,0,0,9.0,1,0
0,0,0,0,0.0,1,0
0,0,0,0,0.0,1,0
0,0,0,0,23.0,1,0
0,0,0,0,10.0,1,0
0,0,0,0,0.0,1,0
0,0,0,0,20.0,1,0
0,0,0,0,8.0,1,0
0,0,0,0,8.0,1,0
0,0,0,0,19.333333333333332,2,0
0,0,0,0,22.0,1,0
0,0,0,0,11.0,1,0
0,0,0,0,3.0,1,0
0,0,0,0,18.0,1,0
0,0,0,0,14.0,1,0
0,0,0,0,7.0,1,0
0,0,0,0,16.0,1,0
0,0,0,0,13.0,1,0
0,0,0,0,8.0,1,0
0,0,0,0,1.0,1,0
0,0,0,0,11.0,1,0
0,0,0,0,14.0,1,0
0,0,0,0,1.0,1,0
0,0,0,0,23.0,1,0
0,0,0,0,22.0,1,0
0,0,0,0,14.0,1,0
0,0,0,0,17.0,1,0
0,0,0,0,18.0,1,0
0,0,0,0,16.0,1,0
0,0,0,0,17.0,1,0
0,0,0,0,12.0,1,0
0,0,0,0,22.0,1,0
0,0,0,0,1.0,1,0
0,0,0,0,22.0,1,0
0,0,0,0,13.0,1,0
0,0,0,0,11.0,1,0
0,0,0,0,9.0,1,0
0,0,0,0,23.0,1,0
0,0,0,0,23.0,1,0
0,0,0,0,2.0,1,0
0,0,0,0,8.0,1,0
0,0,0,0,9.0,1,0
0,0,0,0,12.666666666666666,2,0
0,0,0,0,16.0,3,0
0,0,0,0,7.0,2,0
0,0,0,0,23.0,1,0
0,0,0,0,9.0,1,0
0,0,0,0,21.0,1,0
0,0,0,0,10.0,1,0
0,0,0,0,7.0,1,0
0,0,0,0,8.0,1,0
0,0,0,0,8.0,2,0
0,0,0,0,11.0,1,0
0,0,0,0,8.0,1,0
0,0,0,0,12.0,1,0
0,0,0,0,10.0,1,0
0,0,0,0,11.0,1,0
0,0,0,0,7.0,1,0
0,0,0,0,11.0,1,0
0,0,0,0,13.0,1,0
0,0,0,0,18.0,2,0
0,0,0,0,14.0,1,0
0,0,0,0,17.0,1,0
0,0,0,0,9.2,3,0
0,0,0,0,10.0,2,0
0,0,0,0,18.0,2,0
0,0,0,0,12.0,2,0
0,0,0,0,9.0,1,0
0,0,0,0,11.0,1,0
0,0,0,0,17.0,1,0
0,0,0,0,15.0,1,0
0,0,0,0,9.0,1,0
0,0,0,0,8.0,1,0
0,0,0,0,10.0,1,0
0,0,0,0,9.0,1,0
0,0,0,0,21.0,1,0
0,0,0,0,17.0,1,0
0,0,0,0,14.0,1,0
0,0,0,0,16.0,1,0
0,0,0,0,23.0,1,0
0,0,0,0,18.0,1,0
0,0,0,0,19.0,1,0
0,0,0,0,8.0,1,0
0,0,0,0,22.0,1,0
0,0,0,0,3.5,2,0
0,0,0,0,23.0,1,0
0,0,0,0,0.0,1,0
0,0,0,0,14.333333333333334,2,0
0,0,0,0,22.0,1,0
0,0,0,0,0.0,1,0
0,0,0,0,20.0,1,0
0,0,0,0,20.0,2,0
0,0,0,0,8.0,1,0
0,0,0,0,20.0,1,0
0,0,0,0,14.0,2,0
0,0,0,0,21.0,1,0
0,0,0,0,7.0,2,0
0,0,0,0,21.0,2,0
0,0,0,0,3.0,1,0
0,0,0,0,1.0,1,0
0,0,0,0,7.0,1,0
0,0,0,0,23.0,1,0
0,0,0,0,8.0,1,0
0,0,0,0,0.0,1,0
0,0,0,0,23.0,1,0
0,0,0,0,21.0,1,0
0,0,0,0,16.0,1,0
0,0,0,0,13.0,1,0
0,0,0,0,23.0,1,0
0,0,0,0,8.0,1,0
0,0,0,0,22.0,1,0
0,0,0,0,19.0,1,0
0,0,0,0,1.0,1,0
0,0,0,0,7.0,2,0
0,0,0,0,9.0,1,0
0,0,0,0,7.0,1,0
0,0,0,0,18.0,1,0
0,0,0,0,22.0,1,0
0,0,0,0,6.0,1,0
0,0,0,0,7.0,1,0
0,0,0,0,14.0,1,0
0,0,0,0,3.0,1,0
0,0,0,0,22.0,1,0
0,0,0,0,21.0,1,0
0,0,0,0,20.0,1,0
0,0,0,0,1.0,1,0
0,0,0,0,23.0,1,0
0,0,0,0,1.0,1,0
0,0,0,0,8.0,1,0
0,0,0,0,22.0,1,0
0,0,0,0,23.0,1,0
0,0,0,0,12.0,1,0
0,0,0,0,9.0,1,0
0,0,0,0,1.0,1,0
0,0,0,0,20.0,1,0
0,0,0,0,8.0,1,0
0,0,0,0,7.0,2,0
0,0,0,2,8.0,1,0
0,0,0,0,6.0,1,0
0,0,0,0,11.0,1,0
0,0,0,0,8.0,1,0
0,0,0,0,1.0,1,0
0,0,0,0,15.0,1,0
0,0,0,0,22.0,2,0
0,0,0,0,21.5,2,0
0,0,0,0,16.0,2,0
0,0,0,0,16.0,2,0
0,0,0,0,14.0,1,0
0,0,0,0,20.0,1,0
0,0,0,0,10.5,2,0
0,0,0,0,7.0,1,0
0,0,0,3,1.0,1,0
0,0,0,0,22.0,1,0
0,0,0,0,11.857142857142858,5,0
0,0,0,0,10.0,1,0
0,0,0,0,6.0,1,0
0,0,0,0,14.0,1,0
0,0,0,0,7.0,1,0
0,0,0,0,0.0,1,0
0,0,0,0,17.0,1,0
0,0,0,0,15.25,7,0
0,0,0,0,13.75,4,0
0,0,0,1,10.666666666666666,6,0
0,0,0,0,16.857142857142858,7,0
0,0,0,0,7.0,1,0
0,0,0,0,10.0,1,0
0,0,0,0,9.0,1,0
0,0,0,0,22.0,1,0
0,0,0,0,22.0,1,0
0,0,0,0,13.0,1,0
0,0,0,0,13.0,1,0
0,0,0,0,9.0,2,0
0,0,0,0,21.0,1,0
0,0,0,0,17.0,1,0
0,0,0,0,11.0,1,0
0,0,0,0,16.0,1,0
0,0,0,0,23.0,1,0
0,0,0,0,21.0,1,0
0,0,0,0,23.0,1,0
0,0,0,0,12.0,1,0
0,0,0,0,21.0,1,0
0,0,0,0,2.0,1,0
0,0,0,0,17.0,1,0
0,0,0,0,1.0,1,0
0,0,0,0,23.0,1,0
0,0,0,0,22.0,1,0
0,0,0,0,12.0,1,0
0,0,0,0,9.0,1,0
0,0,0,0,9.0,1,0
0,0,0,0,9.0,1,0
0,0,0,0,21.0,1,0
0,0,0,0,23.0,1,0
0,0,0,0,3.0,1,0
0,0,0,0,16.666666666666668,2,0
0,0,0,1,13.924528301886792,38,1
0,0,0,0,10.772727272727273,33,1
0,0,0,0,14.866666666666667,44,1
0,0,0,1,13.753246753246753,57,1
0,0,0,1,14.96078431372549,81,1
0,0,0,1,14.339622641509434,39,1
0,6,0,2,12.186206896551724,110,1
0,0,0,1,13.714285714285714,76,1
0,0,0,2,12.262626262626263,86,1
0,0,0,2,12.7,49,1
0,0,0,1,15.473684210526315,43,1
0,0,0,1,10.153846153846153,32,1
0,0,0,6,13.916666666666666,28,1
0,0,0,0,15.666666666666666,2,0
0,0,0,0,12.0,2,0
0,0,0,0,21.0,1,0
0,0,0,0,21.0,1,0
0,0,0,0,13.0,1,0
0,0,0,0,7.666666666666667,2,0
0,0,0,0,7.0,1,0
0,0,0,0,5.5,2,0
0,0,0,0,9.0,1,0
0,0,0,0,8.0,2,0
0,0,0,0,10.5,2,0
0,0,0,0,3.0,2,0
0,0,0,0,12.0,1,0
0,0,0,0,7.0,1,0
0,0,0,0,10.0,1,0
0,0,0,0,16.0,2,0
0,0,0,0,8.25,3,0
0,0,0,0,14.0,1,0
0,0,0,0,22.0,1,0
0,0,0,0,22.0,1,0
0,0,0,0,14.0,1,0
0,0,0,0,23.0,1,0
0,0,0,0,6.0,1,0
0,0,0,0,22.0,1,0
0,0,0,0,16.0,1,0
0,0,0,0,2.0,1,0
0,0,0,0,11.0,2,0
0,0,0,0,21.0,1,0
0,0,0,0,0.0,1,0
0,0,0,0,15.0,1,0
0,0,0,0,10.0,1,0
0,0,0,0,16.0,2,0
0,0,0,0,8.0,1,0
0,0,0,0,11.0,1,0
0,0,0,0,8.0,1,0
0,0,0,0,14.0,1,0
0,0,0,0,10.0,1,0
0,0,0,0,7.0,1,0
0,0,0,0,3.0,1,0
0,0,0,0,19.0,2,0
0,0,0,0,17.0,1,0
0,0,0,0,13.0,2,0
0,0,0,0,8.5,2,0
0,0,0,2,4.0,4,0
0,0,0,0,11.666666666666666,3,0
0,0,0,0,6.666666666666667,2,0
0,0,0,0,13.833333333333334,6,0
0,0,0,0,12.75,4,0
0,0,0,0,7.666666666666667,3,0
0,0,0,0,10.222222222222221,9,0
0,0,0,0,11.285714285714286,7,0
0,0,0,0,12.666666666666666,3,0
0,0,0,0,14.153846153846153,11,1
0,0,0,2,10.444444444444445,8,0
0,0,0,0,7.285714285714286,6,0
0,0,0,0,11.333333333333334,2,0
0,0,0,0,9.333333333333334,6,0
0,0,0,0,7.111111111111111,9,0
0,0,0,0,16.428571428571427,4,0
0,0,0,0,17.0,1,0
0,0,0,0,23.0,1,0
0,0,0,0,8.0,1,0
0,0,0,0,2.0,1,0
0,0,0,0,22.0,1,0
0,0,0,0,8.75,4,0
0,0,0,0,6.0,3,0
0,0,0,0,11.5,4,0
0,0,0,0,9.0,5,0
0,0,0,0,8.5,4,0
0,0,0,0,16.666666666666668,4,0
0,0,0,0,13.5,6,0
0,0,0,0,14.714285714285714,6,0
0,0,0,0,23.0,1,0
0,0,0,0,16.6,5,0
0,0,0,0,7.0,5,0
0,0,0,0,1.5,3,0
0,0,0,0,17.166666666666668,10,1
0,0,0,0,5.571428571428571,5,0
0,0,0,0,16.25,6,0
0,0,0,0,18.571428571428573,5,0
0,0,0,0,12.11111111111111,8,0
0,0,0,0,22.75,2,0
0,0,0,0,12.4,8,0
0,0,0,0,18.0,8,0
0,0,0,0,10.0,4,0
0,0,0,0,4.0,1,0
0,0,0,0,22.0,1,0
0,0,0,0,8.0,1,0
0,0,0,0,21.0,1,0
0,0,0,0,18.0,2,0
0,0,0,0,3.0,1,0
0,0,0,0,11.0,1,0
0,0,0,0,14.5,2,0
0,0,0,0,14.5,2,0
0,0,0,0,8.0,1,0
0,0,0,0,18.0,1,0
0,0,0,0,9.0,1,0
0,0,0,0,11.0,1,0
0,0,0,0,9.0,1,0
0,0,0,0,22.0,1,0
0,0,0,0,21.0,1,0
0,0,0,0,22.0,1,0
0,0,0,0,18.0,5,0
0,0,0,0,16.153846153846153,7,1
0,0,0,0,23.0,1,0
0,0,0,0,6.2,4,0
0,0,0,0,9.857142857142858,7,0
0,0,0,0,9.2,14,1
0,0,0,0,8.76923076923077,10,1
0,0,0,0,17.5625,12,1
0,0,0,0,14.0,11,1
0,0,0,0,10.555555555555555,12,1
0,0,0,0,5.583333333333333,11,1
0,0,0,0,10.136363636363637,18,1
0,0,0,0,10.909090909090908,24,1
0,0,0,0,15.692307692307692,13,1
0,0,0,2,13.529411764705882,15,1
0,0,0,0,8.61111111111111,13,1
0,0,0,0,12.533333333333333,14,1
0,0,0,2,12.272727272727273,17,1
0,0,0,0,13.666666666666666,11,1
0,0,0,0,11.379310344827585,26,1
0,0,0,0,12.03448275862069,23,1
0,0,0,0,15.0,14,1
0,0,0,0,15.0,1,0
0,0,0,0,1.0,1,0
0,0,0,0,15.0,1,0
0,0,0,0,5.0,1,0
0,0,0,0,16.0,1,0
0,0,0,0,9.0,1,0
0,0,0,0,11.0,1,0
0,0,0,0,11.0,1,0
0,0,0,0,4.0,1,0
0,0,0,0,2.0,1,0
0,0,0,0,16.6,5,0
0,0,0,0,16.5,4,0
0,0,0,2,15.777777777777779,14,1
0,0,0,0,13.38888888888889,15,1
0,0,0,0,13.25,10,1
0,0,0,0,11.722222222222221,17,1
0,0,0,0,18.25,8,1
0,0,0,0,10.75,4,0
0,0,0,0,14.5,3,0
0,0,0,0,19.0,2,0
0,0,0,0,23.0,1,0
0,0,0,0,23.0,1,0
0,0,0,0,16.0,1,0
0,0,0,1,18.0,1,0
0,0,0,0,21.0,1,0
0,0,0,0,15.0,1,0
0,0,0,0,6.0,1,0
0,0,0,0,0.0,1,0
0,0,0,0,6.333333333333333,3,0
0,0,0,0,7.0,2,0
0,0,0,0,16.0,1,0
0,0,0,0,9.666666666666666,3,0
0,0,0,0,18.0,1,0
0,0,0,0,10.75,2,0
0,0,0,0,21.0,1,0
0,0,0,0,7.0,1,0
0,0,0,0,19.5,2,0
0,0,0,0,22.0,1,0
0,0,0,0,20.0,1,0
0,0,0,0,16.11111111111111,8,0
0,0,0,0,11.4,4,0
0,0,0,1,14.333333333333334,8,0
0,0,0,0,12.25,6,0
0,0,0,0,18.037037037037038,19,1
0,0,0,0,12.318181818181818,17,1
0,0,0,0,9.88888888888889,7,0
0,0,0,0,10.814814814814815,21,1
0,0,0,0,19.0,1,0
0,0,0,0,5.0,1,0
0,0,0,1,12.481481481481481,22,1
0,0,0,1,10.535714285714286,41,1
0,0,0,2,12.830508474576272,48,1
0,0,0,0,12.422222222222222,33,1
0,0,0,0,14.222222222222221,28,1
0,1,0,0,13.727272727272727,38,1
0,0,0,1,11.464285714285714,25,1
0,0,0,0,14.48,23,1
0,0,0,0,9.125,23,1
0,0,0,0,13.186046511627907,34,1
0,0,0,0,16.125,6,0
0,0,0,0,13.06060606060606,25,1
0,0,0,1,14.428571428571429,17,1
0,0,0,0,10.666666666666666,24,1
0,0,0,0,7.0,1,0
0,0,0,0,9.0,1,0
0,0,0,0,8.0,1,0
0,0,0,0,19.0,1,0
0,0,0,0,12.0,1,0
0,0,0,0,17.0,1,0
0,0,0,0,18.0,1,0
0,0,0,0,10.0,1,0
0,0,0,1,6.0,1,0
0,0,0,0,8.0,1,0
0,0,0,0,12.0,1,0
0,0,0,0,20.0,1,0
0,0,0,2,9.0,1,0
0,0,0,0,10.0,1,0
0,0,0,0,10.5,2,0
0,0,0,0,14.5,2,0
0,0,0,0,19.0,1,0
0,0,0,0,2.0,1,0
0,0,0,0,10.0,1,0
0,0,0,0,18.0,1,0
0,0,0,0,8.0,1,0
0,0,0,0,18.0,1,0
0,0,0,0,0.0,1,0
0,0,0,0,22.0,1,0
0,0,0,0,8.0,1,0
0,0,0,0,17.0,1,0
0,0,0,0,16.0,1,0
0,0,0,0,18.0,1,0
0,0,0,0,17.0,1,0
0,0,0,0,23.0,1,0
0,0,0,0,0.0,1,0
0,0,0,0,15.0,1,0
0,0,0,0,16.0,1,0
0,0,0,0,2.0,1,0
0,0,0,0,13.0,1,0
0,0,0,0,14.0,1,0
0,0,0,0,18.0,2,0
0,0,0,0,20.0,1,0
0,0,0,0,12.0,1,0
0,0,0,0,23.0,1,0
0,0,0,0,21.0,2,0
0,0,0,0,15.0,2,0
0,0,0,0,22.0,1,0
0,0,0,0,10.0,1,0
0,0,0,0,15.0,1,0
0,0,0,0,17.0,4,0
0,0,0,0,14.0,1,0
0,0,0,0,6.0,1,0
0,0,0,0,22.0,1,0
0,0,0,0,18.0,1,0
0,0,0,0,12.125,7,0
0,0,0,0,10.307692307692308,13,1
0,0,0,0,11.882352941176471,14,1
0,0,0,0,14.84375,26,1
0,0,0,0,17.0,2,0
0,0,0,0,15.0,1,0
0,0,0,0,0.0,1,0
0,0,0,0,15.545454545454545,8,0
0,0,0,0,16.545454545454547,8,0
0,0,0,0,16.0,5,0
0,0,0,0,8.2,3,0
0,0,0,0,17.5,2,0
0,0,0,0,3.0,1,0
0,0,0,0,19.2,4,0
0,0,0,0,12.222222222222221,7,0
0,0,0,0,6.0,2,0
0,0,0,0,8.0,1,0
0,0,0,1,5.333333333333333,3,0
0,0,0,0,17.142857142857142,5,0
0,0,0,0,9.0,1,0
0,0,0,0,10.5,2,0
0,0,0,0,13.5,2,0
0,0,0,0,19.333333333333332,2,0
0,0,0,0,15.0,1,0
0,0,0,0,20.0,1,0
0,0,0,0,1.0,1,0
0,0,0,0,15.272727272727273,11,0
0,0,0,0,12.0,15,1
0,0,0,0,15.391304347826088,18,1
0,0,0,0,13.19047619047619,18,1
0,0,0,0,20.75,4,0
0,0,0,0,10.5,2,0
0,0,0,0,0.0,1,0
0,0,0,0,12.821428571428571,22,1
0,0,0,0,13.454545454545455,11,0
0,0,0,0,16.5,3,0
0,0,0,0,14.866666666666667,12,1
0,0,0,0,13.666666666666666,12,1
0,0,0,0,19.0,4,0
0,0,0,0,17.0,1,0
0,0,0,0,11.0,1,0
0,0,0,4,16.1,6,0
0,0,0,0,11.421052631578947,15,1
0,0,0,0,18.0,3,0
0,0,0,0,12.588235294117647,13,1
0,0,0,0,8.5,14,1
0,0,0,0,13.857142857142858,13,1
0,0,0,0,13.777777777777779,8,0
0,0,0,0,13.5,4,0
0,0,0,0,12.5,2,0
0,0,0,0,2.0,1,0
0,0,0,0,18.0,1,0
0,0,0,0,17.0,1,0
0,0,0,0,6.4,2,0
0,0,0,0,16.0,1,0
0,0,0,0,21.5,2,0
0,0,0,0,9.0,1,0
0,0,0,0,23.0,1,0
0,0,0,0,11.0,1,0
0,0,0,0,14.0,1,0
0,0,0,1,6.0,1,0
0,0,0,0,15.0,2,0
0,0,0,0,13.5,2,0
0,0,0,0,23.0,1,0
0,0,0,0,16.0,1,0
0,0,0,0,13.0,1,0
0,0,0,1,11.0,1,0
0,0,0,0,21.0,1,0
0,0,0,0,8.0,1,0
0,0,0,0,17.0,1,0
0,0,0,0,12.0,1,0
0,0,0,0,20.0,1,0
0,0,0,0,18.0,1,0
0,0,0,0,23.0,1,0
0,0,0,0,15.0,1,0
0,0,0,0,23.0,1,0
0,0,0,0,15.0,1,0
0,0,0,0,12.0,1,0
0,0,0,0,8.0,1,0
0,0,0,0,9.0,1,0
0,0,0,0,0.0,1,0
0,0,0,0,16.0,1,0
0,0,0,0,14.0,1,0
0,0,0,0,12.5,6,0
0,0,0,0,4.0,1,0
0,0,0,0,14.0,5,0
0,0,0,0,21.0,3,0
0,0,0,0,16.75,3,0
0,0,0,0,11.0,2,0
0,0,0,0,16.0,3,0
0,0,0,0,10.5,4,0
0,0,0,0,13.25,3,0
0,0,0,0,10.0,1,0
0,0,0,0,8.0,1,0
0,0,0,0,9.5,2,0
0,0,0,0,8.0,1,0
0,0,0,0,17.5,2,0
0,0,0,0,22.0,1,0
0,0,0,0,2.0,1,0
0,0,0,0,4.5,2,0
0,0,0,0,16.90909090909091,6,0
0,0,0,0,11.0,1,0
0,0,0,0,14.714285714285714,5,0
0,0,0,0,19.0,1,0
0,0,0,0,10.0,1,0
0,0,0,0,23.0,1,0
0,0,0,0,8.0,2,0
0,0,0,0,12.0,1,0
0,0,0,0,2.0,1,0
0,0,0,0,22.0,1,0
0,0,0,0,17.0,1,0
0,0,0,0,11.0,1,0
0,0,0,0,22.0,1,0
0,0,0,0,16.0,3,0
0,0,0,0,10.5,2,0
0,0,1,0,17.833333333333332,4,0
0,0,0,0,10.5,3,0
0,0,0,0,13.625,3,0
0,0,0,0,13.714285714285714,5,0
0,0,0,0,7.142857142857143,6,0
0,0,0,0,17.166666666666668,5,0
0,0,0,0,17.4,5,0
0,0,0,0,11.5,2,0
0,0,0,0,16.0,1,0
0,0,0,0,20.0,1,0
0,0,0,0,23.0,1,0
0,0,0,0,11.75,3,0
0,0,0,0,15.0,2,0
0,0,0,0,17.0,1,0
0,0,0,0,5.0,2,0
0,0,0,0,12.0,2,0
0,0,0,0,11.0,3,0
0,0,0,0,13.0,2,0
0,0,0,0,12.5,2,0
0,0,0,0,20.0,4,0
0,0,0,0,8.0,1,0
0,0,0,0,17.0,1,0
0,0,0,0,7.0,1,0
0,0,0,0,23.0,1,0
0,0,0,3,14.0,1,0
0,0,0,0,14.0,1,0
0,0,0,0,22.0,1,0
0,0,0,0,11.0,4,0
0,0,0,0,23.0,1,0
0,0,0,0,19.0,3,0
0,0,0,0,12.0,2,0
0,0,0,0,2.0,1,0
0,0,0,0,13.333333333333334,2,0
0,0,0,0,7.0,1,0
0,0,0,0,14.5,6,0
0,0,0,1,8.0,1,0
0,0,0,3,12.8,3,0
0,0,0,0,22.0,1,0
0,0,0,1,17.666666666666668,3,0
0,0,0,0,21.0,1,0
0,0,0,1,15.5,2,0
0,0,0,0,23.0,1,0
0,0,0,0,21.5,2,0
0,0,0,0,2.0,1,0
0,0,0,0,21.0,1,0
0,0,0,2,4.0,1,0
0,0,0,0,6.666666666666667,4,0
0,0,0,0,12.25,6,0
0,0,0,0,15.0,1,0
0,0,0,0,19.0,1,0
0,0,0,1,16.5,2,0
0,0,0,0,13.0,1,0
0,0,0,0,19.0,1,0
0,0,0,0,23.0,1,0
0,0,0,0,17.0,1,0
0,0,0,0,23.0,1,0
0,0,0,0,1.0,1,0
0,0,0,0,9.0,1,0
0,0,0,0,8.5,2,0
0,0,0,0,11.666666666666666,2,0
0,0,0,0,12.0,1,0
0,0,0,0,16.0,1,0
0,0,0,0,14.0,1,0
0,0,0,0,1.0,1,0
0,0,0,0,17.0,1,0
0,0,0,0,17.0,2,0
0,0,0,0,11.222222222222221,4,0
0,0,0,0,8.333333333333334,8,1
0,0,0,0,15.714285714285714,16,1
0,0,0,0,11.785714285714286,12,1
0,0,0,0,12.125,14,1
0,0,0,0,12.214285714285714,12,1
0,0,0,1,9.583333333333334,11,1
0,0,0,0,13.9,3,0
0,0,0,0,13.0,1,0
0,0,0,0,19.0,1,0
0,0,0,0,11.0,1,0
0,0,0,0,23.0,1,0
0,0,0,0,17.0,1,0
0,0,0,0,15.5,2,0
0,0,0,0,16.0,1,0
0,0,0,0,11.0,1,0
0,0,0,0,9.0,1,0
0,0,0,0,19.0,1,0
0,0,0,0,1.0,1,0
0,0,0,0,16.0,1,0
0,0,0,0,10.0,1,0
0,0,0,0,8.0,1,0
0,0,0,0,23.0,1,0
0,0,0,0,21.0,2,0
0,0,0,0,16.0,1,0
0,0,0,0,17.0,2,0
0,0,0,0,8.5,2,0
0,0,0,0,16.0,1,0
0,0,0,0,20.0,2,0
0,0,0,0,14.5,2,0
0,0,0,0,7.0,1,0
0,0,0,0,1.0,1,0
0,0,0,0,16.0,1,0
0,0,0,0,17.0,1,0
0,0,0,0,6.0,1,0
0,0,0,0,18.0,1,0
0,0,0,0,23.0,1,0
0,0,0,0,1.0,1,0
0,0,0,0,5.0,1,0
0,0,0,0,23.0,1,0
0,0,0,0,3.0,1,0
0,0,0,0,5.0,1,0
0,0,0,0,13.0,1,0
0,0,0,0,12.75,3,0
0,0,0,0,13.0,1,0
0,0,0,0,14.0,1,0
0,0,0,0,3.0,1,0
0,0,0,0,23.0,1,0
0,0,0,0,23.0,1,0
0,0,0,0,21.0,1,0
0,0,0,0,7.333333333333333,2,0
0,0,0,0,13.0,1,0
0,0,0,0,13.0,1,0
0,0,0,1,7.0,2,0
0,0,0,0,15.833333333333334,3,0
0,0,0,0,23.0,1,0
0,0,0,0,8.0,1,0
0,0,0,0,20.2,2,0
0,0,0,0,19.0,1,0
0,0,0,0,14.666666666666666,3,0
0,0,0,0,10.0,1,0
0,0,0,1,14.5,5,0
0,0,0,0,10.0,7,0
0,0,0,0,12.791666666666666,14,1
0,0,0,1,15.9375,15,1
0,0,0,1,9.827586206896552,16,1
0,0,0,1,12.344827586206897,23,1
0,0,0,0,13.21875,28,1
0,0,0,2,13.2,35,1
0,0,0,0,12.777777777777779,31,1
0,0,0,0,14.0,2,0
0,0,0,0,20.0,1,0
0,0,0,0,20.0,1,0
0,0,0,0,16.0,1,0
0,0,0,0,17.0,1,0
0,0,0,0,21.0,1,0
0,0,0,0,13.333333333333334,3,0
0,0,0,0,21.0,1,0
0,0,0,0,3.75,3,0
0,0,0,0,12.5,2,0
0,0,0,0,7.0,1,0
0,0,0,0,8.0,1,0
0,0,0,0,13.0,1,0
0,0,0,0,9.0,1,0
0,0,0,0,22.0,1,0
0,0,0,0,15.0,1,0
0,0,0,0,17.0,1,0
0,0,0,0,22.0,1,0
0,0,0,0,17.083333333333332,8,1
0,0,0,0,15.0,2,0
0,0,0,0,21.0,1,0
0,0,0,0,21.0,1,0
0,0,0,0,15.0,1,0
0,0,0,0,21.0,1,0
0,0,0,0,19.0,1,0
0,0,0,0,12.875,18,1
0,0,0,0,10.571428571428571,5,0
0,0,0,0,8.666666666666666,6,0
0,0,0,0,21.8,4,0
0,0,0,0,15.0,2,0
0,0,0,0,23.0,1,0
0,0,0,0,18.0,1,0
0,0,0,0,7.0,1,0
0,0,0,0,9.0,1,0
0,0,0,0,10.0,1,0
0,0,0,0,22.0,1,0
0,0,0,0,19.0,1,0
0,0,0,2,4.6,3,0
0,0,0,0,12.0,2,0
0,0,0,0,4.0,1,0
0,0,0,0,19.0,1,0
0,0,0,1,6.0,2,0
0,0,0,0,1.0,1,0
0,0,0,0,22.0,1,0
0,0,0,0,12.0,1,0
0,0,0,0,18.0,1,0
0,0,0,0,17.0,1,0
0,0,0,0,11.0,1,0
0,0,0,0,9.0,1,0
0,0,0,0,20.0,1,0
0,0,0,0,4.0,2,0
0,0,0,0,1.0,1,0
0,0,0,0,22.0,1,0
0,0,0,0,17.0,1,0
0,0,0,0,14.0,1,0
0,0,0,0,5.0,1,0
0,0,0,0,1.0,1,0
0,0,0,0,9.0,1,0
0,0,0,0,14.5,2,0
0,0,0,0,21.0,1,0
0,0,0,0,4.5,2,0
0,0,0,0,11.5,2,0
0,0,0,1,11.416666666666666,9,1
0,0,0,0,8.285714285714286,5,0
0,0,0,0,14.2,4,0
0,0,0,0,13.428571428571429,6,0
0,0,0,1,14.5,5,0
0,0,0,0,13.333333333333334,3,0
0,0,0,0,14.666666666666666,6,0
0,0,0,0,11.428571428571429,7,0
0,0,0,0,15.0,5,0
0,0,0,0,13.777777777777779,9,0
0,0,0,0,9.0,1,0
0,0,0,0,6.0,1,0
0,0,0,0,9.0,1,0
0,0,0,0,16.0,1,0
0,0,0,0,11.0,1,0
0,0,0,0,11.0,1,0
0,0,0,0,11.333333333333334,2,0
0,0,0,0,0.0,1,0
0,0,0,0,17.333333333333332,3,0
0,0,0,0,21.0,1,0
0,0,0,0,13.0,1,0
0,0,0,0,14.0,1,0
0,0,0,0,2.0,1,0
0,0,0,0,10.0,1,0
0,0,0,0,12.571428571428571,7,0
0,0,0,0,18.5,2,0
0,0,0,0,17.5,2,0
0,0,0,0,8.0,1,0
0,0,0,0,15.0,1,0
0,0,0,0,16.0,1,0
0,0,0,0,21.0,1,0
0,0,0,1,15.0,1,0
0,0,0,0,2.0,1,0
0,0,0,0,18.0,2,0
0,0,0,0,8.0,2,0
0,0,0,0,20.5,2,0
0,0,0,0,21.2,2,0
0,0,0,0,8.5,2,0
0,0,0,0,16.0,1,0
0,0,0,0,2.0,1,0
0,0,0,0,9.666666666666666,3,0
0,0,0,0,22.0,1,0
0,0,0,0,13.444444444444445,7,0
0,0,0,0,14.0,4,0
0,0,0,0,13.0,4,0
0,0,0,0,23.0,1,0
0,0,0,0,11.571428571428571,5,0
0,0,0,0,10.25,5,0
0,0,0,0,23.0,1,0
0,0,0,0,14.5,2,0
0,0,0,0,2.3333333333333335,2,0
0,0,0,0,0.0,1,0
0,0,0,0,14.4,5,0
0,0,0,0,13.666666666666666,2,0
0,0,0,2,17.75,3,0
0,0,0,0,10.181818181818182,10,0
0,0,0,0,19.0,1,0
0,0,0,0,21.0,1,0
0,0,0,0,20.0,1,0
0,0,0,0,23.0,1,0
0,0,0,0,13.0,2,0
0,0,0,0,7.0,1,0
0,0,0,0,23.0,1,0
0,0,0,0,16.692307692307693,8,1
0,0,0,0,16.63157894736842,15,1
0,0,0,0,17.214285714285715,11,1
0,0,0,0,12.5,12,1
0,0,0,0,14.74074074074074,25,1
0,0,0,0,10.4,11,1
0,0,0,2,16.125,5,0
0,0,0,0,21.0,1,0
0,0,0,0,20.0,1,0
0,0,0,0,16.0,1,0
0,0,0,0,9.0,1,0
0,0,0,0,19.0,1,0
0,0,0,0,9.0,1,0
0,0,0,0,19.0,1,0
0,0,0,1,17.0,1,0
0,0,0,0,11.0,2,0
0,0,0,0,21.0,2,0
0,0,0,0,22.0,1,0
0,0,0,0,21.0,1,0
0,0,0,0,7.0,1,0
0,0,0,0,10.0,1,0
0,0,0,0,9.0,1,0
0,0,0,0,8.0,1,0
0,0,0,0,20.0,1,0
0,0,0,0,15.0,1,0
0,0,0,0,0.0,1,0
0,0,0,0,3.0,1,0
0,0,0,0,21.0,1,0
0,0,0,0,23.0,1,0
0,0,0,0,8.0,1,0
0,0,0,0,8.0,1,0
0,0,0,0,8.0,2,0
0,0,0,0,12.0,1,0
0,0,0,0,12.8,4,0
0,0,0,0,4.0,2,0
0,0,0,0,21.714285714285715,2,0
0,0,0,0,14.25,4,0
0,0,0,0,16.8,4,0
0,0,0,0,6.0,1,0
0,0,0,0,12.333333333333334,3,0
0,0,0,0,13.5,2,0
0,0,0,0,22.0,1,0
0,0,0,0,9.0,2,0
0,0,0,0,8.0,1,0
0,0,0,0,14.0,1,0
0,0,0,0,22.0,1,0
0,0,0,0,10.0,1,0
0,0,0,0,7.0,1,0
0,0,0,0,11.0,1,0
0,0,0,0,11.0,1,0
0,0,0,0,5.0,3,0
0,0,0,0,23.0,1,0
0,0,0,0,16.0,2,0
0,0,0,0,21.0,1,0
0,0,0,0,12.0,1,0
0,0,0,0,23.0,1,0
0,0,0,0,23.0,1,0
0,0,0,0,15.0,1,0
0,0,0,0,18.0,1,0
0,0,0,0,8.0,1,0
0,0,0,0,20.0,1,0
0,0,0,0,8.0,1,0
0,0,0,0,21.0,1,0
0,0,0,0,12.0,1,0
0,0,0,0,15.0,1,0
0,0,0,0,22.0,1,0
0,0,0,0,8.5,2,0
0,0,0,0,21.0,1,0
0,0,0,0,17.0,1,0
0,0,0,0,5.666666666666667,3,0
0,0,0,0,23.0,1,0
0,0,0,0,5.0,1,0
0,0,0,0,0.0,1,0
0,0,0,0,21.5,2,0
0,0,0,0,21.0,1,0
0,0,0,0,9.0,1,0
0,0,0,0,8.0,1,0
0,0,0,0,7.0,3,0
0,0,0,0,9.0,2,0
0,0,0,0,15.666666666666666,3,0
0,0,0,0,17.25,4,0
0,0,0,0,18.0,1,0
0,0,0,0,9.0,1,0
0,0,0,0,18.0,1,0
0,0,0,0,20.0,1,0
0,0,0,0,23.0,1,0
0,0,0,0,14.0,1,0
0,0,0,0,1.0,1,0
0,0,0,0,2.0,1,0
0,0,0,0,0.0,1,0
0,0,0,0,18.0,1,0
0,0,0,0,9.0,1,0
0,0,0,0,19.0,1,0
0,0,0,0,20.0,1,0
0,0,0,0,13.0,8,0
0,0,0,1,12.6,9,0
0,0,0,0,5.357142857142857,7,1
0,0,0,0,13.0,12,1
0,0,0,1,10.823529411764707,17,1
0,0,0,0,13.125,5,0
0,0,0,0,13.166666666666666,12,1
0,0,0,1,12.666666666666666,8,0
0,0,0,0,10.090909090909092,10,0
0,0,0,0,7.4,4,0
0,0,0,0,15.142857142857142,7,0
0,0,0,0,2.0,1,0
0,0,0,0,15.0,7,0
0,0,0,0,0.0,1,0
0,0,0,0,21.0,1,0
0,0,0,0,6.0,1,0
0,0,0,0,11.0,1,0
0,0,0,0,21.0,1,0
0,0,0,0,14.0,1,0
0,0,0,0,10.0,1,0
0,0,0,0,4.0,2,0
0,0,0,0,9.0,1,0
0,0,0,0,14.0,2,0
0,0,0,0,11.666666666666666,2,0
0,0,0,0,8.0,1,0
0,0,0,0,3.0,1,0
0,0,0,0,19.0,1,0
0,0,0,0,16.0,2,0
0,0,0,0,15.5,2,0
0,0,0,0,16.666666666666668,2,0
0,0,0,0,9.0,1,0
0,0,0,0,9.0,1,0
0,0,0,0,22.0,1,0
0,0,0,0,5.0,2,0
0,0,0,0,17.5,3,0
0,0,0,0,15.0,1,0
0,0,0,0,11.5,2,0
0,0,0,0,22.0,1,0
0,0,0,0,11.0,1,0
0,0,0,0,8.8,4,0
0,0,0,0,6.6,4,0
0,0,0,0,8.0,1,0
0,0,0,0,13.0,1,0
0,0,0,0,18.0,1,0
0,0,0,0,12.5,2,0
0,0,0,0,10.5,2,0
0,0,0,0,19.0,1,0
0,0,0,0,0.0,1,0
0,0,0,0,20.0,1,0
0,0,0,0,11.0,2,0
0,0,0,0,14.666666666666666,3,0
0,0,0,0,13.0,1,0
0,0,0,0,7.0,1,0
0,0,0,0,7.0,1,0
0,0,0,0,21.0,1,0
0,0,0,0,17.0,1,0
0,0,0,0,9.0,1,0
0,0,0,0,17.0,1,0
0,0,0,0,8.0,1,0
0,0,0,0,14.0,1,0
0,0,0,0,9.0,1,0
0,0,0,0,8.666666666666666,2,0
0,0,0,0,9.0,1,0
0,0,0,0,15.0,1,0
0,0,0,0,21.0,1,0
0,0,0,0,1.0,1,0
0,0,0,0,13.0,2,0
0,0,0,0,11.0,4,0
0,0,0,0,12.625,7,0
0,0,0,0,7.428571428571429,11,1
0,0,0,0,11.777777777777779,9,0
0,0,0,0,13.777777777777779,9,0
0,0,0,1,13.558823529411764,29,1
0,0,0,0,15.666666666666666,8,1
0,0,0,0,12.676470588235293,27,1
0,0,0,0,13.083333333333334,29,1
0,0,0,1,11.621621621621621,33,1
0,0,0,0,12.911764705882353,31,1
0,0,0,1,11.4375,27,1
0,0,0,0,14.444444444444445,28,1
0,0,0,0,10.4,46,1
0,0,0,0,12.68,21,1
0,0,0,0,14.202898550724637,58,1
0,0,0,0,12.142857142857142,22,1
0,0,0,1,13.028571428571428,27,1
0,0,0,0,12.588235294117647,15,1
0,0,0,0,11.142857142857142,17,1
0,0,0,0,15.0,5,0
0,0,0,0,14.5,4,0
0,0,0,0,10.0,1,0
0,0,0,0,1.0,2,0
0,0,0,0,10.0,1,0
0,0,0,0,17.5,4,0
0,0,0,0,13.333333333333334,2,0
0,0,0,0,16.875,5,0
0,0,0,0,23.0,1,0
0,0,0,0,16.0,1,0
0,0,0,0,14.666666666666666,2,0
0,0,0,0,14.0,1,0
0,0,0,0,13.0,1,0
0,0,0,0,15.0,1,0
0,0,0,0,11.0,1,0
0,0,0,0,15.666666666666666,3,0
0,0,0,0,14.0,1,0
0,0,0,0,15.75,3,0
0,0,0,0,15.0,2,0
0,0,0,0,12.0,3,0
0,0,0,0,19.5,2,0
0,0,0,0,8.857142857142858,5,0
0,0,0,0,17.5,2,0
0,0,0,0,10.444444444444445,7,0
0,0,0,0,19.0,1,0
0,0,0,0,3.0,1,0
0,0,0,0,16.0,2,0
0,0,0,0,13.666666666666666,3,0
0,0,0,0,14.0,3,0
0,0,0,0,22.0,1,0
0,0,0,0,23.0,1,0
0,0,0,0,20.0,1,0
0,0,0,0,12.5,4,0
0,0,0,0,21.0,2,0
0,0,0,0,22.333333333333332,2,0
0,0,0,0,8.0,1,0
0,0,0,0,7.0,1,0
0,0,0,0,17.0,1,0
0,0,0,0,13.666666666666666,3,0
0,0,0,0,7.0,4,0
0,0,0,0,17.0,2,0
0,0,0,0,10.0,1,0
0,0,0,0,13.666666666666666,3,0
0,0,0,0,9.5,2,0
0,0,0,1,15.5,2,0
0,0,0,0,16.0,1,0
0,0,0,0,17.0,1,0
0,0,0,0,17.0,2,0
0,0,0,0,17.0,1,0
0,0,0,0,9.0,1,0
0,0,0,0,16.0,1,0
0,0,0,0,22.0,1,0
0,0,0,0,23.0,1,0
0,0,0,0,10.0,1,0
0,0,0,0,11.0,1,0
0,0,0,0,7.0,1,0
0,0,0,0,20.0,1,0
0,0,0,0,15.0,3,0
0,0,0,0,19.5,2,0
0,0,0,0,21.0,1,0
0,0,0,0,14.333333333333334,2,0
0,0,0,0,9.0,1,0
0,0,0,0,10.0,1,0
0,0,0,0,22.0,1,0
0,0,0,0,19.0,1,0
0,0,0,0,8.0,1,0
0,0,0,0,12.0,3,0
0,0,0,0,8.0,1,0
0,0,0,0,14.333333333333334,3,0
0,0,0,0,18.0,3,0
0,0,0,0,12.0,7,0
0,0,0,0,16.0,1,0
0,0,0,0,22.5,2,0
0,0,0,0,19.0,1,0
0,0,0,0,7.75,3,0
0,0,0,0,13.0,1,0
0,0,0,0,15.25,4,0
0,0,0,0,21.0,2,0
0,0,0,0,23.0,1,0
0,0,0,0,19.0,1,0
0,0,0,0,18.5,2,0
0,0,0,0,14.5,2,0
0,0,0,0,12.0,1,0
0,0,0,0,22.0,1,0
0,0,0,0,14.0,2,0
0,0,0,0,17.0,1,0
0,0,0,0,12.0,1,0
0,0,0,0,17.0,1,0
0,0,0,0,18.0,1,0
0,0,0,0,11.0,1,0
0,0,0,0,22.0,1,0
0,0,0,0,22.0,1,0
0,0,0,0,23.0,1,0
0,0,0,0,21.0,1,0
0,0,0,0,20.0,1,0
0,0,0,0,23.0,1,0
0,0,0,0,11.5,2,0
0,0,0,0,13.0,1,0
0,0,0,0,13.0,3,0
0,0,0,0,2.5,2,0
0,0,0,0,22.0,1,0
0,0,0,0,7.8,4,0
0,0,0,0,17.0,1,0
0,0,0,0,8.0,1,0
0,0,0,0,11.0,1,0
0,0,0,0,22.0,1,0
0,0,0,0,21.0,1,0
0,0,0,0,21.0,1,0
0,0,0,0,23.0,1,0
0,0,0,0,7.666666666666667,3,0
0,0,0,0,21.0,1,0
0,0,0,0,6.0,1,0
0,0,0,0,13.0,2,0
0,0,0,0,17.0,1,0
0,0,0,0,9.0,1,0
0,0,0,0,14.25,3,0
0,0,0,0,12.0,3,0
0,0,0,0,18.5,2,0
0,0,0,0,6.833333333333333,6,0
0,0,0,0,21.0,1,0
0,0,0,0,10.0,1,0
0,0,0,0,12.0,2,0
0,0,0,0,9.0,1,0
0,0,0,0,23.0,1,0
0,0,0,0,7.0,1,0
0,0,0,0,16.0,1,0
0,0,0,0,13.0,1,0
0,0,0,0,21.0,1,0
0,0,0,0,12.0,1,0
0,0,0,0,19.0,1,0
0,0,0,0,19.0,1,0
0,0,0,0,22.0,2,0
0,0,0,1,13.0,1,0
0,0,0,0,11.333333333333334,2,0
0,0,0,0,5.0,1,0
0,0,0,0,15.0,1,0
0,0,0,0,0.0,1,0
0,0,0,0,16.0,2,0
0,0,0,0,23.0,1,0
0,0,0,0,22.0,1,0
0,0,0,0,18.0,1,0
0,0,0,0,15.0,1,0
0,0,0,0,22.0,1,0
0,0,0,1,18.0,1,0
0,0,0,0,14.0,1,0
0,0,0,0,4.5,2,0
0,0,0,0,15.0,3,0
0,0,0,0,21.0,1,0
0,0,0,0,11.0,5,0
0,0,0,0,20.0,2,0
0,0,0,0,14.0,1,0
0,0,0,0,2.0,1,0
0,0,0,0,10.0,1,0
0,0,0,0,14.0,1,0
0,0,0,0,21.0,1,0
0,0,0,0,21.0,1,0
0,0,0,0,16.0,1,0
0,0,0,0,17.0,1,0
0,0,0,0,0.0,1,0
0,0,0,0,21.0,1,0
0,0,0,0,11.0,1,0
0,0,0,0,20.0,1,0
0,0,0,0,18.0,1,0
0,0,0,0,23.0,1,0
0,0,0,0,18.0,1,0
0,0,0,0,11.0,1,0
0,0,0,0,23.0,1,0
0,0,0,0,21.0,1,0
0,0,0,0,10.0,1,0
0,0,0,0,9.0,1,0
0,0,0,0,11.0,5,0
0,0,0,1,14.857142857142858,5,0
0,0,0,0,23.0,1,0
0,0,0,0,16.90909090909091,9,0
0,0,0,0,13.8,5,0
0,0,0,0,18.0,1,0
0,0,0,0,12.0,1,0
0,0,0,0,22.0,1,0
0,0,0,0,21.0,1,0
0,0,0,0,0.0,1,0
0,0,0,0,9.0,1,0
0,0,0,0,10.0,1,0
0,0,0,0,0.0,1,0
0,0,0,0,2.0,1,0
0,0,0,0,9.0,1,0
0,0,0,0,1.0,1,0
0,0,0,0,18.0,1,0
0,0,0,0,23.0,1,0
0,0,0,0,20.333333333333332,2,0
0,0,0,0,7.0,1,0
0,0,0,0,7.0,1,0
0,0,0,0,10.0,1,0
0,0,0,0,11.0,1,0
0,0,0,0,8.0,1,0
0,0,0,0,18.0,1,0
0,0,0,0,11.4,4,0
0,0,0,0,17.0,2,0
0,0,0,0,1.0,2,0
0,0,0,0,8.5,2,0
0,0,0,0,15.0,2,0
0,0,0,0,9.0,1,0
0,0,0,0,14.5,2,0
0,0,0,0,15.75,4,0
0,0,0,0,22.0,1,0
0,0,0,0,19.5,2,0
0,0,0,0,7.0,2,0
0,0,0,0,9.333333333333334,3,0
0,0,0,0,13.0,1,0
0,0,0,0,15.0,1,0
0,0,0,0,18.0,1,0
0,0,0,0,16.0,1,0
0,0,0,0,5.0,2,0
0,0,0,0,17.0,2,0
0,0,0,0,23.0,1,0
0,0,0,0,18.0,1,0
0,0,0,0,12.0,1,0
0,0,0,0,9.5,2,0
0,0,0,0,14.0,2,0
0,0,0,0,8.571428571428571,6,0
0,0,0,0,13.714285714285714,5,0
0,0,0,0,10.0,1,0
0,0,0,0,11.0,1,0
0,0,0,0,8.0,1,0
0,0,0,0,9.0,1,0
0,0,0,0,23.0,1,0
0,0,0,0,19.0,2,0
0,0,0,0,15.0,1,0
0,0,0,0,10.2,4,0
0,0,0,0,21.0,1,0
0,0,0,0,12.166666666666666,4,0
0,0,0,0,16.25,5,0
0,0,0,0,14.75,8,0
0,0,0,0,20.5,4,0
0,0,0,0,6.833333333333333,10,1
0,0,0,0,12.0,1,0
0,0,0,0,14.714285714285714,6,0
0,0,0,0,11.5,2,0
0,0,0,0,10.818181818181818,11,0
0,0,0,0,12.75,8,0
0,0,0,0,13.25,5,0
0,0,0,0,11.375,8,0
0,0,0,0,14.571428571428571,12,1
0,0,0,0,15.0,4,0
0,0,0,0,14.555555555555555,8,0
0,0,0,0,6.0,8,0
0,0,0,0,15.6,4,0
0,0,0,0,14.833333333333334,6,0
0,0,0,0,13.0,1,0
0,0,0,0,19.0,1,0
0,0,0,0,9.333333333333334,3,0
0,0,0,0,11.666666666666666,3,0
0,0,0,0,21.0,1,0
0,0,0,0,18.5,3,0
0,0,0,0,1.0,1,0
0,0,0,0,2.0,1,0
0,0,0,0,21.0,1,0
0,0,0,0,17.0,1,0
0,0,0,0,19.333333333333332,2,0
0,0,0,0,18.0,1,0
0,0,0,0,8.625,5,0
0,0,0,0,14.666666666666666,7,0
0,0,0,0,10.0,3,0
0,0,0,0,14.705882352941176,15,1
0,0,0,1,18.0,2,0
0,0,0,0,13.666666666666666,3,0
0,0,0,0,17.0,1,0
0,0,0,0,10.0,1,0
0,0,0,0,14.0,1,0
0,0,0,0,12.0,1,0
0,0,0,0,9.0,2,0
0,0,0,0,17.0,1,0
0,0,0,0,17.0,1,0
0,0,0,0,21.0,1,0
0,0,0,0,13.0,1,0
0,0,0,0,13.0,1,0
0,0,0,0,13.0,1,0
0,0,0,0,17.0,1,0
0,0,0,0,16.0,1,0
0,0,0,0,14.0,1,0
0,0,0,0,10.0,1,0
0,0,0,0,12.333333333333334,2,0
0,0,0,0,10.0,1,0
0,0,0,0,23.0,1,0
0,0,0,0,22.0,1,0
0,0,0,0,1.0,1,0
0,0,0,0,19.0,1,0
0,0,0,0,16.5,2,0
0,0,0,0,8.0,1,0
0,0,0,0,13.0,1,0
0,0,0,0,12.0,1,0
0,0,0,0,8.0,1,0
0,0,0,0,15.0,1,0
0,0,0,0,7.0,1,0
0,0,0,0,16.0,1,0
0,0,0,0,11.0,1,0
0,0,0,0,22.0,1,0
0,0,0,0,0.0,1,0
0,0,0,0,8.5,2,0
0,0,0,0,21.0,1,0
0,0,0,0,21.0,1,0
0,0,0,0,21.0,1,0
0,0,0,0,18.0,1,0
0,0,0,0,12.0,1,0
0,0,0,0,22.0,1,0
0,0,0,0,12.0,1,0
0,0,0,0,21.0,1,0
0,0,0,0,8.0,1,0
0,0,0,0,8.0,1,0
0,0,0,0,10.0,1,0
0,0,0,0,3.0,1,0
0,0,0,0,8.0,1,0
0,0,0,0,19.0,1,0
0,0,0,0,12.0,1,0
0,0,0,0,17.0,1,0
0,0,0,0,18.0,1,0
0,0,0,0,19.0,2,0
0,0,0,0,22.0,1,0
0,0,0,0,17.0,1,0
0,0,0,0,4.0,1,0
0,0,0,0,19.0,1,0
0,0,0,0,0.0,1,0
0,0,0,0,15.333333333333334,2,0
0,0,0,0,23.0,1,0
0,0,0,0,21.0,1,0
0,0,0,0,5.0,1,0
0,0,0,0,5.0,1,0
0,0,0,0,23.0,1,0
0,0,0,0,5.0,1,0
0,0,0,0,10.0,1,0
0,0,0,0,11.0,2,0
0,0,0,0,7.0,1,0
0,0,0,0,13.0,1,0
0,0,0,0,11.0,1,0
0,0,0,0,8.0,1,0
0,0,0,0,17.0,1,0
0,0,0,0,16.0,1,0
0,0,0,0,11.0,1,0
0,0,0,0,22.0,1,0
0,0,0,0,15.0,1,0
0,0,0,0,12.0,1,0
0,0,0,0,18.0,1,0
0,0,0,0,9.0,1,0
0,0,0,0,10.0,1,0
0,0,0,0,9.0,1,0
0,0,0,0,9.0,1,0
0,0,0,0,11.0,1,0
0,0,0,0,14.0,1,0
0,0,0,0,22.0,1,0
0,0,0,0,22.0,1,0
0,0,0,0,21.0,1,0
0,0,0,0,16.0,1,0
0,0,0,0,8.0,1,0
0,0,0,0,9.0,1,0
0,0,0,0,8.0,1,0
0,0,0,0,14.0,1,0
0,0,0,0,16.0,1,0
0,0,0,0,8.0,1,0
0,0,0,0,13.0,1,0
0,0,0,0,22.0,1,0
0,0,0,0,4.0,1,0
0,0,0,0,23.0,1,0
0,0,0,0,3.0,1,0
0,0,0,0,2.0,1,0
0,0,0,0,22.0,1,0
0,0,0,0,12.0,1,0
0,0,0,0,21.0,1,0
0,0,0,0,14.0,1,0
0,0,0,0,13.0,1,0
0,0,0,0,12.0,1,0
0,0,0,0,11.0,1,0
0,0,0,0,10.0,1,0
0,0,0,0,10.0,1,0
0,0,0,0,15.0,1,0
0,0,0,0,15.0,1,0
0,0,0,0,9.0,1,0
0,0,0,0,12.0,1,0
0,0,0,0,12.0,1,0
0,0,0,0,9.0,1,0
0,0,0,0,8.5,2,0
0,0,0,0,10.0,1,0
0,0,0,0,19.0,1,0
0,0,0,0,9.0,1,0
0,0,0,0,11.0,1,0
0,0,0,0,10.0,1,0
0,0,0,0,16.0,1,0
0,0,0,0,15.0,1,0
0,0,0,0,0.0,1,0
0,0,0,0,0.0,1,0
0,0,0,0,22.0,1,0
0,0,0,0,20.0,1,0
0,0,0,0,3.0,1,0
0,0,0,0,22.0,1,0
0,0,0,0,2.0,1,0
0,0,0,0,23.0,1,0
0,0,0,0,20.0,1,0
0,0,0,0,1.0,1,0
0,0,0,0,0.0,1,0
0,0,0,0,22.0,1,0
0,0,0,0,23.0,1,0
0,0,0,0,23.0,1,0
0,0,0,0,14.0,1,0
0,0,0,0,23.0,1,0
0,0,0,0,13.0,1,0
0,0,0,0,12.0,1,0
0,0,0,0,23.0,1,0
0,0,0,0,17.0,1,0
0,0,0,0,1.0,1,0
0,0,0,0,22.0,1,0
0,0,0,0,11.0,1,0
0,0,0,0,19.0,1,0
0,0,0,0,11.0,1,0
0,0,0,0,2.0,1,0
0,0,0,0,15.0,1,0
0,0,0,0,11.0,1,0
0,0,0,0,13.0,1,0
0,0,0,0,3.0,1,0
0,0,0,0,22.0,1,0
0,0,0,0,8.0,1,0
0,0,0,0,1.0,1,0
0,0,0,0,23.0,1,0
0,0,0,0,0.0,1,0
0,0,0,0,5.0,1,0
0,0,0,0,1.0,1,0
0,0,0,0,23.0,1,0
0,0,0,0,4.0,1,0
0,0,0,0,2.0,1,0
0,0,0,0,3.0,1,0
0,0,0,0,23.0,1,0
0,0,0,0,0.0,1,0
0,0,0,0,15.0,1,0
0,0,0,0,1.0,1,0
0,0,0,0,23.0,1,0
0,0,0,0,3.0,1,0
0,0,0,0,12.5,2,0
0,0,0,0,7.0,1,0
0,0,0,0,23.0,1,0
0,0,0,0,23.0,1,0
0,0,0,0,3.0,1,0
0,0,0,0,22.0,1,0
0,0,0,0,20.0,1,0
0,0,0,0,15.0,2,0
0,0,0,0,13.0,1,0
0,0,0,0,19.0,1,0
0,0,0,0,0.3333333333333333,2,0
0,0,0,0,10.0,1,0
0,0,0,0,8.4,3,0
0,0,0,0,2.0,1,0
0,0,0,0,11.0,1,0
0,0,0,1,12.0,6,0
0,0,0,0,17.0,1,0
0,0,0,0,1.0,1,0
0,0,0,0,22.0,1,0
0,0,0,0,20.0,1,0
0,0,0,0,4.0,1,0
0,0,0,0,4.0,1,0
0,0,0,0,13.0,2,0
0,0,0,0,19.0,1,0
0,0,0,0,3.0,1,0
0,0,0,0,0.0,1,0
0,0,0,0,1.0,1,0
0,0,0,0,11.0,1,0
0,0,0,0,5.0,1,0
0,0,0,0,23.0,1,0
0,0,0,4,2.0,1,0
0,0,0,0,17.0,1,0
0,0,0,0,14.0,1,0
0,0,0,0,18.0,1,0
0,0,0,0,19.0,1,0
0,0,0,0,18.0,1,0
0,0,0,0,12.0,1,0
0,0,0,0,16.666666666666668,2,0
0,0,0,0,23.0,1,0
0,0,0,2,14.0,6,0
0,0,0,0,19.0,1,0
0,0,0,0,22.0,1,0
0,0,0,0,9.0,1,0
0,0,0,0,17.0,1,0
0,0,0,0,17.0,1,0
0,0,0,0,0.0,1,0
0,0,0,0,23.0,1,0
0,0,0,0,8.666666666666666,3,0
0,0,0,0,22.0,1,0
0,0,0,0,10.0,1,0
0,0,0,0,14.0,4,0
0,0,0,3,10.857142857142858,4,0
0,0,0,0,23.0,1,0
0,0,0,0,1.0,1,0
0,0,0,0,3.0,1,0
0,0,0,0,1.4,3,0
0,0,0,0,22.0,1,0
0,0,0,0,23.0,1,0
0,0,0,0,13.0,1,0
0,0,0,0,22.0,1,0
0,0,0,0,16.0,1,0
0,0,0,0,5.8,2,0
0,0,0,0,15.0,1,0
0,0,0,0,14.0,1,0
0,0,0,0,12.0,1,0
0,0,0,0,23.0,1,0
0,0,0,0,20.0,1,0
0,0,0,0,14.0,1,0
0,0,0,0,15.0,2,0
0,0,0,0,19.0,1,0
0,0,0,0,11.0,1,0
0,0,0,1,3.0,1,0
0,0,0,0,20.0,1,0
0,0,0,0,17.0,1,0
0,0,0,0,22.0,1,0
0,0,0,0,23.0,1,0
0,0,0,1,12.0,1,0
0,0,0,0,1.8,2,0
0,0,0,0,16.0,1,0
0,0,0,0,1.0,1,0
0,0,0,0,8.0,2,0
0,0,0,0,21.0,1,0
0,0,0,0,21.0,1,0
0,0,0,2,11.0,1,0
0,0,0,0,8.0,1,0
0,0,0,0,18.0,1,0
0,0,0,0,23.0,1,0
0,0,0,0,13.0,1,0
0,0,0,0,21.0,1,0
0,0,0,0,9.0,1,0
0,0,0,0,20.0,2,0
0,0,0,0,1.3333333333333333,3,0
0,0,0,0,3.0,2,0
0,0,0,0,1.0,1,0
0,0,0,0,22.0,1,0
0,0,0,0,16.0,1,0
0,0,0,0,17.0,1,0
0,0,0,0,17.0,1,0
0,0,0,0,19.0,1,0
0,0,0,0,18.0,1,0
0,0,0,0,0.0,1,0
0,0,0,0,9.0,1,0
0,0,0,0,1.0,1,0
0,0,0,0,3.0,1,0
0,0,0,0,14.0,1,0
0,0,0,0,14.0,1,0
0,0,0,0,1.0,1,0
0,0,0,0,8.0,1,0
0,0,0,0,15.0,1,0
0,0,0,0,18.0,1,0
0,0,0,0,17.0,1,0
0,0,0,0,22.0,1,0
0,0,0,0,12.0,1,0
0,0,0,0,20.0,1,0
0,0,0,0,18.0,1,0
0,0,0,0,10.0,2,0
0,0,0,0,12.0,1,0
0,0,0,0,21.0,1,0
0,0,0,0,5.0,1,0
0,0,0,0,16.0,1,0
0,0,0,0,3.0,1,0
0,0,0,0,7.5,2,0
0,0,0,0,15.5,2,0
0,0,0,0,12.0,2,0
0,0,0,0,15.0,1,0
0,0,0,0,9.0,1,0
0,0,0,0,12.0,1,0
0,0,0,0,9.0,1,0
0,0,0,0,14.0,1,0
0,0,0,0,12.0,1,0
0,0,0,0,10.0,1,0
0,0,0,0,14.0,1,0
0,0,0,0,13.0,1,0
0,0,0,0,1.0,1,0
0,0,0,0,6.0,1,0
0,0,0,0,10.0,1,0
0,0,0,0,13.5,2,0
0,0,0,0,13.0,2,0
0,0,0,0,12.0,1,0
0,0,0,0,13.0,1,0
0,0,0,0,13.0,1,0
0,0,0,0,14.0,1,0
0,0,0,0,15.0,1,0
0,0,0,0,18.0,1,0
0,0,0,0,15.0,1,0
0,0,0,0,17.0,1,0
0,0,0,0,18.0,1,0
0,0,0,0,21.0,1,0
0,0,0,0,23.0,1,0
0,0,0,0,23.0,1,0
0,0,0,0,16.0,1,0
0,0,0,0,20.0,1,0
0,0,0,0,7.0,1,0
0,0,0,0,23.0,1,0
0,0,0,0,11.0,1,0
0,0,0,0,2.0,1,0
0,0,0,0,22.333333333333332,3,0
0,0,0,0,15.5,2,0
0,0,0,0,6.0,1,0
0,0,0,0,17.25,3,0
0,0,0,1,23.0,1,0
0,0,0,0,19.0,1,0
0,0,0,0,22.0,1,0
0,0,0,0,23.0,1,0
0,0,0,0,15.0,1,0
0,0,0,0,12.0,1,0
0,0,0,0,2.0,1,0
0,0,0,0,15.0,1,0
0,0,0,0,9.0,1,0
0,0,0,0,18.0,1,0
0,0,0,0,12.0,2,0
0,0,0,0,22.0,1,0
0,0,0,0,20.0,1,0
0,0,0,0,5.0,1,0
0,0,0,0,17.0,1,0
0,0,0,0,9.0,1,0
0,0,0,0,2.0,1,0
0,0,0,0,12.0,1,0
0,0,0,0,21.0,1,0
0,0,0,0,6.0,1,0
0,0,0,2,20.0,1,0
0,0,0,0,2.0,1,0
0,0,0,0,7.0,1,0
0,0,0,0,6.0,1,0
0,0,0,0,2.0,1,0
0,0,0,0,23.0,1,0
0,0,0,0,16.666666666666668,2,0
0,0,0,0,17.5,2,0
0,0,0,0,22.0,1,0
0,0,0,0,12.0,1,0
0,0,0,0,13.0,1,0
0,0,0,0,17.0,1,0
0,0,0,0,19.0,1,0
0,0,0,0,17.0,1,0
0,0,0,0,19.0,1,0
0,0,0,0,14.0,1,0
0,0,0,0,12.0,1,0
0,0,0,0,12.0,1,0
0,0,0,0,7.0,1,0
0,0,0,0,19.666666666666668,3,0
0,0,0,0,12.0,1,0
0,0,0,0,18.0,1,0
0,0,0,0,21.0,1,0
0,0,0,0,9.0,1,0
0,0,0,0,12.0,1,0
0,0,0,0,13.0,1,0
0,0,0,0,0.0,1,0
0,0,0,0,3.0,1,0
0,0,0,0,22.0,1,0
0,0,0,0,22.0,1,0
0,0,0,0,10.0,1,0
0,0,0,0,22.0,1,0
0,0,0,0,12.0,1,0
0,0,0,0,0.0,1,0
0,0,0,0,21.0,1,0
0,0,0,0,6.0,1,0
0,0,0,0,17.0,1,0
0,0,0,0,16.0,1,0
0,0,0,0,14.0,1,0
0,0,0,0,12.5,3,0
0,0,0,0,14.5,2,0
0,0,0,0,14.0,1,0
0,0,0,0,12.75,4,0
0,0,0,0,10.5,4,0
0,0,0,0,8.7,5,0
0,0,0,0,13.0,1,0
0,0,0,0,20.0,2,0
0,0,0,0,15.0,1,0
0,0,0,0,10.5,2,0
0,0,0,0,16.0,1,0
0,0,0,0,10.0,1,0
0,0,0,0,12.25,3,0
0,0,0,0,7.0,1,0
0,0,0,0,17.5,2,0
0,0,0,0,12.5,2,0
0,0,0,0,23.0,1,0
0,0,0,0,1.0,1,0
0,0,0,1,8.0,1,0
0,0,0,0,0.0,1,0
0,0,0,0,10.0,1,0
0,0,0,0,20.0,1,0
0,0,0,0,10.25,2,0
0,0,0,0,0.0,1,0
0,0,0,0,9.0,1,0
0,0,0,0,11.0,1,0
0,0,0,0,22.0,1,0
0,0,0,0,10.0,1,0
0,0,0,0,22.0,1,0
0,0,0,0,15.333333333333334,3,0
0,0,0,0,6.0,1,0
0,0,0,0,11.75,3,0
0,0,0,0,5.0,1,0
0,0,0,0,9.0,2,0
0,0,0,0,14.142857142857142,5,0
0,0,0,0,20.0,1,0
0,0,0,0,12.0,2,0
0,0,0,0,12.0,5,0
0,0,0,0,13.5,2,0
0,0,0,0,16.5,2,0
0,0,0,0,13.0,3,0
0,0,0,0,17.571428571428573,5,0
0,0,0,0,18.2,4,0
0,0,0,0,15.714285714285714,4,0
0,0,0,0,7.6,4,0
0,0,0,0,13.555555555555555,8,0
0,0,0,0,15.166666666666666,6,0
0,0,0,0,10.125,7,0
0,0,0,1,12.090909090909092,9,0
0,0,0,0,9.6,5,0
0,0,0,0,8.125,7,0
0,0,0,0,10.333333333333334,3,0
0,0,0,0,11.5,2,0
0,0,0,0,18.0,1,0
0,0,0,0,11.5,2,0
0,0,0,0,10.8,4,0
0,0,0,0,23.0,1,0
0,0,0,0,17.0,1,0
0,0,0,0,18.333333333333332,3,0
0,0,0,0,22.0,1,0
0,0,0,0,21.0,3,0
0,0,0,0,20.333333333333332,2,0
0,0,0,0,21.5,3,0
0,0,0,0,0.0,1,0
0,0,0,0,10.0,8,0
0,0,0,0,21.0,1,0
0,0,0,0,8.4,3,0
0,0,0,0,23.0,1,0
0,0,0,0,11.0,2,0
0,0,0,0,16.4,4,0
0,0,0,0,15.333333333333334,2,0
0,0,0,0,15.857142857142858,6,0
0,0,0,0,17.75,3,0
0,0,0,0,12.0,1,0
0,0,0,0,13.0,1,0
0,0,0,0,21.0,1,0
0,0,0,0,12.5,2,0
0,0,0,0,22.0,1,0
0,0,0,0,10.0,1,0
0,0,0,0,4.0,1,0
0,0,0,0,20.5,2,0
0,0,0,0,11.0,1,0
0,0,0,0,6.333333333333333,3,0
0,0,0,0,0.0,1,0
0,0,0,0,8.75,5,0
0,0,0,0,12.4,4,0
0,0,0,0,8.375,6,0
0,0,0,0,16.25,4,0
0,0,0,0,7.75,3,0
0,0,0,0,11.0,6,0
0,0,0,1,9.0,2,0
0,0,0,0,14.555555555555555,8,0
0,0,0,0,8.333333333333334,4,0
0,0,0,0,11.909090909090908,8,0
0,0,0,0,14.0,12,1
0,0,0,0,13.714285714285714,9,1
0,0,0,0,13.6,4,0
0,0,0,0,8.5,4,0
0,0,0,0,7.142857142857143,6,0
0,0,0,0,18.5,4,0
0,0,0,0,11.666666666666666,9,0
0,0,0,0,12.636363636363637,11,0
0,0,0,0,15.0,2,0
0,0,0,0,8.5,2,0
0,0,0,0,13.0,1,0
0,0,0,0,10.0,1,0
0,0,0,0,10.0,1,0
0,0,0,0,14.0,1,0
0,0,0,0,12.0,1,0
0,0,0,0,19.0,1,0
0,0,0,0,12.0,1,0
0,0,0,0,7.0,1,0
0,0,0,1,10.0,1,0
0,0,0,0,13.0,1,0
0,0,0,0,5.0,1,0
0,0,0,0,1.0,1,0
0,0,0,0,11.75,3,0
0,0,0,0,21.0,1,0
0,0,0,0,13.0,1,0
0,0,0,0,18.0,1,0
0,0,0,0,5.0,1,0
0,0,0,0,13.0,1,0
0,0,0,0,13.0,1,0
0,0,0,0,14.0,1,0
0,0,0,0,0.0,1,0
0,0,0,0,23.0,1,0
0,0,0,0,9.0,1,0
0,0,0,0,21.0,1,0
0,0,0,0,17.0,1,0
0,0,0,0,17.5,2,0
0,0,0,0,8.0,1,0
0,0,0,0,22.0,1,0
0,0,0,0,18.0,1,0
0,0,0,0,12.0,1,0
0,0,0,0,1.0,1,0
0,0,0,0,23.0,1,0
0,0,0,0,1.0,1,0
0,0,0,0,17.0,1,0
0,0,0,0,0.0,1,0
0,0,0,1,16.22222222222222,6,0
0,0,0,0,11.666666666666666,3,0
0,0,0,0,11.0,1,0
0,0,0,0,17.0,1,0
0,0,0,0,15.0,1,0
0,0,0,0,10.25,2,0
0,0,0,0,14.25,4,0
0,0,0,0,16.166666666666668,6,0
0,0,0,0,14.25,4,0
0,0,0,4,16.5,5,0
0,0,0,0,19.857142857142858,4,0
0,0,0,0,16.5,4,0
0,0,0,0,13.071428571428571,14,1
0,0,0,1,14.461538461538462,13,1
0,0,0,0,20.25,7,0
0,0,0,0,11.0,1,0
0,0,0,0,0.0,1,0
0,0,0,0,4.0,1,0
0,0,0,0,8.0,1,0
0,0,0,0,23.0,2,0
0,0,0,0,11.333333333333334,12,1
0,0,0,0,12.727272727272727,9,0
0,0,0,0,11.2,7,0
0,0,0,1,12.222222222222221,8,0
0,0,0,0,7.0,1,0
0,0,0,0,2.0,1,0
0,0,0,0,23.0,1,0
0,0,0,0,23.0,1,0
0,0,0,0,9.714285714285714,6,0
0,0,0,0,12.533333333333333,12,1
0,0,0,1,16.0,5,0
0,0,0,0,11.0,1,0
0,0,0,0,20.0,1,0
0,0,0,0,19.0,1,0
0,0,0,0,20.666666666666668,2,0
0,0,0,0,9.0,7,0
0,0,0,0,16.0,1,0
0,0,0,0,16.25,8,0
0,0,0,0,13.75,3,0
0,0,0,0,3.0,1,0
0,0,0,0,8.0,1,0
0,0,0,0,14.777777777777779,7,0
0,0,0,0,15.833333333333334,10,1
0,0,0,0,23.0,1,0
0,0,0,0,10.0,2,0
0,0,0,0,3.0,1,0
0,0,0,0,8.0,2,0
0,0,0,0,0.0,1,0
0,0,0,1,14.6,25,1
0,2,0,0,14.047619047619047,17,1
0,0,0,0,15.428571428571429,17,1
0,0,0,2,12.16,21,1
0,0,0,0,11.928571428571429,13,1
0,0,0,0,10.666666666666666,20,1
0,0,0,0,12.2,10,0
0,0,0,0,9.8,13,1
0,0,0,0,15.1,10,0
0,0,0,0,14.571428571428571,6,0
0,0,0,0,17.0,1,0
0,0,0,0,12.5,7,0
0,0,0,5,14.75,7,1
0,0,0,0,5.714285714285714,3,0
0,0,0,0,12.5,4,0
0,0,0,0,14.6,4,0
0,0,0,0,23.0,1,0
0,0,0,0,20.0,1,0
0,0,0,0,6.75,3,0
0,0,0,0,12.8,4,0
0,0,0,0,22.0,1,0
0,0,0,0,7.0,1,0
0,0,0,0,12.0,1,0
0,0,0,0,0.0,1,0
0,0,0,0,0.0,1,0
0,0,0,0,9.0,1,0
0,0,0,0,23.0,1,0
0,0,0,0,23.0,1,0
0,0,0,0,17.0,1,0
0,0,0,0,16.0,1,0
0,0,0,0,17.0,1,0
0,0,0,0,19.0,1,0
0,0,0,0,14.0,1,0
0,0,0,0,19.0,1,0
0,0,0,0,15.0,1,0
0,0,0,0,17.0,1,0
0,0,0,0,4.0,1,0
0,0,0,0,18.0,1,0
0,0,0,0,22.0,1,0
0,0,0,0,1.0,1,0
0,0,0,0,22.0,1,0
0,0,0,0,18.0,1,0
0,0,0,0,23.0,1,0
0,0,0,0,1.0,1,0
0,0,0,0,12.0,1,0
0,0,0,0,3.0,1,0
0,0,0,3,8.25,2,0
0,0,0,0,10.38888888888889,14,1
0,0,0,0,14.8,4,0
0,0,0,0,14.0,2,0
0,0,0,0,16.5,4,0
0,0,0,0,21.0,1,0
0,0,0,0,7.5,2,0
0,0,0,0,10.5,2,0
0,0,0,1,17.0,1,0
0,0,0,0,16.0,1,0
0,0,0,0,22.0,1,0
0,0,0,0,14.333333333333334,2,0
0,0,0,0,16.0,1,0
0,0,0,0,12.0,1,0
0,0,0,0,2.0,1,0
0,0,0,0,3.0,1,0
0,0,0,0,14.0,1,0
0,0,0,0,11.333333333333334,3,0
0,0,0,0,21.0,1,0
0,0,0,0,15.666666666666666,3,0
0,0,0,0,22.0,1,0
0,0,0,0,15.0,5,0
0,0,0,0,9.0,1,0
0,0,0,0,12.5,6,0
0,0,0,0,22.0,1,0
0,0,0,0,12.333333333333334,3,0
0,0,0,0,10.0,4,0
0,0,0,0,16.375,3,0
0,0,0,0,23.0,1,0
0,0,0,0,9.0,1,0
0,0,0,0,18.0,2,0
0,0,0,0,18.0,2,0
0,0,0,0,14.5,2,0
0,0,0,0,8.0,1,0
0,0,0,0,12.0,1,0
0,0,0,0,6.0,3,0
0,0,0,0,21.0,1,0
0,0,0,0,3.0,1,0
0,0,0,0,21.0,1,0
0,0,0,0,13.0,1,0
0,0,0,0,19.0,1,0
0,0,0,0,21.0,1,0
0,0,0,0,18.0,1,0
0,0,0,0,9.0,1,0
0,0,0,0,10.0,1,0
0,0,0,0,12.5,5,0
0,0,0,0,12.0,1,0
0,0,0,0,9.0,1,0
0,0,0,0,16.75,2,0
0,0,0,0,12.0,2,0
0,0,0,0,15.0,1,0
0,0,0,0,3.3333333333333335,2,0
0,0,0,0,13.333333333333334,4,0
0,0,0,0,14.0,1,0
0,0,0,0,16.0,1,0
0,0,0,0,21.0,1,0
0,0,0,0,4.0,1,0
0,0,0,0,11.0,1,0
0,0,0,0,7.0,1,0
0,0,0,0,9.0,2,0
0,0,0,0,7.0,1,0
0,0,0,0,16.0,1,0
0,0,0,0,15.0,1,0
0,0,0,0,8.666666666666666,2,0
0,0,0,0,1.0,1,0
0,0,0,0,22.0,1,0
0,0,0,0,21.0,1,0
0,0,0,0,16.0,1,0
0,0,0,0,8.0,1,0
0,0,0,0,17.0,1,0
0,0,0,0,16.0,1,0
0,0,0,0,11.0,1,0
0,0,0,0,21.0,1,0
0,0,0,0,7.0,1,0
0,0,0,0,0.0,1,0
0,0,0,0,12.0,1,0
0,0,0,0,22.0,1,0
0,0,0,0,20.0,1,0
0,0,0,0,17.0,1,0
0,0,0,0,12.666666666666666,2,0
0,0,0,0,23.0,1,0
0,0,0,0,9.0,1,0
0,0,0,0,8.0,1,0
0,0,0,0,22.0,1,0
0,0,0,0,23.0,1,0
0,0,0,0,9.0,1,0
0,0,0,0,22.0,1,0
0,0,0,0,6.0,1,0
0,0,0,0,16.0,1,0
0,0,0,0,18.0,1,0
0,0,0,0,9.0,1,0
0,0,0,0,20.0,1,0
0,0,0,0,7.0,1,0
0,0,0,0,20.0,1,0
0,0,0,0,21.0,1,0
0,0,0,0,22.0,1,0
0,0,0,0,8.0,1,0
0,0,0,0,7.0,1,0
0,0,0,0,9.333333333333334,3,0
0,0,0,0,12.0,1,0
0,0,0,0,15.75,4,0
0,0,0,0,13.444444444444445,6,0
0,0,0,0,15.142857142857142,7,0
0,0,0,0,8.7,7,0
0,0,0,0,15.0,13,1
0,0,0,0,16.1,7,0
0,0,0,0,12.724137931034482,22,1
0,0,0,0,16.473684210526315,15,1
0,0,0,0,14.647058823529411,13,1
0,0,0,0,14.444444444444445,16,1
0,0,0,0,11.620689655172415,18,1
0,0,0,0,10.333333333333334,3,0
0,0,0,0,22.0,1,0
0,0,0,0,8.0,1,0
0,0,0,0,22.0,1,0
0,0,0,0,22.0,1,0
0,0,0,0,9.0,1,0
0,0,0,0,23.0,1,0
0,0,0,0,7.0,1,0
0,0,0,0,17.0,1,0
0,0,0,0,21.0,1,0
0,0,0,1,9.0,2,0
0,0,0,0,3.0,1,0
0,0,0,0,15.045454545454545,17,1
0,0,0,0,14.8125,15,1
0,0,0,0,12.80952380952381,15,1
0,0,0,0,13.25,8,0
0,0,0,1,11.478260869565217,17,1
0,0,0,0,14.12,20,1
0,0,0,0,9.88888888888889,17,1
0,0,0,0,15.631578947368421,13,1
0,0,0,0,14.666666666666666,17,1
0,0,0,1,12.6,5,0
0,0,0,1,13.8,5,0
0,0,0,0,14.0,1,0
0,0,0,0,13.0,1,0
0,0,0,0,4.0,1,0
0,0,0,0,18.4,4,0
0,0,0,0,1.0,1,0
0,0,0,0,17.625,6,0
0,0,0,3,13.6,3,0
0,0,0,0,16.5,6,0
0,0,0,0,13.0,3,0
0,0,0,0,20.0,1,0
0,0,0,0,13.0,1,0
0,0,0,0,12.0,3,0
0,0,0,0,17.0,1,0
0,0,0,0,0.0,1,0
0,0,0,0,10.0,1,0
0,0,0,0,8.0,1,0
0,0,0,0,16.0,2,0
0,0,0,0,12.0,2,0
0,0,0,0,15.5,4,0
0,0,0,0,11.0,2,0
0,0,0,0,6.0,1,0
0,0,0,0,16.0,1,0
0,0,0,0,16.0,1,0
0,0,0,0,12.0,1,0
0,0,0,0,6.0,1,0
0,0,0,0,7.0,1,0
0,0,0,0,5.0,1,0
0,0,0,0,11.0,1,0
0,0,0,0,10.0,1,0
0,0,0,0,23.0,1,0
0,0,0,0,10.0,1,0
0,0,0,0,13.0,1,0
0,0,0,0,10.0,1,0
0,0,0,1,19.0,1,0
0,0,0,0,1.0,1,0
0,0,0,0,10.0,1,0
0,0,0,0,7.0,1,0
0,0,0,0,2.0,1,0
0,0,0,0,10.0,1,0
0,0,0,0,8.0,1,0
0,0,0,0,10.0,1,0
0,0,0,0,11.0,1,0
0,0,0,0,17.0,1,0
0,0,0,0,23.0,1,0
0,0,0,0,17.0,1,0
0,0,0,0,12.0,1,0
0,0,0,0,16.0,1,0
0,0,0,0,15.5,2,0
0,0,0,0,12.0,2,0
0,0,0,0,12.0,1,0
0,0,0,0,15.166666666666666,6,0
0,0,0,0,16.0,3,0
0,0,0,0,16.142857142857142,6,0
0,0,0,1,16.833333333333332,5,0
0,0,0,0,15.555555555555555,7,0
0,0,0,0,16.333333333333332,3,0
0,0,0,0,14.4,5,0
0,0,0,0,15.666666666666666,5,0
0,0,0,0,15.0,1,0
0,0,0,0,6.0,1,0
0,0,0,0,18.0,1,0
0,0,0,0,17.0,1,0
0,0,0,0,9.0,1,0
0,0,0,0,13.0,1,0
0,0,0,0,13.333333333333334,3,0
0,0,0,0,22.0,1,0
0,0,0,0,14.0,1,0
0,0,0,0,14.0,1,0
0,0,0,0,11.0,1,0
0,0,0,0,20.5,3,0
0,0,0,0,8.0,1,0
0,0,0,0,11.0,1,0
0,0,0,0,12.6,5,0
0,0,0,0,14.0,1,0
0,0,0,0,14.0,3,0
0,0,0,0,12.75,4,0
0,0,0,0,4.25,2,0
0,0,0,0,15.0,2,0
0,0,0,0,9.0,1,0
0,0,0,0,22.0,1,0
0,0,0,0,14.461538461538462,10,1
0,0,0,1,10.333333333333334,3,0
0,0,0,0,10.25,4,0
0,0,0,0,8.833333333333334,5,0
0,0,0,0,11.75,4,0
0,0,0,0,14.333333333333334,3,0
0,0,0,0,1.0,1,0
0,0,0,0,17.0,1,0
0,0,0,0,0.0,1,0
0,0,0,0,0.0,1,0
0,0,0,0,15.0,3,0
0,0,0,0,16.0,2,0
0,0,0,0,11.333333333333334,2,0
0,0,0,0,13.0,1,0
0,0,0,0,2.0,1,0
0,0,0,0,13.0,1,0
0,0,0,0,9.0,1,0
0,0,0,0,22.0,1,0
0,0,0,0,15.0,2,0
0,0,0,0,17.5,2,0
0,0,0,0,21.0,1,0
0,0,0,0,14.333333333333334,2,0
0,0,0,0,6.0,1,0
0,0,0,0,20.0,1,0
0,0,0,0,9.0,1,0
0,0,0,0,21.0,1,0
0,0,0,0,11.5,4,0
0,0,0,0,13.75,3,0
0,0,0,0,22.0,1,0
0,0,0,0,21.0,1,0
0,0,0,0,14.0,4,0
0,0,0,0,13.666666666666666,3,0
0,0,0,0,13.0,3,0
0,0,0,0,20.666666666666668,2,0
0,0,0,0,18.666666666666668,2,0
0,0,0,0,14.666666666666666,2,0
0,0,0,0,18.0,1,0
0,0,0,0,14.0,1,0
0,0,0,0,2.0,1,0
0,0,0,0,7.0,1,0
0,0,0,0,17.0,1,0
0,0,0,0,7.875,6,0
0,0,0,0,13.666666666666666,10,1
0,0,0,0,11.5,7,0
0,0,0,0,10.0625,11,1
0,0,0,0,10.875,8,0
0,0,0,0,16.0,2,0
0,0,0,0,11.5,2,0
0,0,0,0,16.0,1,0
0,0,0,0,22.0,1,0
0,0,0,0,8.0,1,0
0,0,0,0,9.0,1,0
0,0,0,0,23.0,1,0
0,0,0,0,0.0,1,0
0,0,0,0,12.0,1,0
0,0,0,0,12.0,4,0
0,0,0,0,11.0,5,0
0,0,0,0,13.416666666666666,8,1
0,0,0,0,10.75,6,0
0,0,0,0,10.538461538461538,9,1
0,0,0,0,16.88888888888889,7,0
0,0,0,0,7.5,4,0
0,0,0,1,11.0,3,0
0,0,0,0,8.857142857142858,6,0
0,0,0,4,12.866666666666667,11,1
0,0,0,2,10.222222222222221,7,0
0,0,0,0,14.0,8,0
0,0,0,0,13.636363636363637,11,0
0,0,0,0,6.0,1,0
0,0,0,0,9.0,1,0
0,1,0,0,18.142857142857142,7,0
0,0,0,0,22.0,1,0
0,0,0,0,6.666666666666667,3,0
0,0,0,0,10.0,1,0
0,0,0,0,23.0,1,0
0,0,0,0,19.0,3,0
0,0,0,0,16.333333333333332,3,0
0,0,0,0,17.666666666666668,3,0
0,0,0,0,9.5,2,0
0,0,0,0,9.0,1,0
0,0,0,0,7.0,1,0
0,0,0,0,13.0,2,0
0,0,0,0,8.0,1,0
0,0,0,0,10.0,1,0
0,0,0,0,18.0,1,0
0,0,0,0,22.0,1,0
0,0,0,0,20.0,1,0
0,0,0,0,20.0,1,0
0,0,0,0,21.0,1,0
0,0,0,0,22.0,1,0
0,0,0,0,22.0,1,0
0,0,0,0,10.4,8,0
0,0,0,0,12.333333333333334,4,0
0,0,0,0,11.0,3,0
0,0,0,0,9.0,1,0
0,0,0,0,23.0,1,0
0,0,0,0,10.0,1,0
0,0,0,0,10.0,2,0
0,0,0,0,2.0,1,0
0,0,0,0,10.0,1,0
0,0,0,0,22.0,1,0
0,0,0,0,13.0,1,0
0,0,0,0,17.5,2,0
0,0,0,0,13.0,3,0
0,0,0,0,22.333333333333332,2,0
0,0,0,0,14.0,2,0
0,0,0,0,0.0,1,0
0,0,0,0,1.0,1,0
0,0,0,0,11.666666666666666,2,0
0,0,0,0,0.0,1,0
0,0,0,0,19.0,1,0
0,0,0,0,7.0,2,0
0,0,0,0,11.75,2,0
0,0,0,0,18.0,1,0
0,0,0,0,8.642857142857142,8,1
0,0,0,0,17.333333333333332,7,0
0,0,0,0,12.909090909090908,5,0
0,0,0,0,5.0,3,0
0,0,0,0,13.666666666666666,3,0
0,0,0,0,5.0,2,0
0,0,0,0,22.0,1,0
0,0,0,0,4.666666666666667,3,0
0,0,0,0,22.0,1,0
0,0,0,0,6.0,1,0
0,0,0,0,21.333333333333332,3,0
0,0,0,0,17.0,3,0
0,0,0,0,18.25,8,1
0,0,0,0,19.0,2,0
0,0,0,0,10.833333333333334,5,0
0,0,0,0,11.0,1,0
0,0,0,0,22.0,1,0
0,0,0,0,7.8,3,0
0,0,0,0,11.0,1,0
0,0,0,0,11.857142857142858,12,1
0,0,0,0,12.5,8,0
0,0,0,0,11.0,3,0
0,0,0,0,16.666666666666668,3,0
0,0,0,0,18.666666666666668,2,0
0,0,0,0,11.0,1,0
0,0,0,0,17.5,4,0
0,0,0,0,15.5,2,0
0,0,0,0,11.666666666666666,3,0
0,0,0,0,7.0,1,0
0,0,0,0,23.0,1,0
0,0,0,0,17.0,1,0
0,0,0,0,20.0,1,0
0,0,0,0,22.0,2,0
0,0,0,0,16.0,1,0
0,0,0,0,9.0,1,0
0,0,0,0,10.0,2,0
0,0,0,0,21.0,1,0
0,0,0,0,7.0,1,0
0,0,0,0,2.0,1,0
0,0,0,0,0.0,1,0
0,0,0,0,8.0,1,0
0,0,0,0,0.0,1,0
0,0,0,0,1.0,1,0
0,0,0,0,21.0,1,0
0,0,0,0,2.0,1,0
0,0,0,0,13.0,1,0
0,0,0,0,17.0,1,0
0,0,0,0,10.0,1,0
0,0,0,0,13.0,1,0
0,0,0,0,13.0,1,0
0,0,0,0,22.0,2,0
0,0,0,0,15.0,1,0
0,0,0,0,17.0,1,0
0,0,0,0,15.0,1,0
0,0,0,0,17.0,1,0
0,0,0,0,13.5,2,0
0,0,0,0,14.25,2,0
0,0,0,0,21.0,3,0
0,0,0,0,23.0,1,0
0,0,0,0,23.0,1,0
0,0,0,0,11.0,1,0
0,0,0,0,3.6666666666666665,2,0
0,0,0,0,23.0,1,0
0,0,0,0,0.0,1,0
0,0,0,0,0.0,1,0
0,0,0,0,2.0,1,0
0,0,0,0,21.666666666666668,2,0
0,0,0,0,11.0,1,0
0,0,0,0,8.0,1,0
0,0,0,0,21.0,1,0
0,0,0,0,16.0,1,0
0,0,0,0,10.0,1,0
0,0,0,0,1.0,1,0
0,0,0,0,9.0,1,0
0,0,0,0,14.5,2,0
0,0,0,0,12.0,1,0
0,0,0,0,23.0,1,0
0,0,0,0,22.333333333333332,2,0
0,0,0,0,23.0,1,0
0,0,0,0,16.0,1,0
0,0,0,0,10.0,1,0
0,0,0,0,13.0,1,0
0,0,0,0,9.0,1,0
0,0,0,0,18.5,2,0
0,0,0,0,11.0,1,0
0,0,0,0,18.0,1,0
0,0,0,0,6.666666666666667,3,0
0,0,0,0,8.0,2,0
0,0,0,0,23.0,1,0
0,0,0,0,20.0,1,0
0,0,0,0,1.0,1,0
0,0,0,0,6.0,1,0
0,0,0,0,14.0,1,0
0,0,0,0,7.0,1,0
0,0,0,0,18.0,1,0
0,0,0,0,20.0,1,0
0,0,0,0,7.0,1,0
0,0,0,0,7.166666666666667,4,0
0,0,0,0,0.0,1,0
0,0,0,0,12.666666666666666,2,0
0,0,0,0,23.0,1,0
0,0,0,0,3.2,3,0
0,0,0,0,11.4,5,0
0,0,0,0,8.0,1,0
0,0,0,0,9.5,6,1
0,0,0,0,9.625,8,0
0,0,0,0,12.0,6,0
0,0,0,0,10.2,7,0
0,0,0,0,12.8,5,0
0,0,0,0,11.8,5,0
0,0,0,0,3.5,2,0
0,0,0,0,8.0,1,0
0,0,0,0,17.0,1,0
0,0,0,0,13.0,1,0
0,0,0,0,11.0,1,0
0,0,0,0,9.0,1,0
0,0,0,0,9.5,2,0
0,0,0,0,8.0,1,0
0,0,0,0,13.0,1,0
0,0,0,0,9.0,1,0
0,0,0,0,12.0,1,0
0,0,0,0,3.0,1,0
0,0,0,4,21.0,1,0
0,0,0,0,14.0,1,0
0,0,0,0,18.0,1,0
0,0,0,0,7.0,3,0
0,0,0,0,13.0,2,0
0,0,0,0,11.0,1,0
0,0,0,0,12.5,2,0
0,0,0,0,8.0,1,0
0,0,0,0,21.0,1,0
0,0,0,0,1.0,1,0
0,0,0,0,13.666666666666666,2,0
0,0,0,0,23.0,2,0
0,0,0,0,21.0,1,0
0,0,0,0,17.0,1,0
0,0,0,0,6.0,1,0
0,0,0,0,15.0,6,0
0,0,0,0,10.0,2,0
0,0,0,0,14.75,4,0
0,0,0,0,11.75,4,0
0,0,0,0,8.0,3,0
0,0,0,0,15.0,4,0
0,0,0,0,9.6,3,0
0,0,0,0,9.0,3,0
0,0,0,0,11.333333333333334,2,0
0,0,0,0,0.0,1,0
0,0,0,0,14.0,1,0
0,0,0,0,16.0,1,0
0,0,0,0,11.0,1,0
0,0,0,0,4.0,1,0
0,0,0,0,10.0,1,0
0,0,0,0,12.0,1,0
0,0,0,0,10.0,1,0
0,0,0,0,9.0,1,0
0,0,0,0,8.0,1,0
0,0,0,0,11.0,2,0
0,0,0,0,23.0,1,0
0,0,0,0,0.0,1,0
0,0,0,0,22.0,1,0
0,0,0,0,11.0,1,0
0,0,0,0,1.0,1,0
0,0,0,0,23.0,1,0
0,0,0,0,13.0,1,0
0,0,0,0,1.0,1,0
0,0,0,0,23.0,1,0
0,0,0,0,8.0,1,0
0,0,0,0,22.0,1,0
0,0,0,0,13.0,1,0
0,0,0,0,21.0,1,0
0,0,0,0,8.0,1,0
0,0,0,0,14.0,1,0
0,0,0,0,17.0,1,0
0,0,0,0,1.0,1,0
0,0,0,0,14.0,1,0
0,0,0,0,17.0,1,0
0,0,0,0,22.0,1,0
0,0,0,0,0.0,1,0
0,0,0,0,10.0,1,0
0,0,0,0,23.0,1,0
0,0,0,0,1.0,1,0
0,0,0,0,22.0,1,0
0,0,0,0,19.0,1,0
0,0,0,0,3.0,1,0
0,0,0,0,0.0,1,0
0,0,0,0,20.0,1,0
0,0,0,0,20.0,1,0
0,0,0,0,2.0,1,0
0,0,0,0,11.0,1,0
0,0,0,0,16.0,1,0
0,0,0,0,19.0,1,0
0,0,0,0,16.0,1,0
0,0,0,0,2.0,1,0
0,0,0,0,10.0,1,0
0,0,0,0,1.0,1,0
0,0,0,0,19.0,1,0
0,0,0,0,23.0,1,0
0,0,0,0,2.0,1,0
0,0,0,0,3.0,1,0
0,0,0,0,1.5,2,0
0,0,0,0,2.5,2,0
0,0,0,0,16.0,1,0
0,0,0,0,23.0,1,0
0,0,0,0,19.0,1,0
0,0,0,0,0.0,1,0
0,0,0,0,15.0,1,0
0,0,0,0,20.0,1,0
0,0,0,0,15.0,2,0
0,0,0,0,19.0,1,0
0,0,0,0,17.0,1,0
0,0,0,0,21.0,1,0
0,0,0,0,13.0,1,0
0,0,0,0,22.0,1,0
0,0,0,0,21.0,1,0
0,0,0,0,18.333333333333332,2,0
0,0,0,0,10.0,1,0
0,0,0,0,3.0,1,0
0,0,0,0,17.0,1,0
0,0,0,0,1.0,1,0
0,0,0,0,11.0,1,0
0,0,0,0,23.0,1,0
0,0,0,0,19.0,2,0
0,0,0,0,7.333333333333333,2,0
0,0,0,0,17.0,1,0
0,0,0,0,3.0,1,0
0,0,0,0,9.0,1,0
0,0,0,0,2.0,1,0
0,0,0,0,19.0,1,0
0,0,0,0,21.0,1,0
0,0,0,0,13.0,2,0
0,0,0,0,0.0,1,0
0,0,0,0,0.0,1,0
0,0,0,0,14.0,1,0
0,0,0,0,23.0,1,0
0,0,0,0,6.0,2,0
0,0,0,0,1.5,2,0
0,0,0,0,2.0,1,0
0,0,0,0,5.5,2,0
0,0,0,0,10.0,1,0
0,0,0,0,22.0,1,0
0,0,0,0,3.0,1,0
0,0,0,0,13.25,4,0
0,0,0,0,12.0,5,0
0,0,0,0,18.0,1,0
0,0,0,0,9.0,2,0
0,0,0,1,11.6,5,0
0,0,0,0,11.0,3,0
0,0,0,0,16.0,2,0
0,0,0,0,0.0,1,0
0,0,0,0,20.0,1,0
0,0,0,0,9.0,1,0
0,0,0,0,16.75,2,0
0,0,0,0,23.0,1,0
0,0,0,0,22.0,1,0
0,0,0,0,17.0,1,0
0,0,0,0,23.0,1,0
0,0,0,0,23.0,1,0
0,0,0,0,17.0,1,0
0,0,0,0,13.0,1,0
0,0,0,0,20.0,1,0
0,0,0,0,19.0,1,0
0,0,0,0,19.0,1,0
0,0,0,0,22.0,1,0
0,0,0,0,23.0,1,0
0,0,0,0,8.0,1,0
0,0,0,0,21.0,1,0
0,0,0,0,23.0,1,0
0,0,0,0,9.0,1,0
0,0,0,0,21.0,1,0
0,0,0,0,0.0,1,0
0,0,0,0,3.0,1,0
0,0,0,0,0.0,1,0
0,0,0,0,20.0,1,0
0,0,0,0,10.0,1,0
0,0,0,0,11.0,1,0
0,0,0,0,18.0,1,0
0,0,0,0,1.0,1,0
0,0,0,0,10.0,1,0
0,0,0,0,22.0,1,0
0,0,0,0,11.0,1,0
0,0,0,0,15.0,1,0
0,0,0,0,23.0,1,0
0,0,0,0,22.0,1,0
0,0,0,0,2.0,1,0
0,0,0,0,21.0,1,0
0,0,0,0,15.0,1,0
0,0,0,0,8.333333333333334,2,0
0,0,0,0,20.0,4,0
0,0,0,0,22.5,2,0
0,0,0,0,8.0,5,0
0,0,0,0,12.2,4,0
0,0,0,0,22.0,1,0
0,0,0,0,0.0,1,0
0,0,0,0,17.2,3,0
0,0,0,0,9.5,4,0
0,0,0,0,17.0,1,0
0,0,0,0,16.0,1,0
0,0,0,0,18.0,1,0
0,0,0,0,20.0,2,0
0,0,0,0,20.0,2,0
0,0,0,0,1.0,1,0
0,0,0,0,16.0,1,0
0,0,0,0,3.0,1,0
0,0,0,0,20.0,2,0
0,0,0,0,16.0,1,0
0,0,0,0,20.0,1,0
0,0,0,0,14.5,2,0
0,0,0,0,9.0,1,0
0,0,0,0,21.0,1,0
0,0,0,0,21.0,1,0
0,0,0,0,20.0,1,0
0,0,0,0,1.0,1,0
0,0,0,0,21.0,1,0
0,0,0,0,17.0,1,0
0,0,0,0,15.0,1,0
0,0,0,0,16.285714285714285,5,0
0,0,0,0,13.5,2,0
0,0,0,0,14.0,2,0
0,0,0,0,11.666666666666666,3,0
0,0,0,0,18.0,1,0
0,0,0,1,7.0,1,0
0,0,0,0,14.0,1,0
0,0,0,0,23.0,1,0
0,0,0,0,14.333333333333334,2,0
0,0,0,0,1.0,1,0
0,0,0,0,9.0,1,0
0,0,0,0,14.0,1,0
0,0,0,0,12.5,2,0
0,0,0,0,17.0,1,0
0,0,0,0,22.0,1,0
0,0,0,0,4.0,1,0
0,0,0,0,11.0,1,0
0,0,0,0,17.0,1,0
0,0,0,0,23.0,1,0
0,0,0,0,13.0,1,0
0,0,0,0,9.0,1,0
0,0,0,0,21.0,1,0
0,0,0,1,8.5,2,0
0,0,0,0,9.0,2,0
0,0,0,0,17.5,2,0
0,0,0,0,1.0,1,0
0,0,0,0,4.0,1,0
0,0,0,0,19.0,1,0
0,0,0,0,12.0,2,0
0,0,0,0,11.0,1,0
0,0,0,0,18.0,1,0
0,0,0,0,17.0,1,0
0,0,0,0,19.0,1,0
0,0,0,0,15.666666666666666,2,0
0,0,0,0,10.0,1,0
0,0,0,0,21.0,1,0
0,0,0,0,19.0,1,0
0,0,0,0,3.0,1,0
0,0,0,0,19.0,1,0
0,0,0,0,22.0,1,0
0,0,0,0,2.0,1,0
0,0,0,0,0.0,1,0
0,0,0,0,23.0,1,0
0,0,0,0,1.0,1,0
0,0,0,0,18.666666666666668,2,0
0,0,0,0,2.0,1,0
0,0,0,0,23.0,1,0
0,0,0,0,21.0,1,0
0,0,0,0,13.666666666666666,2,0
0,0,0,0,9.0,1,0
0,0,0,0,6.0,1,0
0,0,0,0,14.0,1,0
0,0,0,0,21.0,1,0
0,0,0,0,10.5,2,0
0,0,0,0,17.0,1,0
0,0,0,0,11.666666666666666,2,0
0,0,0,0,0.0,1,0
0,0,0,0,3.0,1,0
0,0,0,0,2.0,1,0
0,0,0,0,18.0,1,0
0,0,0,0,11.0,1,0
0,0,0,0,18.0,1,0
0,0,0,0,12.0,1,0
0,0,0,0,14.0,1,0
0,0,0,0,23.0,1,0
0,0,0,0,23.0,1,0
0,0,0,0,17.0,1,0
0,0,0,0,23.0,1,0
0,0,0,0,9.0,1,0
0,0,0,0,0.0,1,0
0,0,0,0,23.0,1,0
0,0,0,0,8.0,1,0
0,0,0,0,1.0,1,0
0,0,0,0,13.0,1,0
0,0,0,0,10.5,2,0
0,0,0,0,9.0,2,0
0,0,0,0,12.0,1,0
0,0,0,0,20.0,1,0
0,0,0,0,22.0,1,0
0,0,0,0,17.0,1,0
0,0,0,0,3.0,1,0
0,0,0,0,1.0,1,0
0,0,0,0,0.0,1,0
0,0,0,0,18.0,1,0
0,0,0,0,10.0,1,0
0,0,0,0,0.0,1,0
0,0,0,0,20.0,1,0
0,0,0,0,17.0,1,0
0,0,0,0,15.0,1,0
0,0,0,0,18.0,1,0
0,0,0,0,19.0,1,0
0,0,0,0,8.0,1,0
0,0,0,0,12.0,1,0
0,0,0,0,9.0,1,0
0,0,0,0,9.0,1,0
0,0,0,0,2.0,1,0
0,0,0,0,10.0,1,0
0,0,0,0,13.0,1,0
0,0,0,0,17.0,1,0
0,0,0,0,20.0,1,0
0,0,0,0,20.0,1,0
0,0,0,0,6.0,1,0
0,0,0,0,23.0,1,0
0,0,0,0,11.0,1,0
0,0,0,0,13.0,1,0
0,0,0,0,13.0,1,0
0,0,0,0,10.0,1,0
0,0,0,0,9.0,1,0
0,0,0,0,9.0,1,0
0,0,0,0,9.0,1,0
0,0,0,0,10.0,1,0
0,0,0,0,23.0,1,0
0,0,0,0,22.0,1,0
0,0,0,0,23.0,1,0
0,0,0,0,17.0,1,0
0,0,0,0,10.0,1,0
0,0,0,0,10.0,1,0
0,0,0,0,13.0,1,0
0,0,0,0,9.75,4,0
0,0,0,0,10.555555555555555,3,0
0,0,0,0,0.0,1,0
0,0,0,0,22.0,1,0
0,0,0,0,7.0,1,0
0,0,0,0,23.0,1,0
0,0,0,0,22.0,1,0
0,0,0,0,12.0,1,0
0,0,0,0,11.0,1,0
0,0,0,0,19.0,1,0
0,0,0,0,20.0,1,0
0,0,0,0,17.0,3,0
0,0,0,0,11.0,2,0
0,0,0,0,22.0,1,0
0,0,0,0,18.0,3,0
0,0,0,0,17.666666666666668,2,0
0,0,0,0,12.0,1,0
0,0,0,0,11.0,1,0
0,0,0,0,10.0,1,0
0,0,0,0,22.0,1,0
0,0,0,0,2.0,1,0
0,0,0,0,9.0,1,0
0,0,0,0,1.0,1,0
0,0,0,0,16.0,1,0
0,0,0,0,15.25,3,0
0,0,0,0,1.0,1,0
0,0,0,0,23.0,1,0
0,0,0,0,16.0,1,0
0,0,0,0,15.666666666666666,3,0
0,0,0,0,16.0,1,0
0,0,0,0,21.0,1,0
0,0,0,0,23.0,1,0
0,0,0,0,14.2,4,0
0,0,0,0,17.25,3,0
0,0,0,0,16.0,3,0
0,0,0,0,8.6,4,0
0,0,0,0,13.0,2,0
0,0,0,0,7.333333333333333,3,0
0,0,0,0,15.5,2,0
0,0,0,0,16.75,3,0
0,0,0,4,11.2,3,0
0,0,0,0,18.333333333333332,2,0
0,0,0,0,13.75,2,0
0,0,0,0,18.0,2,0
0,0,0,0,15.0,2,0
0,0,0,0,14.0,1,0
0,0,0,0,16.0,1,0
0,0,0,0,10.0,1,0
0,0,0,0,21.0,1,0
0,0,0,0,16.0,1,0
0,0,0,0,7.0,1,0
0,0,0,0,6.0,2,0
0,2,0,0,17.75,8,1
0,0,0,0,8.25,4,0
0,0,0,0,0.0,1,0
0,0,0,0,16.666666666666668,3,0
0,0,0,0,7.0,1,0
0,0,0,0,9.0,1,0
0,0,0,0,10.0,1,0
0,0,0,0,15.0,2,0
0,0,0,0,7.0,1,0
0,0,0,0,23.0,1,0
0,0,0,0,0.0,1,0
0,0,0,1,3.0,1,0
0,0,0,0,22.0,1,0
0,0,0,0,16.0,1,0
0,0,0,0,16.0,1,0
0,0,0,0,18.0,1,0
0,0,0,0,22.0,1,0
0,0,0,0,22.0,1,0
0,0,0,0,2.0,1,0
0,0,0,0,1.0,1,0
0,0,0,0,20.0,1,0
0,0,0,0,17.0,1,0
0,0,0,0,15.0,1,0
0,0,0,0,2.0,1,0
0,0,0,0,10.0,1,0
0,0,0,0,23.0,1,0
0,0,0,0,11.333333333333334,3,0
0,0,0,0,17.0,1,0
0,0,0,0,13.0,3,0
0,0,0,0,19.666666666666668,2,0
0,0,0,0,15.727272727272727,10,0
0,0,0,0,13.666666666666666,9,0
0,0,0,0,12.444444444444445,8,0
0,0,0,0,10.647058823529411,8,1
0,0,0,0,15.25,14,1
0,0,0,0,13.681818181818182,12,1
0,0,0,0,15.666666666666666,5,0
0,0,0,0,14.0,18,1
0,0,0,0,14.181818181818182,20,1
0,0,0,4,9.038461538461538,15,1
0,0,0,0,12.25,7,0
0,0,0,0,17.8,4,0
0,0,0,1,15.333333333333334,6,0
0,0,0,0,12.333333333333334,5,0
0,0,0,0,10.75,4,0
0,0,0,0,12.0,1,0
0,0,0,0,14.0,1,0
0,0,0,0,14.0,1,0
0,0,0,0,9.0,1,0
0,0,0,0,3.0,1,0
0,0,0,0,9.0,1,0
0,0,0,0,0.0,1,0
0,0,0,0,22.0,1,0
0,0,0,0,18.0,1,0
0,0,0,0,22.0,1,0
0,0,0,0,0.0,1,0
0,0,0,0,4.0,1,0
0,0,0,0,18.0,1,0
0,0,0,0,22.0,2,0
0,0,0,0,14.5,2,0
0,0,0,0,7.0,1,0
0,0,0,0,12.0,2,0
0,0,0,0,3.0,1,0
0,0,0,0,23.0,1,0
0,0,0,0,17.0,1,0
0,0,0,0,9.0,1,0
0,0,0,0,18.0,1,0
0,0,0,0,16.0,1,0
0,0,0,0,13.0,1,0
0,0,0,0,17.428571428571427,7,0
0,0,0,0,20.0,1,0
0,0,0,0,9.0,1,0
0,0,0,0,17.0,3,0
0,0,0,0,18.25,7,0
0,0,0,0,10.2,4,0
0,0,0,0,5.166666666666667,9,1
0,0,0,0,18.333333333333332,3,0
0,0,0,0,14.6,5,0
0,0,0,0,6.0,1,0
0,0,0,0,3.0,1,0
0,0,0,0,19.0,2,0
0,0,0,0,12.0,1,0
0,0,0,0,14.0,1,0
0,0,0,1,13.0,3,0
0,0,0,0,2.0,1,1
0,0,0,0,8.0,1,0
0,0,0,0,0.0,1,0
0,0,0,0,14.0,1,0
0,0,0,0,10.0,1,0
0,0,0,0,4.0,1,0
0,0,0,0,9.0,1,0
0,0,0,0,22.0,1,0
0,0,0,0,12.0,1,0
0,0,0,0,4.0,1,0
0,0,0,0,11.0,1,0
0,0,0,0,0.0,1,0
0,0,0,1,16.125,6,0
0,0,0,1,13.727272727272727,8,0
0,0,0,4,13.166666666666666,10,1
0,0,0,0,4.0,1,0
0,0,0,1,12.0,8,0
0,0,0,0,15.5,2,0
0,0,0,0,0.0,1,0
0,0,0,0,21.0,1,0
0,0,0,0,8.0,1,0
0,0,0,0,23.0,1,0
0,0,0,0,6.555555555555555,6,0
0,0,0,0,13.166666666666666,5,0
0,0,0,0,16.0,1,0
0,0,0,0,19.75,2,0
0,0,0,0,1.0,1,0
0,0,0,0,1.0,1,0
0,0,0,0,17.0,1,0
0,0,0,0,20.0,1,0
0,0,0,0,7.111111111111111,7,1
0,0,0,0,8.333333333333334,4,0
0,0,0,0,13.0,3,0
0,0,0,2,13.833333333333334,8,1
0,0,0,0,17.11111111111111,4,0
0,0,0,0,13.214285714285714,10,1
0,0,0,0,15.95,12,1
0,0,0,0,14.166666666666666,9,1
0,0,0,0,14.73913043478261,16,1
0,0,0,0,13.166666666666666,5,0
0,0,0,0,13.0,1,0
0,0,0,0,15.0,3,0
0,0,0,0,14.666666666666666,2,0
0,0,0,0,6.0,1,0
0,0,0,0,0.0,1,0
0,0,0,2,2.0,1,0
0,0,0,0,13.5,2,0
0,0,0,0,19.0,1,0
0,0,0,0,21.0,1,0
0,0,0,0,6.0,1,0
0,0,0,0,19.0,1,0
0,0,0,0,13.0,1,0
0,0,0,0,20.0,1,0
0,0,0,0,21.0,1,0
0,0,0,0,8.0,1,0
0,0,0,0,8.0,1,0
0,0,0,0,23.0,1,0
0,0,0,0,22.0,1,0
0,0,0,0,15.0,1,0
0,0,0,0,11.4,3,0
0,0,0,0,23.0,1,0
0,0,0,0,23.0,1,0
0,0,0,0,17.0,1,0
0,0,0,0,15.0,1,0
0,0,0,0,11.0,1,0
0,0,0,0,17.0,1,0
0,0,0,0,14.5,2,0
0,0,0,0,15.0,1,0
0,0,0,0,17.0,1,0
0,0,0,0,1.0,1,0
0,0,0,0,9.0,1,0
0,0,0,0,5.333333333333333,2,0
0,0,0,0,16.0,1,0
0,0,0,0,23.0,1,0
0,0,0,0,15.0,1,0
0,0,0,0,13.5,3,0
0,0,0,0,10.333333333333334,6,0
0,0,0,0,14.68421052631579,14,1
0,0,0,0,11.9,9,0
0,0,0,0,15.6,12,1
0,0,0,10,12.416666666666666,20,1
0,0,0,2,12.538461538461538,7,1
0,0,0,1,13.285714285714286,6,0
0,0,0,0,8.75,4,0
0,0,0,0,12.833333333333334,6,0
0,0,0,0,0.0,1,0
0,0,0,0,9.0,1,0
0,0,0,0,2.0,1,0
0,0,0,0,23.0,1,0
0,0,0,0,22.0,1,0
0,0,0,0,7.0,1,0
0,0,0,0,3.5,2,0
0,0,0,0,16.0,1,0
0,0,0,0,11.666666666666666,2,0
0,0,0,0,7.0,1,0
0,0,0,0,12.666666666666666,2,0
0,0,0,0,11.4,4,0
0,0,0,0,14.4,4,0
0,0,0,0,10.0,2,0
0,0,0,0,9.0,1,0
0,0,0,0,8.0,1,0
0,0,0,0,19.0,1,0
0,0,0,0,23.0,1,0
0,0,0,0,14.0,1,0
0,0,0,0,17.0,1,0
0,0,0,0,10.0,1,0
0,0,0,0,8.0,1,0
0,0,0,0,18.0,1,0
0,0,0,0,8.5,2,0
0,0,0,0,0.0,1,0
0,0,0,0,15.333333333333334,2,0
0,0,0,0,1.0,1,0
0,0,0,0,16.0,1,0
0,0,0,0,22.0,1,0
0,0,0,0,11.0,1,0
0,0,0,0,18.0,1,0
0,0,0,0,17.8,4,0
0,0,0,0,23.0,1,0
0,0,0,0,13.0,1,0
0,0,0,0,17.0,1,0
0,0,0,0,23.0,1,0
0,0,0,0,18.0,1,0
0,0,0,0,2.4,2,0
0,0,0,0,11.666666666666666,3,0
0,0,0,0,22.0,1,0
0,0,0,0,16.0,4,0
0,0,0,0,7.0,1,0
0,0,0,0,10.0,1,0
0,0,0,0,22.0,1,0
0,0,0,0,9.0,1,0
0,0,0,0,19.0,1,0
0,0,0,0,3.0,1,0
0,0,0,0,22.0,1,0
0,0,0,0,9.25,3,0
0,0,0,0,15.166666666666666,4,0
0,0,0,0,17.0,4,0
0,0,0,0,18.2,4,0
0,0,0,0,18.0,1,0
0,0,0,2,14.875,8,0
0,0,0,0,18.0,6,0
0,0,0,0,20.666666666666668,3,0
0,0,0,0,11.333333333333334,3,0
0,0,0,0,22.0,1,0
0,0,0,0,13.0,1,0
0,0,0,0,8.0,1,0
0,0,0,0,0.0,1,0
0,0,0,0,10.0,1,0
0,0,0,0,1.0,1,0
0,0,0,0,8.0,1,0
0,0,0,0,15.0,1,0
0,0,0,0,16.0,1,0
0,0,0,0,9.0,1,0
0,0,0,0,13.0,1,0
0,0,0,0,22.0,1,0
0,0,0,0,23.0,1,0
0,0,0,0,20.0,1,0
0,0,0,0,23.0,1,0
0,0,0,0,23.0,1,0
0,0,0,0,23.0,1,0
0,0,0,0,3.0,1,0
0,0,0,0,21.5,3,0
0,0,0,0,12.4,5,0
0,0,0,0,8.0,1,0
0,0,0,0,13.5,2,0
0,0,0,0,20.0,1,0
0,0,0,0,22.0,1,0
0,0,0,0,10.0,1,0
0,0,0,0,3.0,1,0
0,0,0,0,0.0,1,0
0,0,0,0,17.0,1,0
0,0,0,0,10.0,1,0
0,0,0,0,22.0,1,0
0,0,0,0,2.0,1,0
0,0,0,0,0.0,1,0
0,0,0,0,23.0,1,0
0,0,0,0,17.0,1,0
0,0,0,0,23.0,1,0
0,0,0,0,10.0,1,0
0,0,0,0,21.0,1,0
0,0,0,0,10.0,1,0
0,0,0,0,13.0,1,0
0,0,0,0,8.0,1,0
0,0,0,0,8.0,1,0
0,0,0,0,6.0,1,0
0,0,0,0,16.0,2,0
0,0,0,0,8.0,1,0
0,0,0,0,23.0,1,0
0,0,0,0,11.0,1,0
0,0,0,0,22.0,1,0
0,0,0,0,23.0,1,0
0,0,0,0,2.0,1,0
0,0,0,0,1.0,1,0
0,0,0,0,9.5,2,0
0,0,0,0,18.0,2,0
0,0,0,0,6.666666666666667,2,0
0,0,0,1,18.0,2,0
0,0,0,0,7.0,1,0
0,0,0,0,3.0,3,0
0,0,0,0,22.0,1,0
0,0,0,0,8.5,2,0
0,0,0,0,14.333333333333334,3,0
0,0,0,0,2.6666666666666665,3,0
0,0,0,0,1.0,1,0
0,0,0,0,14.5,2,0
0,0,0,0,7.25,3,0
0,0,0,0,8.0,1,0
0,0,0,0,19.0,2,0
0,0,0,0,12.0,2,0
0,0,0,0,10.0,2,0
0,0,0,0,7.0,1,0
0,0,0,0,22.0,1,0
0,0,0,0,8.0,2,0
0,0,0,0,16.0,1,0
0,0,0,0,17.0,1,0
0,0,0,0,22.0,1,0
0,0,0,0,6.0,1,0
0,0,0,0,14.0,1,0
0,0,0,0,4.0,2,0
0,0,0,0,23.0,1,0
0,0,0,0,16.0,1,0
0,0,0,0,14.25,3,0
0,0,0,0,11.0,3,0
0,0,0,0,2.25,2,0
0,0,0,0,17.0,2,0
0,0,0,0,14.0625,14,1
0,0,0,1,12.714285714285714,12,1
0,0,0,4,14.904761904761905,17,1
0,0,0,0,16.666666666666668,13,1
0,0,0,0,12.692307692307692,12,1
0,0,0,0,15.666666666666666,6,1
0,0,0,0,11.956521739130435,19,1
0,0,0,0,15.666666666666666,12,1
0,0,0,0,12.0,19,1
0,0,0,0,11.473684210526315,16,1
0,0,0,0,11.9,9,0
0,0,0,2,11.1,14,1
0,0,0,0,15.0,5,0
0,0,0,0,7.333333333333333,5,0
0,0,0,0,11.0,2,0
0,0,0,0,16.0,3,0
0,0,0,0,11.5,2,0
0,0,0,0,2.0,1,0
0,0,0,0,18.0,1,0
0,0,0,0,21.0,1,0
0,0,0,0,15.0,1,0
0,0,0,0,17.0,1,0
0,0,0,0,0.0,1,0
0,0,0,0,23.0,1,0
0,0,0,0,17.0,1,0
0,0,0,0,7.0,1,0
0,0,0,0,3.0,1,0
0,0,0,0,11.0,1,0
0,0,0,0,0.0,1,0
0,0,0,0,23.0,1,0
0,0,0,0,20.0,1,0
0,0,0,0,15.0,1,0
0,0,0,0,13.0,1,0
0,0,0,0,19.666666666666668,3,0
0,0,0,0,19.0,1,0
0,0,0,0,18.0,1,0
0,0,0,0,12.0,1,0
0,0,0,0,22.0,1,0
0,0,0,0,20.5,2,0
0,0,0,0,21.666666666666668,3,0
0,0,0,0,13.0,1,0
0,0,0,0,16.0,1,0
0,0,0,0,0.0,1,0
0,0,0,0,1.0,1,0
0,0,0,0,22.0,1,0
0,0,0,0,8.0,1,0
0,0,0,0,1.0,1,0
0,0,0,0,17.0,4,0
0,0,0,0,7.5,2,0
0,0,0,0,0.0,2,0
0,0,0,0,19.333333333333332,2,0
0,0,0,0,21.0,1,0
0,0,0,0,8.5,2,0
0,0,0,0,3.0,3,0
0,0,0,0,15.0,1,0
0,0,0,0,21.0,1,0
0,0,0,0,1.0,1,0
0,0,0,0,9.0,1,0
0,0,0,0,22.0,1,0
0,0,0,0,22.0,1,0
0,0,0,0,11.0,1,0
0,0,0,0,1.0,1,0
0,0,0,0,22.0,1,0
0,0,0,0,20.0,1,0
0,0,0,0,16.0,1,0
0,0,0,0,12.0,1,0
0,0,0,0,21.0,1,0
0,0,0,0,21.0,1,0
0,0,0,0,0.0,1,0
0,0,0,0,20.0,1,0
0,0,0,0,13.0,1,0
0,0,0,0,11.0,1,0
0,0,0,0,0.0,1,0
0,0,0,0,18.0,1,0
0,0,0,0,17.0,1,0
0,0,0,1,8.5,2,0
0,0,0,0,16.0,1,0
0,0,0,0,0.0,1,0
0,0,0,0,19.0,1,0
0,0,0,0,10.0,1,0
0,0,0,0,0.0,1,0
0,0,0,0,18.0,1,0
0,0,0,0,20.0,1,0
0,0,0,0,22.0,1,0
0,0,0,0,23.0,1,0
0,0,0,0,23.0,1,0
0,0,0,0,18.0,1,0
0,0,0,0,13.0,2,0
0,0,0,0,9.0,1,0
0,0,0,0,21.0,1,0
0,0,0,0,22.0,1,0
0,0,0,0,17.0,1,0
0,0,0,0,0.0,1,0
0,0,0,0,21.0,1,0
0,0,0,0,19.0,1,0
0,0,0,0,22.0,1,0
0,0,0,0,2.0,1,0
0,0,0,0,16.0,1,0
0,0,0,0,11.0,2,0
0,0,0,0,19.666666666666668,2,0
0,0,0,0,16.0,2,0
0,0,0,0,10.4,5,0
0,0,0,0,20.0,1,0
0,0,0,0,23.0,1,0
0,0,0,0,23.0,1,0
0,0,0,0,1.0,1,0
0,0,0,0,9.0,1,0
0,0,0,0,10.0,1,0
0,0,0,0,8.0,1,0
0,0,0,0,10.0,1,0
0,0,0,0,13.8,4,0
0,0,0,0,2.0,1,0
0,0,0,0,9.0,1,0
0,0,0,0,14.0,1,0
0,0,0,0,18.0,1,0
0,0,0,0,18.0,1,0
0,0,0,0,6.0,1,0
0,0,0,0,0.0,1,0
0,0,0,0,16.25,4,0
0,0,0,0,5.0,1,0
0,0,0,0,19.0,1,0
0,0,0,0,21.0,1,0
0,0,0,0,19.0,1,0
0,0,0,0,23.0,1,0
0,0,0,0,1.0,1,0
0,0,0,0,13.0,1,0
0,0,0,0,0.0,1,0
0,0,0,0,8.0,1,0
0,0,0,0,21.0,1,0
0,0,0,0,8.0,1,0
0,0,0,0,12.0,1,0
0,0,0,0,14.0,1,0
0,0,0,0,10.0,1,0
0,0,0,0,17.0,1,0
0,0,0,0,9.0,1,0
0,0,0,0,20.0,1,0
0,0,0,0,20.0,1,0
0,0,0,0,21.0,1,0
0,0,0,0,8.0,1,0
0,0,0,0,23.0,1,0
0,0,0,0,23.0,1,0
0,0,0,0,6.0,1,0
0,0,0,1,14.0,1,0
0,0,0,0,9.0,1,0
0,0,0,0,20.0,1,0
0,0,0,0,22.0,1,0
0,0,0,0,3.0,1,0
0,0,0,0,0.0,1,0
0,0,0,0,0.0,1,0
0,0,0,0,0.0,1,0
0,0,0,0,22.0,1,0
0,0,0,0,1.0,1,0
0,0,0,0,18.0,1,0
0,0,0,0,8.0,1,0
0,0,0,0,12.0,1,0
0,0,0,0,14.0,2,0
0,0,0,0,13.5,4,0
0,0,0,0,21.0,1,0
0,0,0,0,5.4,3,0
0,0,0,0,15.25,3,0
0,0,0,0,15.0,1,0
0,0,0,0,2.0,1,0
0,0,0,0,14.5,4,0
0,0,0,0,14.545454545454545,9,0
0,0,0,0,15.5,2,0
0,0,0,0,0.0,2,0
0,0,0,0,16.666666666666668,3,0
0,0,0,0,22.0,1,0
0,0,0,0,22.0,1,0
0,0,0,0,17.0,1,0
0,0,0,0,20.333333333333332,2,0
0,0,0,0,23.0,1,0
0,0,0,0,9.0,1,0
0,0,0,0,12.0,1,0
0,0,0,0,19.0,1,0
0,0,0,0,16.0,1,0
0,0,0,0,23.0,1,0
0,0,0,0,23.0,1,0
0,0,0,0,19.0,1,0
0,0,0,0,20.0,1,0
0,0,0,0,15.0,1,0
0,0,0,0,6.0,1,0
0,0,0,0,20.0,1,0
0,0,0,0,12.0,1,0
0,0,0,0,4.0,1,0
0,0,0,0,0.0,1,0
0,0,0,0,23.0,1,0
0,0,0,0,22.0,1,0
0,0,0,0,7.0,1,0
0,0,0,0,9.0,1,0
0,0,0,0,7.0,1,0
0,0,0,0,21.0,1,0
0,0,0,0,15.214285714285714,9,1
0,0,0,0,7.5,4,0
0,0,0,0,13.4,5,0
0,0,0,0,10.0,2,0
0,0,0,0,0.0,1,0
0,0,0,0,17.0,1,0
0,0,0,0,8.3,6,0
0,0,0,0,13.0,3,0
0,0,0,0,16.0,2,0
0,0,0,0,11.0,2,0
0,0,0,0,17.0,2,0
0,0,0,0,2.0,1,0
0,0,0,0,6.0,1,0
0,0,0,0,14.0,1,0
0,0,0,0,2.0,1,0
0,0,0,0,0.0,1,0
0,0,0,0,9.0,1,0
0,0,0,0,11.0,1,0
0,0,0,0,12.0,2,0
0,0,0,0,10.666666666666666,3,0
0,0,0,0,20.75,2,0
0,0,0,0,10.0,1,0
0,0,0,0,17.0,1,0
0,0,0,0,22.0,1,0
0,0,0,0,5.0,1,0
0,0,0,0,16.0,1,0
0,0,0,0,13.0,1,0
0,0,0,0,9.833333333333334,5,0
0,0,0,0,13.0,1,0
0,0,0,0,17.0,1,0
0,0,0,0,0.0,1,0
0,0,0,0,11.0,1,0
0,0,0,0,7.0,1,0
0,0,0,0,16.333333333333332,2,0
0,0,0,0,13.0,1,0
0,0,0,1,13.0,2,0
0,0,0,0,10.666666666666666,5,0
0,0,0,0,17.166666666666668,5,0
0,0,0,0,6.0,3,0
0,0,0,0,12.727272727272727,9,0
0,0,0,1,17.0,1,0
0,0,0,0,1.0,1,0
0,0,0,0,20.0,1,0
0,0,0,0,23.0,1,0
0,0,0,0,17.0,1,0
0,0,0,0,9.0,1,0
0,0,0,0,8.0,1,0
0,0,0,0,23.0,1,0
0,0,0,0,16.0,1,0
0,0,0,1,10.0,1,0
0,0,0,0,16.0,1,0
0,0,0,0,11.0,1,0
0,0,0,0,10.0,1,0
0,0,0,0,13.0,1,0
0,0,0,0,1.0,1,0
0,0,0,0,8.0,1,0
0,0,0,0,3.0,1,0
0,0,0,0,7.0,1,0
0,0,0,0,3.0,1,0
0,0,0,0,0.0,1,0
0,0,0,0,15.0,1,0
0,0,0,0,17.0,1,0
0,0,0,0,23.0,1,0
0,0,0,0,1.0,1,0
0,0,0,0,16.0,1,0
0,0,0,0,21.0,1,0
0,0,0,0,2.0,1,0
0,0,0,0,22.0,1,0
0,0,0,0,21.0,1,0
0,0,0,0,22.0,1,0
0,0,0,0,8.0,1,0
0,0,0,0,0.0,1,0
0,0,0,0,21.0,2,0
0,0,0,0,1.0,1,0
0,0,0,0,15.5,2,0
0,0,0,0,12.666666666666666,3,0
0,0,0,0,17.444444444444443,5,0
0,0,0,0,10.333333333333334,3,0
0,0,0,0,19.0,6,0
0,0,0,0,14.6,3,0
0,0,0,2,8.2,4,0
0,0,0,0,15.833333333333334,4,0
0,0,0,0,8.0,1,0
0,0,0,0,17.666666666666668,3,0
0,0,0,0,0.0,1,0
0,0,0,0,1.0,1,0
0,0,0,0,23.0,1,0
0,0,0,0,17.0,1,0
0,0,0,0,21.0,1,0
0,0,0,0,19.0,1,0
0,0,0,0,22.0,1,0
0,0,0,0,10.5,2,0
0,0,0,0,14.0,2,0
0,0,0,0,9.666666666666666,4,0
0,0,0,0,15.6,3,0
0,0,0,0,9.0,2,0
0,0,0,0,8.0,1,0
0,0,0,0,21.0,1,0
0,0,0,0,16.333333333333332,3,0
0,0,0,0,22.0,2,0
0,0,0,0,19.0,1,0
0,0,0,0,15.5,2,0
0,0,0,0,23.0,1,0
0,0,0,0,9.5,2,0
0,0,0,0,8.0,1,0
0,0,0,0,17.0,1,0
0,0,0,0,14.0,1,0
0,0,0,0,7.0,1,0
0,0,0,0,11.25,3,0
0,0,0,0,14.0,3,0
0,0,0,0,22.0,1,0
0,0,0,0,13.5,2,0
0,0,0,0,9.0,1,0
0,0,0,0,21.0,1,0
0,0,0,0,15.0,1,0
0,0,0,0,17.0,1,0
0,0,0,0,8.0,1,0
0,0,0,0,8.5,4,0
0,0,0,0,8.25,3,0
0,0,0,0,16.0,1,0
0,0,0,0,9.833333333333334,6,0
0,0,0,0,17.0,1,0
0,0,0,0,12.0,7,0
0,0,0,0,11.363636363636363,11,0
0,0,0,1,8.428571428571429,7,0
0,0,0,4,14.090909090909092,5,0
0,0,0,0,11.533333333333333,12,1
0,0,0,0,14.714285714285714,6,0
0,0,0,0,15.25,8,0
0,0,0,0,18.0,3,0
0,0,0,0,16.0,1,0
0,0,0,0,23.0,1,0
0,0,0,0,5.0,2,0
0,0,0,0,2.0,1,0
0,0,0,0,9.0,1,0
0,0,0,0,22.0,1,0
0,0,0,0,22.0,1,0
0,0,0,0,14.0,1,0
0,0,0,0,8.0,1,0
0,0,0,0,8.0,1,0
0,0,0,0,10.0,2,0
0,0,0,0,22.0,1,0
0,0,0,0,9.0,1,0
0,0,0,0,9.0,1,0
0,0,0,0,12.0,1,0
0,0,0,0,17.0,1,0
0,0,0,0,20.0,1,0
0,0,0,0,22.0,1,0
0,0,0,0,14.0,2,0
0,0,0,0,15.875,5,0
0,0,0,0,17.0,1,0
0,0,0,0,18.0,1,0
0,0,0,0,9.0,1,0
0,0,0,0,16.0,1,0
0,0,0,0,8.0,1,0
0,0,0,0,20.0,1,0
0,0,0,0,12.25,3,0
0,0,0,0,12.0,5,0
0,0,0,0,18.0,2,0
0,0,0,1,15.6,4,0
0,0,0,0,5.4,3,0
0,0,0,0,16.5,2,0
0,0,0,0,14.666666666666666,2,0
0,0,0,0,7.0,1,0
0,0,0,0,16.0,1,0
0,0,0,0,17.0,1,0
0,0,0,0,10.0,1,0
0,0,0,0,7.0,1,0
0,0,0,0,7.0,1,0
0,0,0,0,23.0,1,0
0,0,0,0,17.0,1,0
0,0,0,0,20.0,1,0
0,0,0,0,13.0,1,0
0,0,0,0,6.0,1,0
0,0,0,0,9.0,1,0
0,0,0,0,0.0,1,0
0,0,0,0,23.0,1,0
0,0,0,0,23.0,1,0
0,0,0,0,18.0,1,0
0,0,0,0,11.0,1,0
0,0,0,0,21.0,1,0
0,0,0,0,23.0,1,0
0,0,0,0,7.0,1,0
0,0,0,0,15.0,1,0
0,0,0,0,14.0,1,0
0,0,0,0,14.0,1,0
0,0,0,0,8.0,1,0
0,0,0,0,9.0,1,0
0,0,0,0,22.0,1,0
0,0,0,0,17.0,1,0
0,0,0,0,14.0,1,0
0,0,0,0,8.0,1,0
0,0,0,0,7.0,1,0
0,0,0,0,13.0,2,0
0,0,0,0,4.0,1,0
0,0,0,0,10.0,1,0
0,0,0,0,8.0,1,0
0,0,0,0,13.0,1,0
0,0,0,0,12.0,1,0
0,0,0,0,7.0,1,0
0,0,0,0,7.0,1,0
0,0,0,0,19.0,1,0
0,0,0,0,6.0,1,0
0,0,0,0,9.0,1,0
0,0,0,0,11.0,1,0
0,0,0,1,11.0,1,0
0,0,0,0,12.0,1,0
0,0,0,0,9.0,1,0
0,0,0,0,1.0,1,0
0,0,0,0,13.0,1,0
0,0,0,0,15.0,1,0
0,0,0,0,12.5,2,0
0,0,0,0,15.5,2,0
0,0,0,0,12.0,1,0
0,0,0,0,10.0,1,0
0,0,0,0,8.0,1,0
0,0,0,0,7.0,1,0
0,0,0,0,11.0,1,0
0,0,0,0,7.0,1,0
0,0,0,0,8.0,1,0
0,0,0,0,12.0,1,0
0,0,0,0,7.0,1,0
0,0,0,0,16.0,1,0
0,0,0,0,1.0,1,0
0,0,0,0,4.0,1,0
0,0,0,0,16.0,1,0
0,0,0,0,22.0,1,0
0,0,0,0,17.0,1,0
0,0,0,0,8.0,1,0
0,0,0,0,9.0,1,0
0,0,0,0,8.0,1,0
0,0,0,1,5.0,1,0
0,0,0,0,8.0,1,0
0,0,0,0,14.0,1,0
0,0,0,0,12.0,1,0
0,0,0,0,15.0,1,0
0,0,0,0,7.0,1,0
0,0,0,0,10.0,1,0
0,0,0,0,10.0,1,0
0,0,0,0,13.0,1,0
0,0,0,0,16.0,1,0
0,0,0,0,10.0,1,0
0,0,0,0,12.0,1,0
0,0,0,0,11.0,1,0
0,0,0,0,13.0,1,0
0,0,0,0,9.0,1,0
0,0,0,0,11.0,1,0
0,0,0,0,23.0,1,0
0,0,0,0,17.0,1,0
0,0,0,0,20.0,1,0
0,0,0,0,19.0,1,0
0,0,0,0,19.0,1,0
0,0,0,0,14.0,2,0
0,0,0,0,8.0,1,0
0,0,0,0,16.0,1,0
0,0,0,3,18.0,1,0
0,0,0,0,11.0,1,0
0,0,0,0,7.0,1,0
0,0,0,0,1.0,1,0
0,0,0,0,6.5,2,0
0,0,0,0,21.0,1,0
0,0,0,0,20.5,2,0
0,0,0,0,10.666666666666666,2,0
0,0,0,0,3.25,3,0
0,0,0,0,17.0,2,0
0,0,0,0,13.0,1,0
0,0,0,0,15.0,1,0
0,0,0,0,16.0,2,0
0,0,0,0,16.0,1,0
0,0,0,0,21.333333333333332,3,0
0,0,0,0,12.5,2,0
0,0,0,0,15.25,3,0
0,0,0,0,17.0,1,0
0,0,0,0,17.5,2,0
0,0,0,0,9.0,1,0
0,0,0,0,16.0,1,0
0,0,0,0,17.0,2,0
0,0,0,0,8.0,2,0
0,0,0,0,8.0,1,0
0,0,0,0,6.0,1,0
0,0,0,0,13.0,1,0
0,0,0,0,16.0,1,0
0,0,0,0,9.0,1,0
0,0,0,0,22.0,1,0
0,0,0,0,16.0,1,0
0,0,0,0,17.5,2,0
0,0,0,5,15.857142857142858,3,0
0,0,0,0,7.8,4,0
0,0,0,0,16.142857142857142,7,0
0,0,0,0,10.0625,10,1
0,0,0,3,15.333333333333334,14,1
0,0,0,0,9.76923076923077,9,1
0,0,0,0,17.8,4,0
0,0,0,0,16.4,4,0
0,0,0,0,19.0,5,0
0,0,0,0,8.571428571428571,5,0
0,0,0,0,17.4,4,0
0,0,0,1,11.5,4,0
0,0,0,0,4.0,2,0
0,0,0,0,9.333333333333334,3,0
0,0,0,0,18.666666666666668,6,0
0,0,0,0,7.777777777777778,6,0
0,0,0,0,13.5,4,0
0,0,0,0,18.0,1,0
0,0,0,0,11.5,2,0
0,0,0,0,16.0,1,0
0,0,0,0,6.0,1,0
0,0,0,0,14.0,1,0
0,0,0,0,22.0,1,0
0,0,0,0,5.0,1,0
0,0,0,0,7.0,1,0
0,0,0,0,19.0,1,0
0,0,0,0,14.0,1,0
0,0,0,0,7.0,1,0
0,0,0,0,21.0,1,0
0,0,0,0,11.5,2,0
0,0,0,0,6.0,1,0
0,0,0,0,15.5,2,0
0,0,0,0,18.5,4,0
0,0,0,0,23.0,1,0
0,0,0,0,8.0,1,0
0,0,0,0,8.0,1,0
0,0,0,0,23.0,1,0
0,0,0,0,20.0,1,0
0,0,0,0,22.0,1,0
0,0,0,0,8.0,1,0
0,0,0,0,8.0,1,0
0,0,0,0,11.0,1,0
0,0,0,0,19.0,1,0
0,0,0,0,16.0,1,0
0,0,0,0,12.0,1,0
0,0,0,0,13.0,1,0
0,0,0,0,20.0,1,0
0,0,0,0,20.0,1,0
0,0,0,1,20.0,1,0
0,0,0,0,11.0,1,0
0,0,0,0,10.0,1,0
0,0,0,0,10.0,1,0
0,0,0,0,23.0,1,0
0,0,0,0,10.0,1,0
0,0,0,0,12.0,1,0
0,0,0,0,20.0,1,0
0,0,0,0,0.0,1,0
0,0,0,0,23.0,1,0
0,0,0,0,14.0,1,0
0,0,0,0,22.0,1,0
0,0,0,0,17.0,1,0
0,0,0,0,15.0,2,0
0,0,0,0,3.0,1,0
0,0,0,0,23.0,1,0
0,0,0,0,15.0,2,0
0,0,0,0,12.0,1,0
0,0,0,0,21.0,1,0
0,0,0,0,9.0,1,0
0,0,0,0,12.0,1,0
0,0,0,0,22.0,1,0
0,0,0,0,2.0,1,0
0,0,0,0,11.0,1,0
0,0,0,0,22.0,1,0
0,0,0,0,11.0,1,0
0,0,0,0,13.0,1,0
0,0,0,0,6.0,1,0
0,0,0,0,11.0,1,0
0,0,0,0,7.0,1,0
0,0,0,0,17.0,1,0
0,0,0,0,19.0,1,0
0,0,0,0,17.0,1,0
0,0,0,0,14.0,1,0
0,0,0,0,23.0,1,0
0,0,0,0,8.0,1,0
0,0,0,0,5.0,2,0
0,0,0,0,13.333333333333334,5,0
0,0,0,0,14.875,6,0
0,0,0,0,13.0,3,0
0,0,0,0,13.0,2,0
0,0,0,0,17.0,1,0
0,0,0,0,18.0,2,0
0,0,0,0,12.25,4,0
0,0,0,0,15.75,4,0
0,0,0,0,15.0,3,0
0,0,0,0,9.5,2,0
0,0,0,0,4.666666666666667,2,0
0,0,0,1,9.5,2,0
0,0,0,0,15.333333333333334,6,0
0,0,0,0,12.0,5,0
0,0,0,0,9.0,1,0
0,0,0,0,11.5,2,0
0,0,0,0,9.0,1,0
0,0,0,0,8.0,1,0
0,0,0,0,22.0,1,0
0,0,0,0,3.6666666666666665,2,0
0,0,0,0,19.0,2,0
0,0,0,0,16.0,2,0
0,0,0,1,9.25,3,0
0,0,0,0,22.75,3,0
0,0,0,1,19.0,3,0
0,0,0,0,6.428571428571429,5,0
0,0,0,0,17.0,2,0
0,0,0,0,14.8,5,0
0,0,0,0,17.833333333333332,4,0
0,0,0,0,6.5,3,0
0,0,0,0,13.777777777777779,5,0
0,0,0,0,10.0,6,0
0,0,0,2,13.571428571428571,4,0
0,0,0,0,17.25,2,0
0,0,0,0,6.714285714285714,4,0
0,0,0,0,13.666666666666666,3,0
0,0,0,0,16.0,4,0
0,0,0,0,12.25,4,0
0,0,0,0,10.75,4,0
0,0,0,0,19.0,5,0
0,0,0,0,10.0,1,0
0,0,0,0,23.0,1,0
0,0,0,0,14.0,1,0
0,0,0,0,22.0,1,0
0,0,0,0,15.0,2,0
0,0,0,0,12.5,2,0
0,0,0,0,14.0,2,0
0,0,0,0,5.0,2,0
0,0,0,0,19.0,1,0
0,0,0,0,4.0,1,0
0,0,0,0,10.0,1,0
0,0,0,0,7.0,1,0
0,0,0,0,12.0,1,0
0,0,0,0,6.0,1,0
0,0,0,0,8.0,1,0
0,0,0,0,17.0,1,0
0,0,0,0,19.0,1,0
0,0,0,0,9.0,1,0
0,0,0,0,6.0,1,0
0,0,0,0,15.0,1,0
0,0,0,0,18.0,1,0
0,0,0,0,9.0,1,0
0,0,0,0,20.0,1,0
0,0,0,1,11.0,1,0
0,0,0,0,8.0,1,0
0,0,0,0,6.0,1,0
0,0,0,0,21.0,1,0
0,0,0,0,21.0,1,0
0,0,0,0,17.0,1,0
0,0,0,0,22.0,1,0
0,0,0,0,4.75,4,0
0,0,0,0,15.0,5,0
0,0,0,0,23.0,1,0
0,0,0,0,14.777777777777779,7,0
0,0,0,0,23.0,1,0
0,0,0,0,16.11111111111111,7,0
0,0,0,0,8.0,1,0
0,0,0,0,12.714285714285714,3,0
0,0,0,0,12.166666666666666,4,0
0,0,0,0,19.285714285714285,5,0
0,0,0,1,12.428571428571429,6,0
0,0,0,0,8.428571428571429,6,0
0,0,0,0,14.333333333333334,8,1
0,0,0,0,13.685714285714285,35,1
0,0,0,0,11.638297872340425,40,1
0,0,0,0,14.772727272727273,37,1
0,0,0,0,13.983050847457626,53,1
0,0,0,0,14.709677419354838,26,1
0,0,0,0,12.436363636363636,53,1
0,0,0,1,11.942028985507246,60,1
0,0,0,1,13.270833333333334,45,1
0,0,0,0,11.39622641509434,45,1
0,0,0,1,13.5,53,1
0,0,0,0,12.875,56,1
0,0,0,1,12.32967032967033,77,1
0,0,0,1,13.672413793103448,49,1
0,0,0,1,13.709677419354838,48,1
0,0,0,1,11.727272727272727,41,1
0,0,0,0,11.136363636363637,21,1
0,0,0,0,12.428571428571429,21,1
0,0,0,0,13.395833333333334,42,1
0,0,0,0,12.153846153846153,19,1
0,0,0,0,13.1,8,0
0,0,0,0,8.0,1,0
0,0,0,0,18.0,2,0
0,0,0,0,22.0,1,0
0,0,0,0,10.0,1,0
0,0,0,0,20.0,1,0
0,0,0,0,23.0,1,0
0,0,0,0,18.0,2,0
0,0,0,0,1.0,1,0
0,0,0,0,23.0,1,0
0,0,0,0,2.0,1,0
0,0,0,0,7.0,1,0
0,0,0,0,11.0,1,0
0,0,0,0,15.0,1,0
0,0,0,0,23.0,1,0
0,0,0,0,17.0,1,0
0,0,0,0,23.0,1,0
0,0,0,0,12.0,1,0
0,0,0,0,15.0,1,0
0,0,0,0,18.0,1,0
0,0,0,0,10.0,1,0
0,0,0,0,23.0,1,0
0,0,0,0,11.0,1,0
0,0,0,0,22.0,1,0
0,0,0,0,20.0,1,0
0,0,0,0,17.0,1,0
0,0,0,0,1.0,1,0
0,0,0,0,20.0,1,0
0,0,0,0,11.0,2,0
0,0,0,0,7.5,4,0
0,0,0,0,7.0,1,0
0,0,0,0,19.0,1,0
0,0,0,0,8.0,1,0
0,0,0,0,16.0,2,0
0,0,0,0,12.066666666666666,12,1
0,0,0,0,10.555555555555555,8,0
0,0,0,2,13.428571428571429,5,0
0,0,0,0,14.125,5,0
0,0,0,0,11.0,4,0
0,0,0,0,14.25,4,0
0,0,0,0,20.333333333333332,3,0
0,0,0,0,16.75,10,1
0,0,0,0,15.1875,12,1
0,0,0,0,11.0,8,0
0,0,0,0,18.0,1,0
0,0,0,0,12.0,1,0
0,0,0,0,22.0,1,0
0,0,0,0,9.833333333333334,3,0
0,0,0,0,12.0,1,0
0,0,0,0,11.5,2,0
0,0,0,0,9.5,2,0
0,0,0,0,14.0,4,0
0,0,0,0,15.357142857142858,12,1
0,0,0,0,12.214285714285714,11,1
0,0,0,0,13.714285714285714,4,0
0,0,0,0,15.117647058823529,13,1
0,0,0,0,16.0,1,0
0,0,0,0,6.0,1,0
0,0,0,0,9.4,5,0
0,0,0,0,10.461538461538462,12,1
0,0,0,0,6.105263157894737,8,1
0,0,0,0,7.0,1,0
0,0,0,0,16.0,1,0
0,0,0,0,10.0,2,0
0,0,0,0,3.0,1,0
0,0,0,0,21.0,1,0
0,0,0,0,9.0,2,0
0,0,0,0,19.0,1,0
0,0,0,0,14.0,1,0
0,0,0,0,15.5,6,0
0,0,0,0,8.375,5,0
0,0,0,0,4.777777777777778,4,0
0,0,0,0,8.538461538461538,7,1
0,0,0,0,22.0,1,0
0,0,0,0,7.6,4,0
0,0,0,1,17.0,7,0
0,0,0,0,1.0,1,0
0,0,0,0,11.0,1,0
0,0,0,0,23.0,1,0
0,0,0,0,23.0,1,0
0,0,0,0,3.0,1,0
0,0,0,0,20.5,2,0
0,0,0,0,11.0,1,0
0,0,0,0,10.0,2,0
0,0,0,0,16.0,1,0
0,0,0,0,18.0,1,0
0,0,0,0,9.6,2,0
0,0,0,0,13.256410256410257,28,1
0,0,0,2,10.74074074074074,22,1
0,0,0,0,14.333333333333334,15,1
0,0,0,0,13.3,24,1
0,0,0,0,13.375,20,1
0,0,0,0,12.0,27,1
0,0,0,0,11.466666666666667,13,1
0,0,0,0,10.45,19,1
0,0,0,1,8.91304347826087,14,1
0,0,0,0,11.384615384615385,11,1
0,0,0,0,19.0,1,0
0,0,0,0,23.0,1,0
0,0,0,0,10.0,6,0
0,0,0,0,7.5,6,0
0,0,0,0,5.0,2,0
0,0,0,0,13.166666666666666,3,0
0,0,0,0,8.555555555555555,5,0
0,0,0,0,11.0,1,0
0,0,0,2,16.0,1,0
0,0,0,0,9.0,1,0
0,0,0,0,0.0,1,0
0,0,0,0,22.0,1,0
0,0,0,0,11.0,1,0
0,0,0,0,20.0,1,0
0,0,0,0,7.0,6,0
0,0,0,0,9.0,5,0
0,0,0,0,22.0,2,0
0,0,0,0,16.0,1,0
0,0,0,0,13.0,1,0
0,0,0,0,20.2,2,0
0,0,0,0,23.0,1,0
0,0,0,2,8.0,1,0
0,0,0,0,8.0,1,0
0,0,0,0,10.0,1,0
0,0,0,0,2.0,1,0
0,0,0,0,8.0,1,0
0,0,0,0,21.0,1,0
0,0,0,0,0.0,1,0
0,0,0,0,9.0,1,0
0,0,0,0,2.0,1,0
0,0,0,0,7.0,1,0
0,0,0,0,4.5,2,0
0,0,0,0,8.0,1,0
0,0,0,0,6.0,1,0
0,0,0,0,20.0,1,0
0,0,0,0,0.0,1,0
0,0,0,0,23.0,1,0
0,0,0,0,23.0,1,0
0,0,0,0,8.0,1,0
0,0,0,0,11.0,1,0
0,0,0,0,13.0,1,0
0,0,0,0,15.333333333333334,3,0
0,0,0,0,17.0,1,0
0,0,0,0,9.0,1,0
0,0,0,0,9.0,1,0
0,0,0,0,9.333333333333334,2,0
0,0,0,0,23.0,1,0
0,0,0,0,14.0,1,0
0,0,0,0,11.0,1,0
0,0,0,0,10.0,1,0
0,0,0,0,11.0,1,0
0,0,0,0,20.0,1,0
0,0,0,0,16.333333333333332,3,0
0,0,0,0,15.5,2,0
0,0,0,0,23.0,1,0
0,0,0,0,18.0,1,0
0,0,0,0,20.333333333333332,2,0
0,0,0,0,13.5,2,0
0,0,0,0,16.066666666666666,13,1
0,0,0,0,4.6,5,0
0,0,0,0,9.0,4,0
0,0,0,0,7.0,1,0
0,0,0,0,13.0,1,0
0,0,0,0,12.0,1,0
0,0,0,0,14.0,1,0
0,0,0,0,15.0,4,0
0,0,0,0,6.0,1,0
0,0,0,0,6.0,1,0
0,0,0,0,14.0,1,0
0,0,0,0,15.0,2,0
0,0,0,0,2.0,1,0
0,0,0,0,10.5,2,0
0,0,0,0,21.0,1,0
0,0,0,0,22.0,2,0
0,0,0,0,15.0,1,0
0,0,0,0,14.0,1,0
0,0,0,0,15.0,2,0
0,0,0,0,14.0,1,0
0,0,0,0,11.0,1,0
0,0,0,0,1.0,1,0
0,0,0,2,18.75,3,0
0,0,0,0,21.5,2,0
0,0,0,0,17.0,2,0
0,0,0,0,14.25,6,0
0,0,0,0,20.5,2,0
0,0,0,0,21.0,2,0
0,0,0,0,17.0,4,0
0,0,0,0,18.666666666666668,3,0
0,0,0,0,13.0,2,0
0,0,0,0,18.0,1,0
0,0,0,0,23.0,1,0
0,0,0,0,23.0,1,0
0,0,0,0,22.0,1,0
0,0,0,0,9.666666666666666,3,0
0,0,0,0,13.0,1,0
0,0,0,0,23.0,1,0
0,0,0,2,12.0,4,0
0,0,0,0,12.0,2,0
0,0,0,0,14.0,1,0
0,0,0,0,12.0,1,0
0,0,0,0,18.0,2,0
0,0,0,0,9.0,1,0
0,0,0,0,0.0,1,0
0,0,0,0,23.0,1,0
0,0,0,0,1.0,1,0
0,0,0,0,23.0,1,0
0,0,0,0,1.0,1,0
0,0,0,0,4.0,1,0
0,0,0,0,12.0,1,0
0,0,0,0,16.0,1,0
0,0,0,0,12.0,2,0
0,0,0,0,16.5,4,0
0,0,0,0,6.0,1,0
0,0,0,0,13.333333333333334,2,0
0,0,0,0,13.166666666666666,5,0
0,0,0,0,7.0,1,0
0,0,0,0,11.0,2,0
0,0,0,0,13.666666666666666,6,0
0,0,0,0,14.5,2,0
0,0,0,0,0.0,1,0
0,0,0,0,22.0,1,0
0,0,0,0,9.0,1,0
0,0,0,0,9.0,1,0
0,0,0,0,22.0,1,0
0,0,0,1,16.333333333333332,3,0
0,0,0,0,12.0,2,0
0,0,0,0,6.0,2,0
0,0,0,0,9.333333333333334,3,0
0,0,0,0,11.75,4,0
0,0,0,0,17.875,7,0
0,0,0,0,17.25,4,0
0,0,0,0,14.333333333333334,3,0
0,0,0,0,13.555555555555555,8,0
0,0,0,0,12.285714285714286,6,0
0,0,0,0,6.6,5,0
0,0,0,0,12.0,2,0
0,0,0,0,8.75,4,0
0,0,0,0,14.0,2,0
0,0,0,0,18.0,1,0
0,0,0,0,7.5,2,0
0,0,0,0,15.5,2,0
0,0,0,0,11.0,1,0
0,0,0,0,10.0,1,0
0,0,0,0,15.0,1,0
0,0,0,0,10.0,1,0
0,0,0,0,10.0,1,0
0,0,0,0,8.0,1,0
0,0,0,0,7.0,1,0
0,0,0,0,22.0,1,0
0,0,0,0,15.0,1,0
0,0,0,0,5.5,3,0
0,0,0,0,2.0,1,0
0,0,0,0,6.0,1,0
0,0,0,0,11.0,1,0
0,0,0,0,9.0,1,0
0,0,0,0,19.0,1,0
0,0,0,0,8.0,1,0
0,0,0,0,11.0,1,0
0,0,0,0,12.0,1,0
0,0,0,0,17.0,1,0
0,0,0,0,22.0,1,0
0,0,0,0,12.0,1,0
0,0,0,0,17.0,1,0
0,0,0,0,13.0,1,0
0,0,0,0,17.0,2,0
0,0,0,0,12.0,1,0
0,0,0,0,17.5,3,0
0,0,0,0,8.0,1,0
0,0,0,0,9.0,1,0
0,0,0,0,23.0,1,0
0,0,0,0,13.0,1,0
0,0,0,0,19.0,1,0
0,0,0,0,15.0,1,0
0,0,0,0,13.0,3,0
0,0,0,0,9.0,2,0
0,0,0,0,13.666666666666666,3,0
0,0,0,0,18.75,3,0
0,0,0,0,19.0,1,0
0,0,0,0,9.0,2,0
0,0,0,0,19.0,1,0
0,0,0,0,10.5,2,0
0,0,0,0,19.0,1,0
0,0,0,0,20.0,1,0
0,0,0,0,21.0,1,0
0,0,0,0,19.0,1,0
0,0,0,0,11.0,3,0
0,0,0,0,12.0,1,0
0,0,0,0,22.0,1,0
0,0,0,0,14.0,1,0
0,0,0,0,9.0,1,0
0,0,0,0,1.0,1,0
0,0,0,0,11.0,2,0
0,0,0,0,23.0,1,0
0,0,0,0,16.0,1,0
0,0,0,0,18.25,3,0
0,0,0,0,22.0,1,0
0,0,0,0,1.0,1,0
0,0,0,0,14.0,1,0
0,0,0,0,15.0,1,0
0,0,0,0,9.0,1,0
0,0,0,0,0.0,1,0
0,0,0,2,5.333333333333333,2,0
0,0,0,0,21.0,1,0
0,0,0,0,14.0,4,0
0,0,0,0,21.166666666666668,4,0
0,0,0,0,9.0,5,0
0,0,0,0,14.9,8,0
0,0,0,1,12.842105263157896,13,1
0,0,0,0,14.84,17,1
0,0,0,0,14.142857142857142,19,1
0,0,0,0,17.458333333333332,16,1
0,0,0,0,12.277777777777779,15,1
0,0,0,0,10.961538461538462,17,1
0,0,0,6,12.11111111111111,13,1
0,0,0,5,16.6,12,1
0,0,0,0,17.5,2,0
0,0,0,0,13.0,1,0
0,0,0,0,23.0,1,0
0,0,0,0,1.0,1,0
0,0,0,0,19.0,1,0
0,0,0,0,9.0,1,0
0,0,0,0,0.0,1,0
0,0,0,0,17.0,1,0
0,0,0,0,14.0,1,0
0,0,0,0,0.0,1,0
0,0,0,0,22.0,1,0
0,0,0,0,8.5,2,0
0,0,0,1,14.840909090909092,32,1
0,0,0,0,12.758620689655173,17,1
0,0,0,0,9.882352941176471,15,1
0,0,0,0,14.5,8,0
0,0,0,0,12.8,19,1
0,0,0,1,12.727272727272727,22,1
0,0,0,0,9.631578947368421,17,1
0,0,0,0,10.428571428571429,14,1
0,0,0,0,11.636363636363637,9,0
0,0,0,0,9.833333333333334,6,0
0,0,0,0,22.0,1,0
0,0,0,0,12.5,2,0
0,0,0,0,8.0,1,0
0,0,0,0,8.222222222222221,6,0
0,0,0,0,19.0,2,0
0,0,0,0,12.0,3,0
0,0,0,0,9.0,3,0
0,0,0,0,15.636363636363637,7,0
0,0,0,0,0.0,1,0
0,0,0,0,17.0,1,0
0,0,0,0,10.0,1,0
0,0,0,0,1.0,1,0
0,0,0,0,12.11111111111111,7,0
0,0,0,0,12.666666666666666,3,0
0,0,0,0,13.444444444444445,6,0
0,0,0,0,11.0,2,0
0,0,0,0,11.0,1,0
0,0,0,0,2.0,1,0
0,0,0,0,22.0,1,0
0,0,0,0,23.0,1,0
0,0,0,0,12.0,1,0
0,0,0,0,15.5,2,0
0,0,0,0,14.333333333333334,5,0
0,0,0,0,15.6,4,0
0,0,0,0,13.0,1,0
0,0,0,0,11.0,1,0
0,0,0,0,12.0,1,0
0,0,0,0,20.0,1,0
0,0,0,0,23.0,1,0
0,0,0,0,9.5,2,0
0,0,0,0,22.0,1,0
0,0,0,0,13.0,1,0
0,0,0,0,10.0,1,0
0,0,0,0,10.0,1,0
0,0,0,0,14.5,4,0
0,0,0,0,21.0,1,0
0,0,0,0,21.0,1,0
0,0,0,0,11.0,1,0
0,0,0,0,21.0,1,0
0,0,0,0,15.4,2,0
0,0,0,0,13.0,1,0
0,0,0,0,12.0,1,0
0,0,0,0,11.0,1,0
0,0,0,0,1.0,1,0
0,0,0,0,0.0,1,0
0,0,0,0,11.0,1,0
0,0,0,0,10.916666666666666,11,1
0,0,0,0,13.0,2,0
0,0,0,0,18.0,2,0
0,0,0,0,7.5,5,0
0,0,0,0,11.5,8,0
0,0,0,1,12.833333333333334,5,0
0,0,0,0,11.75,6,0
0,0,0,0,15.142857142857142,6,0
0,0,0,0,20.0,1,0
0,0,0,1,10.5,2,0
0,0,0,0,22.0,1,0
0,0,0,0,21.0,1,0
0,0,0,0,7.0,1,0
0,0,0,0,22.0,1,0
0,0,0,0,12.0,1,0
0,0,0,0,22.0,1,0
0,0,0,0,22.0,1,0
0,0,0,0,9.0,1,0
0,0,0,0,11.6,4,0
0,0,0,0,4.5,2,0
0,0,0,0,19.0,1,0
0,0,0,0,13.25,3,0
0,0,0,0,11.5,2,0
0,0,0,0,13.0,1,0
0,0,0,0,12.0,1,0
0,0,0,0,13.0,1,0
0,0,0,0,16.0,5,0
0,0,0,0,8.5,2,0
0,0,0,0,13.0,1,0
0,0,0,0,14.0,1,0
0,0,0,0,1.0,1,0
0,0,0,0,7.0,1,0
0,0,0,0,9.5,3,0
0,0,0,0,17.0,1,0
0,0,0,0,12.0,1,0
0,0,0,0,16.0,1,0
0,0,0,0,12.0,1,0
0,0,0,0,17.0,1,0
0,0,0,0,14.363636363636363,8,0
0,0,0,0,11.833333333333334,6,0
0,0,0,0,5.777777777777778,7,0
0,0,0,0,19.714285714285715,5,0
0,0,0,0,11.666666666666666,3,0
0,0,0,0,18.0,2,0
0,0,0,0,23.0,1,0
0,0,0,0,6.0,3,0
0,0,0,0,13.0,2,0
0,0,0,0,2.0,1,0
0,0,0,0,7.0,1,0
0,0,0,0,1.0,1,0
0,0,0,0,21.0,1,0
0,0,0,0,19.0,1,0
0,0,0,0,20.0,1,0
0,0,0,0,20.0,1,0
0,0,0,0,14.0,1,0
0,0,0,0,17.0,1,0
0,0,0,0,18.0,2,0
0,0,0,0,21.333333333333332,2,0
0,0,0,0,16.5,2,0
0,0,0,0,14.75,6,0
0,0,0,0,9.0,1,0
0,0,0,0,12.0,1,0
0,0,0,0,9.0,1,0
0,0,0,0,7.0,1,0
0,0,0,0,13.4,5,0
0,0,0,0,12.0,1,0
0,0,0,0,23.0,1,0
0,0,0,0,15.0,2,0
0,0,0,0,19.666666666666668,2,0
0,0,0,0,14.333333333333334,3,0
0,0,0,0,8.0,1,0
0,0,0,0,15.5,2,0
0,0,0,0,17.0,1,0
0,0,0,0,15.0,3,0
0,0,0,0,7.666666666666667,2,0
0,0,0,0,14.0,1,0
0,0,0,0,20.666666666666668,3,0
0,0,0,0,7.0,1,0
0,0,0,3,21.0,1,0
0,0,0,0,22.0,1,0
0,0,0,0,10.0,1,0
0,0,0,0,22.0,1,0
0,0,0,0,16.0,1,0
0,0,0,0,23.0,1,0
0,0,0,0,2.0,1,0
0,0,0,0,10.0,1,0
0,0,0,1,18.6,6,0
0,0,0,0,10.222222222222221,8,0
0,0,0,1,12.428571428571429,6,0
0,0,0,0,17.571428571428573,13,1
0,0,0,0,15.916666666666666,12,1
0,0,0,0,12.2,3,0
0,0,0,0,15.0,1,0
0,0,0,0,19.0,1,0
0,0,0,0,9.0,1,0
0,0,0,0,0.0,1,0
0,0,0,0,22.0,1,0
0,0,0,0,22.0,1,0
0,0,0,0,8.0,1,0
0,0,0,0,12.0,1,0
0,0,0,0,9.0,1,0
0,0,0,0,21.0,1,0
0,0,0,0,11.090909090909092,8,0
0,0,0,1,12.5,10,0
0,0,0,0,15.1,8,0
0,0,0,2,13.444444444444445,7,0
0,0,0,0,14.714285714285714,5,0
0,0,0,1,13.444444444444445,18,1
0,0,0,0,14.125,6,0
0,0,0,1,13.066666666666666,11,1
0,0,0,0,14.0,10,1
0,0,0,0,12.7,9,0
0,0,0,0,17.076923076923077,9,1
0,0,0,0,13.619047619047619,17,1
0,0,0,2,13.88888888888889,7,0
0,0,0,3,1.0,1,0
0,0,0,0,22.0,1,0
0,0,0,0,10.0,2,0
0,0,0,0,14.75,3,0
0,0,0,0,9.8,2,0
0,0,0,0,21.0,1,0
0,0,0,0,15.0,1,0
0,0,0,0,12.0,1,0
0,0,0,0,11.0,1,0
0,0,0,0,17.333333333333332,3,0
0,0,0,0,11.0,1,0
0,0,0,0,13.666666666666666,2,0
0,0,0,0,13.571428571428571,7,0
0,0,0,0,19.0,1,0
0,0,0,0,22.0,1,0
0,0,0,0,0.0,1,0
0,0,0,0,23.0,1,0
0,0,0,0,22.0,1,0
0,0,0,0,12.0,1,0
0,0,0,0,10.0,1,0
0,0,0,0,0.0,1,0
0,0,0,0,8.0,1,0
0,0,0,0,9.0,1,0
0,0,0,0,15.25,4,0
0,0,0,0,15.75,8,0
0,0,0,0,0.0,1,0
0,0,0,0,9.0,1,0
0,0,0,0,22.0,1,0
0,0,0,0,23.0,1,0
0,0,0,0,21.0,1,0
0,0,0,0,9.0,1,0
0,0,0,0,14.833333333333334,2,0
0,0,0,0,10.0,2,0
0,0,0,0,13.0,1,0
0,0,0,0,2.0,1,0
0,0,0,0,20.0,1,0
0,0,0,0,21.0,1,0
0,0,0,0,17.0,1,0
0,0,0,0,0.6666666666666666,2,0
0,0,0,0,21.0,1,0
0,0,0,0,12.5,2,0
0,0,0,0,12.5,2,0
0,0,0,0,11.0,1,0
0,0,0,0,16.0,2,0
0,0,0,0,14.0,1,0
0,0,0,0,4.333333333333333,2,0
0,0,0,0,9.0,1,0
0,0,0,0,22.0,1,0
0,0,0,0,14.0,1,0
0,0,0,0,13.0,1,0
0,0,0,0,22.0,1,0
0,0,0,0,19.0,1,0
0,0,0,0,0.0,1,0
0,0,0,0,19.0,1,0
0,0,0,0,16.833333333333332,5,0
0,0,0,0,9.833333333333334,4,0
0,0,0,0,18.75,7,1
0,0,0,0,13.5,2,0
0,0,0,0,18.333333333333332,3,0
0,0,0,0,15.0,2,0
0,0,0,0,6.0,1,0
0,0,0,0,15.0,1,0
0,0,0,0,10.0,1,0
0,0,0,0,8.0,1,0
0,0,0,0,19.0,1,0
0,0,0,0,17.5,2,0
0,0,0,0,15.0,3,0
0,0,0,0,15.0,3,0
0,0,0,0,15.4,5,0
0,0,0,0,18.6,5,0
0,0,0,0,20.0,2,0
0,0,0,0,9.333333333333334,2,0
0,0,0,0,9.0,1,0
0,0,0,0,14.0,1,0
0,0,0,0,8.0,1,0
0,0,0,0,22.0,1,0
0,0,0,0,20.0,1,0
0,0,0,0,21.0,1,0
0,0,0,0,10.263157894736842,14,1
0,0,0,0,11.5,5,0
0,0,0,0,17.833333333333332,5,0
0,0,0,0,11.666666666666666,3,0
0,0,0,0,15.0,1,0
0,0,0,0,16.0,3,0
0,0,0,0,15.333333333333334,3,0
0,0,0,0,16.5,2,0
0,0,0,0,9.0,1,0
0,0,0,0,16.0,1,0
0,0,0,0,19.0,1,0
0,0,0,0,8.0,1,0
0,0,0,0,17.0,1,0
0,0,0,0,23.0,1,0
0,0,0,0,2.0,1,0
0,0,0,0,0.0,1,0
0,0,0,0,9.0,1,0
0,0,0,0,17.0,1,0
0,0,0,0,14.0,1,0
0,0,0,0,9.0,1,0
0,0,0,0,10.0,1,0
0,0,0,0,11.0,1,0
0,0,0,0,17.0,1,0
0,0,0,0,0.0,1,0
0,0,0,0,1.0,1,0
0,0,0,0,22.0,1,0
0,0,0,0,21.0,1,0
0,0,0,0,14.0,1,0
0,0,0,0,18.0,1,0
0,0,0,0,0.0,1,0
0,0,0,0,1.0,1,0
0,0,0,0,8.0,1,0
0,0,0,1,20.0,2,0
0,0,0,0,10.5,2,0
0,0,0,0,0.0,1,0
0,0,0,0,11.0,2,0
0,0,0,0,19.0,1,0
0,0,0,0,14.0,1,0
0,0,0,0,15.0,1,0
0,0,0,0,20.0,1,0
0,0,0,0,18.5,4,0
0,0,0,0,15.0,1,0
0,0,0,0,12.0,1,0
0,0,0,0,19.0,1,0
0,0,0,0,15.0,1,0
0,0,0,0,10.0,1,0
0,0,0,0,16.0,1,0
0,0,0,0,0.0,2,0
0,0,0,0,8.0,1,0
0,0,0,0,20.0,1,0
0,0,0,0,22.5,2,0
0,0,0,0,9.0,1,0
0,0,0,0,22.0,1,0
0,0,0,0,23.0,1,0
0,0,0,0,20.0,1,0
0,0,0,0,1.0,1,0
0,0,0,0,8.0,1,0
0,0,0,0,14.0,1,0
0,0,0,0,9.0,1,0
0,0,0,0,21.0,3,0
0,0,0,0,12.0,2,0
0,0,0,0,0.0,1,0
0,0,0,0,2.0,1,0
0,0,0,0,20.0,1,0
0,0,0,0,23.0,1,0
0,0,0,0,9.0,1,0
0,0,0,0,8.0,1,0
0,0,0,0,11.0,1,0
0,0,0,0,15.666666666666666,2,0
0,0,0,0,19.0,1,0
0,0,0,0,9.666666666666666,3,0
0,0,0,0,19.0,1,0
0,0,0,0,21.0,1,0
0,0,0,2,17.0,1,0
0,0,0,0,2.0,1,0
0,0,0,0,12.0,1,0
0,0,0,0,16.0,1,0
0,0,0,0,14.0,1,0
0,0,0,0,0.0,1,0
0,0,0,0,14.6,3,0
0,0,0,0,12.0,6,0
0,0,0,0,14.0,3,0
0,0,0,0,6.2,4,0
0,0,0,0,8.375,6,0
0,0,0,0,13.333333333333334,3,0
0,0,0,0,23.0,1,0
0,0,0,0,8.666666666666666,3,0
0,0,0,0,7.666666666666667,3,0
0,0,0,0,11.9,10,0
0,0,0,0,8.75,4,0
0,0,0,0,10.88888888888889,7,0
0,0,0,0,11.6,5,0
0,0,0,0,12.333333333333334,6,0
0,0,0,0,11.8,8,0
0,0,0,0,15.833333333333334,5,0
0,0,0,0,14.5,10,0
0,0,0,0,14.0,2,0
0,0,0,0,11.75,4,0
0,0,0,0,22.0,1,0
0,0,0,0,20.0,1,0
0,0,0,0,16.0,3,0
0,0,0,0,13.0,1,0
0,0,0,0,9.5,2,0
0,0,0,0,10.0,1,0
0,0,0,0,19.0,1,0
0,0,0,0,19.5,3,0
0,0,0,0,13.4,2,0
0,0,0,0,15.6,4,0
0,0,0,0,10.0,4,0
0,0,0,0,11.666666666666666,3,0
0,0,0,0,10.833333333333334,4,0
0,0,0,0,12.5,2,0
0,0,0,0,11.0,3,0
0,0,0,0,11.0,1,0
0,0,0,0,15.0,1,0
0,0,0,0,16.0,2,0
0,0,0,0,17.5,3,0
0,0,0,0,20.0,1,0
0,0,0,0,18.0,5,0
0,0,0,0,7.0,3,0
0,0,0,0,11.2,4,0
0,0,0,0,9.0,1,0
0,0,0,0,14.0,1,0
0,0,0,0,9.0,1,0
0,0,0,0,16.0,3,0
0,0,0,0,8.0,1,0
0,0,0,0,9.5,2,0
0,0,0,0,22.0,1,0
0,0,0,0,22.0,1,0
0,0,0,0,8.0,1,0
0,0,0,0,15.0,1,0
0,0,0,0,2.0,1,0
0,0,0,0,11.0,1,0
0,0,0,0,7.0,1,0
0,0,0,0,9.0,1,0
0,0,0,0,19.285714285714285,6,0
0,0,0,0,15.409090909090908,16,1
0,0,1,0,13.157894736842104,17,1
0,0,0,3,13.181818181818182,15,1
0,0,0,0,16.92,24,1
0,0,0,0,12.066666666666666,13,1
0,0,0,0,10.882352941176471,13,1
0,0,0,0,10.095238095238095,17,1
0,0,0,0,15.714285714285714,19,1
0,0,0,0,12.76,25,1
0,0,0,1,12.576923076923077,25,1
0,0,0,0,10.4,9,0
0,0,0,0,13.033333333333333,27,1
0,0,0,0,12.333333333333334,16,1
0,0,0,0,10.75,18,1
0,0,0,0,15.2,16,1
0,0,0,0,13.4,14,1
0,0,0,0,10.88888888888889,8,0
0,0,0,0,9.0,9,0
0,0,0,0,9.8,10,1
0,0,0,0,14.0,1,0
0,0,0,1,10.0,1,0
0,0,0,0,10.0,1,0
0,0,0,0,0.0,1,0
0,0,0,0,0.0,1,0
0,0,0,0,13.0,1,0
0,0,0,0,9.0,1,0
0,0,0,0,15.0,2,0
0,0,0,0,7.0,1,0
0,0,0,0,9.5,2,0
0,0,0,0,9.0,1,0
0,0,0,0,8.5,2,0
0,0,0,0,10.0,2,0
0,0,0,0,22.0,1,0
0,0,0,0,21.0,1,0
0,0,0,0,20.0,1,0
0,0,0,0,20.0,1,0
0,0,0,0,13.0,1,0
0,0,0,0,2.0,1,0
0,0,0,0,10.0,1,0
0,0,0,0,18.0,1,0
0,0,0,3,0.0,1,0
0,0,0,0,0.0,1,0
0,0,0,0,21.0,1,0
0,0,0,0,17.0,1,0
0,0,0,0,22.0,1,0
0,0,0,0,16.0,1,0
0,0,0,0,19.0,1,0
0,0,0,0,17.0,1,0
0,0,0,0,8.0,1,0
0,0,0,0,16.0,1,0
0,0,0,0,2.0,1,0
0,0,0,0,13.0,1,0
0,0,0,0,8.0,1,0
0,0,0,0,21.0,1,0
0,0,0,0,18.0,1,0
0,0,0,0,19.0,1,0
0,0,0,0,22.0,1,0
0,0,0,0,6.0,1,0
0,0,0,0,19.0,1,0
0,0,0,0,7.0,1,0
0,0,0,0,13.0,1,0
0,0,0,0,12.0,1,0
0,0,0,0,19.0,1,0
0,0,0,0,9.0,1,0
0,0,0,0,17.0,1,0
0,0,0,0,2.0,1,0
0,0,0,0,11.0,1,0
0,0,0,0,13.0,1,0
0,0,0,0,21.0,1,0
0,0,0,0,17.0,1,0
0,0,0,0,13.0,1,0
0,0,0,0,13.0,1,0
0,0,0,0,13.0,1,0
0,0,0,0,23.0,1,0
0,0,0,0,1.0,1,0
0,0,0,0,2.0,1,0
0,0,0,0,13.0,1,0
0,0,0,0,15.0,1,0
0,0,0,0,17.0,1,0
0,0,0,0,1.0,1,0
0,0,0,0,0.0,1,0
0,0,0,0,7.0,1,0
0,0,0,0,9.0,1,0
0,0,0,0,0.0,1,0
0,0,0,0,23.0,1,0
0,0,0,0,21.0,1,0
0,0,0,0,12.0,1,0
0,0,0,0,0.0,1,0
0,0,0,0,23.0,1,0
0,0,0,0,15.333333333333334,2,0
0,0,0,0,10.0,1,0
0,0,0,0,0.0,1,0
0,0,0,0,16.0,1,0
0,0,0,0,23.0,1,0
0,0,0,0,0.0,1,0
0,0,0,0,14.0,1,0
0,0,0,0,16.0,1,0
0,0,0,0,10.0,1,0
0,0,0,0,17.0,1,0
0,0,0,0,9.0,1,0
0,0,0,0,11.0,1,0
0,0,0,0,9.0,1,0
0,0,0,0,11.5,2,0
0,0,0,0,8.0,1,0
0,0,0,0,9.0,2,0
0,0,0,0,17.0,1,0
0,0,0,0,7.0,1,0
0,0,0,0,19.0,1,0
0,0,0,0,21.0,1,0
0,0,0,0,9.0,1,0
0,0,0,0,22.0,1,0
0,0,0,0,12.0,1,0
0,0,0,0,7.0,1,0
0,0,0,0,7.25,2,0
0,0,0,0,8.0,1,0
0,0,0,0,8.0,1,0
0,0,0,0,0.0,1,0
0,0,0,0,9.0,1,0
0,0,0,0,20.0,2,0
0,0,0,0,22.0,1,0
0,0,0,0,10.0,1,0
0,0,0,0,18.0,2,0
0,0,0,0,9.5,4,0
0,0,0,0,8.25,4,0
0,0,0,0,18.0,1,0
0,0,0,0,13.0,4,0
0,0,0,0,13.666666666666666,10,1
0,0,0,0,15.0,2,0
0,0,0,0,12.375,6,0
0,0,0,0,8.285714285714286,7,0
0,0,0,0,13.25,4,0
0,0,0,0,9.222222222222221,7,0
0,3,0,0,10.846153846153847,10,1
0,0,0,0,12.142857142857142,6,0
0,0,0,0,23.0,1,0
0,0,0,0,9.0,1,0
0,0,0,0,12.0,1,0
0,0,0,0,8.0,2,0
0,0,0,0,19.0,1,0
0,0,0,0,11.5,2,0
0,0,0,0,2.0,1,0
0,0,0,0,10.0,1,0
0,0,0,0,13.0,6,0
0,0,0,0,18.0,1,0
0,0,0,0,13.5,2,0
0,0,0,0,9.0,2,0
0,0,0,0,1.0,1,0
0,0,0,0,10.5,2,0
0,0,0,1,11.75,4,0
0,0,0,0,2.0,1,0
0,0,0,0,11.5,2,0
0,0,0,0,7.0,1,0
0,0,0,0,19.333333333333332,3,0
0,0,0,0,14.0,1,0
0,0,0,0,10.5,2,0
0,0,0,0,9.0,1,0
0,0,0,0,9.0,2,0
0,0,0,0,7.0,1,0
0,0,0,0,7.0,1,0
0,0,0,0,8.0,1,0
0,0,0,0,19.0,1,0
0,0,0,0,8.0,1,0
0,0,0,0,19.0,1,0
0,0,0,0,20.0,1,0
0,0,0,0,13.0,1,0
0,0,0,0,1.0,1,0
0,0,0,0,14.0,1,0
0,0,0,0,16.0,1,0
0,0,0,0,6.25,2,0
0,0,0,0,3.0,1,0
0,0,0,0,9.0,1,0
0,0,0,0,10.0,1,0
0,0,0,0,21.0,1,0
0,0,0,0,17.0,1,0
0,0,0,0,17.333333333333332,3,0
0,0,0,0,5.0,1,0
0,0,0,0,7.0,1,0
0,0,0,0,10.0,1,0
0,0,0,0,14.5,5,0
0,0,0,0,8.0,2,0
0,0,0,0,9.0,5,0
0,0,0,0,17.142857142857142,6,0
0,0,0,0,18.666666666666668,3,0
0,0,0,0,11.333333333333334,3,0
0,0,0,0,5.333333333333333,3,0
0,0,0,0,10.5,2,0
0,0,0,0,23.0,1,0
0,0,0,0,13.0,1,0
0,0,0,0,16.0,1,0
0,0,0,0,15.5,2,0
0,0,0,0,11.0,1,0
0,0,0,0,21.0,1,0
0,0,0,0,22.25,4,0
0,0,0,0,11.3,9,0
0,0,0,0,16.11111111111111,13,1
0,0,0,0,12.571428571428571,18,1
0,0,0,0,15.11111111111111,14,1
0,0,0,1,13.272727272727273,18,1
0,0,0,0,8.947368421052632,14,1
0,0,0,1,10.5,25,1
0,0,0,0,13.607142857142858,23,1
0,0,0,0,11.592592592592593,24,1
0,0,0,0,13.731707317073171,35,1
0,0,0,0,12.714285714285714,33,1
0,0,0,0,14.80952380952381,21,1
0,0,0,0,15.275862068965518,22,1
0,0,0,0,9.833333333333334,9,1
0,0,0,0,15.714285714285714,6,0
0,0,0,0,16.0,2,0
0,0,0,0,10.0,1,0
0,0,0,0,9.0,1,0
0,0,0,0,9.0,1,0
0,0,0,0,17.0,1,0
0,0,0,0,17.0,1,0
0,0,0,0,10.0,1,0
0,0,0,0,12.0,1,0
0,0,0,1,19.11111111111111,8,0
0,0,0,0,2.0,1,0
0,0,0,0,23.0,1,0
0,0,0,0,14.0,2,0
0,0,0,0,11.0,1,0
0,0,0,0,11.0,1,0
0,0,0,0,19.0,1,0
0,0,0,0,14.0,1,0
0,0,0,0,18.0,1,0
0,0,0,0,16.5,2,0
0,0,0,0,11.0,1,0
0,0,0,0,22.0,1,0
0,0,0,0,9.0,1,0
0,0,0,0,23.0,1,0
0,0,0,0,16.333333333333332,3,0
0,0,0,0,13.0,1,0
0,0,0,0,8.0,1,0
0,0,0,0,11.0,1,0
0,0,0,0,11.0,1,0
0,0,0,0,3.0,1,0
0,0,0,0,23.0,1,0
0,0,0,0,10.0,1,0
0,0,0,0,12.0,1,0
0,0,0,0,0.0,1,0
0,0,0,0,3.0,1,0
0,0,0,0,0.0,1,0
0,0,0,0,7.5,2,0
0,0,0,0,1.0,1,0
0,0,0,0,22.0,1,0
0,0,0,0,11.0,1,0
0,0,0,0,10.0,1,0
0,0,0,0,0.0,1,0
0,0,0,0,1.0,1,0
0,0,0,0,22.0,1,0
0,0,0,0,4.0,1,0
0,0,0,0,14.0,1,0
0,0,0,0,10.0,1,0
0,0,0,0,10.0,1,0
0,0,0,0,22.0,1,0
0,0,0,0,9.0,1,0
0,0,0,0,9.0,1,0
0,0,0,0,23.0,1,0
0,0,0,0,23.0,1,0
0,0,0,0,9.0,1,0
0,0,0,0,14.0,1,0
0,0,0,0,21.0,1,0
0,0,0,0,16.0,1,0
0,0,0,0,12.0,2,0
0,0,0,0,12.0,1,0
0,0,0,0,19.0,1,0
0,0,0,0,22.0,1,0
0,0,0,0,10.0,1,0
0,0,0,0,9.0,1,0
0,0,0,0,11.0,1,0
0,0,0,0,22.0,1,0
0,0,0,0,18.0,1,0
0,0,0,0,10.0,1,0
0,0,0,0,9.0,1,0
0,0,0,0,8.0,1,0
0,0,0,0,9.0,1,0
0,0,0,0,9.0,1,0
0,0,0,0,11.0,1,0
0,0,0,0,9.0,1,0
0,0,0,0,22.0,1,0
0,0,0,0,8.0,1,0
0,0,0,0,7.0,1,0
0,0,0,0,15.0,1,0
0,0,0,0,14.0,1,0
0,0,0,0,1.0,1,0
0,0,0,0,1.0,1,0
0,0,0,0,6.0,1,0
0,0,0,0,12.0,1,0
0,0,0,0,3.0,1,0
0,0,0,0,21.0,1,0
0,0,0,0,4.0,1,0
0,0,0,0,8.0,1,0
0,0,0,0,11.0,1,0
0,0,0,0,11.0,1,0
0,0,0,0,0.0,1,0
0,0,0,0,22.0,1,0
0,0,0,0,22.0,1,0
0,0,0,0,2.0,1,0
0,0,0,0,0.0,1,0
0,0,0,0,13.0,1,0
0,0,0,1,6.0,1,0
0,0,0,0,11.0,1,0
0,0,0,0,9.0,1,0
0,0,0,0,0.0,1,0
0,0,0,0,8.0,1,0
0,0,0,0,16.0,1,0
0,0,0,0,13.0,1,0
0,0,0,0,17.0,1,0
0,0,0,0,14.0,1,0
0,0,0,0,17.0,1,0
0,0,0,0,14.0,1,0
0,0,0,0,9.0,1,0
0,0,0,0,11.0,1,0
0,0,0,0,1.0,1,0
0,0,0,0,17.0,1,0
0,0,0,0,3.0,1,0
0,0,0,0,23.0,1,0
0,0,0,0,18.0,1,0
0,0,0,0,1.0,1,0
0,0,0,0,7.0,1,0
0,0,0,0,10.0,1,0
0,0,0,0,8.0,1,0
0,0,0,0,15.0,1,0
0,0,0,0,17.0,1,0
0,0,0,0,9.0,1,0
0,0,0,0,17.0,1,0
0,0,0,0,18.0,1,0
0,0,0,0,0.0,1,0
0,0,0,0,1.0,1,0
0,0,0,0,22.0,1,0
0,0,0,0,21.0,1,0
0,0,0,0,21.0,1,0
0,0,0,0,8.5,2,0
0,0,0,0,23.0,1,0
0,0,0,0,15.0,1,0
0,0,0,0,23.0,1,0
0,0,0,1,14.666666666666666,3,0
0,0,0,0,8.666666666666666,2,0
0,0,0,0,12.0,1,0
0,0,0,0,17.4,4,0
0,0,0,0,20.0,1,0
0,0,0,0,10.0,1,0
0,0,0,0,18.0,1,0
0,0,0,0,19.25,2,0
0,0,0,0,12.333333333333334,5,0
0,0,0,0,0.0,1,0
0,0,0,1,13.0,3,0
0,0,0,0,5.0,3,0
0,0,0,0,17.0,1,0
0,0,0,0,1.0,1,0
0,0,0,0,9.0,1,0
0,0,0,0,16.0,1,0
0,0,0,0,9.0,1,0
0,0,0,0,19.0,1,0
0,0,0,0,15.0,2,0
0,0,0,0,20.0,1,0
0,0,0,0,23.0,1,0
0,0,0,0,22.0,1,0
0,0,0,0,1.0,1,0
0,0,0,0,9.0,1,0
0,0,0,0,8.0,1,0
0,0,0,0,20.0,1,0
0,0,0,0,5.0,1,0
0,0,0,0,22.0,2,0
0,0,0,0,21.0,1,0
0,0,0,0,21.0,1,0
0,0,0,0,3.0,1,0
0,0,0,0,9.0,1,0
0,0,0,0,8.0,2,0
0,0,0,0,8.0,1,0
0,0,0,0,16.0,1,0
0,0,0,0,9.0,1,0
0,0,0,0,21.0,1,0
0,0,0,0,14.0,1,0
0,0,0,0,9.0,1,0
0,0,0,0,0.0,1,0
0,0,0,0,14.0,1,0
0,0,0,0,23.0,1,0
0,0,0,0,20.0,1,0
0,0,0,0,22.0,1,0
0,0,0,0,15.0,3,0
0,0,0,0,10.0,1,0
0,0,0,0,0.5,2,0
0,0,0,0,23.0,1,0
0,0,0,0,18.0,1,0
0,0,0,0,22.5,2,0
0,0,0,0,23.0,1,0
0,0,0,0,22.0,2,0
0,0,0,0,22.0,1,0
0,0,0,0,13.0,1,0
0,0,0,0,5.0,1,0
0,0,0,0,12.0,1,0
0,0,0,0,7.0,2,0
0,0,0,0,8.0,1,0
0,0,0,0,7.0,1,0
0,0,0,0,12.0,5,0
0,0,0,1,12.8,4,0
0,0,0,0,22.0,1,0
0,0,0,0,16.5,5,0
0,0,0,0,1.0,1,0
0,0,0,0,23.0,1,0
0,0,0,0,9.636363636363637,5,0
0,0,0,0,22.333333333333332,3,0
0,0,0,0,14.285714285714286,5,0
0,0,0,0,21.0,2,0
0,0,0,0,12.666666666666666,2,0
0,0,0,0,6.0,2,0
0,0,0,0,20.2,4,0
0,0,0,0,19.0,2,0
0,0,0,0,9.0,1,0
0,0,0,0,3.0,1,0
0,0,0,0,21.0,1,0
0,0,0,0,14.0,1,0
0,0,0,0,20.0,1,0
0,0,0,0,9.0,1,0
0,0,0,0,13.0,1,0
0,0,0,0,20.0,1,0
0,0,0,0,10.5,2,0
0,0,0,0,15.25,3,0
0,0,0,0,10.6,7,0
0,0,0,0,18.571428571428573,5,0
0,0,0,0,10.0,1,0
0,0,0,0,17.0,1,0
0,0,0,0,7.0,1,0
0,0,0,0,21.5,2,0
0,0,0,0,0.0,1,0
0,0,0,2,0.0,1,0
0,0,0,0,9.0,1,0
0,0,0,0,22.0,1,0
0,0,0,0,22.0,1,0
0,0,0,0,19.0,1,0
0,0,0,0,19.0,2,0
0,0,0,0,6.0,2,0
0,0,0,0,13.5,4,0
0,0,0,0,15.615384615384615,8,1
0,0,0,0,19.363636363636363,10,0
0,0,0,0,16.285714285714285,6,0
0,0,0,0,14.058823529411764,22,1
0,0,0,0,15.90625,25,1
0,0,0,4,16.8125,13,1
0,0,0,0,12.961538461538462,21,1
0,0,0,0,11.5,2,0
0,0,0,0,15.428571428571429,5,0
0,0,0,0,13.3,7,0
0,0,0,0,15.692307692307692,14,1
0,0,0,0,9.416666666666666,7,1
0,0,0,0,22.333333333333332,3,0
0,0,0,0,16.0,1,0
0,0,0,0,7.0,2,0
0,0,0,0,15.0,1,0
0,0,0,0,0.0,1,0
0,0,0,0,13.0,1,0
0,0,0,0,19.0,1,0
0,0,0,0,23.0,1,0
0,0,0,0,14.0,1,0
0,0,0,0,11.0,1,0
0,0,0,1,22.0,1,0
0,0,0,0,4.0,1,0
0,0,0,0,20.0,1,0
0,0,0,0,23.0,1,0
0,0,0,3,13.666666666666666,10,1
0,0,0,0,13.2,5,0
0,0,0,0,7.0,1,0
0,0,0,0,16.0,2,0
0,0,0,0,21.0,1,0
0,0,0,0,11.666666666666666,9,1
0,0,0,0,16.0,1,0
0,0,0,0,8.0,1,0
0,0,0,0,3.0,1,0
0,0,0,0,9.0,1,0
0,0,0,0,22.0,1,0
0,0,0,0,1.0,1,0
0,0,0,0,16.0,1,0
0,0,0,0,16.0,2,0
0,0,0,0,17.0,1,0
0,0,0,0,18.5,2,0
0,0,0,0,11.0,1,0
0,0,0,0,12.666666666666666,3,0
0,0,0,0,23.0,1,0
0,0,0,0,11.666666666666666,2,0
0,0,0,0,16.4,4,0
0,0,0,0,13.0,1,0
0,0,0,0,10.0,1,0
0,0,0,0,1.0,1,0
0,0,0,0,13.0,1,0
0,0,0,0,16.5,2,0
0,0,0,0,0.0,1,0
0,0,0,0,4.0,1,0
0,0,0,0,11.0,1,0
0,0,0,0,22.0,1,0
0,0,0,0,14.0,1,0
0,0,0,0,14.0,1,0
0,0,0,0,15.0,2,0
0,0,0,0,13.5,2,0
0,0,0,0,17.0,1,0
0,0,0,0,2.0,1,0
0,0,0,0,22.0,1,0
0,0,0,0,17.4,3,0
0,0,0,1,12.9,9,0
0,0,0,1,16.1,9,0
0,0,0,0,16.14814814814815,21,1
0,0,0,0,13.783783783783784,29,1
0,0,0,3,12.796296296296296,37,1
0,0,0,3,14.964285714285714,17,1
0,0,0,0,14.210526315789474,12,1
0,0,0,0,16.941176470588236,16,1
0,0,0,0,15.0,23,1
0,0,0,0,17.625,5,0
0,0,0,0,13.208333333333334,16,1
0,0,0,0,9.6,9,0
0,0,0,0,16.428571428571427,10,1
0,0,0,0,10.714285714285714,13,1
0,0,0,0,12.0,1,0
0,0,0,0,1.0,1,0
0,0,0,0,8.0,1,0
0,0,0,0,8.0,1,0
0,0,0,0,22.0,1,0
0,0,0,0,22.0,1,0
0,0,0,0,1.0,1,0
0,0,0,0,11.0,2,0
0,0,0,0,16.0,1,0
0,0,0,0,0.0,1,0
0,0,0,0,23.0,1,0
0,0,0,0,10.0,1,0
0,0,0,0,9.0,1,0
0,0,0,0,16.0,1,0
0,0,0,0,13.0,1,0
0,0,0,0,0.0,1,0
0,0,0,0,7.0,2,0
0,0,0,0,10.0,1,0
0,0,0,0,0.0,1,0
0,0,0,0,19.0,1,0
0,0,0,0,19.0,1,0
0,0,0,0,21.0,1,0
0,0,0,0,13.0,1,0
0,0,0,0,14.0,1,0
0,0,0,0,15.956521739130435,18,1
0,0,0,0,15.314285714285715,30,1
0,0,0,0,12.461538461538462,6,1
0,0,0,0,13.75,4,0
0,0,0,0,13.5,14,1
0,2,0,1,12.84,18,1
0,0,0,0,16.103448275862068,20,1
0,0,0,1,12.208333333333334,18,1
0,0,0,0,10.523809523809524,16,1
0,0,0,0,10.5625,10,1
0,0,0,0,14.0,4,0
0,0,0,0,15.545454545454545,8,0
0,0,0,0,17.2,4,0
0,0,0,0,9.0,4,0
0,0,0,0,23.0,1,0
0,0,0,0,23.0,1,0
0,0,0,0,16.0,1,0
0,0,0,0,14.0,1,0
0,0,0,0,17.0,1,0
0,0,0,0,21.0,1,0
0,0,0,0,16.333333333333332,3,0
0,0,0,0,12.75,5,0
0,0,0,0,6.5,4,0
0,0,0,0,11.666666666666666,10,1
0,0,0,1,16.75,15,1
0,0,0,0,16.0,7,0
0,0,0,0,2.0,1,0
0,0,0,5,13.636363636363637,5,0
0,0,0,0,11.5,2,0
0,0,0,0,7.0,1,0
0,0,0,0,8.0,3,0
0,0,0,0,20.0,1,0
0,0,0,0,1.0,1,0
0,0,0,0,0.0,1,0
0,0,0,0,17.0,2,0
0,0,0,1,20.0,1,0
0,0,0,0,16.0,1,0
0,0,0,0,22.333333333333332,2,0
0,0,0,0,23.0,1,0
0,0,0,0,14.666666666666666,2,0
0,0,0,0,10.0,1,0
0,0,0,0,10.0,1,0
0,0,0,0,11.75,3,0
0,3,0,0,13.5,2,0
0,0,0,0,8.545454545454545,7,0
0,0,0,0,12.28,16,1
0,0,0,0,14.363636363636363,16,1
0,0,0,4,14.375,10,1
0,0,0,0,15.5,2,0
0,0,0,0,17.333333333333332,3,0
0,0,0,0,23.0,1,0
0,0,0,0,20.0,1,0
0,0,0,0,23.0,1,0
0,0,0,0,8.0,1,0
0,0,0,0,17.0,1,0
0,0,0,0,10.0,1,0
0,0,0,0,17.0,1,0
0,0,0,0,10.0,1,0
0,0,0,0,12.0,8,1
0,0,0,0,18.333333333333332,2,0
0,0,0,0,19.5,2,0
0,0,0,0,0.0,1,0
0,0,0,0,13.75,10,1
0,0,0,0,7.0,1,0
0,0,0,0,11.0,3,0
0,0,0,0,17.0,4,0
0,0,0,0,15.222222222222221,8,0
0,0,0,0,12.25,11,1
0,0,0,0,11.555555555555555,6,0
0,0,0,1,8.25,9,1
0,0,0,0,12.714285714285714,11,1
0,0,0,0,13.25,8,0
0,0,0,0,15.0,4,0
0,0,0,0,18.0,2,0
0,0,0,0,5.0,1,0
0,0,0,0,14.0,1,0
0,0,0,0,3.0,1,0
0,0,0,0,1.0,1,0
0,0,0,0,0.0,1,0
0,0,0,0,12.0,1,0
0,0,0,0,20.0,1,0
0,0,0,0,22.0,1,0
0,0,0,0,17.5,2,0
0,0,0,0,10.0,2,0
0,0,0,0,17.0,3,0
0,0,0,0,8.0,1,0
0,0,0,0,16.0,1,0
0,0,0,0,0.0,1,0
0,0,0,0,22.0,1,0
0,0,0,0,16.0,1,0
0,0,0,0,14.0,1,0
0,0,0,0,1.0,1,0
0,0,0,0,12.0,1,0
0,0,0,0,15.0,1,0
0,0,0,0,1.5,2,0
0,0,0,0,5.0,2,0
0,0,0,0,21.0,1,0
0,0,0,0,2.0,1,0
0,0,0,0,21.0,1,0
0,0,0,0,22.0,1,0
0,0,0,0,11.0,1,0
0,0,0,0,15.0,1,0
0,0,0,0,15.0,1,0
0,0,0,0,11.0,1,0
0,0,0,0,18.23076923076923,2,1
0,0,0,0,0.0,1,0
0,0,0,0,14.0,2,0
0,0,0,0,13.0,1,0
0,0,0,0,9.0,1,0
0,0,0,0,8.4,4,0
0,0,0,0,16.5,2,0
0,0,0,0,9.0,1,0
0,0,0,0,18.5,2,0
0,0,0,0,21.0,1,0
0,0,0,0,7.0,1,0
0,0,0,0,5.333333333333333,2,0
0,0,0,0,11.0,1,0
0,0,0,0,13.6,3,0
0,0,0,0,9.0,1,0
0,0,0,0,1.0,1,0
0,0,0,0,2.0,1,0
0,0,0,3,18.0,1,0
0,0,0,0,8.0,1,0
0,0,0,0,9.0,1,0
0,0,0,0,4.0,1,0
0,0,0,0,22.0,1,0
0,0,0,0,18.0,1,0
0,0,0,1,3.0,1,0
0,0,0,0,0.0,1,0
0,0,0,0,19.0,1,0
0,0,0,0,2.0,1,0
0,0,0,0,0.0,1,0
0,0,0,0,0.0,1,0
0,0,0,0,20.0,1,0
0,0,0,0,23.0,1,0
0,0,0,0,10.0,1,0
0,0,0,0,14.0,1,0
0,0,0,0,7.0,1,0
0,0,0,0,10.0,1,0
0,0,0,0,0.0,1,0
0,0,0,0,16.0,1,0
0,0,0,0,9.0,1,0
0,0,0,2,15.0,1,0
0,0,0,0,9.0,1,0
0,0,0,0,16.0,1,0
0,0,0,0,12.0,1,0
0,0,0,0,16.0,1,0
0,0,0,0,15.0,1,0
0,0,0,0,22.0,1,0
0,0,0,0,8.0,1,0
0,0,0,0,21.0,1,0
0,0,0,0,21.0,1,0
0,0,0,0,11.0,1,0
0,0,0,0,10.0,1,0
0,0,0,0,2.0,1,0
0,0,0,0,23.0,1,0
0,0,0,0,0.0,1,0
0,0,0,0,23.0,1,0
0,0,0,0,21.0,1,0
0,0,0,0,16.0,1,0
0,0,0,0,16.0,1,0
0,0,0,0,21.0,1,0
0,0,0,0,13.0,1,0
0,0,0,0,22.0,1,0
0,0,0,0,18.0,1,0
0,0,0,0,17.0,1,0
0,0,0,0,7.0,2,0
0,0,0,0,22.0,1,0
0,0,0,0,22.0,1,0
0,0,0,0,22.0,1,0
0,0,0,0,13.0,1,0
0,0,0,2,16.0,1,0
0,0,0,0,0.0,1,0
0,0,0,0,22.0,1,0
0,0,0,0,13.0,1,0
0,0,0,0,12.0,1,0
0,0,0,0,15.0,3,0
0,0,0,0,11.0,2,0
0,0,0,0,0.0,1,0
0,0,0,0,14.0,1,0
0,0,0,0,18.0,1,0
0,0,0,0,2.0,1,0
0,0,0,0,22.0,1,0
0,0,0,0,23.0,1,0
0,0,0,0,0.0,1,0
0,0,0,0,2.5,2,0
0,0,0,0,23.0,1,0
0,0,0,0,20.0,2,0
0,0,0,0,8.0,1,0
0,0,0,0,14.0,1,0
0,0,0,0,23.0,1,0
0,0,0,0,21.0,1,0
0,0,0,0,3.0,1,0
0,0,0,0,6.0,1,0
0,0,0,0,17.166666666666668,3,0
0,0,0,0,13.5,2,0
0,0,0,0,14.0,1,0
0,0,0,0,21.0,1,0
0,0,0,0,14.0,1,0
0,0,0,0,4.0,1,0
0,0,0,0,15.75,3,0
0,0,0,0,18.0,1,0
0,0,0,0,23.0,1,0
0,0,0,0,15.5,2,0
0,0,0,0,23.0,1,0
0,0,0,0,8.5,2,0
0,0,0,0,10.0,1,0
0,0,0,0,1.0,1,0
0,0,0,0,21.0,1,0
0,0,0,0,14.0,1,0
0,0,0,0,13.0,1,0
0,0,0,0,14.0,1,0
0,0,0,0,18.0,1,0
0,0,0,0,22.0,2,0
0,0,0,0,17.0,1,0
0,0,0,0,3.5,2,0
0,0,0,0,11.5,4,0
0,0,0,0,20.0,1,0
0,0,0,0,17.0,2,0
0,0,0,0,8.0,1,0
0,0,0,0,17.0,1,0
0,0,0,0,14.5,2,0
0,0,0,0,7.0,1,0
0,0,0,0,1.5,2,0
0,0,0,0,16.0,1,0
0,0,0,0,18.0,1,0
0,0,0,0,23.0,1,0
0,0,0,0,8.0,1,0
0,0,0,0,15.5,4,0
0,0,0,0,9.75,4,0
0,0,0,0,8.666666666666666,5,0
0,0,0,0,3.0,1,0
0,0,0,0,21.333333333333332,5,0
0,0,0,0,11.333333333333334,9,0
0,0,0,0,14.318181818181818,16,1
0,0,0,0,7.0,7,0
0,0,0,0,12.058823529411764,16,1
0,0,0,0,11.375,16,1
0,0,0,1,15.0,13,1
0,0,0,0,10.571428571428571,5,0
0,0,0,3,12.916666666666666,8,1
0,0,0,0,10.571428571428571,7,0
0,0,0,0,7.6,5,0
0,0,0,0,22.0,1,0
0,0,0,0,10.5,2,0
0,0,0,0,10.0,1,0
0,0,0,0,10.0,1,0
0,0,0,0,3.0,1,0
0,0,0,2,17.333333333333332,2,0
0,0,0,0,21.0,1,0
0,0,0,0,10.0,1,0
0,0,0,0,21.0,1,0
0,0,0,0,0.0,1,0
0,0,0,0,5.0,1,0
0,0,0,0,1.0,1,0
0,0,0,0,0.0,1,0
0,0,0,0,13.0,1,0
0,0,0,0,13.0,1,0
0,0,0,0,7.0,2,0
0,0,0,0,1.0,1,0
0,0,0,0,12.0,1,0
0,0,0,0,23.0,1,0
0,0,0,0,20.333333333333332,3,0
0,0,0,0,7.0,1,0
0,0,0,0,7.0,2,0
0,0,0,0,9.0,1,0
0,0,0,0,12.333333333333334,3,0
0,0,0,0,13.0,1,0
0,0,0,0,15.25,3,0
0,0,0,0,4.0,1,0
0,0,0,0,21.0,1,0
0,0,0,0,15.0,1,0
0,0,0,0,3.0,1,0
0,0,0,0,22.0,1,0
0,0,0,0,0.0,1,0
0,0,0,0,21.0,1,0
0,0,0,0,7.0,1,0
0,0,0,0,16.333333333333332,3,0
0,0,0,0,21.333333333333332,3,0
0,0,0,0,8.5,2,0
0,0,0,0,17.0,1,0
0,0,0,0,16.0,1,0
0,0,0,0,3.6666666666666665,3,0
0,0,0,0,22.0,1,0
0,0,0,0,19.0,1,0
0,0,0,0,19.0,2,0
0,0,0,0,11.5,5,0
0,0,0,0,12.857142857142858,4,0
0,0,0,0,20.0,1,0
0,0,0,0,22.0,1,0
0,0,0,0,16.75,2,0
0,0,0,0,2.0,1,0
0,0,0,0,7.0,1,0
0,0,0,0,7.0,1,0
0,0,0,0,20.0,1,0
0,0,0,0,7.0,1,0
0,0,0,0,10.0,1,0
0,0,0,0,9.0,1,0
0,0,0,0,12.0,1,0
0,0,0,0,20.0,1,0
0,0,0,0,22.0,1,0
0,0,0,0,15.75,3,0
0,0,0,0,10.0,1,0
0,0,0,0,9.0,1,0
0,0,0,0,10.0,1,0
0,0,0,0,11.0,1,0
0,0,0,0,9.0,1,0
0,0,0,0,15.0,1,0
0,0,0,0,12.0,1,0
0,0,0,0,10.0,1,0
0,0,0,0,13.0,1,0
0,0,0,0,17.0,6,0
0,0,0,0,13.25,4,0
0,0,0,0,10.25,3,0
0,0,0,0,18.875,7,0
0,0,0,0,12.878787878787879,26,1
0,0,0,2,13.71111111111111,33,1
0,0,0,0,11.461538461538462,33,1
0,0,0,5,11.136363636363637,49,1
0,0,0,0,15.794117647058824,29,1
0,0,0,0,14.652173913043478,17,1
0,0,0,0,14.96,19,1
0,0,0,0,14.4375,13,1
0,0,0,0,12.91304347826087,18,1
0,0,0,0,11.666666666666666,22,1
0,0,0,0,14.4,21,1
0,0,0,0,11.714285714285714,22,1
0,0,0,0,11.733333333333333,13,1
0,0,0,0,14.0,5,0
0,0,0,0,6.777777777777778,8,0
0,0,0,0,18.0,2,0
0,0,0,0,23.0,1,0
0,0,0,0,13.333333333333334,3,0
0,0,0,0,13.0,1,0
0,0,0,0,9.0,1,0
0,0,0,0,16.0,1,0
0,0,0,0,14.0,1,0
0,0,0,0,13.0,1,0
0,0,0,0,8.0,1,0
0,0,0,0,14.5,2,0
0,0,0,0,23.0,1,0
0,0,0,0,6.333333333333333,3,0
0,0,0,0,2.0,1,0
0,0,0,0,8.4,3,0
0,0,0,0,16.25,3,0
0,0,0,0,7.0,2,0
0,0,0,0,8.0,1,0
0,0,0,0,7.0,1,0
0,0,0,0,19.0,1,0
0,0,0,0,2.0,1,0
0,0,0,0,0.0,1,0
0,0,0,0,11.0,1,0
0,0,0,0,14.0,1,0
0,0,0,0,8.0,1,0
0,0,0,0,6.833333333333333,3,0
0,0,0,0,8.0,1,0
0,0,0,0,7.5,2,0
0,0,0,0,10.0,1,0
0,0,0,0,21.0,1,0
0,0,0,0,14.0,1,0
0,0,0,0,12.0,1,0
0,0,0,0,11.0,1,0
0,0,0,0,16.0,1,0
0,0,0,0,12.0,1,0
0,0,0,0,12.25,2,0
0,0,0,0,14.0,1,0
0,0,0,0,10.0,1,0
0,0,0,0,15.0,1,0
0,0,0,0,13.0,1,0
0,0,0,0,20.0,1,0
0,0,0,0,21.0,1,0
0,0,0,0,11.0,1,0
0,0,0,0,23.0,1,0
0,0,0,0,2.0,1,0
0,0,0,0,21.0,1,0
0,0,0,0,23.0,1,0
0,0,0,0,18.0,1,0
0,0,0,0,14.0,1,0
0,0,0,0,16.666666666666668,2,0
0,0,0,0,15.0,1,0
0,0,0,0,14.6875,9,1
0,0,0,1,12.0,8,1
0,0,0,0,12.0,11,1
0,0,0,0,7.111111111111111,7,0
0,0,0,0,16.09090909090909,11,0
0,0,0,0,1.0,1,0
0,0,0,0,15.214285714285714,9,1
0,0,0,0,16.0,5,0
0,0,0,0,10.5,2,0
0,0,0,0,18.8,7,0
0,0,0,0,14.333333333333334,10,1
0,0,0,0,4.888888888888889,6,0
0,0,0,0,15.2,3,0
0,0,0,0,9.0,3,0
0,0,0,0,19.0,2,0
0,0,0,0,18.0,1,0
0,0,0,0,16.0,1,0
0,0,0,0,17.0,1,0
0,0,0,0,23.0,1,0
0,0,0,0,20.0,1,0
0,0,0,0,17.0,1,0
0,0,0,0,2.0,1,0
0,0,0,0,17.333333333333332,3,0
0,0,0,1,14.5,3,0
0,0,0,0,8.0,1,0
0,0,0,0,15.0,1,0
0,0,0,0,16.166666666666668,3,0
0,0,0,0,4.25,4,0
0,0,0,0,16.0,1,0
0,0,0,0,2.0,1,0
0,0,0,0,20.0,1,0
0,0,0,0,0.0,1,0
0,0,0,0,22.0,1,0
0,0,0,0,11.0,3,0
0,0,0,0,11.5,2,0
0,0,0,0,10.0,1,0
0,0,0,0,18.0,1,0
0,0,0,0,19.0,1,0
0,0,0,2,4.0,1,0
0,0,0,0,20.0,1,0
0,0,0,0,22.0,1,0
0,0,0,0,23.0,1,0
0,0,0,0,0.0,1,0
0,0,0,0,14.5,2,0
0,0,0,0,0.0,1,0
0,0,0,0,9.0,1,0
0,0,0,0,10.5,2,0
0,0,0,0,16.0,1,0
0,0,0,0,21.0,1,0
0,0,0,0,12.0,1,0
0,0,0,0,19.0,1,0
0,0,0,0,23.0,1,0
0,0,0,0,0.0,1,0
0,0,0,0,12.0,1,0
0,0,0,0,17.0,1,0
0,0,0,0,14.0,1,0
0,0,0,0,21.0,1,0
0,0,0,0,8.0,1,0
0,0,0,0,11.0,2,0
0,0,0,0,12.333333333333334,4,0
0,0,0,0,10.357142857142858,10,1
0,0,0,0,15.142857142857142,18,1
0,0,0,0,8.88888888888889,12,1
0,0,0,1,11.020408163265307,39,1
0,0,0,0,14.307692307692308,19,1
0,0,0,0,17.11111111111111,6,0
0,0,0,1,18.714285714285715,14,1
0,0,0,0,16.38888888888889,14,1
0,0,0,0,16.375,6,0
0,0,0,0,16.6875,10,1
0,0,0,0,1.0,2,0
0,0,0,0,15.3,7,0
0,0,0,0,13.272727272727273,7,0
0,0,0,0,20.0,1,0
0,0,0,0,18.0,1,0
0,0,0,0,4.0,1,0
0,0,0,0,2.6666666666666665,2,0
0,0,0,0,19.5,2,0
0,0,0,0,14.0,1,0
0,0,0,0,17.0,1,0
0,0,0,0,1.0,1,0
0,0,0,0,9.0,1,0
0,0,0,0,0.0,1,0
0,0,0,0,11.0,1,0
0,0,0,0,14.0,1,0
0,0,0,0,0.0,1,0
0,0,0,0,14.5,2,0
0,0,0,0,16.0,1,0
0,0,0,0,14.0,1,0
0,0,0,0,21.0,1,0
0,0,0,0,18.0,1,0
0,0,0,0,21.0,1,0
0,0,0,0,22.0,1,0
0,0,0,0,11.0,1,0
0,0,0,0,12.0,1,0
0,0,0,0,22.0,1,0
0,0,0,0,12.5,2,0
0,0,0,0,16.0,1,0
0,0,0,0,2.0,1,0
0,0,0,0,2.0,1,0
0,0,0,0,22.0,1,0
0,0,0,0,18.0,1,0
0,0,0,0,2.0,1,0
0,0,0,0,21.0,1,0
0,0,0,0,11.0,1,0
0,0,0,0,0.0,1,0
0,0,0,0,13.421052631578947,15,1
0,0,0,1,11.894736842105264,24,1
0,0,0,0,12.6,4,0
0,0,0,0,4.375,6,0
0,0,0,0,14.0,8,0
0,0,0,0,14.8,9,0
0,0,0,0,12.8,12,1
0,0,0,0,12.0,7,0
0,0,0,0,13.4375,13,1
0,0,0,0,11.88888888888889,6,0
0,0,0,0,13.875,7,0
0,0,0,0,17.6,4,0
0,0,0,0,17.0,8,0
0,0,0,0,16.0,3,0
0,0,0,0,20.0,1,0
0,0,0,0,18.0,1,0
0,0,0,0,10.0,1,0
0,0,0,0,3.0,1,0
0,0,0,0,18.0,3,0
0,0,0,0,16.75,4,0
0,0,0,0,18.4,5,0
0,0,0,0,9.6,8,0
0,0,0,0,17.0,2,0
0,0,0,0,16.333333333333332,3,0
0,0,0,0,16.0,1,0
0,0,0,0,15.0,1,0
0,0,0,0,11.0,1,0
0,0,0,0,0.0,1,0
0,0,0,0,21.0,1,0
0,0,0,0,16.0,1,0
0,0,0,0,6.0,1,0
0,0,0,0,10.0,1,0
0,0,0,0,2.0,1,0
0,0,0,0,8.333333333333334,3,0
0,0,0,0,16.333333333333332,3,0
0,0,0,0,9.833333333333334,4,0
0,0,0,0,11.666666666666666,8,0
0,0,0,0,14.0,3,0
0,0,0,0,18.333333333333332,3,0
0,0,0,0,15.0,1,0
0,0,0,0,16.0,1,0
0,0,0,0,11.0,1,0
0,0,0,0,8.0,1,0
0,0,0,0,4.0,1,0
0,0,0,0,7.0,1,0
0,0,0,0,9.76923076923077,10,1
0,0,0,0,15.333333333333334,7,0
0,0,0,0,19.0,3,0
0,0,0,0,17.0,1,0
0,0,0,0,5.25,3,0
0,0,0,0,19.0,1,0
0,0,0,0,17.0,1,0
0,0,0,0,11.857142857142858,6,0
0,0,0,0,18.666666666666668,3,0
0,0,0,0,15.666666666666666,4,0
0,0,0,0,14.75,8,0
0,0,0,0,5.133333333333334,10,1
0,0,0,0,19.0,1,0
0,0,0,0,7.5,3,0
0,0,0,0,16.0,2,0
0,0,0,0,18.0,1,0
0,0,0,0,23.0,1,0
0,0,0,0,22.0,1,0
0,0,0,0,18.0,1,0
0,0,0,0,12.0,1,0
0,0,0,0,16.0,1,0
0,0,0,0,14.0,1,0
0,0,0,0,7.0,1,0
0,0,0,0,0.0,1,0
0,0,0,0,20.0,1,0
0,0,0,0,22.0,1,0
0,0,0,0,11.0,1,0
0,0,0,0,12.0,1,0
0,0,0,0,7.0,1,0
0,0,0,0,8.0,1,0
0,0,0,0,10.0,7,0
0,0,0,0,11.0,1,0
0,0,0,0,11.833333333333334,6,0
0,0,0,0,17.0,1,0
0,0,0,0,13.0,1,0
0,0,0,0,12.0,1,0
0,0,0,0,15.0,1,0
0,0,0,0,23.0,1,0
0,0,0,0,15.5,2,0
0,0,0,0,22.0,1,0
0,0,0,0,17.75,4,0
0,0,0,0,14.25,3,0
0,0,0,0,22.0,1,0
0,0,0,0,22.0,2,0
0,0,0,0,9.4,4,0
0,0,0,0,23.0,1,0
0,0,0,0,10.0,2,0
0,0,0,0,14.0,2,0
0,0,0,0,16.0,1,0
0,0,0,0,8.5,2,0
0,0,0,0,17.333333333333332,2,0
0,0,0,0,23.0,1,0
0,0,0,0,23.0,1,0
0,0,0,0,9.0,1,0
0,0,0,0,11.0,2,0
0,0,0,0,2.0,1,0
0,0,0,0,11.0,1,0
0,0,0,0,10.0,1,0
0,0,0,0,8.0,1,0
0,0,0,0,13.0,1,0
0,0,0,0,18.0,1,0
0,0,0,0,7.0,1,0
0,0,0,0,11.0,1,0
0,0,0,0,18.0,1,0
0,0,0,0,9.0,1,0
0,0,0,0,6.0,1,0
0,0,0,0,10.0,1,0
0,0,0,0,6.5,2,0
0,0,0,0,14.0,2,0
0,0,0,0,5.6,2,0
0,0,0,0,12.5,10,1
0,0,0,0,15.4,10,0
0,0,0,0,11.25,8,0
0,0,0,1,14.25,25,1
0,0,0,1,9.8,10,0
0,0,0,0,13.181818181818182,9,0
0,0,0,0,16.2,4,0
0,0,0,0,13.727272727272727,18,1
0,0,0,0,16.0,4,0
0,0,0,0,20.0,1,0
0,0,0,0,13.0,1,0
0,0,0,0,9.666666666666666,11,1
0,0,0,0,15.666666666666666,4,0
0,0,0,0,15.5,4,0
0,0,0,0,13.75,4,0
0,0,0,0,16.11111111111111,8,0
0,0,0,0,23.0,1,0
0,0,0,0,12.0,1,0
0,0,0,0,12.0,1,0
0,0,0,0,9.0,1,0
0,0,0,0,17.0,1,0
0,0,0,0,8.0,1,0
0,0,0,0,20.0,1,0
0,0,0,0,4.0,1,0
0,0,0,0,22.0,1,0
0,0,0,0,17.0,1,0
0,0,0,0,12.0,1,0
0,0,0,0,17.0,1,0
0,0,0,0,1.0,1,0
0,0,0,0,17.0,1,0
0,0,0,0,10.0,1,0
0,0,0,0,7.0,1,0
0,0,0,0,23.0,1,0
0,0,0,0,2.0,1,0
0,0,0,0,2.0,1,0
0,0,0,0,2.0,1,0
0,0,0,0,21.0,1,0
0,0,0,0,21.0,1,0
0,0,0,0,2.0,1,0
0,0,0,0,23.0,1,0
0,0,0,0,12.0,1,0
0,0,0,0,19.0,1,0
0,0,0,0,13.0,1,0
0,0,0,0,22.0,1,0
0,0,0,0,11.0,1,0
0,0,0,0,13.0,1,0
0,0,0,0,23.0,1,0
0,0,0,0,5.0,2,0
0,0,0,0,0.0,1,0
0,0,0,0,14.0,1,0
0,0,0,0,0.0,1,0
0,0,0,0,13.0,1,0
0,0,0,0,0.0,1,0
0,0,0,0,22.0,1,0
0,0,0,0,17.0,1,0
0,0,0,0,8.0,1,0
0,0,0,0,22.0,1,0
0,0,0,0,22.0,1,0
0,0,0,0,23.0,1,0
0,0,0,0,23.0,1,0
0,0,0,0,9.0,1,0
0,0,0,0,23.0,1,0
0,0,0,0,23.0,1,0
0,0,0,0,23.0,1,0
0,0,0,0,19.0,1,0
0,0,0,0,1.0,2,0
0,0,0,0,1.0,1,0
0,0,0,0,22.0,1,0
0,0,0,0,8.0,1,0
0,0,0,0,13.0,1,0
0,0,0,0,23.0,1,0
0,0,0,0,0.0,1,0
0,0,0,0,17.0,1,0
0,0,0,0,3.0,1,0
0,0,0,0,0.0,1,0
0,0,0,0,8.0,1,0
0,0,0,0,7.5,2,0
0,0,0,0,13.0,1,0
0,0,0,0,7.0,1,0
0,0,0,0,15.5,2,0
0,0,0,0,15.0,1,0
0,0,0,0,11.666666666666666,3,0
0,0,0,0,12.4,5,0
0,0,0,0,11.0,4,0
0,0,0,0,7.0,2,0
0,0,0,0,13.0,1,0
0,0,0,1,23.0,1,0
0,0,0,0,8.0,2,0
0,0,0,0,11.0,1,0
0,0,0,0,8.0,1,0
0,0,0,0,0.0,1,0
0,0,0,0,8.0,1,0
0,0,0,0,7.0,1,0
0,0,0,0,23.0,1,0
0,0,0,0,1.0,1,0
0,0,0,0,23.0,1,0
0,0,0,0,11.0,1,0
0,0,0,0,14.0,1,0
0,0,0,0,22.0,1,0
0,0,0,0,20.0,1,0
0,0,0,0,8.0,1,0
0,0,0,0,1.0,1,0
0,0,0,0,9.0,1,0
0,0,0,0,21.0,1,0
0,0,0,0,3.0,1,0
0,0,0,0,2.0,1,0
0,0,0,0,0.0,1,0
0,0,0,0,0.0,1,0
0,0,0,0,20.0,1,0
0,0,0,0,9.0,1,0
0,0,0,0,18.0,2,0
0,0,0,0,11.0,1,0
0,0,0,0,20.0,1,0
0,0,0,0,22.0,1,0
0,0,0,0,17.0,1,0
0,0,0,0,19.0,1,0
0,0,0,0,23.0,1,0
0,0,0,0,7.0,1,0
0,0,0,0,22.0,1,0
0,0,0,0,12.0,1,0
0,0,0,0,17.0,1,0
0,0,0,0,2.0,1,0
0,0,0,1,9.0,1,0
0,0,0,0,7.0,1,0
0,0,0,0,13.0,1,0
0,0,0,0,13.6,5,0
0,0,0,0,16.75,2,0
0,0,0,0,21.0,2,0
0,0,0,0,12.0,1,0
0,0,0,0,21.0,2,0
0,0,0,0,18.333333333333332,3,0
0,0,0,0,15.0,2,0
0,0,0,0,15.6,2,0
0,0,0,0,9.0,1,0
0,0,0,0,9.0,1,0
0,0,0,0,11.0,1,0
0,0,0,0,15.0,2,0
0,0,0,0,11.0,1,0
0,0,0,0,1.0,1,0
0,0,0,0,16.0,1,0
0,0,0,0,16.0,1,0
0,0,0,0,1.0,1,0
0,0,0,0,8.0,1,0
0,0,0,0,18.0,1,0
0,0,0,0,20.0,1,0
0,0,0,0,4.0,1,0
0,0,0,0,14.0,1,0
0,0,0,0,9.0,1,0
0,0,0,0,9.0,2,0
0,0,0,0,13.0,1,0
0,0,0,0,18.0,1,0
0,0,0,0,1.0,1,0
0,0,0,0,22.0,1,0
0,0,0,0,11.0,1,0
0,0,0,0,13.0,1,0
0,0,0,0,17.0,1,0
0,0,0,0,21.0,1,0
0,0,0,0,10.0,1,0
0,0,0,0,3.0,1,0
0,0,0,0,16.0,1,0
0,0,0,0,11.0,1,0
0,0,0,0,16.0,1,0
0,0,0,0,2.0,1,0
0,0,0,0,10.0,1,0
0,0,0,0,12.0,1,0
0,0,0,0,22.0,1,0
0,0,0,0,17.0,1,0
0,0,0,1,18.0,1,0
0,0,0,0,21.0,1,0
0,0,0,0,1.0,1,0
0,0,0,0,7.0,1,0
0,0,0,0,8.0,1,0
0,0,0,0,7.0,1,0
0,0,0,0,18.0,1,0
0,0,0,0,9.0,1,0
0,0,0,0,13.0,1,0
0,0,0,1,10.0,1,0
0,0,0,0,9.0,1,0
0,0,0,0,22.0,1,0
0,0,0,0,12.0,1,0
0,0,0,0,20.0,1,0
0,0,0,0,15.0,1,0
0,0,0,0,22.0,1,0
0,0,0,0,23.0,1,0
0,0,0,0,0.0,1,0
0,0,0,0,21.0,1,0
0,0,0,0,22.0,1,0
0,0,0,0,13.0,1,0
0,0,0,0,10.0,1,0
0,0,0,0,9.0,1,0
0,0,0,0,16.0,1,0
0,0,0,0,2.0,1,0
0,0,0,0,16.0,1,0
0,0,0,0,15.0,1,0
0,0,0,0,2.0,1,0
0,0,0,0,2.0,1,0
0,0,0,0,15.0,1,0
0,0,0,0,20.0,1,0
0,0,0,0,9.0,1,0
0,0,0,0,8.0,1,0
0,0,0,0,23.0,1,0
0,0,0,0,11.0,1,0
0,0,0,0,17.0,1,0
0,0,0,1,12.0,1,0
0,0,0,1,7.0,1,0
0,0,0,0,12.0,2,0
0,0,0,0,8.0,1,0
0,0,0,0,16.0,1,0
0,0,0,1,8.0,1,0
0,0,0,0,7.0,1,0
0,0,0,0,19.0,1,0
0,0,0,2,3.6666666666666665,2,0
0,0,0,1,18.0,1,0
0,0,0,0,14.0,1,0
0,0,0,0,11.0,1,0
0,0,0,2,13.0,2,0
0,0,0,0,22.0,1,0
0,0,0,0,15.0,1,0
0,0,0,0,23.0,1,0
0,0,0,0,15.0,1,0
0,0,0,0,21.0,1,0
0,0,0,0,13.0,1,0
0,0,0,0,10.0,1,0
0,0,0,0,22.0,1,0
0,0,0,0,21.0,1,0
0,0,0,0,9.0,1,0
0,0,0,0,8.0,1,0
0,0,0,0,18.0,1,0
0,0,0,0,2.0,1,0
0,0,0,0,8.0,1,0
0,0,0,0,9.0,1,0
0,0,0,0,23.0,1,0
0,0,0,0,19.0,1,0
0,0,0,0,11.0,1,0
0,0,0,0,13.0,1,0
0,0,0,0,23.0,1,0
0,0,0,0,15.0,2,0
0,0,0,0,11.0,1,0
0,0,0,0,5.0,1,0
0,0,0,0,10.0,1,0
0,0,0,0,21.0,1,0
0,0,0,0,9.0,1,0
0,0,0,0,8.0,1,0
0,0,0,0,13.0,1,0
0,2,0,0,12.0,1,0
0,0,0,0,14.0,1,0
0,0,0,0,7.0,1,0
0,0,0,0,19.0,1,0
0,0,0,0,10.0,1,0
0,0,0,0,15.0,1,0
0,0,0,0,21.0,1,0
0,0,0,0,0.0,1,0
0,0,0,0,15.0,1,0
0,0,0,0,8.0,1,0
0,0,0,0,23.0,1,0
0,0,0,0,19.0,2,0
0,0,0,0,5.0,1,0
0,0,0,0,10.0,1,0
0,0,0,0,20.0,1,0
0,0,0,0,2.0,1,0
0,0,0,0,7.0,1,0
0,0,0,0,18.0,1,0
0,0,0,0,19.0,1,0
0,0,0,0,21.0,1,0
0,0,0,0,16.0,1,0
0,0,0,3,23.0,1,0
0,0,0,0,1.0,1,0
0,0,0,0,0.0,1,0
0,0,0,0,20.0,1,0
0,0,0,0,15.0,1,0
0,0,0,0,11.0,1,0
0,0,0,0,14.0,1,0
0,0,0,2,3.0,1,0
0,0,0,0,7.0,1,0
0,0,0,0,17.0,1,0
0,0,0,0,23.0,1,0
0,0,0,0,14.0,1,0
0,0,0,0,22.0,1,0
0,0,0,0,10.0,1,0
0,0,0,0,8.0,1,0
0,0,0,0,17.0,1,0
0,0,0,0,2.0,1,0
0,0,0,0,2.0,1,0
0,0,0,0,17.0,1,0
0,0,0,0,16.0,1,0
0,0,0,0,1.0,1,0
0,0,0,0,13.0,1,0
0,0,0,0,9.0,1,0
0,0,0,0,22.0,1,0
0,0,0,0,6.0,1,0
0,0,0,0,14.5,2,0
0,0,0,0,12.0,3,0
0,0,0,0,3.8333333333333335,3,0
0,0,0,0,14.5,2,0
0,0,0,0,1.0,1,0
0,0,0,0,23.0,1,0
0,0,0,0,2.0,1,0
0,0,0,0,19.0,1,0
0,0,0,0,22.0,2,0
0,0,0,0,15.666666666666666,3,0
0,0,0,0,3.6666666666666665,2,0
0,0,0,0,5.0,2,0
0,0,0,0,19.454545454545453,6,0
0,0,0,0,1.0,1,0
0,0,0,0,6.0,1,0
0,0,0,0,10.0,1,0
0,0,0,0,17.0,1,0
0,0,0,0,16.0,1,0
0,0,0,0,19.0,1,0
0,0,0,0,20.0,1,0
0,0,0,0,21.0,1,0
0,0,0,0,17.0,1,0
0,0,0,0,20.0,1,0
0,0,0,0,17.0,1,0
0,0,0,0,19.5,2,0
0,0,0,0,20.0,1,0
0,0,0,0,3.6,2,0
0,0,0,0,22.0,1,0
0,0,0,0,0.0,1,0
0,0,0,0,9.333333333333334,3,0
0,0,0,0,6.666666666666667,2,0
0,0,0,0,15.0,2,0
0,0,0,0,14.0,1,0
0,0,0,0,9.0,1,0
0,0,0,0,17.0,1,0
0,0,0,0,15.0,1,0
0,0,0,0,20.0,1,0
0,0,0,0,23.0,1,0
0,0,0,0,7.0,1,0
0,0,0,0,11.0,1,0
0,0,0,0,6.0,3,0
0,0,0,0,22.0,1,0
0,0,0,0,11.0,1,0
0,0,0,0,12.666666666666666,3,0
0,0,0,0,8.333333333333334,3,0
0,0,0,0,13.0,2,0
0,0,0,0,7.333333333333333,2,0
0,0,0,0,23.0,1,0
0,0,0,0,11.0,1,0
0,0,0,0,23.0,1,0
0,0,0,0,18.5,2,0
0,0,0,0,12.5,2,0
0,0,0,0,16.0,1,0
0,0,0,0,23.0,1,0
0,0,0,0,2.8,2,0
0,3,0,0,13.666666666666666,4,0
0,0,0,0,12.0,1,0
0,0,0,0,17.0,2,0
0,0,0,0,12.0,5,0
0,0,0,0,17.0,1,0
0,0,0,0,15.25,4,0
0,0,0,0,19.8,4,0
0,0,0,0,5.6,2,0
0,0,0,0,3.0,1,0
0,0,0,0,18.0,1,0
0,0,0,0,15.0,2,0
0,0,0,0,22.0,1,0
0,0,0,0,23.0,1,0
0,0,0,0,2.0,1,0
0,0,0,0,19.0,1,0
0,0,0,0,0.0,1,0
0,0,0,0,20.0,1,0
0,0,0,0,1.0,1,0
0,0,0,0,7.0,1,0
0,0,0,0,20.0,1,0
0,0,0,1,11.0,1,0
0,0,0,0,12.0,1,0
0,0,0,0,8.0,1,0
0,0,0,0,21.0,1,0
0,0,0,0,14.0,3,0
0,0,0,0,22.0,1,0
0,0,0,0,4.0,1,0
0,0,0,0,0.0,1,0
0,0,0,0,1.0,1,0
0,0,0,0,2.0,1,0
0,0,0,0,16.0,1,0
0,0,0,0,10.733333333333333,10,1
0,0,0,1,13.529411764705882,15,1
0,0,0,0,9.2,10,0
0,0,0,3,14.161290322580646,21,1
0,0,0,1,14.153846153846153,11,1
0,3,0,0,7.230769230769231,7,1
0,0,0,0,11.5,2,0
0,0,0,0,21.0,1,0
0,0,0,0,8.0,1,0
0,0,0,0,21.0,1,0
0,0,0,0,23.0,1,0
0,0,0,0,16.0,1,0
0,0,0,0,13.0,1,0
0,0,0,0,22.0,1,0
0,0,0,0,22.0,1,0
0,0,0,0,5.0,1,0
0,0,0,0,16.363636363636363,7,0
0,0,0,0,8.0,4,0
0,0,0,0,13.5,3,0
0,0,0,0,11.0,2,0
0,0,0,0,8.5,5,0
0,0,0,0,15.0,3,0
0,0,0,0,14.75,3,0
0,0,0,0,3.0,1,0
0,0,0,0,0.0,1,0
0,0,0,0,1.0,1,0
0,0,0,0,2.0,1,0
0,0,0,0,22.0,1,0
0,0,0,0,13.0,1,0
0,0,0,0,12.0,2,0
0,0,0,0,14.75,4,0
0,0,0,0,15.333333333333334,2,0
0,0,0,0,13.727272727272727,3,0
0,0,0,0,8.0,2,0
0,0,0,0,15.0,2,0
0,0,0,0,23.0,1,0
0,0,0,0,15.75,3,0
0,0,0,0,8.714285714285714,6,0
0,0,0,0,9.0,3,0
0,0,0,0,13.142857142857142,6,0
0,0,0,0,8.857142857142858,5,0
0,0,0,0,11.333333333333334,3,0
0,0,0,0,5.166666666666667,5,0
0,0,0,0,12.333333333333334,3,0
0,0,0,0,11.4,5,0
0,0,0,0,12.0,1,0
0,0,0,0,9.0,1,0
0,0,0,0,9.0,1,0
0,0,0,0,9.0,1,0
0,0,0,0,14.0,1,0
0,0,0,0,7.0,1,0
0,0,0,0,17.0,1,0
0,0,0,3,11.0,2,0
0,0,0,0,11.0,1,0
0,0,0,0,19.0,1,0
0,0,0,0,2.0,1,0
0,0,0,0,16.0,1,0
0,0,0,0,12.5,2,0
0,0,0,0,7.0,1,0
0,0,0,0,20.0,1,0
0,0,0,0,12.0,1,0
0,0,0,0,10.0,1,0
0,0,0,0,12.0,1,0
0,0,0,0,13.0,1,0
0,0,0,0,18.0,1,0
0,0,0,0,11.0,1,0
0,0,0,0,9.0,1,0
0,0,0,0,10.0,1,0
0,0,0,0,14.0,2,0
0,0,0,0,10.0,1,0
0,0,0,0,6.0,1,0
0,0,0,0,10.0,1,0
0,0,0,0,11.0,1,0
0,0,0,0,8.0,1,0
0,0,0,0,16.0,2,0
0,0,0,0,7.5,2,0
0,0,0,0,15.5,2,0
0,0,0,0,19.25,3,0
0,0,0,0,11.333333333333334,5,0
0,0,0,0,9.5,4,0
0,0,0,0,10.333333333333334,6,0
0,0,0,1,13.0,3,0
0,0,0,0,11.142857142857142,6,0
0,0,0,0,12.857142857142858,6,0
0,0,0,0,14.0,5,0
0,0,0,0,20.666666666666668,3,0
0,0,0,0,9.529411764705882,11,1
0,0,0,0,16.4,8,0
0,0,0,0,10.333333333333334,6,0
0,0,0,0,11.533333333333333,12,1
0,0,0,1,13.5,10,0
0,0,0,0,11.25,4,0
0,0,0,0,15.714285714285714,6,0
0,0,0,0,12.19047619047619,21,1
0,0,0,0,11.6,13,1
0,0,0,0,13.857142857142858,12,1
0,0,0,0,13.363636363636363,11,0
0,0,0,0,15.625,5,0
0,0,0,0,12.0,1,0
0,0,0,0,8.0,1,0
0,0,0,0,9.0,1,0
0,0,0,0,8.0,1,0
0,0,0,0,13.0,1,0
0,0,0,0,18.0,2,0
0,0,0,0,11.0,1,0
0,0,0,0,15.0,1,0
0,0,0,1,8.0,3,0
0,0,0,0,12.5,2,0
0,0,0,0,4.4,1,0
0,0,0,0,13.875,5,0
0,0,0,0,11.285714285714286,6,0
0,0,0,0,6.846153846153846,8,1
0,0,0,0,22.09090909090909,6,0
0,0,0,0,6.666666666666667,5,0
0,0,0,1,10.0,11,1
0,0,0,0,13.6,8,0
0,0,0,0,13.5,6,0
0,0,1,0,14.307692307692308,11,1
0,0,0,0,10.8,8,0
0,0,0,0,12.25,7,0
0,0,0,0,12.285714285714286,6,0
0,0,0,0,16.733333333333334,10,1
0,0,0,0,18.0,8,0
0,0,0,0,12.857142857142858,7,0
0,0,0,0,10.0,11,1
0,0,0,0,12.0,5,0
0,0,0,0,19.5,2,0
0,0,0,0,0.0,1,0
0,0,0,0,2.0,1,0
0,0,0,0,23.0,1,0
0,0,0,0,19.0,2,0
0,0,0,0,16.0,2,0
0,0,0,0,22.0,1,0
0,0,0,0,18.0,4,0
0,0,0,0,15.0,1,0
0,0,0,0,1.0,1,0
0,0,0,0,1.0,1,0
0,0,0,0,22.0,1,0
0,0,0,0,13.0,1,0
0,0,0,0,1.0,1,0
0,0,0,0,0.0,1,0
0,0,0,0,1.0,1,0
0,0,0,0,23.0,1,0
0,0,0,0,9.0,1,0
0,0,0,0,17.0,1,0
0,0,0,0,22.0,1,0
0,0,0,0,22.0,1,0
0,0,0,0,0.0,1,0
0,0,0,0,22.0,1,0
0,0,0,0,23.0,1,0
0,0,0,0,8.0,1,0
0,0,0,0,8.0,1,0
0,0,0,0,10.0,1,0
0,0,0,0,4.0,1,0
0,0,0,0,16.0,1,0
0,0,0,0,21.0,2,0
0,0,0,0,15.25,7,0
0,0,0,0,4.666666666666667,4,0
0,0,0,1,14.0,5,0
0,0,0,0,17.125,8,0
0,0,0,0,10.2,12,1
0,0,0,1,11.107142857142858,17,1
0,1,0,0,10.894736842105264,15,1
0,0,0,0,15.0625,12,1
0,0,0,3,11.952380952380953,15,1
0,0,0,0,13.9375,14,1
0,0,0,1,10.205882352941176,24,1
0,3,0,1,12.147540983606557,38,1
0,0,0,1,14.027027027027026,29,1
0,0,0,2,13.74074074074074,24,1
0,0,0,0,13.125,19,1
0,0,0,0,12.428571428571429,16,1
0,0,0,0,9.522727272727273,28,1
0,0,0,0,14.576923076923077,36,1
0,0,0,0,10.487804878048781,35,1
0,0,0,0,10.516129032258064,27,1
0,0,0,3,13.05,32,1
0,0,0,0,12.619047619047619,15,1
0,0,0,0,9.75,8,0
0,0,0,0,11.0,1,0
0,0,0,0,22.0,1,0
0,0,0,0,12.0,1,0
0,0,0,0,23.0,1,0
0,0,0,0,10.0,1,0
0,0,0,0,15.0,1,0
0,0,0,0,11.0,1,0
0,0,0,0,14.0,1,0
0,0,0,0,23.0,1,0
0,0,0,0,15.0,1,0
0,0,0,0,19.0,1,0
0,0,0,0,22.0,1,0
0,0,0,0,22.0,1,0
0,0,0,0,20.0,1,0
0,0,0,0,13.0,1,0
0,0,0,0,22.0,1,0
0,0,0,0,13.0,1,0
0,0,0,0,4.0,1,0
0,0,0,0,0.0,1,0
0,0,0,0,21.0,1,0
0,0,0,0,21.0,1,0
0,0,0,0,10.0,1,0
0,0,0,0,22.0,1,0
0,0,0,0,15.0,1,0
0,0,0,0,20.0,1,0
0,0,0,0,19.0,1,0
0,0,0,0,1.0,1,0
0,0,0,0,16.0,1,0
0,0,0,0,21.0,1,0
0,0,0,0,17.0,1,0
0,0,0,0,8.0,1,0
0,0,0,0,7.0,1,0
0,0,0,0,4.5,2,0
0,0,0,0,21.0,1,0
0,0,0,0,21.0,1,0
0,0,0,0,12.0,1,0
0,0,0,0,14.0,1,0
0,0,0,0,10.0,1,0
0,0,0,0,14.0,1,0
0,0,0,0,22.0,1,0
0,0,0,0,7.0,1,0
0,0,0,0,19.0,1,0
0,0,0,0,1.0,1,0
0,0,0,0,11.0,1,0
0,0,0,0,23.0,1,0
0,0,0,0,16.0,1,0
0,0,0,0,11.0,1,0
0,0,0,0,10.0,1,0
0,0,0,0,2.0,2,0
0,0,0,0,22.0,1,0
0,0,0,0,4.625,5,0
0,0,0,0,15.666666666666666,2,0
0,0,0,0,9.0,3,0
0,0,0,0,4.75,2,0
0,0,0,0,12.333333333333334,2,0
0,0,0,0,17.0,2,0
0,0,0,0,23.0,1,0
0,0,0,0,19.0,1,0
0,0,0,0,14.0,1,0
0,0,0,0,12.0,1,0
0,0,0,0,14.666666666666666,3,0
0,0,0,0,11.0,1,0
0,0,0,0,7.666666666666667,3,0
0,0,0,0,15.0,1,0
0,0,0,0,3.0,1,0
0,0,0,0,5.5,2,0
0,0,0,0,14.333333333333334,3,0
0,0,0,0,11.0,1,0
0,0,0,0,12.0,1,0
0,0,0,0,10.0,1,0
0,0,0,0,7.0,1,0
0,0,0,0,10.0,1,0
0,0,0,0,9.0,1,0
0,0,0,0,22.0,1,0
0,0,0,0,8.0,1,0
0,0,0,0,14.0,1,0
0,0,0,0,14.0,1,0
0,0,0,0,9.0,1,0
0,0,0,0,11.0,1,0
0,0,0,0,18.0,1,0
0,0,0,0,15.0,1,0
0,0,0,0,10.0,2,0
0,0,0,0,17.0,1,0
0,0,0,2,11.909090909090908,8,0
0,0,0,0,13.0,15,1
0,0,0,0,12.10344827586207,18,1
0,0,0,3,16.571428571428573,34,1
0,0,0,6,11.945945945945946,50,1
0,0,0,3,13.745098039215685,78,1
0,0,0,1,15.721518987341772,57,1
0,0,0,3,14.91,84,1
0,0,0,0,11.899563318777293,154,1
0,0,0,3,13.231759656652361,169,1
0,0,0,5,15.815126050420169,85,1
0,0,1,10,12.333333333333334,326,1
0,1,0,13,13.676384839650146,252,1
0,0,0,5,13.473214285714286,169,1
0,0,0,14,13.495098039215685,296,1
0,0,0,16,13.338709677419354,228,1
0,0,0,12,12.095846645367413,229,1
0,5,0,7,12.387096774193548,206,1
0,0,1,4,11.397260273972602,261,1
0,0,0,7,12.70026525198939,280,1
0,0,0,9,12.890625,202,1
0,0,0,6,12.084745762711865,224,1
0,0,0,4,12.131313131313131,79,1
0,0,0,2,10.959183673469388,38,1
0,0,0,0,7.555555555555555,7,0
0,0,0,0,5.0,1,0
0,0,0,0,15.0,1,0
0,0,0,0,21.0,1,0
0,0,0,0,20.0,1,0
0,0,0,0,22.0,1,0
0,0,0,0,9.0,1,0
0,0,0,0,18.0,1,0
0,0,0,2,22.0,1,0
0,0,0,0,2.0,1,0
0,0,0,0,8.0,1,0
0,0,0,0,0.0,1,0
0,0,0,0,1.0,1,0
0,0,0,0,21.0,1,0
0,0,0,0,23.0,1,0
0,0,0,0,13.0,1,0
0,0,0,0,20.0,1,0
0,0,0,0,2.0,1,0
0,0,0,0,6.0,1,0
0,0,0,0,21.0,1,0
0,0,0,0,2.0,1,0
0,0,0,0,16.0,1,0
0,0,0,0,0.0,1,0
0,0,0,2,15.0,1,0
0,0,0,0,17.0,1,0
0,0,0,0,0.0,1,0
0,0,0,0,2.0,1,0
0,0,0,0,19.0,2,0
0,0,0,0,5.0,1,0
0,0,0,0,17.0,1,0
0,0,0,0,3.0,1,0
0,0,0,0,2.0,1,0
0,0,0,0,21.0,1,0
0,0,0,0,10.0,1,0
0,0,0,0,22.0,1,0
0,0,0,0,23.0,1,0
0,0,0,0,18.0,1,0
0,0,0,0,12.0,1,0
0,0,0,0,10.0,1,0
0,0,0,0,10.0,1,0
0,0,0,0,0.0,1,0
0,0,0,10,6.903225806451613,16,1
0,0,0,0,12.85,14,1
0,0,0,0,9.379310344827585,22,1
0,0,0,0,13.333333333333334,5,0
0,0,0,0,16.125,6,0
0,0,0,0,8.0,2,0
0,0,0,0,3.4375,9,1
0,0,0,0,7.222222222222222,7,0
0,0,0,0,10.1875,12,1
0,0,0,0,20.5,3,0
0,0,0,0,15.666666666666666,3,0
0,0,0,0,8.666666666666666,2,0
0,0,0,0,19.0,1,0
0,0,0,0,8.0,1,0
0,0,0,0,22.0,1,0
0,0,0,0,0.0,1,0
0,0,0,0,6.0,1,0
0,0,0,0,14.0,1,0
0,0,0,0,2.0,1,0
0,0,0,0,4.0,1,0
0,0,0,0,4.0,1,0
0,0,0,0,1.0,1,0
0,0,0,0,11.0,1,0
0,0,0,0,2.0,1,0
0,0,0,0,19.0,1,0
0,0,0,0,6.0,1,0
0,0,0,0,23.0,1,0
0,0,0,0,19.666666666666668,2,0
0,0,0,0,20.0,1,0
0,0,0,2,14.5625,14,1
0,0,0,0,12.818181818181818,11,0
0,0,0,0,10.727272727272727,10,0
0,0,0,0,22.0,1,0
0,0,0,0,11.0,1,0
0,0,0,1,17.0,2,0
0,0,0,0,22.0,1,0
0,0,0,0,8.0,1,0
0,0,0,0,8.0,1,0
0,0,0,0,2.0,1,0
0,0,0,0,6.0,1,0
0,0,0,0,7.0,1,0
0,0,0,0,6.0,1,0
0,0,0,0,8.0,1,0
0,0,0,0,0.0,1,0
0,0,0,0,6.8,2,0
0,0,0,0,5.0,2,0
0,0,0,0,13.4,2,0
0,0,0,0,3.6666666666666665,2,0
0,0,0,0,22.0,1,0
0,0,0,0,14.0,1,0
0,0,0,0,16.0,1,0
0,0,0,0,11.0,1,0
0,0,0,0,7.0,1,0
0,0,0,0,8.0,1,0
0,0,0,0,15.0,2,0
0,0,0,0,19.0,1,0
0,0,0,0,14.0,1,0
0,0,0,0,15.0,1,0
0,0,0,0,6.0,1,0
0,0,0,0,22.0,1,0
0,0,0,0,10.0,1,0
0,0,0,0,19.0,1,0
0,0,0,0,11.0,1,0
0,0,0,0,4.0,1,0
0,0,0,0,13.0,1,0
0,0,0,0,11.0,1,0
0,0,0,0,22.0,1,0
0,0,0,0,1.0,1,0
0,0,0,0,4.0,1,0
0,0,0,0,3.0,1,0
0,0,0,0,9.0,1,0
0,0,0,0,22.0,1,0
0,0,0,0,15.5,5,0
0,0,0,0,19.2,9,1
0,0,0,4,13.870967741935484,21,1
0,0,0,1,15.344827586206897,19,1
0,0,0,1,11.926829268292684,29,1
0,0,0,2,14.272727272727273,15,1
0,0,0,0,13.461538461538462,17,1
0,0,0,2,9.842105263157896,13,1
0,0,0,0,13.833333333333334,16,1
0,0,0,0,16.333333333333332,13,1
0,0,0,0,9.6,5,0
0,0,0,0,11.714285714285714,4,0
0,0,0,1,14.5,7,0
0,0,0,0,11.181818181818182,8,0
0,0,0,0,10.74074074074074,18,1
0,0,0,0,15.416666666666666,12,1
0,0,0,0,16.0,5,0
0,0,0,0,10.5,6,0
0,0,0,1,16.666666666666668,6,0
0,0,0,0,7.5,2,0
0,0,0,0,14.0,1,0
0,0,0,0,18.0,1,0
0,0,0,0,14.0,1,0
0,0,0,0,22.0,1,0
0,0,0,0,19.0,1,0
0,0,0,0,6.363636363636363,7,0
0,0,0,0,12.0,3,0
0,0,0,0,17.0,1,0
0,0,0,0,12.0,2,0
0,0,0,0,18.0,1,0
0,0,0,0,4.0,1,0
0,0,0,0,20.0,1,0
0,0,0,0,18.0,1,0
0,0,0,0,23.0,1,0
0,0,0,0,8.0,1,0
0,0,0,0,2.0,1,0
0,0,0,0,9.0,1,0
0,0,0,0,7.0,1,0
0,0,0,0,10.0,1,0
0,0,0,0,21.0,1,0
0,0,0,0,13.695652173913043,19,1
0,0,0,1,11.1875,13,1
0,0,0,2,14.1875,28,1
0,0,0,0,4.909090909090909,9,0
0,0,0,0,12.714285714285714,6,0
0,0,0,0,20.5,2,0
0,0,0,0,21.0,1,0
0,0,0,0,17.0,1,0
0,0,0,0,10.0,1,0
0,0,0,1,9.857142857142858,7,0
0,0,0,0,14.666666666666666,5,0
0,0,0,0,15.625,6,0
0,0,0,0,7.428571428571429,5,0
0,0,0,0,9.0,1,0
0,0,0,0,16.0,1,0
0,0,0,0,17.0,1,0
0,0,0,0,0.0,1,0
0,0,0,0,22.0,1,0
0,0,0,0,22.0,1,0
0,0,0,0,14.0,1,0
0,0,0,0,8.0,1,0
0,0,0,0,22.0,1,0
0,0,0,0,16.0,1,0
0,0,0,0,0.0,1,0
0,0,0,0,9.0,1,0
0,0,0,0,22.0,1,0
0,0,0,0,21.0,1,0
0,0,0,0,13.0,1,0
0,0,0,0,1.0,1,0
0,0,0,0,16.75,2,0
0,0,0,0,1.0,1,0
0,0,0,0,15.0,1,0
0,0,0,0,16.0,2,0
0,0,0,0,11.0,1,0
0,0,0,0,15.0,1,0
0,0,0,0,16.333333333333332,2,0
0,0,0,0,22.0,1,0
0,0,0,0,10.0,1,0
0,0,0,0,2.0,1,0
0,0,0,0,14.0,1,0
0,0,0,0,19.0,1,0
0,0,0,0,9.0,1,0
0,0,0,0,22.0,1,0
0,0,0,0,2.0,1,0
0,0,0,0,6.0,1,0
0,0,0,0,12.0,1,0
0,0,0,0,20.0,1,0
0,0,0,0,18.0,1,0
0,0,0,0,6.4,4,0
0,0,0,0,10.75,3,0
0,0,0,0,9.0,2,0
0,0,0,0,2.0,1,0
0,0,0,6,12.755555555555556,31,1
0,0,0,7,12.531645569620252,60,1
0,0,0,3,14.618556701030927,63,1
0,0,0,3,13.758620689655173,56,1
0,0,0,0,10.866666666666667,63,1
0,0,0,2,13.632432432432433,136,1
0,0,0,0,12.321428571428571,106,1
0,0,2,0,12.393939393939394,48,1
0,0,0,2,15.120481927710843,63,1
0,0,0,6,13.677852348993289,107,1
0,0,0,1,15.903614457831326,60,1
0,5,0,1,13.854166666666666,65,1
0,0,0,0,13.107843137254902,75,1
0,0,0,1,15.555555555555555,39,1
0,0,0,1,10.3,47,1
0,0,0,0,13.73,72,1
0,0,0,0,12.0,57,1
0,0,0,0,12.988095238095237,68,1
0,0,0,0,12.571428571428571,53,1
0,0,0,0,12.078947368421053,60,1
0,0,0,0,12.0,4,0
0,0,0,0,8.241379310344827,20,1
0,0,0,0,10.0,8,1
0,0,0,0,11.0,1,0
0,0,0,0,15.0,1,0
0,0,0,0,16.0,1,0
0,0,0,0,2.0,1,0
0,0,0,0,3.3333333333333335,3,0
0,0,0,0,9.333333333333334,2,0
0,0,0,0,3.0,2,0
0,0,0,0,3.0,1,0
0,0,0,0,2.0,1,0
0,0,0,0,23.0,1,0
0,0,0,0,3.0,1,0
0,0,0,0,12.0,1,0
0,0,0,0,22.0,1,0
0,0,0,0,13.0,1,0
0,0,0,0,19.0,1,0
0,0,0,0,6.333333333333333,2,0
0,0,0,0,15.5,2,0
0,0,0,0,13.0,1,0
0,0,0,0,16.0,1,0
0,0,0,0,7.0,1,0
0,0,0,0,10.0,1,0
0,0,0,0,22.0,1,0
0,0,0,0,0.0,1,0
0,0,0,0,10.0,1,0
0,0,0,0,21.0,1,0
0,0,0,0,22.0,1,0
0,0,0,0,22.0,1,0
0,0,0,0,14.0,1,0
0,0,0,0,14.0,1,0
0,0,0,0,23.0,1,0
0,0,0,0,4.0,1,0
0,0,0,0,2.0,1,0
0,0,0,2,17.0,1,0
0,0,0,1,19.0,1,0
0,0,0,0,0.0,1,0
0,0,0,0,7.0,1,0
0,0,0,2,14.0,1,0
0,0,0,0,1.0,1,0
0,0,0,0,17.0,2,0
0,0,0,0,7.0,2,0
0,0,0,0,9.0,1,0
0,0,0,0,2.0,1,0
0,0,0,0,20.0,1,0
0,0,0,0,16.0,1,0
0,0,0,0,14.428571428571429,41,1
0,0,0,0,14.194029850746269,41,1
0,0,0,1,12.415094339622641,40,1
0,0,0,1,13.72289156626506,61,1
0,0,0,0,12.851851851851851,40,1
0,0,0,0,15.0,1,0
0,0,0,0,12.765625,51,1
0,2,0,0,14.368421052631579,31,1
0,0,0,3,15.09375,25,1
0,0,0,0,12.868421052631579,30,1
0,0,0,0,15.95,16,1
0,0,0,0,12.5,20,1
0,0,0,0,9.818181818181818,9,0
0,0,0,0,9.0,5,0
0,0,0,0,6.222222222222222,6,0
0,0,0,0,17.0,1,0
0,0,0,0,22.0,1,0
0,0,0,0,14.0,1,0
0,0,0,0,9.0,1,0
0,0,0,0,11.0,1,0
0,0,0,0,9.0,1,0
0,0,0,0,14.333333333333334,3,0
0,0,0,0,16.0,2,0
0,0,0,0,7.5,2,0
0,0,0,0,10.6,5,0
0,0,0,0,12.2,3,0
0,0,0,0,8.0,4,0
0,0,0,0,14.5,2,0
0,0,0,0,10.222222222222221,7,0
0,0,0,0,14.0,1,0
0,0,0,0,11.5,4,0
0,0,0,0,13.0,1,0
0,0,0,0,10.0,1,0
0,0,0,0,11.0,1,0
0,0,0,0,13.0,1,0
0,0,0,0,12.0,1,0
0,0,0,0,18.0,1,0
0,0,0,0,6.0,1,0
0,0,0,0,22.0,1,0
0,0,0,0,2.0,1,0
0,0,0,0,18.0,1,0
0,0,0,0,19.0,1,0
0,0,0,0,22.0,1,0
0,0,0,0,14.0,1,0
0,0,0,0,1.0,1,0
0,0,0,0,0.0,1,0
0,0,0,0,13.0,1,0
0,0,0,0,13.0,1,0
0,0,0,0,23.0,1,0
0,0,0,0,3.0,1,0
0,0,0,0,11.0,1,0
0,0,0,0,0.0,1,0
0,0,0,0,9.0,1,0
0,0,0,0,20.0,1,0
0,0,0,0,23.0,1,0
0,0,0,0,12.333333333333334,2,0
0,0,0,0,0.0,1,0
0,0,0,0,8.333333333333334,2,0
0,0,0,0,15.0,1,0
0,0,0,0,20.0,1,0
0,0,0,0,13.0,2,0
0,0,0,0,17.0625,12,1
0,0,0,0,13.5,14,1
0,0,0,0,14.705882352941176,15,1
0,0,0,0,15.173913043478262,15,1
0,0,0,0,16.82758620689655,22,1
0,0,0,0,11.945945945945946,25,1
0,0,0,1,16.775510204081634,38,1
0,0,0,0,15.5,25,1
0,0,0,0,14.791666666666666,21,1
0,0,0,0,12.4375,15,1
0,0,0,1,11.73015873015873,49,1
0,0,0,3,10.415094339622641,39,1
0,0,0,0,13.464285714285714,22,1
0,0,0,2,10.634146341463415,32,1
0,0,0,0,15.333333333333334,3,0
0,0,0,0,12.0,14,1
0,0,0,0,14.75,18,1
0,0,0,0,12.875,15,1
0,0,0,3,12.591836734693878,44,1
0,0,0,0,14.0,33,1
0,0,0,0,15.484848484848484,31,1
0,0,0,0,17.25,9,1
0,0,0,0,10.166666666666666,10,1
0,0,0,0,16.0,1,0
0,0,0,0,8.0,1,0
0,0,0,0,8.0,1,0
0,0,0,0,5.0,1,0
0,0,0,0,22.0,1,0
0,0,0,1,11.5,2,0
0,1,0,0,11.0,2,0
0,0,0,0,13.0,1,0
0,0,0,0,14.0,1,0
0,0,0,0,4.333333333333333,2,0
0,0,0,0,20.0,1,0
0,0,0,0,13.0,1,0
0,0,0,0,6.0,2,0
0,0,0,0,7.0,1,0
0,0,0,0,9.0,1,0
0,0,0,0,21.0,1,0
0,0,0,0,16.0,1,0
0,0,0,0,16.25,3,0
0,0,0,0,23.0,1,0
0,0,0,0,15.0,1,0
0,0,0,0,8.0,1,0
0,0,0,1,15.0,1,0
0,0,0,0,17.0,1,0
0,0,0,0,12.0,1,0
0,0,0,0,22.0,1,0
0,0,0,0,0.0,1,0
0,0,0,0,14.0,1,0
0,0,0,0,10.0,1,0
0,0,0,0,22.0,1,0
0,0,0,0,8.0,1,0
0,0,0,0,22.0,1,0
0,0,0,0,6.0,1,0
0,0,0,0,5.0,1,0
0,0,0,0,17.0,1,0
0,0,0,0,18.0,1,0
0,0,0,0,14.0,1,0
0,0,0,0,10.0,1,0
0,0,0,0,1.0,1,0
0,0,0,0,17.0,1,0
0,0,0,0,19.0,1,0
0,0,0,0,15.0,2,0
0,0,0,0,11.0,1,0
0,0,0,0,21.0,1,0
0,0,0,0,21.8,2,0
0,0,0,0,8.0,1,0
0,0,0,0,13.0,1,0
0,0,0,0,10.0,1,0
0,0,0,0,18.0,1,0
0,0,0,0,14.0,1,0
0,0,0,0,10.0,1,0
0,0,0,0,9.0,1,0
0,0,0,0,18.0,1,0
0,0,0,0,8.5,2,0
0,0,0,0,9.0,1,0
0,0,0,0,14.0,1,0
0,0,0,0,8.0,1,0
0,0,0,0,20.0,1,0
0,0,0,0,16.333333333333332,3,0
0,0,0,1,13.666666666666666,2,0
0,0,0,1,10.625,7,0
0,0,0,0,16.0,7,0
0,0,0,1,15.833333333333334,12,1
0,0,0,0,14.4375,9,1
0,0,0,0,14.818181818181818,18,1
0,0,0,0,14.03225806451613,25,1
0,0,0,0,17.48,20,1
0,0,0,0,17.53846153846154,7,1
0,0,0,3,12.73015873015873,41,1
0,0,0,2,15.930232558139535,27,1
0,0,0,0,13.692307692307692,10,1
0,0,0,7,16.379310344827587,17,1
0,0,0,1,13.538461538461538,11,1
0,0,0,0,12.166666666666666,6,0
0,0,0,0,13.75,4,0
0,0,0,2,15.285714285714286,5,0
0,0,0,0,14.5,4,0
0,0,0,0,5.857142857142857,5,0
0,0,0,0,9.0,1,0
0,0,0,0,18.0,1,0
0,0,0,0,21.0,1,0
0,0,0,0,16.0,1,0
0,0,0,0,20.0,1,0
0,0,0,0,9.0,1,0
0,0,0,0,21.0,1,0
0,0,0,0,13.0,1,0
0,0,0,0,21.0,1,0
0,0,0,2,20.0,1,0
0,0,0,0,8.0,1,0
0,0,0,0,0.0,1,0
0,0,0,0,22.0,1,0
0,0,0,0,16.0,1,0
0,0,0,0,15.5,2,0
0,0,0,0,15.0,1,0
0,0,0,0,13.333333333333334,3,0
0,0,0,0,0.0,1,0
0,0,0,0,15.0,1,0
0,0,0,0,10.0,1,0
0,0,0,0,12.0,1,0
0,0,0,0,21.0,1,0
0,0,0,0,9.72549019607843,44,1
0,0,0,1,12.254237288135593,47,1
0,0,0,1,11.397058823529411,57,1
0,0,0,6,12.617886178861788,92,1
0,0,0,2,13.833333333333334,74,1
0,0,0,4,12.488549618320612,105,1
0,0,0,3,12.345454545454546,44,1
0,0,0,2,11.817307692307692,90,1
0,0,0,1,13.257142857142858,64,1
0,0,0,1,15.59375,26,1
0,0,0,1,13.666666666666666,3,0
0,0,0,0,10.0,1,0
0,0,0,0,19.5,2,0
0,0,0,0,13.666666666666666,3,0
0,0,0,0,13.8,3,0
0,0,0,0,14.333333333333334,4,0
0,0,0,0,18.0,4,0
0,0,0,0,15.1,8,0
0,0,0,0,3.75,3,0
0,0,0,0,11.333333333333334,6,0
0,0,0,0,6.5,2,0
0,0,0,0,9.333333333333334,3,0
0,0,0,0,16.0,2,0
0,0,0,0,0.0,1,0
0,0,0,0,10.0,1,0
0,0,0,0,2.0,1,0
0,0,0,0,3.0,1,0
0,0,0,0,20.0,1,0
0,0,0,0,2.0,1,0
0,0,0,0,2.0,1,0
0,0,0,0,22.0,1,0
0,0,0,0,18.5,2,0
0,0,0,0,2.0,1,0
0,0,0,0,1.0,1,0
0,0,0,0,23.0,1,0
0,0,0,0,18.0,1,0
0,0,0,0,2.0,1,0
0,0,0,0,2.0,1,0
0,0,0,0,23.0,1,0
0,0,0,0,12.0,1,0
0,0,0,0,23.0,1,0
0,0,0,0,10.0,1,0
0,0,0,0,16.0,1,0
0,0,0,0,10.0,1,0
0,0,0,0,22.0,1,0
0,0,0,0,9.0,1,0
0,0,0,0,20.0,1,0
0,0,0,0,17.0,1,0
0,0,0,0,12.0,1,0
0,0,0,0,8.0,1,0
0,0,0,0,18.0,1,0
0,0,0,0,21.0,1,0
0,0,0,0,10.0,1,0
0,0,0,0,12.0,1,0
0,0,0,0,21.0,1,0
0,0,0,0,9.0,1,0
0,0,0,1,18.0,2,0
0,0,0,0,15.5,2,0
0,0,0,0,2.0,1,0
0,0,0,0,17.5,2,0
0,0,0,0,5.0,1,0
0,0,0,0,10.0,3,0
0,0,0,0,10.0,1,0
0,0,0,0,11.0,1,0
0,0,0,0,15.0,3,0
0,0,0,0,4.0,1,0
0,0,0,0,9.0,1,0
0,0,0,0,8.0,1,0
0,0,0,0,9.0,1,0
0,0,0,0,11.0,1,0
0,0,0,0,10.0,1,0
0,0,0,0,11.0,1,0
0,0,0,0,17.0,1,0
0,0,0,0,11.0,1,0
0,0,0,0,3.0,1,0
0,0,0,0,8.0,1,0
0,0,0,0,15.0,1,0
0,0,0,0,20.0,1,0
0,0,0,0,2.0,1,0
0,0,0,0,20.666666666666668,6,1
0,0,0,0,12.5,4,0
0,0,0,0,10.727272727272727,10,0
0,0,0,1,17.6,8,0
0,0,0,0,12.090909090909092,8,0
0,0,0,2,15.694444444444445,28,1
0,0,0,1,13.894736842105264,19,1
0,0,0,0,12.636363636363637,31,1
0,0,0,0,14.28,17,1
0,0,0,0,11.872727272727273,42,1
0,1,0,1,14.253521126760564,55,1
0,0,0,0,14.284090909090908,68,1
0,0,0,2,13.685185185185185,42,1
0,0,0,4,14.53763440860215,74,1
0,0,0,4,12.876811594202898,101,1
0,1,0,8,12.626666666666667,112,1
0,0,0,0,13.474137931034482,93,1
0,0,0,3,13.241610738255034,101,1
0,0,0,2,13.63953488372093,77,1
0,0,0,0,12.97,81,1
0,2,0,1,11.774193548387096,69,1
0,0,0,14,12.04026845637584,112,1
0,0,0,0,13.124031007751938,102,1
0,0,0,4,13.766233766233766,120,1
0,0,0,4,11.032520325203253,86,1
0,0,0,0,12.35,43,1
0,0,0,1,12.74074074074074,22,1
0,0,0,0,12.625,6,0
0,0,0,0,11.0,1,0
0,0,0,0,20.0,1,0
0,0,0,0,11.0,1,0
0,0,0,0,16.0,1,0
0,0,0,0,8.0,1,0
0,0,0,0,11.0,1,0
0,0,0,0,10.0,1,0
0,0,0,0,13.0,1,0
0,0,0,0,20.0,1,0
0,0,0,0,16.0,1,0
0,0,0,0,13.0,1,0
0,0,0,0,2.0,1,0
0,0,0,0,23.0,1,0
0,0,0,0,22.0,2,0
0,0,0,0,20.0,1,0
0,0,0,0,7.0,1,0
0,0,0,0,16.0,1,0
0,0,0,0,4.0,1,0
0,0,0,0,21.0,1,0
0,0,0,0,9.0,1,0
0,0,0,0,22.0,1,0
0,0,0,0,8.0,1,0
0,0,0,0,23.0,1,0
0,0,0,0,14.0,1,0
0,0,0,0,18.0,1,0
0,0,0,0,9.0,1,0
0,0,0,0,17.0,1,0
0,0,0,0,10.0,1,0
0,0,0,0,8.0,1,0
0,0,0,0,14.0,2,0
0,0,0,0,21.0,1,0
0,0,0,0,7.0,1,0
0,0,0,0,19.0,1,0
0,0,0,0,2.0,1,0
0,0,0,0,7.5,2,0
0,0,0,1,23.0,2,0
0,0,0,0,11.0,2,0
0,0,0,0,12.6,4,0
0,0,0,0,6.714285714285714,8,1
0,0,0,1,13.266666666666667,11,1
0,0,0,0,12.7,8,0
0,0,0,0,7.6,5,0
0,0,0,0,12.88888888888889,7,0
0,0,0,0,12.7,6,0
0,0,0,1,9.333333333333334,7,0
0,0,0,0,10.142857142857142,12,1
0,0,0,0,9.214285714285714,14,1
0,0,0,0,12.142857142857142,13,1
0,0,0,0,11.555555555555555,14,1
0,0,0,0,10.0,15,1
0,0,0,0,15.333333333333334,3,0
0,0,0,0,13.666666666666666,3,0
0,0,0,0,4.0,1,0
0,0,0,0,0.0,1,0
0,0,0,0,12.0,1,0
0,0,0,0,12.5,2,0
0,0,0,0,8.666666666666666,2,0
0,0,0,1,23.0,1,0
0,0,0,0,12.0,1,0
0,0,0,0,14.5,2,0
0,0,0,0,7.4,2,0
0,0,0,0,9.0,1,0
0,0,0,0,10.0,1,0
0,0,0,0,10.0,1,0
0,0,0,0,14.0,1,0
0,0,0,0,2.0,1,0
0,0,0,0,9.5,2,0
0,0,0,0,23.0,1,0
0,0,0,0,10.0,2,0
0,0,0,0,18.5,3,0
0,0,0,0,14.5,2,0
0,0,0,0,10.0,1,0
0,0,0,0,6.0,1,0
0,0,0,0,19.0,1,0
0,0,0,0,6.0,1,0
0,0,0,0,6.0,1,0
0,0,0,0,15.0,1,0
0,0,0,0,13.0,1,0
0,0,0,0,22.0,1,0
0,0,0,0,15.0,1,0
0,0,0,0,10.85,16,1
0,0,0,0,12.823529411764707,12,1
0,0,0,1,8.363636363636363,7,0
0,0,0,0,9.125,6,0
0,0,0,0,11.181818181818182,9,0
0,0,0,1,5.5,2,0
0,0,0,0,11.0,2,0
0,0,0,0,14.333333333333334,3,0
0,0,0,0,19.285714285714285,4,0
0,0,0,0,18.0,2,0
0,0,0,0,3.6666666666666665,2,0
0,0,0,0,10.0,1,0
0,0,0,0,6.0,2,0
0,0,0,0,10.0,1,0
0,0,0,0,7.0,1,0
0,0,0,0,9.5,2,0
0,0,0,0,8.0,1,0
0,0,0,0,6.0,1,0
0,0,0,0,20.0,1,0
0,0,0,0,19.0,1,0
0,0,0,0,10.0,1,0
0,0,0,0,17.0,1,0
0,0,0,0,14.0,1,0
0,0,0,0,13.333333333333334,2,0
0,0,0,0,21.0,1,0
0,0,0,0,22.0,1,0
0,0,0,0,21.0,3,0
0,0,0,0,17.0,1,0
0,0,0,0,21.333333333333332,2,0
0,0,0,0,18.25,3,0
0,0,0,0,10.25,3,0
0,0,0,0,8.714285714285714,4,0
0,0,0,0,15.0,3,0
0,0,0,0,16.8,8,0
0,0,0,0,10.5,2,0
0,0,0,0,18.0,2,0
0,0,0,0,16.333333333333332,3,0
0,0,0,0,16.25,10,1
0,0,0,0,13.785714285714286,9,1
0,0,0,0,10.181818181818182,8,0
0,0,0,0,8.473684210526315,12,1
0,0,0,0,13.375,8,0
0,0,0,0,14.25,7,0
0,0,0,0,16.615384615384617,12,1
0,0,0,0,15.25,11,1
0,0,0,0,4.0,4,0
0,0,0,0,9.545454545454545,10,0
0,0,0,0,10.9,9,0
0,0,0,0,12.3125,15,1
0,0,0,4,12.894736842105264,16,1
0,0,0,0,15.0,3,0
0,0,0,0,16.4,9,0
0,0,0,0,13.75,4,0
0,0,0,0,15.0,4,0
0,0,0,0,3.0,1,0
0,0,0,0,1.0,1,0
0,0,0,0,23.0,1,0
0,0,0,0,21.0,1,0
0,0,0,0,23.0,1,0
0,0,0,0,11.0,1,0
0,0,0,0,16.0,1,0
0,0,0,0,17.0,1,0
0,0,0,0,14.75,3,0
0,0,0,0,16.5,4,0
0,0,0,0,18.0,1,0
0,0,0,0,16.0,1,0
0,0,0,2,22.0,2,0
0,0,0,0,1.0,1,0
0,0,0,0,10.0,1,0
0,0,0,0,15.444444444444445,7,0
0,0,0,0,9.333333333333334,3,0
0,0,0,0,2.0,1,0
0,0,0,0,17.0,1,0
0,0,0,0,4.0,1,0
0,0,0,0,4.166666666666667,4,0
0,0,0,1,11.125,7,0
0,0,0,0,19.333333333333332,2,0
0,0,0,0,10.571428571428571,6,0
0,0,0,0,17.5,2,0
0,0,0,0,5.75,4,0
0,0,0,0,14.0,1,0
0,0,0,0,10.4,5,0
0,0,0,0,7.0,2,0
0,0,0,3,22.0,2,0
0,0,0,0,23.0,1,0
0,0,0,0,9.0,1,0
0,0,0,0,13.0,1,0
0,0,0,0,22.0,1,0
0,0,0,0,6.0,1,0
0,0,0,0,17.0,1,0
0,0,0,0,16.0,1,0
0,0,0,0,17.0,1,0
0,0,0,2,22.0,1,0
0,0,0,0,3.0,1,0
0,0,0,0,6.0,2,0
0,0,0,0,10.5,2,0
0,0,0,0,10.0,1,0
0,0,0,0,16.0,1,0
0,0,0,0,15.0,1,0
0,0,0,0,8.5,2,0
0,0,0,0,2.0,1,0
0,0,0,0,18.0,1,0
0,0,0,0,18.25,3,0
0,0,0,0,20.0,1,0
0,0,0,0,11.0,1,0
0,0,0,0,18.5,2,0
0,0,0,0,6.5,4,0
0,0,0,0,12.666666666666666,3,0
0,0,0,0,8.0,2,0
0,0,0,0,13.5,2,0
0,0,0,0,16.0,1,0
0,0,0,0,12.75,4,0
0,0,0,0,19.0,2,0
0,0,0,1,11.0,13,1
0,0,0,0,12.2,4,0
0,0,0,1,11.5,5,0
0,0,0,0,14.285714285714286,12,1
0,0,0,0,11.0,1,0
0,0,0,0,0.0,1,0
0,0,0,0,1.0,1,0
0,0,0,0,11.0,1,0
0,0,0,0,17.0,1,0
0,0,0,0,17.0,1,0
0,0,0,1,16.5,2,0
0,0,0,0,2.0,1,0
0,0,0,0,18.0,1,0
0,0,0,0,1.0,1,0
0,0,0,0,18.0,1,0
0,0,0,0,15.5,2,0
0,0,0,0,14.0,1,0
0,0,0,0,23.0,1,0
0,0,0,0,8.0,1,0
0,0,0,0,11.0,1,0
0,0,0,0,11.0,1,0
0,0,0,0,7.0,1,0
0,0,0,0,13.0,1,0
0,0,0,0,3.5,2,0
0,0,0,0,7.0,3,0
0,0,0,3,13.632911392405063,69,1
0,0,0,1,13.39655172413793,45,1
0,0,0,4,12.76,76,1
0,0,0,2,14.823529411764707,59,1
0,0,0,6,13.573033707865168,78,1
0,0,0,0,12.604166666666666,110,1
0,0,0,0,15.16326530612245,42,1
0,0,0,3,12.679012345679013,65,1
0,0,0,6,12.863247863247864,86,1
0,0,0,4,12.256410256410257,56,1
0,0,0,0,12.65,15,1
0,0,0,0,12.2,5,0
0,0,0,0,17.0,1,0
0,0,0,0,22.0,1,0
0,0,0,0,4.0,1,0
0,0,0,0,23.0,1,0
0,0,0,0,9.0,1,0
0,0,0,0,1.0,1,0
0,0,0,0,21.0,1,0
0,0,0,1,20.0,4,0
0,0,0,0,7.0,1,0
0,0,0,0,4.0,1,0
0,0,0,0,13.0,1,0
0,0,0,0,11.333333333333334,3,0
0,0,0,0,6.8,3,0
0,0,0,0,4.5,2,0
0,0,0,1,13.0,2,0
0,0,0,0,17.0,1,0
0,0,0,0,1.0,1,0
0,0,0,0,3.0,1,0
0,0,0,1,21.0,1,0
0,0,0,0,23.0,1,0
0,0,0,0,0.0,1,0
0,0,0,0,12.0,2,0
0,0,0,0,16.0,1,0
0,0,0,0,4.0,1,0
0,0,0,0,17.0,1,0
0,0,0,0,18.0,1,0
0,0,0,0,8.0,1,0
0,0,0,0,0.5,2,0
0,0,0,0,1.0,1,0
0,0,0,0,0.0,1,0
0,0,0,0,12.0,1,0
0,0,0,0,13.5,2,0
0,0,0,0,17.0,2,0
0,0,0,0,1.0,1,0
0,0,0,0,17.0,1,0
0,0,0,0,23.0,1,0
0,0,0,0,8.0,1,0
0,0,0,0,2.0,1,0
0,0,0,0,11.0,1,0
0,0,0,1,13.294117647058824,50,1
0,0,0,2,14.25,38,1
0,0,0,1,15.0,37,1
0,0,0,0,10.379310344827585,23,1
0,0,0,0,13.513513513513514,32,1
0,0,0,0,13.0,28,1
0,0,0,0,13.548387096774194,27,1
0,0,0,0,15.636363636363637,8,0
0,0,0,0,11.88,21,1
0,0,0,0,17.5,5,0
0,0,0,0,13.6,5,0
0,0,0,1,8.428571428571429,5,0
0,0,0,0,12.5,8,0
0,0,0,0,14.5,2,0
0,0,0,0,17.0,1,0
0,0,0,0,4.0,1,0
0,0,0,0,14.0,1,0
0,0,0,0,23.0,1,0
0,0,0,0,1.0,1,0
0,0,0,0,22.0,1,0
0,0,0,0,6.0,1,0
0,0,0,0,20.0,1,0
0,0,0,0,22.0,2,0
0,0,0,0,11.5,2,0
0,0,0,0,2.0,2,0
0,0,0,0,21.0,3,0
0,0,0,0,19.5,2,0
0,0,0,0,23.0,1,0
0,0,0,0,23.0,1,0
0,0,0,0,17.0,1,0
0,0,0,0,11.0,1,0
0,0,0,0,4.0,1,0
0,0,0,0,17.0,1,0
0,0,0,0,21.0,1,0
0,0,0,0,19.0,1,0
0,0,0,0,21.0,1,0
0,0,0,0,10.0,1,0
0,0,0,0,0.0,1,0
0,0,0,0,14.0,1,0
0,0,0,0,0.0,1,0
0,0,0,0,8.0,1,0
0,0,0,0,9.0,1,0
0,0,0,0,23.0,1,0
0,0,0,0,19.0,1,0
0,0,0,0,14.0,1,0
0,0,0,0,5.0,1,0
0,0,0,0,0.0,1,0
0,0,0,0,12.0,1,0
0,0,0,0,22.0,1,0
0,0,0,0,18.0,1,0
0,0,0,0,9.0,1,0
0,0,0,0,23.0,1,0
0,0,0,0,0.0,1,0
0,0,0,0,7.0,1,0
0,0,0,0,22.0,1,0
0,0,0,0,7.0,1,0
0,0,0,0,13.0,1,0
0,0,0,1,0.0,1,0
0,0,0,0,18.0,1,0
0,0,0,0,13.0,1,0
0,0,0,0,23.0,1,0
0,0,0,0,4.0,1,0
0,0,0,0,10.0,1,0
0,0,0,0,11.0,1,0
0,0,0,0,0.0,1,0
0,0,0,0,9.0,1,0
0,0,0,0,21.0,1,0
0,0,0,0,22.0,1,0
0,0,0,0,10.0,1,0
0,0,0,0,0.0,1,0
0,0,0,0,12.857142857142858,4,0
0,0,0,0,17.333333333333332,2,0
0,0,0,0,17.5,3,0
0,0,0,0,9.333333333333334,2,0
0,0,0,0,22.0,1,0
0,0,0,0,8.4,3,0
0,0,0,0,10.0,5,0
0,0,0,0,13.5,5,0
0,0,0,0,20.5,2,0
0,0,0,0,11.75,4,0
0,0,0,0,12.307692307692308,8,1
0,0,0,0,9.0,1,0
0,0,0,0,14.0,5,0
0,0,0,0,15.5,2,0
0,0,0,0,6.0,1,0
0,0,0,0,9.0,1,0
0,0,0,0,20.0,1,0
0,0,0,0,15.0,1,0
0,0,0,0,7.0,1,0
0,0,0,0,6.0,1,0
0,0,0,0,9.333333333333334,2,0
0,0,0,0,0.0,1,0
0,0,0,0,17.0,1,0
0,0,0,0,20.0,1,0
0,0,0,0,2.0,1,0
0,0,0,0,17.0,2,0
0,0,0,0,1.0,1,0
0,0,0,0,22.0,1,0
0,0,0,0,10.0,1,0
0,0,0,0,15.0,1,0
0,0,0,0,8.0,1,0
0,0,0,0,18.0,1,0
0,0,0,0,10.0,1,0
0,0,0,0,2.0,1,0
0,0,0,0,23.0,1,0
0,0,0,0,14.0,1,0
0,0,0,0,22.0,1,0
0,0,0,0,21.0,1,0
0,0,0,0,7.0,1,0
0,0,0,0,20.0,1,0
0,0,0,0,17.0,1,0
0,0,0,0,2.0,1,0
0,0,0,0,6.0,1,0
0,0,0,0,14.5,2,0
0,0,0,1,12.0,1,0
0,0,0,0,22.0,1,0
0,0,0,0,15.0,1,0
0,0,0,0,12.0,2,0
0,0,0,0,12.0,1,0
0,0,0,0,1.0,1,0
0,0,0,0,3.0,1,0
0,0,0,0,11.0,1,0
0,0,0,0,19.0,1,0
0,0,0,0,6.0,2,0
0,0,0,0,11.0,1,0
0,0,0,0,10.0,1,0
0,0,0,0,11.0,1,0
0,0,0,0,17.0,1,0
0,0,0,0,1.0,1,0
0,0,0,0,23.0,1,0
0,0,0,0,23.0,1,0
0,0,0,0,16.0,1,0
0,0,0,0,7.0,1,0
0,0,0,0,20.0,1,0
0,0,0,0,9.5,2,0
0,0,0,0,5.2,2,0
0,0,0,0,0.6666666666666666,2,0
0,0,0,0,13.166666666666666,6,0
0,0,0,0,4.666666666666667,4,0
0,0,0,0,16.0,1,0
0,0,0,0,10.5,2,0
0,0,0,0,20.625,3,0
0,0,0,0,21.0,3,0
0,0,0,0,15.75,2,0
0,0,0,0,2.0,2,0
0,0,0,0,9.0,1,0
0,0,0,0,15.0,1,0
0,0,0,0,23.0,1,0
0,0,0,0,23.0,1,0
0,0,0,0,8.0,1,0
0,0,0,1,16.0,1,0
0,0,0,0,10.0,1,0
0,0,0,2,5.0,1,0
0,0,0,0,13.0,1,0
0,0,0,0,23.0,1,0
0,0,0,0,1.0,2,0
0,0,0,0,0.0,1,0
0,0,0,0,14.5,2,0
0,0,0,1,21.0,1,0
0,0,0,0,13.0,1,0
0,0,0,0,0.0,1,0
0,0,0,0,18.0,1,0
0,0,0,0,10.0,1,0
0,0,0,0,6.75,2,0
0,0,0,0,18.0,1,0
0,0,0,0,16.0,1,0
0,0,0,0,21.0,1,0
0,0,0,0,7.0,1,0
0,0,0,0,8.0,1,0
0,0,0,0,7.0,1,0
0,0,0,0,16.0,1,0
0,0,0,0,22.0,1,0
0,0,0,0,22.0,1,0
0,0,0,0,21.0,1,0
0,0,0,0,0.0,1,0
0,0,0,0,22.0,1,0
0,0,0,0,1.0,1,0
0,0,0,0,12.0,1,0
0,0,0,0,8.0,1,0
0,0,0,0,18.0,1,0
0,0,0,0,18.0,1,0
0,0,0,0,1.0,1,0
0,0,0,0,18.0,1,0
0,0,0,0,17.0,1,0
0,0,0,0,23.0,1,0
0,0,0,0,20.0,1,0
0,0,0,0,8.0,1,0
0,0,0,0,2.0,1,0
0,0,0,0,23.0,1,0
0,0,0,0,22.0,1,0
0,0,0,0,21.0,1,0
0,0,0,0,12.0,1,0
0,0,0,0,19.0,1,0
0,0,0,0,18.6,2,0
0,0,0,0,19.0,1,0
0,0,0,0,10.0,1,0
0,0,0,0,9.0,1,0
0,0,0,0,17.0,1,0
0,0,0,0,11.0,1,0
0,0,0,0,19.0,1,0
0,0,0,0,12.0,1,0
0,0,0,0,11.0,1,0
0,0,0,0,10.0,1,0
0,0,0,0,13.0,1,0
0,0,0,0,11.0,1,0
0,0,0,0,21.0,1,0
0,0,0,0,15.0,1,0
0,0,0,0,2.0,1,0
0,0,0,0,13.0,1,0
0,0,0,0,12.0,1,0
0,0,0,0,12.0,1,0
0,0,0,0,17.0,1,0
0,0,0,0,12.0,1,0
0,0,0,0,23.0,1,0
0,0,0,0,11.0,3,0
0,0,0,0,17.5,5,0
0,0,0,0,4.5,4,0
0,0,0,0,19.0,1,0
0,0,0,0,9.666666666666666,3,0
0,0,0,0,15.0,4,0
0,0,0,0,11.0,1,0
0,0,0,0,11.0,1,0
0,0,0,0,11.0,1,0
0,0,0,0,9.0,1,0
0,0,0,0,13.0,2,0
0,0,0,0,19.166666666666668,4,0
0,0,0,0,15.333333333333334,3,0
0,0,0,0,18.0,1,0
0,0,0,0,5.833333333333333,2,0
0,0,0,0,7.5,2,0
0,0,0,0,18.0,1,0
0,0,0,1,15.4,8,0
0,0,0,0,7.333333333333333,7,0
0,0,0,1,15.666666666666666,5,0
0,0,0,0,17.0,1,0
0,0,0,0,10.0,1,0
0,0,0,2,13.153846153846153,9,1
0,0,0,0,9.4,8,0
0,0,0,0,13.333333333333334,3,0
0,0,0,0,14.75,4,0
0,0,0,0,12.5,2,0
0,0,0,0,17.333333333333332,2,0
0,0,0,0,8.0,1,0
0,0,0,0,8.0,1,0
0,0,0,0,22.0,1,0
0,0,0,0,8.0,1,0
0,0,0,0,9.555555555555555,6,0
0,0,0,0,20.25,4,0
0,0,0,0,4.25,3,0
0,0,0,0,6.875,5,0
0,0,0,0,16.0,1,0
0,0,0,0,2.6,3,0
0,0,0,0,21.0,1,0
0,0,0,0,21.0,1,0
0,0,0,0,9.0,1,0
0,0,0,0,14.333333333333334,3,0
0,0,0,0,23.0,1,0
0,0,0,0,8.0,1,0
0,0,0,0,17.0,1,0
0,0,0,0,8.0,1,0
0,0,0,0,8.0,1,0
0,0,0,0,20.0,1,0
0,0,0,0,17.0,1,0
0,0,0,0,8.5,2,0
0,0,0,0,15.0,1,0
0,0,0,0,9.0,1,0
0,0,0,0,8.0,1,0
0,0,0,0,19.5,2,0
0,0,0,0,10.5,2,0
0,0,0,0,13.0,2,0
0,0,0,0,12.333333333333334,5,0
0,0,0,0,8.0,2,0
0,0,0,0,7.666666666666667,3,0
0,0,0,0,14.0,2,0
0,0,0,0,10.666666666666666,3,0
0,0,0,0,11.5,6,0
0,0,0,0,12.0,1,0
0,0,0,0,13.0,4,0
0,0,0,0,9.8,4,0
0,0,0,0,8.0,3,0
0,0,0,0,17.0,1,0
0,0,0,0,23.0,1,0
0,0,0,0,21.0,1,0
0,0,0,1,9.0,1,0
0,0,0,0,22.0,1,0
0,0,0,0,22.0,1,0
0,0,0,0,20.333333333333332,3,0
0,0,0,0,15.0,5,0
0,0,0,0,18.0,1,0
0,0,0,0,17.0,1,0
0,0,0,0,11.5,4,0
0,0,0,0,11.307692307692308,12,1
0,0,0,0,12.714285714285714,4,0
0,0,0,0,8.0,2,0
0,0,0,0,12.818181818181818,9,0
0,0,0,0,16.333333333333332,4,0
0,0,0,0,11.0,5,0
0,0,0,0,17.0,4,0
0,0,0,0,21.25,4,0
0,0,0,0,10.5,7,0
0,0,0,0,10.2,4,0
0,0,0,0,10.8,5,0
0,0,0,0,12.0,2,0
0,0,0,0,19.0,1,0
0,0,0,0,17.0,1,0
0,0,0,0,18.666666666666668,2,0
0,0,0,0,14.5,2,0
0,0,0,0,18.0,3,0
0,0,0,0,10.666666666666666,6,0
0,0,0,0,17.0,3,0
0,0,0,0,11.833333333333334,6,0
0,0,0,0,7.333333333333333,3,0
0,0,0,0,9.0,2,0
0,0,0,0,12.0,3,0
0,0,0,0,17.666666666666668,3,0
0,0,0,0,6.0,1,0
0,0,0,0,13.0,1,0
0,0,0,0,2.0,1,0
0,0,0,0,21.0,1,0
0,0,0,0,14.333333333333334,3,0
0,0,0,0,15.5,2,0
0,0,0,0,12.0,1,0
0,0,0,0,12.5,4,0
0,0,0,0,17.0,4,0
0,0,0,0,13.0,2,0
0,0,0,0,15.0,1,0
0,0,0,0,12.5,2,0
0,0,0,0,9.0,1,0
0,0,0,0,10.666666666666666,3,0
0,0,0,0,8.333333333333334,3,0
0,0,0,0,8.0,1,0
0,0,0,0,14.0,1,0
0,0,0,0,8.0,2,0
0,0,0,0,15.0,1,0
0,0,0,2,0.0,1,0
0,0,0,0,15.0,1,0
0,0,0,0,11.333333333333334,3,0
0,0,0,1,9.0,1,0
0,0,0,0,17.0,1,0
0,0,0,0,8.0,1,0
0,0,0,0,20.0,1,0
0,0,0,0,11.0,1,0
0,0,0,0,22.0,1,0
0,0,0,0,5.0,3,0
0,0,0,0,1.0,1,0
0,0,0,0,16.0,2,0
0,0,0,0,15.0,1,0
0,0,0,0,22.0,1,0
0,0,0,0,8.0,1,0
0,0,0,0,11.0,1,0
0,0,0,0,16.0,2,0
0,0,0,0,13.0,1,0
0,0,0,0,17.0,1,0
0,0,0,0,8.0,1,0
0,0,0,0,17.0,1,0
0,0,0,0,18.0,1,0
0,0,0,0,8.0,1,0
0,0,0,0,8.0,1,0
0,0,0,0,3.0,1,0
0,0,0,0,19.0,1,0
0,0,0,0,10.5,2,0
0,0,0,0,16.6,5,0
0,0,0,0,11.8,3,0
0,0,0,0,22.5,2,0
0,0,0,0,7.909090909090909,7,0
0,0,0,0,14.37037037037037,23,1
0,0,0,0,8.692307692307692,21,1
0,0,0,2,13.428571428571429,38,1
0,0,0,0,14.966666666666667,55,1
0,0,0,0,13.791044776119403,53,1
0,1,0,0,13.228571428571428,62,1
0,0,0,0,14.771739130434783,78,1
0,0,0,0,14.602409638554217,66,1
0,0,0,1,13.234234234234235,99,1
0,0,0,1,13.093457943925234,83,1
0,0,0,1,12.780346820809248,151,1
0,0,0,4,13.03125,179,1
0,0,0,0,12.896774193548387,126,1
0,0,0,2,11.734104046242775,137,1
0,0,0,0,12.980519480519481,127,1
0,0,0,1,12.97080291970803,112,1
0,0,0,0,11.878048780487806,108,1
0,0,0,5,11.416666666666666,112,1
0,0,0,3,11.06140350877193,88,1
0,0,0,0,11.857142857142858,56,1
0,0,0,0,11.89655172413793,45,1
0,0,0,0,8.76923076923077,9,1
0,0,0,0,10.833333333333334,4,0
0,0,0,0,1.0,1,0
0,0,0,0,9.0,1,0
0,0,0,0,19.0,1,0
0,0,0,0,15.0,1,0
0,0,0,0,16.0,1,0
0,0,0,0,11.0,1,0
0,0,0,0,21.0,1,0
0,0,0,0,6.0,1,0
0,0,0,0,20.0,1,0
0,0,0,0,14.0,1,0
0,0,0,0,9.0,1,0
0,0,0,0,1.0,1,0
0,0,0,0,15.0,1,0
0,0,0,0,22.0,2,0
0,0,0,0,23.0,1,0
0,0,0,0,22.0,2,0
0,0,0,0,21.0,1,0
0,0,0,0,12.0,1,0
0,0,0,0,16.0,1,0
0,0,0,0,8.0,1,0
0,0,0,0,12.5,2,0
0,0,0,0,1.0,1,0
0,0,0,0,21.0,1,0
0,0,0,0,23.0,1,0
0,0,0,0,12.0,1,0
0,0,0,0,9.0,1,0
0,0,0,0,10.0,1,0
0,0,0,0,12.0,1,0
0,0,0,2,2.0,1,0
0,0,0,0,0.0,1,0
0,0,0,0,9.0,1,0
0,0,0,0,19.5,4,0
0,0,0,0,19.666666666666668,3,0
0,0,0,0,17.25,6,0
0,0,0,0,17.666666666666668,3,0
0,0,0,0,12.333333333333334,5,0
0,0,0,0,20.75,3,0
0,0,0,0,0.0,1,0
0,0,0,0,4.0,1,0
0,0,0,0,15.0,1,0
0,0,0,0,19.0,1,0
0,0,0,0,3.0,1,0
0,0,0,0,18.0,1,0
0,0,0,0,12.0,1,0
0,0,0,0,21.0,1,0
0,0,0,0,11.0,5,0
0,0,0,0,18.25,3,0
0,0,0,0,17.25,4,0
0,0,0,1,10.933333333333334,12,1
0,0,0,0,9.678571428571429,24,1
0,0,0,0,15.0,20,1
0,0,0,0,12.777777777777779,12,1
0,0,0,0,10.795454545454545,34,1
0,0,0,1,12.711538461538462,45,1
0,0,0,0,14.2,15,1
0,0,0,0,13.337837837837839,59,1
0,0,0,2,13.291139240506329,64,1
0,0,0,3,12.340425531914894,37,1
0,0,0,1,12.544117647058824,52,1
0,0,0,2,13.081967213114755,47,1
0,0,0,0,13.416666666666666,42,1
0,0,0,2,12.955555555555556,36,1
0,0,0,0,13.04225352112676,57,1
0,0,0,1,12.373134328358208,63,1
0,0,0,0,13.71875,30,1
0,0,0,0,12.40625,27,1
0,0,0,0,9.166666666666666,11,1
0,0,0,0,23.0,1,0
0,0,0,0,11.0,1,0
0,0,0,0,13.0,1,0
0,0,0,0,7.5,2,0
0,0,0,0,7.0,1,0
0,0,0,0,10.0,1,0
0,0,0,0,8.0,2,0
0,0,0,0,14.0,1,0
0,0,0,0,19.0,1,0
0,0,0,0,1.0,1,0
0,0,0,0,1.0,1,0
0,0,0,0,23.0,1,0
0,0,0,0,20.0,1,0
0,0,0,0,16.0,1,0
0,0,0,0,7.0,1,0
0,0,0,0,12.666666666666666,3,0
0,0,0,0,3.8,3,0
0,0,0,0,1.5,2,0
0,0,0,0,0.0,1,0
0,0,0,0,2.0,1,0
0,0,0,0,0.0,1,0
0,0,0,0,3.0,1,0
0,0,0,0,4.0,1,0
0,0,0,0,16.5,2,0
0,0,0,0,12.666666666666666,3,0
0,0,0,0,14.8,9,0
0,0,0,0,6.666666666666667,3,0
0,0,0,0,4.0,2,0
0,0,0,0,18.5,2,0
0,0,0,0,7.0,1,0
0,0,0,0,16.0,1,0
0,0,0,0,17.0,1,0
0,0,0,0,10.0,1,0
0,0,0,0,12.0,1,0
0,0,0,0,14.0,1,0
0,0,0,0,11.0,1,0
0,0,0,0,5.0,1,0
0,0,0,0,1.0,1,0
0,0,0,0,13.0,1,0
0,0,0,0,13.0,2,0
0,0,0,0,16.0,1,0
0,0,0,0,7.0,1,0
0,0,0,0,14.0,1,0
0,0,0,0,23.0,1,0
0,0,0,0,12.0,1,0
0,0,0,0,0.0,1,0
0,0,0,0,22.0,1,0
0,0,0,0,2.5,2,0
0,0,0,0,5.5,2,0
0,0,0,0,20.0,1,0
0,0,0,0,23.0,1,0
0,0,0,0,13.0,2,0
0,0,0,0,13.0,1,0
0,0,0,0,15.0,1,0
0,0,0,0,8.571428571428571,7,0
0,0,0,0,16.0,1,0
0,0,0,0,1.0,1,0
0,0,0,0,23.0,1,0
0,0,0,0,10.0,1,0
0,0,0,0,11.0,1,0
0,0,0,0,4.0,2,0
0,0,0,0,9.0,1,0
0,0,0,0,19.0,1,0
0,0,0,0,9.0,1,0
0,0,0,0,9.0,1,0
0,0,0,0,22.0,1,0
0,0,0,0,0.0,1,0
0,0,0,0,14.333333333333334,3,0
0,0,0,0,11.333333333333334,3,0
0,0,0,0,10.833333333333334,5,1
0,0,0,0,11.333333333333334,3,0
0,0,0,0,13.0,1,0
0,0,0,0,19.5,2,0
0,0,0,0,17.0,3,0
0,0,0,4,21.0,2,0
0,0,0,0,10.0,2,0
0,0,0,0,20.5,2,0
0,0,0,0,15.0,3,0
0,0,0,1,17.333333333333332,6,0
0,0,0,0,15.5,5,0
0,0,0,0,13.0,2,0
0,0,0,0,2.0,1,0
0,0,0,0,18.0,2,0
0,0,0,0,17.0,1,0
0,0,0,0,22.0,1,0
0,0,0,0,10.0,1,0
0,0,0,0,12.0,2,0
0,0,0,0,23.0,1,0
0,0,0,0,10.0,1,0
0,0,0,0,10.0,1,0
0,0,0,0,8.0,1,0
0,0,0,0,10.0,1,0
0,0,0,0,12.666666666666666,2,0
0,0,0,0,18.25,3,0
0,0,0,0,10.75,4,0
0,0,0,0,15.333333333333334,2,0
0,0,0,0,7.0,1,0
0,0,0,0,9.0,1,0
0,0,0,0,8.5,3,0
0,0,0,0,22.0,1,0
0,0,0,0,11.5,2,0
0,0,0,0,20.0,1,0
0,0,0,0,0.0,1,0
0,0,0,0,2.0,1,0
0,0,0,0,0.0,1,0
0,0,0,0,0.0,1,0
0,0,0,0,0.0,1,0
0,0,0,0,14.0,1,0
0,0,0,0,21.0,1,0
0,0,0,0,16.5,2,0
0,0,0,0,0.0,1,0
0,0,0,0,10.0,1,0
0,0,0,0,2.0,2,0
0,0,0,0,15.4,3,0
0,0,0,0,12.6,2,0
0,0,0,0,9.5,2,0
0,0,0,0,19.0,1,0
0,0,0,0,19.0,1,0
0,0,0,0,13.0,1,0
0,0,0,0,23.0,1,0
0,0,0,0,22.0,1,0
0,0,0,0,11.454545454545455,6,0
0,0,0,0,17.733333333333334,11,1
0,0,0,1,12.153846153846153,12,1
0,0,0,0,10.666666666666666,13,1
0,0,0,0,18.46153846153846,11,1
0,0,0,0,10.833333333333334,23,1
0,0,0,0,12.75,23,1
0,0,0,0,15.266666666666667,14,1
0,0,0,0,14.2,9,0
0,0,0,1,14.444444444444445,25,1
0,0,0,0,9.785714285714286,10,1
0,0,0,0,10.214285714285714,12,1
0,0,0,0,21.666666666666668,9,1
0,0,0,0,7.235294117647059,12,1
0,0,0,0,11.764705882352942,14,1
0,0,0,0,12.833333333333334,11,1
0,0,0,0,13.0,8,0
0,0,0,0,12.517241379310345,17,1
0,0,0,0,10.3,8,0
0,0,0,0,4.333333333333333,5,0
0,0,0,0,13.333333333333334,5,0
0,0,0,0,17.0,1,0
0,0,0,0,15.0,1,0
0,0,0,0,8.0,1,0
0,0,0,0,11.0,1,0
0,0,0,0,12.0,2,0
0,0,0,0,19.0,1,0
0,0,0,0,12.0,1,0
0,0,0,0,16.0,1,0
0,0,0,0,22.0,1,0
0,0,0,0,23.0,1,0
0,0,0,0,14.25,3,0
0,0,0,0,11.5,2,0
0,0,0,0,11.5,2,0
0,0,0,0,1.3333333333333333,3,0
0,0,0,0,2.0,1,0
0,0,0,0,16.0,1,0
0,0,0,0,7.0,1,0
0,0,0,0,7.0,1,0
0,0,0,0,19.0,1,0
0,0,0,0,17.0,1,0
0,0,0,0,8.5,2,0
0,0,0,0,0.0,1,0
0,0,0,0,1.0,1,0
0,0,0,0,9.0,1,0
0,0,0,0,14.2,7,0
0,0,0,1,14.4,7,0
0,0,0,0,11.333333333333334,9,0
0,0,0,0,15.428571428571429,7,0
0,0,0,0,10.444444444444445,8,0
0,0,0,0,9.25,8,0
0,0,0,0,10.375,7,0
0,0,0,0,12.0,6,0
0,0,0,1,11.25,10,1
0,0,0,0,14.666666666666666,3,0
0,0,0,0,14.0,2,0
0,0,0,0,14.5,2,0
0,0,0,0,1.0,1,0
0,0,0,0,13.0,1,0
0,0,0,0,22.0,1,0
0,0,0,0,16.0,1,0
0,0,0,0,16.0,1,0
0,0,0,0,20.0,1,0
0,0,0,0,14.0,1,0
0,0,0,0,22.0,1,0
0,0,0,0,14.0,1,0
0,0,0,0,14.0,1,0
0,0,0,0,13.0,2,0
0,0,0,0,8.0,1,0
0,0,0,0,11.0,1,0
0,0,0,0,5.0,1,0
0,0,0,0,1.0,1,0
0,0,0,0,17.0,1,0
0,0,0,0,19.0,1,0
0,0,0,0,9.0,1,0
0,0,0,0,8.0,1,0
0,0,0,0,9.0,1,0
0,0,0,0,7.5,2,0
0,0,0,0,16.0,2,0
0,0,0,0,2.3333333333333335,3,0
0,0,0,0,7.428571428571429,5,0
0,0,0,0,15.2,5,0
0,0,0,0,17.5,2,0
0,0,0,0,15.5,5,0
0,2,0,0,13.555555555555555,8,0
0,0,0,0,11.375,7,0
0,0,0,0,20.0,2,0
0,0,0,0,12.0,6,0
0,0,0,0,15.6,5,0
0,0,0,0,15.75,4,0
0,0,0,0,14.166666666666666,6,0
0,0,0,0,3.0,1,0
0,0,0,0,5.0,2,0
0,0,0,0,14.0,3,0
0,0,0,0,10.0,1,0
0,0,0,0,13.142857142857142,6,0
0,0,0,0,12.125,8,0
0,0,0,0,16.75,6,0
0,0,0,0,6.333333333333333,2,0
0,0,0,0,7.0,1,0
0,0,0,0,22.0,1,0
0,0,0,0,6.0,1,0
0,0,0,0,3.0,1,0
0,0,0,0,21.0,1,0
0,0,0,0,19.0,1,0
0,0,0,0,0.0,1,0
0,0,0,1,1.0,1,0
0,0,0,0,22.0,1,0
0,0,0,0,8.0,1,0
0,0,0,0,7.0,1,0
0,0,0,0,7.0,1,0
0,0,0,0,8.0,1,0
0,0,0,0,10.0,1,0
0,0,0,0,8.0,1,0
0,0,0,0,19.0,1,0
0,0,0,0,7.0,1,0
0,0,0,0,20.0,1,0
0,0,0,0,19.0,1,0
0,0,0,0,14.333333333333334,3,0
0,0,0,0,17.0,1,0
0,0,0,0,8.0,1,0
0,0,0,0,1.0,1,0
0,0,0,0,14.666666666666666,2,0
0,0,0,0,17.25,4,0
0,0,0,0,9.0,1,0
0,0,0,0,8.333333333333334,3,0
0,0,0,0,18.5,5,0
0,0,0,0,20.818181818181817,6,0
0,0,0,0,15.6,4,0
0,0,0,0,17.4,4,0
0,0,0,0,14.333333333333334,8,0
0,0,0,0,15.0,3,0
0,0,0,0,12.75,4,0
0,0,0,0,16.0,4,0
0,0,0,0,14.0,6,0
0,0,0,0,17.333333333333332,2,0
0,0,0,0,11.0,1,0
0,0,0,0,11.0,1,0
0,0,0,0,8.0,1,0
0,0,0,0,12.0,1,0
0,0,0,0,20.0,1,0
0,0,0,0,20.0,1,0
0,0,0,0,21.0,1,0
0,0,0,0,1.0,1,0
0,0,0,0,15.222222222222221,7,0
0,0,0,0,13.052631578947368,15,1
0,0,0,1,12.529411764705882,14,1
0,0,0,0,14.214285714285714,13,1
0,0,0,1,13.458333333333334,21,1
0,0,0,0,9.555555555555555,17,1
0,0,0,0,11.1,8,0
0,0,0,0,12.363636363636363,11,0
0,0,0,0,6.642857142857143,10,1
0,0,0,0,10.8,5,0
0,0,0,0,8.0,1,0
0,0,0,0,8.0,1,0
0,0,0,0,8.4,2,0
0,0,0,0,3.7142857142857144,2,0
0,0,0,0,8.375,4,0
0,0,0,0,9.0,1,0
0,0,0,0,16.0,1,0
0,0,0,0,8.0,1,0
0,0,0,0,12.5,2,0
0,0,0,0,15.0,1,0
0,0,0,0,21.0,1,0
0,0,0,0,18.0,1,0
0,0,0,0,18.0,1,0
0,0,0,0,16.0,1,0
0,0,0,0,13.0,1,0
0,0,0,0,9.0,1,0
0,0,0,0,15.0,1,0
0,0,0,0,19.0,2,0
0,0,0,0,13.0,1,0
0,0,0,0,21.0,1,0
0,0,0,0,17.0,1,0
0,0,0,0,22.0,1,0
0,0,0,0,23.0,1,0
0,0,0,0,22.0,1,0
0,0,0,0,21.0,2,0
0,0,0,0,10.0,2,0
0,0,0,0,0.0,1,0
0,0,0,0,20.333333333333332,2,0
0,0,0,0,23.0,1,0
0,0,0,0,14.5,2,0
0,0,0,0,21.0,1,0
0,0,0,0,16.0,1,0
0,0,0,0,21.0,1,0
0,0,0,0,21.0,1,0
0,0,0,0,11.0,1,0
0,0,0,0,0.0,1,0
0,0,0,0,18.0,2,0
0,0,0,1,16.0,2,0
0,0,0,0,11.25,7,0
0,0,0,0,15.333333333333334,3,0
0,0,0,0,17.666666666666668,5,0
0,0,0,1,8.363636363636363,9,0
0,0,0,0,13.777777777777779,9,0
0,0,0,1,11.1,16,1
0,0,0,1,11.166666666666666,11,1
0,0,0,0,13.625,22,1
0,0,0,0,13.12,19,1
0,0,0,1,13.058823529411764,26,1
0,0,0,0,14.384615384615385,12,1
0,0,0,1,11.26086956521739,20,1
0,0,0,0,12.375,6,0
0,0,0,0,13.631578947368421,14,1
0,0,0,0,15.551724137931034,22,1
0,0,0,1,13.318181818181818,18,1
0,0,0,0,11.944444444444445,13,1
0,0,0,0,13.76923076923077,20,1
0,0,0,0,10.6,11,1
0,0,0,0,8.75,4,0
0,0,0,0,7.0,1,0
0,0,0,0,22.0,1,0
0,0,0,0,2.0,1,0
0,0,0,0,23.0,1,0
0,0,0,0,7.0,1,0
0,0,0,0,7.0,1,0
0,0,0,0,21.0,1,0
0,0,0,0,0.0,1,0
0,0,0,0,11.0,1,0
0,0,0,0,19.0,1,0
0,0,0,0,15.0,1,0
0,0,0,0,13.0,1,0
0,0,0,0,0.0,1,0
0,0,0,0,23.0,1,0
0,0,0,0,13.0,1,0
0,0,0,0,10.0,1,0
0,0,0,0,10.0,1,0
0,0,0,0,1.0,1,0
0,0,0,0,16.0,1,0
0,0,0,0,15.0,1,0
0,0,0,0,6.0,1,0
0,0,0,0,0.0,1,0
0,0,0,0,22.0,1,0
0,0,0,0,19.5,2,0
0,0,0,0,7.75,3,0
0,0,0,0,5.333333333333333,3,0
0,0,0,0,8.0,4,0
0,0,0,0,8.142857142857142,5,0
0,0,0,0,12.714285714285714,6,0
0,0,0,0,0.0,1,0
0,0,0,0,8.5,2,0
0,0,0,0,12.0,2,0
0,0,0,0,10.2,5,0
0,0,0,0,14.2,5,0
0,0,0,0,11.333333333333334,7,0
0,0,0,0,12.142857142857142,6,0
0,0,0,0,9.428571428571429,11,1
0,0,0,0,7.0,3,0
0,0,0,0,10.0,1,0
0,0,0,0,1.0,1,0
0,0,0,0,1.0,1,0
0,0,0,0,21.0,1,0
0,0,0,0,20.0,1,0
0,0,0,0,21.666666666666668,2,0
0,0,0,0,15.0,2,0
0,0,0,0,9.2,4,0
0,0,0,1,6.666666666666667,3,0
0,0,0,0,12.5,4,0
0,0,0,0,14.25,6,0
0,0,0,0,13.555555555555555,8,0
0,0,0,0,14.0,4,0
0,0,0,0,9.857142857142858,7,0
0,0,0,0,8.214285714285714,11,1
0,0,0,0,13.857142857142858,12,1
0,0,0,0,14.55,17,1
0,0,0,0,13.222222222222221,16,1
0,0,0,0,9.733333333333333,12,1
0,0,0,1,12.88888888888889,9,0
0,0,0,0,9.25,4,0
0,0,0,0,16.0,1,0
0,0,0,0,10.0,1,0
0,0,0,0,21.0,1,0
0,0,0,0,7.0,2,0
0,0,0,0,6.166666666666667,4,0
0,0,0,0,15.333333333333334,3,0
0,0,0,1,11.555555555555555,9,0
0,0,0,0,13.222222222222221,9,0
0,0,0,0,8.0,2,0
0,0,0,0,11.25,4,0
0,0,0,0,16.5,2,0
0,0,0,0,14.8,5,0
0,0,0,0,8.0,1,0
0,0,0,1,10.5,2,0
0,0,0,0,16.666666666666668,2,0
0,0,0,0,14.125,4,0
0,0,0,0,13.0,2,0
0,0,0,0,14.0,2,0
0,0,0,0,4.0,2,0
0,0,0,0,10.0,1,0
0,0,0,0,21.0,1,0
0,0,0,0,19.0,1,0
0,0,0,0,21.0,1,0
0,0,0,0,17.0,1,0
0,0,0,0,6.0,1,0
0,0,0,0,23.0,1,0
0,0,0,0,13.0,1,0
0,0,0,0,4.0,1,0
0,0,0,0,2.0,1,0
0,0,0,0,19.0,1,0
0,0,0,0,17.0,1,0
0,0,0,0,23.0,1,0
0,0,0,0,8.0,1,0
0,0,0,0,0.0,1,0
0,0,0,0,17.0,1,0
0,0,0,0,17.0,2,0
0,0,0,0,16.5,2,0
0,0,0,0,18.0,1,0
0,0,0,0,9.666666666666666,3,0
0,0,0,2,11.714285714285714,4,0
0,0,0,0,11.733333333333333,10,1
0,0,0,0,12.076923076923077,10,1
0,0,0,0,11.5,4,0
0,0,0,0,12.25,10,1
0,0,0,0,11.4,9,0
0,0,0,0,10.555555555555555,23,1
0,0,0,1,15.272727272727273,36,1
0,0,0,0,13.0,31,1
0,0,0,0,11.659090909090908,34,1
0,0,0,1,12.714285714285714,63,1
0,0,0,0,14.91304347826087,39,1
0,0,0,0,11.096774193548388,55,1
0,0,0,0,12.461538461538462,41,1
0,0,0,1,13.095238095238095,33,1
0,0,0,0,12.148148148148149,25,1
0,0,0,0,12.130434782608695,21,1
0,0,0,0,11.073170731707316,40,1
0,0,0,0,12.107142857142858,28,1
0,0,0,0,13.074074074074074,22,1
0,0,0,0,11.0,11,0
0,0,0,0,11.461538461538462,12,1
0,0,0,0,9.0,3,0
0,0,0,0,12.333333333333334,3,0
0,0,0,0,0.0,1,0
0,0,0,0,21.0,1,0
0,0,0,0,19.0,1,0
0,0,0,0,15.0,1,0
0,0,0,0,7.0,1,0
0,0,0,0,2.0,1,0
0,0,0,0,10.0,1,0
0,0,0,0,7.0,1,0
0,0,0,0,3.0,1,0
0,0,0,0,8.0,1,0
0,0,0,0,14.0,1,0
0,0,0,0,11.0,1,0
0,0,0,0,0.0,1,0
0,0,0,0,7.0,1,0
0,0,0,0,12.5,2,0
0,0,0,0,10.5,2,0
0,0,0,0,18.0,1,0
0,0,0,0,12.0,1,0
0,0,0,0,8.0,1,0
0,0,0,0,8.0,1,0
0,0,0,0,22.0,1,0
0,0,0,0,0.0,1,0
0,0,0,0,4.0,1,0
0,0,0,0,13.56,19,1
0,0,0,0,9.125,6,0
0,0,0,0,9.76923076923077,11,1
0,0,0,0,12.166666666666666,16,1
0,0,0,3,14.714285714285714,10,1
0,0,0,0,12.0,32,1
0,0,0,0,15.1,10,0
0,0,0,0,14.23076923076923,11,1
0,0,0,1,12.857142857142858,7,0
0,0,0,0,0.4,3,0
0,0,0,0,16.0,1,0
0,0,0,0,11.0,1,0
0,0,0,0,20.0,1,0
0,0,0,0,7.0,1,0
0,0,0,0,16.0,1,0
0,0,0,0,7.0,1,0
0,0,0,0,13.0,1,0
0,0,0,0,19.0,1,0
0,0,0,0,9.0,1,0
0,0,0,0,13.666666666666666,3,0
0,0,0,0,11.0,8,0
0,0,0,0,13.222222222222221,6,0
0,0,0,0,10.75,7,0
0,0,0,0,12.0,7,0
0,0,0,0,13.9375,11,1
0,0,0,0,15.333333333333334,6,0
0,0,0,0,15.833333333333334,5,0
0,0,0,0,11.142857142857142,20,1
0,0,0,0,13.0,9,0
0,0,0,0,13.285714285714286,12,1
0,0,0,0,14.875,7,0
0,0,0,0,12.125,8,0
0,0,0,0,21.0,1,0
0,0,0,0,8.0,1,0
0,0,0,0,8.5,4,0
0,0,0,0,12.75,4,0
0,0,0,0,7.5,2,0
0,0,0,0,12.0,2,0
0,0,0,0,7.0,1,0
0,0,0,0,17.0,1,0
0,0,0,0,22.0,1,0
0,0,0,0,19.0,1,0
0,0,0,0,10.0,1,0
0,0,0,0,21.0,1,0
0,0,0,0,11.0,1,0
0,0,0,0,8.0,1,0
0,0,0,0,20.0,2,0
0,0,0,0,22.0,1,0
0,0,0,0,16.0,1,0
0,0,0,0,1.0,1,0
0,0,0,0,15.0,1,0
0,0,0,1,20.0,8,0
0,0,0,0,14.857142857142858,12,1
0,0,0,0,11.333333333333334,8,0
0,0,0,0,10.142857142857142,7,0
0,0,0,0,9.25,4,0
0,0,0,0,15.0,4,0
0,0,0,0,10.333333333333334,6,0
0,0,0,0,12.5,2,0
0,0,0,0,13.5,2,0
0,0,0,0,11.0,2,0
0,0,0,0,9.5,2,0
0,0,0,0,12.0,3,0
0,0,0,0,14.5,2,0
0,0,0,0,11.0,1,0
0,0,0,0,0.0,1,0
0,0,0,0,7.0,1,0
0,0,0,0,8.0,1,0
0,0,0,0,15.0,1,0
0,0,0,0,9.0,1,0
0,0,0,0,22.0,1,0
0,0,0,0,23.0,1,0
0,0,0,0,23.0,1,0
0,0,0,0,2.0,1,0
0,0,0,0,9.0,1,0
0,0,0,0,19.0,1,0
0,0,0,0,7.0,1,0
0,0,0,0,22.0,1,0
0,0,0,0,16.0,1,0
0,0,0,0,21.0,1,0
0,0,0,0,11.0,1,0
0,0,0,0,22.0,1,0
0,0,0,0,18.0,1,0
0,0,0,0,11.0,1,0
0,0,0,0,8.0,1,0
0,0,0,0,18.0,1,0
0,0,0,0,16.0,1,0
0,0,0,0,18.75,4,0
0,0,0,0,10.5,2,0
0,0,0,1,13.622143219908583,946,1
0,0,0,0,11.0,1,0
0,0,0,0,7.0,1,0
0,0,0,0,13.0,1,0
0,0,0,0,22.0,1,0
0,0,0,0,16.0,1,0
0,0,0,0,17.0,1,0
0,0,0,0,23.0,1,0
0,0,0,0,22.0,1,0
0,0,0,0,7.0,1,0
0,0,0,0,8.0,1,0
0,0,0,0,14.0,1,0
0,0,0,0,0.0,1,0
0,0,0,1,15.0,1,0
0,0,0,0,16.0,1,0
0,0,0,0,23.0,1,0
0,0,0,0,22.0,1,0
0,0,0,0,0.0,1,0
0,0,0,0,22.0,1,0
0,0,0,3,11.0,1,0
0,0,0,0,1.0,1,0
0,0,0,0,13.0,1,0
0,4,0,0,1.0,1,0
0,0,0,0,13.0,1,0
0,0,0,0,7.0,1,0
0,0,0,0,22.0,1,0
0,0,0,0,16.0,1,0
0,0,0,0,16.0,1,0
0,0,0,0,23.0,1,0
0,0,0,0,23.0,1,0
0,0,0,0,2.0,1,0
0,0,0,0,19.0,1,0
0,0,0,0,18.0,1,0
0,0,0,0,11.0,1,0
0,0,0,0,8.0,1,0
0,0,0,0,22.333333333333332,2,0
0,0,0,0,23.0,1,0
0,0,0,0,12.0,1,0
0,0,0,0,0.0,1,0
0,0,0,0,0.0,1,0
0,0,0,0,17.0,1,0
0,0,0,0,20.0,1,0
0,0,0,0,11.0,2,0
0,0,0,0,6.0,1,0
0,0,0,0,0.0,1,0
0,0,0,0,12.25,3,0
0,0,0,0,15.0,3,0
0,0,0,0,20.0,1,0
0,0,0,0,21.333333333333332,2,0
0,0,0,0,22.333333333333332,2,0
0,0,0,0,23.0,1,0
0,0,0,0,0.0,1,0
0,0,0,0,0.3333333333333333,2,0
0,0,0,2,17.0,2,0
0,0,0,0,15.0,1,0
0,0,0,0,16.0,1,0
0,0,0,0,11.0,2,0
0,0,0,0,8.0,1,0
0,0,0,0,8.428571428571429,5,0
0,0,0,0,15.875,7,0
0,0,0,0,15.416666666666666,9,1
0,0,0,0,7.5,2,0
0,0,0,0,22.0,1,0
0,0,0,0,21.0,1,0
0,0,0,0,15.5,2,0
0,0,0,0,16.0,1,0
0,0,0,0,16.0,1,0
0,0,0,0,1.0,1,0
0,0,0,0,21.0,1,0
0,0,0,0,14.0,2,0
0,0,0,0,13.5,2,0
0,0,0,0,14.0,2,0
0,0,0,0,17.0,2,0
0,0,0,0,22.0,1,0
0,0,0,0,10.0,1,0
0,0,0,0,22.0,1,0
0,0,0,0,15.0,1,0
0,0,0,0,0.0,1,0
0,0,0,0,17.5,2,0
0,0,0,0,13.714285714285714,6,0
0,0,0,0,15.875,4,0
0,0,0,0,18.0,1,0
0,0,0,0,21.0,1,0
0,0,0,0,1.0,1,0
0,0,0,1,12.0,1,0
0,0,0,0,17.0,1,0
0,0,0,0,21.0,1,0
0,0,0,0,23.0,1,0
0,0,0,0,22.0,1,0
0,0,0,0,21.8,3,0
0,0,0,0,0.0,1,0
0,0,0,0,22.0,1,0
0,0,0,0,17.5,2,0
0,0,0,0,1.0,1,0
0,0,0,0,23.0,1,0
0,0,0,0,19.5,2,0
0,0,0,0,17.0,1,0
0,0,0,0,5.2,4,0
0,0,0,0,14.666666666666666,3,0
0,0,0,0,21.0,1,0
0,0,0,0,17.0,1,0
0,0,0,0,16.0,1,0
0,0,0,0,17.333333333333332,2,0
0,0,0,1,8.0,1,0
0,0,0,0,21.0,1,0
0,0,0,0,18.0,1,0
0,0,0,0,0.0,1,0
0,0,0,0,1.0,1,0
0,0,0,0,20.0,1,0
0,0,0,0,9.0,1,0
0,0,0,0,10.0,2,0
0,0,0,0,12.5,2,0
0,0,0,0,19.5,4,0
0,0,0,0,22.0,1,0
0,0,0,0,1.0,1,0
0,0,0,0,18.0,1,0
0,0,0,0,23.0,1,0
0,0,0,0,9.0,1,0
0,0,0,0,7.0,1,0
0,0,0,0,22.0,1,0
0,0,0,0,13.2,2,0
0,0,0,0,17.0,1,0
0,0,0,0,23.0,1,0
0,0,0,0,16.0,1,0
0,0,0,0,18.0,1,0
0,0,0,0,11.0,1,0
0,0,0,0,3.0,1,0
0,0,0,0,23.0,1,0
0,0,0,0,14.0,3,0
0,0,0,0,15.0,1,0
0,0,0,0,13.0,1,0
0,0,0,0,23.0,1,0
0,0,0,0,10.0,1,0
0,0,0,0,7.0,1,0
0,0,0,0,11.0,1,0
0,0,0,0,12.0,1,0
0,0,0,0,10.0,1,0
0,0,0,0,16.0,1,0
0,0,0,0,1.1428571428571428,2,0
0,0,0,0,15.0,1,0
0,0,0,0,16.0,1,0
0,0,0,0,20.0,1,0
0,0,0,0,22.0,1,0
0,0,0,0,13.0,1,0
0,0,0,0,8.5,2,0
0,0,0,0,23.0,1,0
0,0,0,0,20.0,1,0
0,0,0,0,15.0,3,0
0,0,0,0,13.0,1,0
0,0,0,0,6.0,3,0
0,0,0,0,21.0,1,0
0,0,0,0,11.0,5,0
0,0,0,0,11.75,3,0
0,0,0,0,18.666666666666668,3,0
0,0,0,0,16.6,5,0
0,0,0,0,9.416666666666666,10,1
0,0,0,0,15.666666666666666,6,0
0,0,0,0,16.266666666666666,12,1
0,0,0,1,14.5,15,1
0,0,0,0,15.166666666666666,5,0
0,0,0,0,9.625,7,0
0,0,0,0,19.0,1,0
0,0,0,0,17.0,1,0
0,0,0,0,8.0,3,0
0,0,0,0,23.0,1,0
0,0,0,0,21.0,1,0
0,0,0,0,15.4,3,0
0,0,0,0,22.0,2,0
0,0,0,0,22.0,1,0
0,0,0,0,9.0,1,0
0,0,0,0,10.0,3,0
0,0,0,0,13.6,4,0
0,0,0,0,17.5,2,0
0,0,0,0,15.222222222222221,6,0
0,0,0,0,22.0,1,0
0,0,0,0,22.0,1,0
0,0,0,0,10.0,1,0
0,0,0,0,23.0,1,0
0,0,0,0,21.0,1,0
0,0,0,0,19.0,1,0
0,0,0,0,14.5,2,0
0,0,0,0,9.0,1,0
0,0,0,0,12.0,1,0
0,0,0,0,17.0,1,0
0,0,0,0,18.0,1,0
0,0,0,0,19.0,2,0
0,0,0,0,11.0,1,0
0,0,0,0,15.0,1,0
0,0,0,0,23.0,1,0
0,0,0,0,10.0,1,0
0,0,0,0,12.0,1,0
0,0,0,0,22.0,1,0
0,0,0,0,9.333333333333334,2,0
0,0,0,0,16.5,2,0
0,0,0,0,15.0,1,0
0,0,0,0,20.666666666666668,2,0
0,0,0,0,15.666666666666666,2,0
0,0,0,0,21.0,1,0
0,0,0,0,22.0,1,0
0,0,0,0,17.0,1,0
0,0,0,0,17.666666666666668,3,0
0,0,0,0,13.666666666666666,2,0
0,0,0,0,21.0,2,0
0,0,0,6,4.636363636363637,5,0
0,0,0,1,14.0,1,0
0,0,0,0,21.0,1,0
0,0,0,0,22.0,1,0
0,0,0,0,16.0,1,0
0,0,0,0,23.0,1,0
0,0,0,0,7.0,1,0
0,0,0,0,22.0,1,0
0,0,0,0,13.0,1,0
0,0,0,0,7.0,1,0
0,0,0,0,19.0,1,0
0,0,0,0,18.0,1,0
0,0,0,0,16.0,1,0
0,0,0,0,16.0,1,0
0,0,0,0,23.0,1,0
0,0,0,0,7.5,2,0
0,0,0,0,11.0,2,0
0,0,0,0,18.0,1,0
0,0,0,0,13.0,2,0
0,0,0,0,14.5,2,0
0,0,0,0,1.0,1,0
0,0,0,0,14.0,1,0
0,0,0,1,12.0,1,0
0,0,0,0,12.0,1,0
0,0,0,0,15.0,1,0
0,0,0,0,13.5,2,0
0,0,0,0,6.0,1,0
0,0,0,0,14.5,3,0
0,0,0,0,12.666666666666666,3,0
0,0,0,0,13.0,2,0
0,0,0,0,18.0,2,0
0,0,0,0,20.0,1,0
0,0,0,0,0.0,1,0
0,0,0,0,15.0,1,0
0,0,0,0,0.0,1,0
0,0,0,0,17.0,1,0
0,0,0,0,1.0,1,0
0,0,0,0,13.0,1,0
0,0,0,0,1.0,1,0
0,0,0,0,10.0,1,0
0,0,0,0,12.0,1,0
0,0,0,0,21.0,1,0
0,0,0,0,14.0,1,0
0,0,0,0,13.0,1,0
0,0,0,0,21.0,1,0
0,0,0,0,23.0,1,0
0,0,0,0,22.0,1,0
0,0,0,0,6.0,1,0
0,0,0,1,8.0,1,0
0,0,0,1,9.0,2,0
0,0,0,0,8.0,1,0
0,0,0,1,8.0,2,0
0,0,0,0,17.666666666666668,3,0
0,0,0,0,16.0,1,0
0,0,0,0,18.0,1,0
0,0,0,0,22.0,1,0
0,0,0,0,18.0,1,0
0,0,0,0,8.0,1,0
0,0,0,0,7.0,1,0
0,0,0,0,18.5,2,0
0,0,0,0,8.0,1,0
0,0,0,1,10.0,1,0
0,0,0,0,13.0,2,0
0,0,0,0,17.0,1,0
0,0,0,0,11.0,1,0
0,0,0,0,22.0,1,0
0,0,0,0,10.0,1,0
0,0,0,0,18.0,1,0
0,0,0,0,11.0,1,0
0,0,0,0,2.0,1,0
0,0,0,0,20.0,1,0
0,0,0,0,10.0,1,0
0,0,0,0,20.0,1,0
0,0,0,0,10.0,1,0
0,0,0,0,15.0,1,0
0,0,0,0,16.0,1,0
0,0,0,0,8.0,1,0
0,0,0,0,7.0,1,0
0,0,0,0,15.0,1,0
0,0,0,0,11.0,1,0
0,0,0,0,11.0,1,0
0,0,0,0,7.0,1,0
0,0,0,0,7.0,1,0
0,0,0,0,13.0,1,0
0,0,0,0,11.0,1,0
0,0,0,0,3.0,1,0
0,0,0,0,15.0,1,0
0,0,0,0,4.0,1,0
0,0,0,0,3.0,1,0
0,0,0,0,7.5,2,0
0,0,0,0,11.0,1,0
0,0,0,0,13.0,1,0
0,0,0,0,22.0,1,0
0,0,0,0,14.0,1,0
0,0,0,0,8.0,1,0
0,0,0,0,20.0,1,0
0,0,0,0,15.0,1,0
0,0,0,0,9.0,1,0
0,0,0,0,9.0,1,0
0,0,0,0,10.0,1,0
0,0,0,0,14.0,1,0
0,0,0,0,2.0,1,0
0,0,0,0,22.0,1,0
0,0,0,2,11.0,1,0
0,0,0,0,16.0,1,0
0,0,0,0,15.0,1,0
0,0,0,0,13.0,1,0
0,0,0,0,15.0,1,0
0,0,0,1,7.0,1,0
0,0,0,0,10.0,1,0
0,0,0,2,17.0,1,0
0,0,0,0,18.0,1,0
0,0,0,0,10.0,1,0
0,0,0,0,15.0,1,0
0,0,0,0,9.0,1,0
0,0,0,0,10.0,1,0
0,0,0,0,14.0,1,0
0,0,0,0,11.0,1,0
0,0,0,0,9.0,1,0
0,0,0,0,14.0,1,0
0,0,0,0,17.0,1,0
0,0,0,1,10.0,1,0
0,0,0,0,13.0,1,0
0,0,0,0,10.0,1,0
0,0,0,0,11.0,1,0
0,0,0,0,8.0,1,0
0,0,0,0,9.0,1,0
0,0,0,0,9.0,1,0
0,0,0,0,14.0,1,0
0,0,0,0,12.0,1,0
0,0,0,0,14.0,1,0
0,0,0,0,15.0,1,0
0,0,0,0,0.0,1,0
0,0,0,1,9.0,1,0
0,0,0,0,9.0,1,0
0,0,0,2,4.0,1,0
0,0,0,0,9.0,1,0
0,0,0,0,11.0,1,0
0,0,0,0,9.0,1,0
0,0,0,0,4.0,1,0
0,0,0,0,15.0,1,0
0,0,0,1,11.0,1,0
0,0,0,0,8.0,1,0
0,0,0,0,13.0,2,0
0,0,0,0,6.0,1,0
0,0,0,0,11.0,1,0
0,0,0,0,13.0,2,0
0,0,0,0,8.0,1,0
0,0,0,1,13.0,1,0
0,0,0,0,10.0,1,0
0,0,0,0,12.0,1,0
0,0,0,0,10.0,1,0
0,0,0,0,6.0,1,0
0,0,0,0,9.0,1,0
0,0,0,0,17.0,1,0
0,0,0,0,12.0,1,0
0,0,0,0,10.0,1,0
0,0,0,0,7.0,3,0
0,0,0,0,9.0,1,0
0,0,0,0,17.0,1,0
0,0,0,0,2.0,1,0
0,0,0,0,9.0,1,0
0,0,0,0,7.0,1,0
0,0,0,0,19.0,1,0
0,0,0,0,22.0,1,0
0,0,0,0,16.0,1,0
0,0,0,0,9.0,1,0
0,0,0,0,14.0,1,0
0,0,0,0,12.0,1,0
0,0,0,0,13.0,1,0
0,0,0,0,16.0,1,0
0,0,0,0,17.0,1,0
0,0,0,0,17.0,2,0
0,0,0,0,4.0,1,0
0,0,0,0,6.0,1,0
0,0,0,0,16.0,1,0
0,0,0,0,19.0,1,0
0,0,0,0,21.0,1,0
0,0,0,0,1.0,1,0
0,0,0,0,2.0,1,0
0,0,0,0,22.0,1,0
0,0,0,0,0.0,1,0
0,0,0,0,17.0,1,0
0,0,0,0,18.0,1,0
0,0,0,0,19.0,1,0
0,0,0,0,21.0,1,0
0,0,0,0,17.0,2,0
0,0,0,2,9.0,2,0
0,0,0,0,11.5,2,0
0,0,0,0,0.0,1,0
0,0,0,0,10.0,1,0
0,0,0,6,16.0,1,0
0,0,0,0,12.0,1,0
0,0,0,0,23.0,2,0
0,0,0,0,12.0,1,0
0,0,0,0,17.0,1,0
0,0,0,0,11.0,1,0
0,0,0,0,14.666666666666666,3,0
0,0,0,0,7.0,1,0
0,0,0,0,8.8,4,0
0,0,0,0,13.25,4,0
0,0,0,0,13.666666666666666,12,1
0,0,0,0,11.0,2,0
0,0,0,0,9.0,1,0
0,0,0,0,22.0,1,0
0,0,0,0,8.0,1,0
0,0,0,0,0.0,1,0
0,0,0,0,15.0,1,0
0,0,0,0,21.0,1,0
0,0,0,0,16.0,1,0
0,0,0,0,17.0,3,0
0,0,0,0,19.0,2,0
0,0,0,0,7.0,3,0
0,0,0,0,14.0,2,0
0,0,0,0,21.0,1,0
0,0,0,0,15.0,2,0
0,0,0,0,21.0,1,0
0,0,0,0,3.0,1,0
0,0,0,0,11.0,1,0
0,0,0,0,11.666666666666666,2,0
0,0,0,0,10.0,4,0
0,0,0,0,12.076923076923077,11,1
0,0,0,0,12.6,11,1
0,0,0,0,12.368421052631579,14,1
0,0,0,0,15.2,5,0
0,0,0,0,0.0,1,0
0,0,0,0,8.0,1,0
0,0,0,0,22.0,1,0
0,0,0,0,1.0,1,0
0,0,0,0,8.0,1,0
0,0,0,0,17.0,1,0
0,0,0,0,1.0,1,0
0,0,0,0,13.0,2,0
0,0,0,0,21.0,2,0
0,0,0,0,13.25,4,0
0,0,0,0,12.0,2,0
0,0,0,0,18.0,1,0
0,0,0,1,12.0,1,0
0,0,0,0,2.0,1,0
0,0,0,0,21.0,1,0
0,0,0,0,22.0,1,0
0,0,0,0,15.0,1,0
0,0,0,0,19.0,1,0
0,0,0,0,19.0,2,0
0,0,0,0,3.0,1,0
0,0,0,0,12.0,1,0
0,0,0,0,0.0,1,0
0,0,0,0,11.0,1,0
0,0,0,0,11.4,2,0
0,0,0,0,9.6,2,0
0,0,0,0,9.0,4,0
0,0,0,0,10.0,1,0
0,0,0,0,18.0,1,0
0,0,0,0,20.666666666666668,2,0
0,0,0,2,10.666666666666666,4,0
0,0,0,0,14.0,1,0
0,0,0,0,11.0,2,0
0,0,0,0,10.142857142857142,7,0
0,0,0,0,12.833333333333334,6,0
0,0,0,0,10.25,3,0
0,0,0,0,21.0,1,0
0,0,0,0,13.0,1,0
0,0,0,0,6.5,2,0
0,0,0,0,15.4,2,0
0,0,0,0,16.25,3,0
0,0,0,0,17.571428571428573,5,0
0,0,0,1,17.0,1,0
0,0,0,0,16.0,1,0
0,0,0,0,22.0,1,0
0,0,0,0,17.0,1,0
0,0,0,0,7.0,1,0
0,0,0,0,11.0,1,0
0,0,0,0,8.0,1,0
0,0,0,0,16.0,1,0
0,0,0,0,10.0,1,0
0,0,0,0,22.0,1,0
0,0,0,0,3.0,1,0
0,0,0,0,11.0,1,0
0,0,0,0,21.0,1,0
0,0,0,0,18.0,1,0
0,0,0,0,8.0,1,0
0,0,0,0,19.0,1,0
0,0,0,0,17.0,1,0
0,0,0,0,0.0,1,0
0,0,0,0,11.0,1,0
0,0,0,0,0.0,1,0
0,0,0,0,23.0,1,0
0,0,0,0,23.0,1,0
0,0,0,0,11.0,1,0
0,0,0,0,7.0,1,0
0,0,0,0,21.0,1,0
0,0,0,0,7.0,1,0
0,0,0,0,10.0,1,0
0,0,0,0,8.0,1,0
0,0,0,0,13.0,1,0
0,0,0,0,14.0,1,0
0,0,0,0,23.0,1,0
0,0,0,0,13.5,2,0
0,0,0,0,1.0,1,0
0,0,0,0,19.0,1,0
0,0,0,0,22.0,1,0
0,0,0,0,23.0,1,0
0,0,0,0,23.0,1,0
0,0,0,2,16.0,1,0
0,0,0,0,19.0,2,0
0,0,0,0,9.0,1,0
0,0,0,0,15.0,2,0
0,0,0,3,15.75,2,0
0,0,0,0,3.0,1,0
0,0,0,0,18.0,1,0
0,0,0,0,9.0,1,0
0,0,0,0,18.0,1,0
0,0,0,0,2.0,1,0
0,0,0,0,12.0,3,0
0,0,0,0,21.0,1,0
0,0,0,0,2.75,3,0
0,0,0,0,11.333333333333334,2,0
0,0,0,0,14.0,1,0
0,0,0,0,13.75,3,0
0,0,0,0,12.4,3,0
0,0,0,0,7.5,3,0
0,0,0,0,16.0,1,0
0,0,0,0,18.0,2,0
0,0,0,0,15.0,5,0
0,0,0,0,12.0,1,0
0,0,0,0,8.0,1,0
0,0,0,0,19.0,1,0
0,0,0,0,9.0,2,0
0,0,0,0,9.0,1,0
0,0,0,0,10.5,2,0
0,0,0,0,20.0,1,0
0,0,0,0,15.0,1,0
0,0,0,0,1.0,1,0
0,0,0,0,22.0,1,0
0,0,0,0,15.0,1,0
0,0,0,0,7.0,2,0
0,0,0,0,12.5,2,0
0,0,0,0,3.4,2,0
0,0,0,0,12.8,4,0
0,0,0,0,13.333333333333334,2,0
0,0,0,0,8.75,5,0
0,0,0,0,13.0,1,0
0,0,0,0,10.0,1,0
0,0,0,0,16.0,2,0
0,0,0,0,11.0,1,0
0,0,0,0,21.0,1,0
0,0,0,0,23.0,1,0
0,0,0,0,12.0,1,0
0,0,0,0,23.0,1,0
0,0,0,0,15.0,1,0
0,0,0,0,23.0,1,0
0,0,0,0,6.5,6,0
0,0,0,0,8.0,1,0
0,0,0,0,20.166666666666668,4,0
0,0,0,0,20.5,2,0
0,0,0,0,14.2,5,0
0,0,0,0,14.666666666666666,3,0
0,0,0,0,9.0,1,0
0,0,0,0,20.0,1,0
0,0,0,0,15.0,1,0
0,0,0,0,14.0,1,0
0,0,0,0,7.0,1,0
0,0,0,0,9.666666666666666,3,0
0,0,0,0,1.0,1,0
0,0,0,0,4.333333333333333,3,0
0,0,0,0,15.0,3,0
0,0,0,0,16.5,3,0
0,0,0,0,18.0,1,0
0,0,0,0,9.5,5,0
0,0,0,0,18.0,4,0
0,0,0,0,9.428571428571429,7,0
0,0,0,0,12.571428571428571,7,0
0,0,0,0,14.285714285714286,6,0
0,0,0,0,20.0,1,0
0,0,0,0,2.0,1,0
0,0,0,0,23.0,1,0
0,0,0,0,2.0,1,0
0,0,0,0,3.0,1,0
0,0,0,0,17.5,2,0
0,0,0,0,0.6666666666666666,2,0
0,0,0,0,8.5,2,0
0,0,0,0,14.0,1,0
0,0,0,0,22.0,1,0
0,0,0,0,13.0,1,0
0,0,0,0,22.0,1,0
0,0,0,2,15.0,1,0
0,0,0,0,20.0,1,0
0,0,0,0,8.0,1,0
0,0,0,1,16.0,3,0
0,0,0,0,4.0,2,0
0,0,0,0,9.571428571428571,4,0
0,0,0,0,13.6,5,0
0,2,0,0,17.1,6,0
0,0,0,0,7.333333333333333,3,0
0,0,0,0,8.0,1,0
0,0,0,0,23.0,1,0
0,0,0,0,11.0,1,0
0,0,0,0,0.0,1,0
0,0,0,0,18.0,1,0
0,0,0,0,10.5,2,0
0,0,0,0,12.0,1,0
0,0,0,0,14.0,1,0
0,0,0,0,13.0,2,0
0,0,0,0,9.0,2,0
0,0,0,0,17.0,1,0
0,0,0,0,20.0,1,0
0,0,0,0,19.8,5,0
0,0,0,0,21.0,1,0
0,1,0,0,13.333333333333334,3,0
0,0,0,0,10.0,1,0
0,0,0,0,7.0,7,0
0,0,0,0,22.0,1,0
0,0,0,4,2.0,1,0
0,0,0,0,15.0,1,0
0,0,0,0,13.0,1,0
0,0,0,0,22.0,1,0
0,0,0,0,17.0,1,0
0,0,0,0,11.0,1,0
0,0,0,0,13.666666666666666,7,0
0,0,0,0,13.716981132075471,42,1
0,0,0,2,11.101694915254237,42,1
0,0,0,1,15.683333333333334,45,1
0,0,0,3,12.08695652173913,18,1
0,0,0,0,17.0,1,0
0,0,0,0,21.0,1,0
0,0,0,0,15.0,2,0
0,0,0,0,9.6875,10,1
0,0,0,0,23.0,1,0
0,0,0,0,2.0,1,0
0,0,0,0,15.0,1,0
0,0,0,0,16.0,1,0
0,0,0,0,15.0,1,0
0,0,0,2,0.0,1,0
0,0,0,0,23.0,1,0
0,0,0,0,12.0,1,0
0,0,0,0,16.0,1,0
0,0,0,0,15.0,1,0
0,0,0,0,16.0,1,0
0,0,0,0,2.0,1,0
0,0,0,0,17.0,1,0
0,0,0,0,22.0,1,0
0,0,0,0,19.333333333333332,2,0
0,0,0,0,17.0,1,0
0,0,0,0,6.666666666666667,3,0
0,0,0,0,23.0,2,0
0,0,0,0,13.75,3,0
0,0,0,0,10.333333333333334,2,0
0,0,0,0,14.666666666666666,2,0
0,0,0,0,18.75,2,0
0,2,0,0,14.0,13,1
0,0,0,0,14.117647058823529,15,1
0,0,0,0,11.666666666666666,22,1
0,0,0,0,16.12,20,1
0,0,0,0,11.523809523809524,15,1
0,0,0,0,15.6,22,1
0,0,0,0,7.777777777777778,5,0
0,0,0,0,20.0,1,0
0,0,0,0,21.5,2,0
0,0,0,0,22.0,1,0
0,0,0,0,21.0,1,0
0,0,0,0,1.0,1,0
0,0,0,0,11.5,2,0
0,0,0,0,13.0,1,0
0,0,0,0,7.0,2,0
0,0,0,0,19.0,1,0
0,0,0,0,0.0,1,0
0,0,0,0,15.0,1,0
0,0,0,0,9.0,2,0
0,0,0,0,16.0,1,0
0,0,0,0,8.6,3,0
0,0,0,0,17.0,4,0
0,0,0,0,12.875,8,0
0,0,0,0,12.529411764705882,12,1
0,0,0,1,18.90909090909091,9,0
0,0,0,0,15.72,15,1
0,0,0,0,14.714285714285714,5,0
0,0,0,1,14.64516129032258,25,1
0,0,0,0,8.708333333333334,17,1
0,0,0,0,11.333333333333334,12,1
0,0,0,0,10.047619047619047,12,1
0,0,0,1,16.807692307692307,16,1
0,0,0,0,19.0,1,0
0,0,0,0,22.0,1,0
0,0,0,0,10.0,1,0
0,0,0,0,8.0,2,0
0,0,0,0,18.0,1,0
0,0,0,0,11.0,2,0
0,0,0,0,23.0,1,0
0,0,0,0,14.0,1,0
0,0,0,0,10.0,2,0
0,0,0,0,4.0,1,0
0,0,0,0,23.0,1,0
0,0,0,0,11.0,1,0
0,0,0,0,11.0,1,0
0,0,0,0,9.0,1,0
0,0,0,0,18.0,2,0
0,0,0,0,19.25,3,0
0,0,0,0,11.25,4,0
0,0,0,0,1.0,1,0
0,0,0,0,22.0,1,0
0,0,0,0,8.333333333333334,2,0
0,0,0,0,18.5,2,0
0,0,0,0,18.666666666666668,3,0
0,0,0,0,20.0,2,0
0,0,0,0,13.166666666666666,2,0
0,0,0,0,23.0,1,0
0,0,0,0,21.0,1,0
0,0,0,0,16.0,1,0
0,0,0,0,23.0,1,0
0,0,0,0,10.0,1,0
0,0,0,0,22.0,1,0
0,0,0,0,12.0,1,0
0,0,0,0,21.0,1,0
0,0,0,0,21.0,1,0
0,0,0,0,17.0,1,0
0,0,0,0,22.0,1,0
0,0,0,0,23.0,1,0
0,0,0,0,13.0,2,0
0,0,0,0,14.8,3,0
0,0,0,0,13.5,2,0
0,0,0,0,11.666666666666666,2,0
0,0,0,0,0.0,1,0
0,0,0,0,21.0,1,0
0,0,0,0,14.0,1,0
0,0,0,0,16.0,1,0
0,0,0,0,17.5,2,0
0,0,0,0,12.0,3,0
0,0,0,0,11.125,13,1
0,0,0,0,12.571428571428571,3,0
0,0,0,0,16.5,3,0
0,0,0,4,15.857142857142858,4,0
0,0,0,0,22.0,1,0
0,0,0,0,14.0,1,0
0,0,0,0,8.0,1,0
0,0,0,0,12.8,2,0
0,0,0,0,9.5,2,0
0,0,0,0,16.0,1,0
0,0,0,0,14.0,1,0
0,0,0,0,0.0,1,0
0,0,0,0,9.0,1,0
0,0,0,0,7.0,1,0
0,0,0,0,17.0,1,0
0,0,0,0,12.0,1,0
0,0,0,1,15.4,7,0
0,0,0,1,16.77777777777778,7,0
0,0,0,0,8.5,3,0
0,0,0,0,12.0,1,0
0,0,0,1,16.5,2,0
0,0,0,0,16.0,1,0
0,0,0,0,8.0,1,0
0,0,0,0,21.0,1,0
0,0,0,0,12.0,1,0
0,0,0,0,17.0,1,0
0,0,0,0,17.0,1,0
0,0,0,0,17.666666666666668,2,0
0,0,0,0,9.333333333333334,2,0
0,0,0,0,16.333333333333332,3,0
0,0,0,0,16.0,1,0
0,0,0,0,19.0,1,0
0,0,0,0,19.0,3,0
0,0,0,0,10.0,1,0
0,0,0,0,22.5,2,0
0,0,0,0,13.0,1,0
0,0,0,0,15.0,1,0
0,0,0,0,15.304347826086957,20,1
0,0,0,0,10.11111111111111,8,0
0,0,0,0,10.647058823529411,14,1
0,0,0,0,13.625,7,0
0,0,0,0,13.25,4,0
0,0,0,0,12.0,4,0
0,0,0,0,14.0,12,1
0,0,0,0,9.75,4,0
0,0,0,0,19.0,1,0
0,0,0,0,11.0,1,0
0,0,0,0,14.0,1,0
0,0,0,0,14.0,1,0
0,0,0,0,21.0,1,0
0,0,0,0,16.0,1,0
0,0,0,0,0.0,1,0
0,0,0,0,16.0,1,0
0,0,0,0,22.0,1,0
0,0,0,0,10.0,1,0
0,0,0,0,17.0,1,0
0,0,0,0,20.0,1,0
0,0,0,0,10.0,1,0
0,0,0,0,23.0,1,0
0,0,0,0,10.0,1,0
0,0,0,0,23.0,1,0
0,0,0,0,21.0,1,0
0,0,0,0,12.0,1,0
0,0,0,0,8.0,1,0
0,0,0,0,0.0,2,0
0,0,0,0,12.5,2,0
0,0,0,0,10.0,1,0
0,0,0,0,7.0,1,0
0,0,0,0,8.0,1,0
0,0,0,0,12.0,1,0
0,0,0,0,19.0,2,0
0,0,0,0,8.0,2,0
0,0,0,0,15.0,1,0
0,0,0,0,11.875,7,0
0,0,0,0,15.25,3,0
0,0,0,0,9.5,5,0
0,0,0,0,11.4,4,0
0,0,0,0,11.833333333333334,6,0
0,0,0,0,14.4,4,0
0,0,0,0,15.857142857142858,6,0
0,0,0,0,14.666666666666666,8,1
0,0,0,0,12.875,7,0
0,0,0,0,14.75,4,0
0,0,0,0,9.666666666666666,5,0
0,0,0,0,14.285714285714286,5,0
0,0,0,0,12.5,5,0
0,0,0,0,13.0,1,0
0,0,0,0,13.0,1,0
0,0,0,0,15.0,1,0
0,0,0,0,14.0,1,0
0,0,0,0,9.0,1,0
0,0,0,0,15.0,2,0
0,0,0,0,7.0,1,0
0,0,0,0,18.0,1,0
0,0,0,0,19.0,1,0
0,0,0,0,14.0,1,0
0,0,0,0,8.0,1,0
0,0,0,0,15.333333333333334,3,0
0,0,0,0,22.0,1,0
0,0,0,0,22.0,1,0
0,0,0,0,19.0,1,0
0,0,0,0,0.0,1,0
0,0,0,0,8.0,1,0
0,0,0,0,22.0,1,0
0,0,0,0,22.0,1,0
0,0,0,0,10.5,2,0
0,0,0,0,17.5,2,0
0,0,0,0,7.5,5,0
0,0,0,0,11.285714285714286,5,0
0,0,0,0,18.333333333333332,3,0
0,0,0,0,15.5,7,0
0,0,0,0,15.1,12,1
0,0,0,0,9.571428571428571,7,0
0,0,0,0,14.777777777777779,16,1
0,0,0,1,15.4,10,0
0,0,0,0,11.68421052631579,29,1
0,0,0,0,12.735294117647058,26,1
0,0,0,0,12.346153846153847,19,1
0,0,0,0,13.434782608695652,20,1
0,1,0,1,14.6,20,1
0,0,0,0,11.875,24,1
0,0,0,0,12.8,4,0
0,0,0,0,2.0,1,0
0,0,0,0,1.0,1,0
0,0,0,0,19.0,1,0
0,0,0,0,22.0,1,0
0,0,0,0,17.0,1,0
0,0,0,0,2.0,1,0
0,0,0,0,3.0,1,0
0,0,0,0,19.0,1,0
0,0,0,0,16.0,1,0
0,0,0,0,10.5,2,0
0,0,0,0,19.0,2,0
0,0,0,0,11.0,1,0
0,0,0,0,8.0,1,0
0,0,0,0,11.0,1,0
0,0,0,0,21.5,2,0
0,0,0,0,17.666666666666668,3,0
0,0,0,0,17.333333333333332,3,0
0,0,0,0,22.0,1,0
0,0,0,0,15.5,2,0
0,0,0,0,17.5,2,0
0,0,0,0,20.75,2,0
0,0,0,0,8.0,1,0
0,0,0,0,23.0,1,0
0,0,0,0,22.0,1,0
0,0,0,0,3.0,1,0
0,0,0,0,23.0,1,0
0,0,0,1,8.0,1,0
0,0,0,2,15.285714285714286,6,0
0,0,0,0,21.0,1,0
0,0,0,0,9.0,1,0
0,0,0,0,21.0,2,0
0,0,0,0,16.0,1,0
0,0,0,0,17.5,2,0
0,0,0,0,7.8,4,0
0,0,0,0,14.5,6,0
0,0,0,0,11.1,9,0
0,0,0,0,17.0,4,0
0,0,0,0,18.5,2,0
0,0,0,0,18.0,1,0
0,0,0,0,22.0,1,0
0,0,0,0,0.0,1,0
0,0,0,0,21.0,1,0
0,0,0,0,18.0,1,0
0,0,0,0,1.0,1,0
0,0,0,0,23.0,1,0
0,0,0,0,15.0,2,0
0,0,0,0,2.0,1,0
0,0,0,0,5.0,1,0
0,0,0,0,18.0,1,0
0,0,0,0,8.0,1,0
0,0,0,0,15.666666666666666,3,0
0,0,0,0,2.0,1,0
0,0,0,2,17.5,3,0
0,0,0,0,15.0,4,0
0,0,0,0,17.25,4,0
0,0,0,0,18.333333333333332,6,0
0,0,0,0,17.0,1,0
0,0,0,0,20.0,1,0
0,0,0,0,11.0,1,0
0,0,0,0,16.0,1,0
0,0,0,0,20.0,1,0
0,0,0,0,8.0,1,0
0,0,0,0,23.0,1,0
0,0,0,0,15.0,1,0
0,0,0,0,20.0,1,0
0,0,0,0,21.0,1,0
0,0,0,0,2.0,1,0
0,0,0,0,22.0,2,0
0,0,0,0,19.666666666666668,2,0
0,0,0,0,12.5,6,0
0,0,0,0,12.8,4,0
0,0,0,0,1.0,1,0
0,0,0,0,15.428571428571429,11,1
0,0,0,0,10.6,4,0
0,0,0,0,18.75,3,0
0,0,0,0,6.333333333333333,4,0
0,0,0,0,13.75,4,0
0,0,0,0,22.0,1,0
0,0,0,0,21.5,2,0
0,0,0,0,1.0,1,0
0,0,0,0,14.0,1,0
0,0,0,0,6.0,1,0
0,0,0,0,0.0,1,0
0,0,0,0,6.0,2,0
0,0,0,0,10.0,1,0
0,0,0,0,16.0,1,0
0,0,0,0,4.0,3,0
0,0,0,0,18.0,1,0
0,0,0,0,17.0,1,0
0,0,0,0,16.0,1,0
0,0,0,0,23.0,1,0
0,0,0,0,7.0,1,0
0,0,0,0,18.0,1,0
0,0,0,0,7.0,1,0
0,0,0,0,16.0,1,0
0,0,0,0,11.0,1,0
0,0,0,0,2.0,1,0
0,0,0,0,7.0,2,0
0,0,0,0,13.0,1,0
0,0,0,0,1.0,1,0
0,0,0,0,13.0,1,0
0,0,0,0,15.0,1,0
0,0,0,0,13.666666666666666,3,0
0,0,0,0,7.0,1,0
0,0,0,0,10.0,2,0
0,0,0,0,23.0,1,0
0,0,0,0,8.0,1,0
0,0,0,0,7.5,2,0
0,0,0,0,12.0,3,0
0,0,0,0,7.5,2,0
0,0,0,0,20.0,1,0
0,0,0,0,22.0,1,0
0,0,0,0,23.0,1,0
0,0,0,0,7.0,1,0
0,0,0,0,0.0,1,0
0,0,0,0,22.0,1,0
0,0,0,0,5.0,1,0
0,0,0,0,22.0,1,0
0,0,0,0,11.5,2,0
0,0,0,0,8.0,1,0
0,0,0,0,8.333333333333334,3,0
0,0,0,0,3.0,4,0
0,0,0,0,8.666666666666666,3,0
0,0,0,0,22.0,1,0
0,0,0,0,5.666666666666667,3,0
0,0,0,0,23.0,1,0
0,0,0,0,5.0,1,0
0,0,0,0,11.0,1,0
0,0,0,0,14.0,2,0
0,0,0,0,14.666666666666666,2,0
0,0,0,0,17.5,2,0
0,0,0,0,11.6,5,0
0,0,0,0,5.0,2,0
0,0,0,0,10.0,1,0
0,0,0,0,23.0,1,0
0,0,0,0,2.0,1,0
0,0,0,0,17.0,1,0
0,0,0,0,3.0,1,0
0,0,0,0,22.0,1,0
0,0,0,0,11.0,1,0
0,0,0,0,17.0,1,0
0,0,0,0,9.0,1,0
0,0,0,0,0.0,1,0
0,0,0,0,6.666666666666667,3,0
0,0,0,0,13.0,1,0
0,0,0,0,16.0,1,0
0,0,0,0,15.0,1,0
0,0,0,0,12.0,1,0
0,0,0,0,5.0,2,0
0,0,0,0,19.0,1,0
0,0,0,0,7.0,1,0
0,0,0,0,22.0,1,0
0,0,0,0,9.0,1,0
0,0,0,0,12.0,1,0
0,0,0,0,9.0,1,0
0,0,0,0,15.0,1,0
0,0,0,0,7.0,1,0
0,0,0,0,1.0,1,0
0,0,0,0,10.0,1,0
0,0,0,0,21.0,1,0
0,0,0,0,10.0,1,0
0,0,0,0,10.0,1,0
0,0,0,0,9.0,2,0
0,0,0,0,16.0,1,0
0,0,0,0,9.0,1,0
0,0,0,0,17.0,2,0
0,0,0,0,1.0,1,0
0,0,0,0,21.0,1,0
0,0,0,0,12.0,1,0
0,0,0,0,10.0,1,0
0,0,0,0,10.0,2,0
0,0,0,2,17.0,1,0
0,0,0,0,22.0,1,0
0,0,0,0,23.0,1,0
0,0,0,0,8.0,1,0
0,0,0,0,12.0,1,0
0,0,0,0,0.0,1,0
0,0,0,0,17.0,1,0
0,0,0,0,2.0,1,0
0,0,0,0,17.0,1,0
0,0,0,0,13.0,1,0
0,0,0,0,14.0,1,0
0,0,0,0,12.0,1,0
0,0,0,0,17.0,1,0
0,0,0,0,11.0,1,0
0,0,0,0,16.0,1,0
0,0,0,0,7.0,1,0
0,0,0,0,12.0,1,0
0,0,0,0,17.0,1,0
0,0,0,0,11.333333333333334,2,0
0,0,0,0,16.0,1,0
0,0,0,0,23.0,1,0
0,0,0,0,15.0,1,0
0,0,0,0,23.0,1,0
0,0,0,0,0.0,1,0
0,0,0,0,4.0,1,0
0,0,0,0,6.0,1,0
0,0,0,0,17.0,1,0
0,0,0,0,10.5,2,0
0,0,0,0,20.0,1,0
0,0,0,0,10.0,1,0
0,0,0,0,20.0,1,0
0,0,0,0,14.0,2,0
0,0,0,0,0.0,1,0
0,0,0,4,19.0,1,0
0,0,0,0,2.0,1,0
0,0,0,0,20.0,1,0
0,0,0,0,14.0,1,0
0,0,0,0,7.0,1,0
0,0,0,0,8.0,1,0
0,0,0,0,9.0,1,0
0,0,0,0,8.0,1,0
0,0,0,0,19.0,1,0
0,0,0,0,22.0,1,0
0,0,0,0,23.0,1,0
0,0,0,0,23.0,1,0
0,0,0,0,10.0,1,0
0,0,0,0,13.0,2,0
0,0,0,0,7.0,1,0
0,0,0,0,18.0,1,0
0,0,0,0,11.0,1,0
0,0,0,0,19.0,1,0
0,0,0,0,22.0,1,0
0,0,0,0,23.0,1,0
0,0,0,0,17.0,1,0
0,0,0,0,10.0,1,0
0,0,0,0,21.0,1,0
0,0,0,0,11.0,1,0
0,0,0,0,16.0,3,0
0,0,0,0,0.0,1,0
0,0,0,0,17.0,1,0
0,0,0,0,17.0,1,0
0,0,0,0,20.0,1,0
0,0,0,0,14.0,1,0
0,0,0,0,13.0,1,0
0,0,0,0,17.166666666666668,2,0
0,0,0,0,11.0,6,0
0,0,0,0,14.0,2,0
0,0,0,0,7.333333333333333,2,0
0,0,0,0,15.0,2,0
0,0,0,0,11.2,4,0
0,0,0,0,23.0,1,0
0,0,0,0,14.0,3,0
0,0,0,0,14.818181818181818,9,0
0,0,0,1,11.0,3,0
0,0,0,0,13.0,1,0
0,0,0,0,5.857142857142857,4,0
0,0,0,0,20.666666666666668,3,0
0,0,0,0,7.0,1,0
0,0,0,0,21.5,3,0
0,0,0,0,13.0,2,0
0,0,0,0,2.0,1,0
0,0,0,0,1.0,1,0
0,0,0,0,10.0,1,0
0,0,0,0,11.0,2,0
0,0,0,0,23.0,1,0
0,0,0,0,1.0,1,0
0,0,0,0,16.0,1,0
0,0,0,0,19.0,1,0
0,0,0,0,2.0,1,0
0,0,0,0,12.0,1,0
0,0,0,0,8.0,1,0
0,0,0,0,16.0,1,0
0,0,0,0,2.0,1,0
0,0,0,0,16.0,1,0
0,0,0,0,22.0,1,0
0,0,0,0,10.0,1,0
0,0,0,0,11.0,1,0
0,0,0,0,2.0,1,0
0,0,0,0,16.0,1,0
0,0,0,0,19.0,1,0
0,0,0,0,13.0,1,0
0,0,0,0,13.0,1,0
0,0,0,0,0.0,1,0
0,0,0,0,11.0,2,0
0,0,0,0,3.6666666666666665,3,0
0,0,0,0,10.0,1,0
0,0,0,0,23.0,1,0
0,0,0,0,15.0,1,0
0,0,0,0,16.0,1,0
0,0,0,0,8.0,1,0
0,0,0,0,13.0,1,0
0,0,0,0,11.2,2,0
0,0,0,0,14.0,1,0
0,0,0,0,0.0,1,0
0,0,0,0,21.0,1,0
0,0,0,0,22.0,1,0
0,0,0,0,14.5,2,0
0,0,0,0,8.333333333333334,2,0
0,0,0,0,12.333333333333334,2,0
0,0,0,0,14.0,2,0
0,0,0,0,14.0,1,0
0,0,0,0,3.0,1,0
0,0,0,0,13.0,1,0
0,0,0,0,23.0,1,0
0,0,0,0,8.0,1,0
0,0,0,0,23.0,1,0
0,0,0,0,20.0,1,0
0,0,0,0,23.0,1,0
0,0,0,0,11.0,1,0
0,0,0,0,16.0,1,0
0,0,0,0,22.0,1,0
0,0,0,0,14.0,1,0
0,0,0,0,17.0,1,0
0,0,0,0,20.0,1,0
0,0,0,0,21.0,1,0
0,0,0,0,21.0,1,0
0,0,0,0,6.0,1,0
0,0,0,0,16.0,1,0
0,0,0,0,8.0,1,0
0,0,0,0,7.0,1,0
0,0,0,0,23.0,1,0
0,0,0,0,9.0,1,0
0,0,0,0,17.0,1,0
0,0,0,0,7.0,1,0
0,0,0,0,14.0,1,0
0,0,0,0,18.0,1,0
0,0,0,0,10.0,1,0
0,0,0,0,23.0,1,0
0,0,0,0,7.0,1,0
0,0,0,0,22.5,2,0
0,0,0,0,21.0,1,0
0,0,0,0,16.0,1,0
0,0,0,0,21.0,1,0
0,0,0,0,20.0,1,0
0,0,0,0,15.0,1,0
0,0,0,0,17.0,1,0
0,0,0,0,14.0,1,0
0,0,0,0,17.4,4,0
0,0,0,0,16.4,3,0
0,0,0,0,7.0,1,0
0,0,0,0,10.333333333333334,3,0
0,0,0,0,9.0,1,0
0,0,0,0,0.0,1,0
0,0,0,0,12.0,1,0
0,0,0,0,10.333333333333334,3,0
0,0,0,0,8.0,1,0
0,0,0,0,5.0,1,0
0,0,0,0,21.0,1,0
0,0,0,0,13.0,1,0
0,0,0,0,14.0,1,0
0,0,0,0,11.0,1,0
0,0,0,0,23.0,1,0
0,0,0,0,21.0,1,0
0,0,0,0,9.0,1,0
0,0,0,0,11.0,1,0
0,0,0,0,11.0,1,0
0,0,0,0,0.0,1,0
0,0,0,0,8.333333333333334,3,0
0,0,0,0,22.0,1,0
0,0,0,0,10.0,1,0
0,0,0,0,12.0,1,0
0,0,0,0,10.0,1,0
0,0,0,0,16.0,1,0
0,0,0,0,6.0,1,0
0,0,0,0,10.0,1,0
0,0,0,0,18.0,1,0
0,0,0,0,16.0,1,0
0,0,0,0,18.0,1,0
0,0,0,0,9.0,1,0
0,0,0,0,15.0,1,0
0,0,0,0,15.0,1,0
0,0,0,0,6.0,1,0
0,0,0,0,18.0,1,0
0,0,0,0,10.0,1,0
0,0,0,0,14.6,4,0
0,0,0,0,9.666666666666666,3,0
0,0,0,0,7.0,2,0
0,0,0,0,16.0,1,0
0,0,0,0,12.0,1,0
0,0,0,0,23.0,1,0
0,0,0,0,0.0,1,0
0,0,0,0,13.0,1,0
0,0,0,0,11.0,1,0
0,0,0,0,9.0,1,0
0,0,0,0,9.0,1,0
0,0,0,0,14.0,1,0
0,0,0,0,19.333333333333332,3,0
0,0,0,0,16.666666666666668,2,0
0,0,0,0,12.5,2,0
0,0,0,0,17.666666666666668,3,0
0,0,0,0,23.0,1,0
0,0,0,0,5.0,3,0
0,0,0,1,20.0,1,0
0,0,0,1,20.0,1,0
0,0,0,0,16.0,1,0
0,0,0,0,4.5,2,0
0,0,0,0,9.0,1,0
0,0,0,0,8.4,5,0
0,0,0,0,18.0,1,0
0,0,0,0,21.0,1,0
0,0,0,0,18.0,1,0
0,0,0,0,20.0,1,0
0,0,0,0,3.0,1,0
0,0,0,0,14.0,1,0
0,0,0,0,14.0,1,0
0,0,0,0,13.0,1,0
0,0,0,0,9.0,2,0
0,0,0,0,18.5,2,0
0,0,0,0,12.0,1,0
0,0,0,0,9.0,1,0
0,0,0,0,13.0,2,0
0,0,0,0,9.0,1,0
0,0,0,0,6.428571428571429,4,0
0,0,0,0,12.0,1,0
0,0,0,0,13.5,4,0
0,0,0,0,19.0,2,0
0,0,0,0,12.666666666666666,3,0
0,0,0,0,14.5,2,0
0,0,0,0,15.8,3,0
0,0,0,0,15.0,1,0
0,0,0,0,19.0,1,0
0,0,0,0,22.0,1,0
0,0,0,0,19.0,1,0
0,0,0,0,0.0,2,0
0,0,0,0,18.0,1,0
0,0,0,0,2.0,1,0
0,0,0,0,21.0,1,0
0,0,0,0,13.0,1,0
0,0,0,0,11.0,1,0
0,0,0,0,18.0,1,0
0,0,0,0,10.0,1,0
0,0,0,0,12.0,1,0
0,0,0,0,10.0,1,0
0,0,0,0,10.0,1,0
0,0,0,0,18.0,1,0
0,0,0,0,11.333333333333334,2,0
0,0,0,0,9.8,3,0
0,0,0,0,21.0,1,0
0,0,0,0,13.0,2,0
0,0,0,0,14.0,1,0
0,0,0,0,11.0,1,0
0,0,0,0,12.0,1,0
0,0,0,0,9.0,1,0
0,0,0,0,18.0,1,0
0,0,0,0,1.0,1,0
0,0,0,0,22.0,1,0
0,0,0,0,7.0,1,0
0,0,0,0,11.0,1,0
0,0,0,0,10.0,1,0
0,0,0,0,2.0,1,0
0,0,0,1,9.0,1,0
0,0,0,0,7.0,1,0
0,0,0,0,14.0,1,0
0,0,0,0,19.0,1,0
0,0,0,0,19.0,1,0
0,0,0,0,12.0,1,0
0,0,0,0,14.0,1,0
0,0,0,0,11.0,1,0
0,0,0,0,8.0,1,0
0,0,0,0,10.0,1,0
0,0,0,0,16.0,1,0
0,0,0,0,11.0,1,0
0,0,0,0,13.0,2,0
0,0,0,0,8.0,1,0
0,0,0,0,9.0,1,0
0,0,0,0,11.0,1,0
0,0,0,0,11.0,1,0
0,0,0,0,9.166666666666666,4,0
0,0,0,0,9.0,2,0
0,0,0,0,11.0,1,0
0,0,0,0,0.0,1,0
0,0,0,0,17.0,1,0
0,0,0,0,8.0,1,0
0,0,0,0,18.0,1,0
0,0,0,0,22.0,1,0
0,0,0,0,9.0,1,0
0,0,0,0,12.0,1,0
0,0,0,0,18.0,1,0
0,0,0,0,15.0,1,0
0,0,0,0,12.0,1,0
0,0,0,0,23.0,1,0
0,0,0,0,10.5,2,0
0,0,0,0,22.0,1,0
0,0,0,0,10.0,1,0
0,0,0,0,17.0,1,0
0,0,0,0,2.0,1,0
0,0,0,0,6.0,2,0
0,0,0,0,10.5,4,0
0,0,0,0,18.5,2,0
0,0,0,0,14.0,2,0
0,0,0,0,8.0,1,0
0,0,0,0,23.0,1,0
0,0,0,0,20.75,2,0
0,0,0,0,10.0,1,0
0,0,0,0,15.0,1,0
0,0,0,0,9.0,1,0
0,0,0,0,8.0,1,0
0,0,0,0,11.0,1,0
0,0,0,0,7.0,1,0
0,0,0,0,15.0,1,0
0,0,0,0,10.0,1,0
0,0,0,0,19.0,1,0
0,0,0,0,7.0,1,0
0,0,0,1,10.0,1,0
0,0,0,0,9.5,2,0
0,0,0,0,11.0,1,0
0,0,0,0,0.0,1,0
0,0,0,0,22.0,1,0
0,0,0,0,18.0,1,0
0,0,0,0,14.0,1,0
0,0,0,0,14.0,1,0
0,0,0,0,7.0,1,0
0,0,0,0,10.666666666666666,3,0
0,0,0,0,11.307692307692308,10,1
0,0,0,0,10.75,8,0
0,0,0,0,11.166666666666666,4,0
0,0,0,0,11.2,10,0
0,0,0,0,11.0,2,0
0,0,0,0,18.0,1,0
0,0,0,0,15.0,1,0
0,0,0,0,7.0,1,0
0,0,0,0,12.0,1,0
0,0,0,1,17.0,1,0
0,2,0,0,8.8,3,0
0,0,0,0,12.0,2,0
0,0,0,1,17.0,1,0
0,0,0,0,15.0,1,0
0,0,0,0,20.0,1,0
0,0,0,0,11.0,1,0
0,0,0,0,13.5,2,0
0,0,0,0,9.0,1,0
0,0,0,0,19.0,1,0
0,0,0,1,14.0,1,0
0,0,0,0,12.0,1,0
0,0,0,0,0.0,1,0
0,0,0,0,10.0,1,0
0,0,0,0,14.0,1,0
0,0,0,0,7.0,1,0
0,0,0,0,14.0,1,0
0,0,0,0,10.0,1,0
0,0,0,0,17.0,1,0
0,0,0,0,18.0,1,0
0,0,0,0,14.0,1,0
0,0,0,0,15.0,1,0
0,0,0,0,12.0,1,0
0,0,0,0,4.0,1,0
0,0,0,2,21.0,1,0
0,0,0,0,10.0,2,0
0,0,0,0,6.625,4,0
0,0,0,0,14.0,1,0
0,0,0,0,11.5,3,0
0,0,0,0,11.5,2,0
0,0,0,1,0.0,1,0
0,0,0,0,22.0,1,0
0,0,0,0,22.0,1,0
0,0,0,0,12.333333333333334,2,0
0,0,0,0,19.0,1,0
0,0,0,0,12.333333333333334,3,0
0,0,0,7,17.11111111111111,3,0
0,0,0,0,14.333333333333334,3,0
0,0,0,0,22.0,1,0
0,0,0,0,12.25,4,0
0,0,0,0,0.0,1,0
0,0,0,0,10.0,1,0
0,0,0,0,0.0,1,0
0,0,0,0,8.0,1,0
0,0,0,0,2.0,1,0
0,0,0,0,23.0,1,0
0,0,0,0,14.0,1,0
0,0,0,0,16.0,1,0
0,0,0,0,10.0,1,0
0,0,0,0,10.0,1,0
0,0,0,0,10.0,1,0
0,5,0,0,19.0,1,0
0,0,0,0,22.0,1,0
0,0,0,0,23.0,1,0
0,0,0,0,13.0,1,0
0,0,0,0,6.0,1,0
0,0,0,0,17.0,1,0
0,0,0,0,5.0,1,0
0,0,0,0,18.333333333333332,2,0
0,0,0,0,14.0,1,0
0,0,0,0,8.0,1,0
0,0,0,0,20.0,1,0
0,0,0,0,13.0,1,0
0,0,0,0,15.9,8,0
0,0,0,0,12.666666666666666,2,0
0,0,0,0,14.5,7,0
0,0,0,0,9.666666666666666,3,0
0,0,0,0,21.0,1,0
0,0,0,0,22.0,1,0
0,0,0,0,9.0,1,0
0,0,0,0,19.0,1,0
0,0,0,0,14.0,1,0
0,0,0,0,16.666666666666668,3,0
0,0,0,0,12.333333333333334,3,0
0,0,0,0,10.5,2,0
0,0,0,0,7.0,3,0
0,0,0,0,12.0,2,0
0,0,0,0,11.0,1,0
0,0,0,0,10.0,1,0
0,0,0,0,19.666666666666668,2,0
0,0,0,0,0.0,1,0
0,0,0,0,7.0,1,0
0,0,0,0,3.0,2,0
0,0,0,0,5.5,2,0
0,0,0,0,15.0,1,0
0,0,0,0,13.333333333333334,3,0
0,0,0,0,0.0,1,0
0,0,0,0,7.4,3,0
0,0,0,0,15.5,2,0
0,0,0,0,14.0,1,0
0,0,0,0,10.0,1,0
0,0,0,0,23.0,1,0
0,0,0,0,11.0,1,0
0,0,0,0,8.5,2,0
0,0,0,0,8.0,2,0
0,0,0,0,9.0,1,0
0,0,0,0,9.0,1,0
0,0,0,0,13.0,1,0
0,0,0,0,11.0,1,0
0,0,0,0,8.0,1,0
0,0,0,0,16.0,1,0
0,0,0,0,9.0,1,0
0,0,0,0,10.0,1,0
0,0,0,0,0.0,1,0
0,0,0,0,21.0,1,0
0,0,0,0,18.0,1,0
0,0,0,0,12.0,1,0
0,0,0,0,11.0,1,0
0,0,0,0,17.0,1,0
0,0,0,0,21.0,1,0
0,0,0,0,17.0,1,0
0,0,0,0,4.0,1,0
0,0,0,0,10.0,1,0
0,0,0,0,12.0,2,0
0,0,0,0,15.0,1,0
0,0,0,0,11.0,1,0
0,0,0,0,8.0,1,0
0,0,0,0,11.0,1,0
0,0,0,0,9.0,1,0
0,0,0,0,14.0,1,0
0,0,0,0,9.0,1,0
0,0,0,0,1.0,1,0
0,0,0,0,1.0,1,0
0,0,0,0,16.0,1,0
0,0,0,0,8.0,1,0
0,0,0,0,11.0,1,0
0,0,0,0,10.0,2,0
0,0,0,0,23.0,1,0
0,0,0,0,4.333333333333333,2,0
0,0,0,0,8.0,1,0
0,0,0,0,10.0,1,0
0,0,0,0,21.0,1,0
0,0,0,0,18.0,4,0
0,0,0,0,15.2,5,0
0,0,0,0,15.571428571428571,6,0
0,0,0,0,14.0,1,0
0,0,0,0,10.5,3,0
0,0,0,0,0.0,1,0
0,0,0,0,19.0,1,0
0,0,0,0,15.0,2,0
0,0,0,0,10.666666666666666,2,0
0,0,0,0,20.0,1,0
0,0,0,0,8.0,1,0
0,0,0,0,23.0,1,0
0,0,0,0,9.0,1,0
0,0,0,0,16.0,1,0
0,0,0,0,23.0,1,0
0,0,0,0,15.0,1,0
0,0,0,0,22.0,1,0
0,0,0,0,21.0,1,0
0,0,0,0,8.0,1,0
0,0,0,0,15.0,1,0
0,0,0,0,19.0,1,0
0,0,0,0,21.0,1,0
0,0,0,0,8.0,1,0
0,0,0,0,1.0,1,0
0,0,0,0,8.0,1,0
0,0,0,0,17.0,1,0
0,0,0,0,19.0,1,0
0,0,0,0,13.0,1,0
0,0,0,0,18.0,1,0
0,0,0,0,2.0,1,0
0,0,0,0,6.0,1,0
0,0,0,0,10.0,1,0
0,0,0,0,23.0,1,0
0,0,0,0,13.0,1,0
0,0,0,0,17.0,1,0
0,0,0,0,12.0,1,0
0,0,0,0,0.0,1,0
0,0,0,0,22.0,1,0
0,0,0,0,14.0,1,0
0,0,0,0,14.0,1,0
0,0,0,0,17.0,1,0
0,0,0,0,16.0,1,0
0,0,0,0,6.0,2,0
0,0,0,0,11.0,1,0
0,0,0,0,22.0,1,0
0,0,0,0,10.0,1,0
0,0,0,0,4.0,1,0
0,0,0,0,9.0,1,0
0,0,0,0,16.0,1,0
0,0,0,0,12.0,1,0
0,0,0,0,9.0,1,0
0,0,0,0,1.0,1,0
0,0,0,0,11.0,1,0
0,0,0,0,16.5,2,0
0,0,0,0,9.0,1,0
0,0,0,0,14.0,4,0
0,0,0,0,13.0,1,0
0,0,0,0,16.0,1,0
0,0,0,0,14.666666666666666,2,0
0,0,0,0,20.0,1,0
0,0,0,0,8.0,1,0
0,0,0,0,20.0,1,0
0,0,0,0,19.0,1,0
0,0,0,0,0.0,1,0
0,0,0,0,23.0,1,0
0,0,0,0,3.0,1,0
0,0,0,0,23.0,2,0
0,0,0,0,9.0,1,0
0,0,0,0,10.0,1,0
0,0,0,0,10.0,1,0
0,0,0,0,9.0,1,0
0,0,0,0,2.0,1,0
0,0,0,0,7.0,1,0
0,0,0,0,17.0,1,0
0,0,0,0,11.0,1,0
0,0,0,0,18.0,1,0
0,0,0,0,17.5,2,0
0,0,0,0,16.0,2,0
0,0,0,0,21.0,1,0
0,0,0,0,8.5,2,0
0,0,0,0,13.166666666666666,5,0
0,0,0,0,17.0,1,0
0,0,0,0,10.0,1,0
0,0,0,0,8.0,1,0
0,0,0,0,9.0,1,0
0,0,0,0,0.0,1,0
0,0,0,0,9.8,3,0
0,0,0,0,17.0,1,0
0,0,0,0,13.4,3,0
0,0,0,0,12.333333333333334,3,0
0,0,0,1,18.0,3,0
0,0,0,0,16.0,3,0
0,0,0,0,16.0,1,0
0,0,0,0,7.0,1,0
0,0,0,0,8.0,1,0
0,0,0,0,10.0,1,0
0,0,0,0,4.0,1,0
0,0,0,0,16.0,1,0
0,0,0,0,16.0,2,0
0,0,0,0,18.0,1,0
0,0,0,0,3.0,3,0
0,0,0,0,16.0,4,0
0,0,0,0,13.0,2,0
0,0,0,2,17.0,4,0
0,0,0,0,16.0,6,0
0,0,0,0,11.0,18,1
0,0,0,0,6.411764705882353,11,1
0,0,0,0,12.571428571428571,5,0
0,0,0,0,17.6,4,0
0,0,0,0,16.0,3,0
0,0,0,0,19.0,1,0
0,0,0,0,8.0,1,0
0,0,0,0,11.666666666666666,3,0
0,0,0,0,10.0,1,0
0,0,0,0,10.0,1,0
0,0,0,0,11.0,2,0
0,0,0,0,14.0,1,0
0,0,0,0,20.0,1,0
0,0,0,0,21.0,1,0
0,0,0,0,18.5,2,0
0,0,0,0,20.0,1,0
0,0,0,0,16.0,1,0
0,0,0,0,21.333333333333332,2,0
0,0,0,0,23.0,1,0
0,0,0,0,6.5,2,0
0,0,0,0,16.666666666666668,3,0
0,0,0,0,10.0,1,0
0,0,0,0,12.5,2,0
0,0,0,0,21.0,1,0
0,0,0,0,0.0,1,0
0,0,0,0,9.0,1,0
0,0,0,0,22.0,1,0
0,0,0,0,9.0,1,0
0,0,0,0,14.0,1,0
0,0,0,0,23.0,1,0
0,0,0,0,14.0,1,0
0,0,0,0,8.0,1,0
0,0,0,0,17.25,6,0
0,0,0,0,7.0,1,0
0,0,0,0,15.666666666666666,5,0
0,0,0,0,14.583333333333334,9,1
0,0,0,0,17.916666666666668,9,1
0,0,0,0,17.5,6,0
0,0,0,0,13.909090909090908,10,0
0,0,0,0,13.333333333333334,10,1
0,0,0,0,11.833333333333334,5,0
0,0,0,0,13.666666666666666,3,0
0,0,0,0,13.0,1,0
0,0,0,0,15.0,1,0
0,0,0,0,16.0,1,0
0,0,0,0,12.5,2,0
0,0,0,1,8.0,1,0
0,0,0,0,11.0,1,0
0,0,0,0,7.0,1,0
0,0,0,0,18.5,3,0
0,0,0,0,9.5,2,0
0,0,0,0,21.2,2,0
0,0,0,0,16.666666666666668,3,0
0,0,0,0,14.25,7,0
0,0,0,0,22.0,1,0
0,2,0,0,17.0,1,0
0,0,0,0,17.0,2,0
0,0,0,0,10.0,1,0
0,0,0,0,23.0,1,0
0,0,0,0,18.25,4,0
0,0,0,0,14.0,2,0
0,0,0,0,2.0,1,0
0,0,0,0,23.0,1,0
0,0,0,0,22.0,1,0
0,0,0,0,18.0,1,0
0,0,0,0,15.0,1,0
0,0,0,0,20.0,2,0
0,0,0,0,10.25,3,0
0,0,0,0,11.0,1,0
0,0,0,0,21.0,1,0
0,0,0,0,10.0,1,0
0,0,0,0,13.0,1,0
0,0,0,0,18.0,1,0
0,0,0,0,14.5,2,0
0,0,0,0,17.0,2,0
0,0,0,0,9.0,1,0
0,0,0,0,17.333333333333332,2,0
0,0,0,0,16.666666666666668,3,0
0,0,0,0,9.0,1,0
0,0,0,0,20.0,1,0
0,0,0,0,2.0,1,0
0,0,0,0,15.0,1,0
0,0,0,0,1.0,1,0
0,0,0,0,18.0,2,0
0,0,0,0,7.0,1,0
0,0,0,0,15.0,1,0
0,0,0,0,8.0,1,0
0,0,0,0,23.0,1,0
0,0,0,0,19.0,2,0
0,0,0,0,6.0,2,0
0,0,0,0,22.0,1,0
0,0,0,0,1.0,1,0
0,0,0,0,13.0,2,0
0,0,0,0,16.0,1,0
0,0,0,0,21.0,1,0
0,0,0,0,22.0,1,0
0,0,0,0,16.0,2,0
0,0,0,0,1.0,1,0
0,0,0,0,1.3333333333333333,2,0
0,0,0,0,2.0,1,0
0,0,0,0,21.0,1,0
0,0,0,0,4.0,1,0
0,0,0,0,2.0,1,0
0,0,0,0,23.0,1,0
0,0,0,0,17.666666666666668,2,0
0,0,0,0,13.0,1,0
0,0,0,0,12.0,2,0
0,0,0,0,22.0,2,0
0,0,0,0,21.0,1,0
0,0,0,0,17.5,2,0
0,0,0,0,13.0,1,0
0,0,0,0,18.5,2,0
0,0,0,0,20.0,2,0
0,0,0,0,23.0,1,0
0,0,0,0,20.0,1,0
0,0,0,0,17.0,1,0
0,0,0,4,12.833333333333334,3,0
0,0,0,0,15.0,1,0
0,0,0,0,3.0,1,0
0,0,0,0,4.0,1,0
0,0,0,0,23.0,1,0
0,0,0,0,16.0,1,0
0,0,0,0,7.0,2,0
0,0,0,0,7.0,1,0
0,0,0,0,23.0,1,0
0,0,0,0,22.0,2,0
0,0,0,0,16.5,2,0
0,0,0,0,7.571428571428571,5,0
0,0,0,0,12.285714285714286,5,0
0,0,0,0,0.0,1,0
0,0,0,0,3.0,1,0
0,0,0,0,23.0,1,0
0,0,0,0,17.0,1,0
0,0,0,0,17.0,1,0
0,0,0,0,17.0,1,0
0,0,0,0,22.0,1,0
0,0,0,0,2.0,1,0
0,0,0,0,14.0,1,0
0,0,0,0,20.0,1,0
0,0,0,0,12.0,1,0
0,0,0,0,15.0,1,0
0,0,0,0,6.0,2,0
0,0,0,0,13.0,1,0
0,0,0,0,23.0,1,0
0,0,0,0,18.0,1,0
0,0,0,0,23.0,1,0
0,0,0,0,15.0,1,0
0,0,0,0,8.0,1,0
0,0,0,0,1.0,1,0
0,0,0,0,2.0,1,0
0,0,0,0,20.0,1,0
0,0,0,0,23.0,1,0
0,0,0,0,21.0,1,0
0,0,0,0,10.0,1,0
0,0,0,0,17.0,1,0
0,0,0,0,9.0,1,0
0,0,0,0,16.0,1,0
0,0,0,0,18.0,1,0
0,0,0,0,2.0,1,0
0,0,0,0,16.0,1,0
0,0,0,0,23.0,1,0
0,0,0,0,13.0,1,0
0,0,0,0,15.0,1,0
0,0,0,0,7.0,1,0
0,0,0,0,12.0,2,0
0,0,0,0,17.0,1,0
0,0,0,0,9.666666666666666,3,0
0,0,0,0,14.25,3,0
0,0,0,0,11.166666666666666,6,0
0,0,0,0,15.0,2,0
0,0,0,0,2.0,1,0
0,0,0,0,23.0,1,0
0,0,0,0,22.0,1,0
0,0,0,0,19.0,1,0
0,0,0,0,22.0,1,0
0,0,0,0,20.0,1,0
0,0,0,0,1.0,1,0
0,0,0,0,12.0,1,0
0,0,0,0,8.0,1,0
0,0,0,0,9.0,1,0
0,0,0,0,9.0,1,0
0,0,0,0,2.0,1,0
0,0,0,0,11.0,1,0
0,0,0,0,3.0,1,0
0,0,0,0,21.0,1,0
0,0,0,0,10.0,1,0
0,0,0,0,9.0,1,0
0,0,0,0,16.0,1,0
0,0,0,0,10.0,1,0
0,0,0,0,9.25,3,0
0,0,0,0,13.0,1,0
0,0,0,0,7.0,1,0
0,0,0,0,16.0,1,0
0,0,0,0,8.0,1,0
0,0,0,0,19.0,1,0
0,0,0,0,13.0,1,0
0,0,0,0,14.0,1,0
0,0,0,0,12.0,1,0
0,0,0,0,22.666666666666668,2,0
0,0,0,0,17.0,1,0
0,0,0,0,22.0,1,0
0,0,0,0,17.666666666666668,3,0
0,0,0,0,17.0,1,0
0,0,0,0,23.0,1,0
0,0,0,0,10.0,1,0
0,0,0,0,5.5,2,0
0,0,0,0,10.0,1,0
0,0,0,0,0.0,1,0
0,0,0,0,12.5,2,0
0,0,0,0,23.0,1,0
0,0,0,0,22.0,1,0
0,0,0,0,17.0,1,0
0,0,0,0,12.428571428571429,4,0
0,0,0,0,18.666666666666668,3,0
0,0,0,0,18.0,2,0
0,0,0,0,22.0,1,0
0,0,0,0,8.0,1,0
0,0,0,0,19.0,1,0
0,0,0,0,15.0,1,0
0,0,0,0,9.5,2,0
0,0,0,0,9.0,1,0
0,0,0,0,13.5,2,0
0,0,0,0,0.0,1,0
0,0,0,0,23.0,1,0
0,0,0,0,10.333333333333334,2,0
0,0,0,0,10.0,1,0
0,0,0,0,13.0,1,0
0,0,0,0,21.0,1,0
0,0,0,0,9.5,2,0
0,0,0,0,21.0,1,0
0,0,0,0,23.0,1,0
0,0,0,0,23.0,1,0
0,0,0,5,16.0,1,0
0,0,0,0,21.0,1,0
0,0,0,0,22.0,1,0
0,0,0,0,14.0,3,0
0,0,0,0,5.0,1,0
0,0,0,0,14.0,3,0
0,0,0,0,17.8,8,0
0,0,0,0,14.4,4,0
0,0,0,0,15.166666666666666,6,0
0,0,0,0,20.333333333333332,5,0
0,0,0,1,14.666666666666666,3,0
0,0,0,0,10.4,9,1
0,0,0,1,14.375,7,0
0,0,0,0,10.25,4,0
0,0,0,0,22.0,1,0
0,0,0,0,8.0,1,0
0,0,0,0,14.0,2,0
0,0,0,0,10.75,3,0
0,0,0,0,22.0,1,0
0,0,0,0,5.25,2,0
0,0,0,0,17.285714285714285,5,0
0,0,0,0,23.0,1,0
0,0,0,0,7.333333333333333,2,0
0,0,0,0,12.5,8,0
0,0,0,0,19.2,8,0
0,0,0,0,8.307692307692308,9,1
0,0,0,0,15.428571428571429,4,0
0,0,0,0,15.0,1,0
0,0,0,0,9.0,1,0
0,0,0,0,15.0,2,0
0,0,0,0,20.0,2,0
0,0,0,0,22.0,2,0
0,0,0,0,3.0,1,0
0,0,0,0,2.0,1,0
0,0,0,0,14.0,3,0
0,0,0,0,15.714285714285714,7,0
0,0,0,0,14.0,10,1
0,0,0,0,17.833333333333332,6,0
0,0,0,0,12.666666666666666,5,0
0,0,0,0,10.516129032258064,22,1
0,0,0,0,14.0625,11,1
0,0,0,0,9.782608695652174,17,1
0,0,0,0,10.11111111111111,7,0
0,0,0,0,6.5,2,0
0,0,0,0,13.25,2,0
0,0,0,0,10.0,4,0
0,0,0,0,10.0,9,0
0,0,0,0,15.2,5,0
0,0,0,0,16.0,2,0
0,0,0,0,8.0,1,0
0,0,0,0,16.5,4,0
0,0,0,0,0.0,1,0
0,0,0,0,23.0,1,0
0,0,0,0,19.0,1,0
0,0,0,0,21.0,1,0
0,0,0,0,18.0,1,0
0,0,0,0,11.0,1,0
0,0,0,0,20.0,1,0
0,0,0,0,12.0,1,0
0,0,0,2,11.0,15,1
0,0,0,0,11.545454545454545,15,1
0,0,0,0,11.76923076923077,9,1
0,0,0,0,2.0,1,0
0,0,0,0,16.0,1,0
0,0,0,0,10.0,1,0
0,0,0,0,17.0,1,0
0,0,0,0,14.0,1,0
0,0,0,0,3.0,1,0
0,0,0,0,12.0,1,0
0,0,0,0,15.0,1,0
0,0,0,0,10.0,1,0
0,0,0,0,8.0,1,0
0,0,0,0,22.0,1,0
0,0,0,0,1.0,1,0
0,0,0,0,14.0,1,0
0,0,0,0,13.0,1,0
0,0,0,0,16.0,1,0
0,0,0,0,12.666666666666666,2,0
0,0,0,0,18.0,1,0
0,0,0,0,14.0,1,0
0,0,0,0,18.0,1,0
0,0,0,0,20.0,1,0
0,0,0,0,10.0,2,0
0,0,0,0,15.26923076923077,25,1
0,0,0,0,10.851851851851851,22,1
0,0,0,1,10.666666666666666,17,1
0,0,0,4,14.833333333333334,31,1
0,0,0,2,13.846153846153847,20,1
0,0,0,0,18.0,2,0
0,0,0,0,22.0,1,0
0,0,0,0,14.0,9,0
0,0,0,0,18.0,7,0
0,0,0,0,23.0,1,0
0,0,0,0,12.666666666666666,2,0
0,0,0,0,19.666666666666668,2,0
0,0,0,0,10.0,1,0
0,0,0,1,10.833333333333334,6,0
0,0,0,0,17.5,2,0
0,0,0,0,20.5,2,0
0,0,0,0,10.0,1,0
0,0,0,0,23.0,1,0
0,0,0,0,0.0,1,0
0,0,0,0,23.0,1,0
0,0,0,0,1.0,1,0
0,0,0,0,12.0,1,0
0,0,0,0,22.0,1,0
0,0,0,0,14.333333333333334,3,0
0,0,0,0,2.0,1,0
0,0,0,0,9.0,1,0
0,0,0,0,19.77777777777778,6,0
0,0,0,1,13.416666666666666,9,1
0,0,0,2,14.5,2,0
0,0,0,0,21.0,1,0
0,0,0,0,10.0,1,0
0,0,0,0,0.0,1,0
0,0,0,0,23.0,1,0
0,0,0,0,1.0,1,0
0,0,0,1,15.0,1,0
0,0,0,0,3.0,1,0
0,0,0,0,17.0,1,0
0,0,0,0,15.0,1,0
0,0,0,0,23.0,1,0
0,0,0,0,19.0,2,0
0,0,0,0,8.0,1,0
0,0,0,0,2.0,1,0
0,0,0,0,9.0,1,0
0,0,0,0,21.0,2,0
0,0,0,0,1.0,1,0
0,0,0,4,2.0,1,0
0,0,0,0,13.4,5,0
0,0,0,0,20.0,1,0
0,0,0,0,23.0,1,0
0,0,0,0,21.0,1,0
0,0,0,0,11.0,1,0
0,0,0,0,10.0,2,0
0,0,0,0,2.0,1,0
0,0,0,1,20.0,1,0
0,0,0,1,15.0,2,0
0,0,0,0,11.0,1,0
0,0,0,0,2.0,1,0
0,0,0,0,20.0,1,0
0,0,0,0,12.428571428571429,8,1
0,0,0,0,8.8,3,0
0,0,0,0,16.0,1,0
0,0,0,0,14.0,2,0
0,0,0,0,14.0,3,0
0,0,0,0,19.8,3,0
0,0,0,0,15.0,1,0
0,0,0,0,9.0,1,0
0,0,0,0,23.0,1,0
0,0,0,0,9.0,1,0
0,0,0,0,19.75,2,0
0,0,0,0,17.0,2,0
0,0,0,0,20.0,2,0
0,0,0,0,16.0,1,0
0,0,0,0,7.0,1,0
0,0,0,0,17.0,1,0
0,0,0,0,9.0,1,0
0,0,0,0,19.0,1,0
0,0,0,0,11.0,1,0
0,0,0,0,22.0,1,0
0,0,0,0,16.5,2,0
0,0,0,0,10.666666666666666,3,0
0,0,0,0,20.333333333333332,2,0
0,0,0,0,9.571428571428571,3,0
0,0,0,0,21.0,1,0
0,0,0,0,0.0,1,0
0,0,0,0,11.0,1,0
0,0,0,0,15.0,1,0
0,0,0,0,8.0,1,0
0,0,0,0,23.0,1,0
0,0,0,0,2.0,1,0
0,0,0,0,0.0,1,0
0,0,0,0,16.0,1,0
0,0,0,0,18.0,1,0
0,0,0,0,9.0,1,0
0,0,0,0,13.0,1,0
0,0,0,0,9.0,1,0
0,0,0,0,11.0,1,0
0,0,0,0,14.0,1,0
0,0,0,0,12.0,1,0
0,0,0,0,10.0,1,0
0,0,0,0,14.0,1,0
0,0,0,0,8.0,1,0
0,0,0,0,10.0,1,0
0,0,0,0,19.666666666666668,3,0
0,0,0,0,14.333333333333334,6,0
0,0,0,0,12.681818181818182,17,1
0,0,0,0,9.571428571428571,11,1
0,3,0,1,9.85,12,1
0,0,0,0,15.096774193548388,26,1
0,0,0,0,11.8125,14,1
0,0,0,1,12.371428571428572,30,1
0,0,0,0,8.0,8,0
0,0,0,0,15.0,2,0
0,0,0,0,2.5,2,0
0,0,0,0,14.0,1,0
0,0,0,0,22.0,1,0
0,0,0,0,20.0,1,0
0,0,0,0,16.0,1,0
0,0,0,0,8.0,1,0
0,0,0,0,3.0,1,0
0,0,0,0,20.0,1,0
0,0,0,0,16.0,1,0
0,0,0,0,0.0,1,0
0,0,0,0,13.0,1,0
0,0,0,0,7.666666666666667,2,0
0,0,0,0,10.5,2,0
0,0,0,0,13.0,1,0
0,0,0,0,13.0,1,0
0,0,0,0,11.5,2,0
0,0,0,0,15.333333333333334,3,0
0,0,0,0,23.0,1,0
0,0,0,0,14.333333333333334,2,0
0,0,0,0,11.0,1,0
0,0,0,0,18.333333333333332,2,0
0,0,0,0,17.0,1,0
0,0,0,0,8.0,1,0
0,0,0,0,14.0,2,0
0,0,0,0,16.0,1,0
0,0,0,0,16.0,1,0
0,0,0,0,9.0,1,0
0,0,0,0,11.0,1,0
0,0,0,0,21.0,1,0
0,0,0,0,9.0,1,0
0,0,0,0,14.0,1,0
0,0,0,0,13.333333333333334,3,0
0,0,0,0,11.1,8,0
0,0,0,0,14.625,8,0
0,0,0,0,15.5,6,0
0,0,0,0,12.714285714285714,16,1
0,0,0,0,14.6,5,0
0,0,0,0,11.25,4,0
0,0,0,0,11.833333333333334,6,0
0,0,0,0,17.0,3,0
0,0,0,1,16.133333333333333,12,1
0,0,0,0,13.1,10,0
0,0,0,0,12.0,1,0
0,0,0,0,6.0,2,0
0,0,0,0,5.333333333333333,2,0
0,0,0,0,17.0,2,0
0,0,0,0,20.0,1,0
0,0,0,0,0.0,1,0
0,0,0,0,0.0,1,0
0,0,0,0,9.0,1,0
0,0,0,0,18.0,1,0
0,0,0,0,9.0,2,0
0,0,0,0,13.75,2,0
0,0,0,0,9.0,2,0
0,0,0,0,8.5,2,0
0,0,0,1,12.666666666666666,3,0
0,0,0,0,2.0,1,0
0,0,0,0,4.0,1,0
0,0,0,0,16.0,2,0
0,0,0,0,22.0,1,0
0,0,0,0,14.0,1,0
0,0,0,0,19.5,2,0
0,0,0,0,23.0,1,0
0,0,0,0,8.0,1,0
0,0,0,0,0.0,1,0
0,0,0,0,9.0,1,0
0,0,0,0,22.0,1,0
0,0,0,0,9.0,1,0
0,0,0,0,13.0,1,0
0,0,0,0,23.0,1,0
0,0,0,0,19.0,1,0
0,0,0,0,17.0,1,0
0,0,0,1,15.0,1,0
0,0,0,0,11.0,3,0
0,0,0,0,8.0,1,0
0,0,0,0,16.0,1,0
0,0,0,0,15.5,3,0
0,0,0,0,16.2,4,0
0,0,0,0,12.6,5,0
0,0,0,0,4.5,2,0
0,0,0,0,12.8,8,0
0,0,0,1,11.25,11,1
0,0,0,0,7.0,3,0
0,0,0,0,12.0,1,0
0,0,0,0,8.0,1,0
0,0,0,0,22.0,1,0
0,0,0,0,12.0,2,0
0,0,0,0,16.0,2,0
0,0,0,0,16.5,2,0
0,0,0,0,16.5,2,0
0,0,0,0,10.4,5,0
0,0,0,0,16.5,2,0
0,0,0,0,22.0,1,0
0,0,0,0,9.0,1,0
0,0,0,0,2.0,1,0
0,0,0,0,23.0,1,0
0,0,0,0,9.0,1,0
0,0,0,0,17.0,1,0
0,0,0,0,3.0,1,0
0,0,0,0,11.0,1,0
0,0,0,0,13.0,1,0
0,0,0,0,13.0,1,0
0,0,0,0,22.0,1,0
0,0,0,0,0.0,1,0
0,0,0,0,9.0,1,0
0,0,0,0,3.0,1,0
0,0,0,0,14.0,1,0
0,0,0,0,12.0,1,0
0,0,0,0,13.0,1,0
0,0,0,0,18.0,1,0
0,0,0,0,19.0,1,0
0,0,0,0,8.0,1,0
0,0,0,0,12.8,2,0
0,0,0,0,22.0,1,0
0,0,0,0,17.0,1,0
0,0,0,0,7.0,1,0
0,0,0,0,4.0,2,0
0,0,0,0,15.0,2,0
0,0,0,0,8.5,2,0
0,0,0,0,17.0,1,0
0,0,0,0,9.4,5,0
0,0,0,0,3.3333333333333335,2,0
0,0,0,0,9.0,1,0
0,0,0,0,22.5,2,0
0,0,0,0,15.25,3,0
0,0,0,0,8.0,2,0
0,0,0,0,23.0,1,0
0,0,0,0,8.0,2,0
0,0,0,0,8.0,1,0
0,0,0,0,10.666666666666666,3,0
0,0,0,0,23.0,1,0
0,0,0,0,6.0,4,0
0,0,0,0,23.0,1,0
0,0,0,0,13.0,1,0
0,0,0,0,1.0,1,0
0,0,0,0,13.6,5,0
0,0,0,0,18.5,2,0
0,0,0,0,21.5,3,0
0,0,0,0,14.0,4,0
0,0,0,0,14.0,3,0
0,0,0,0,15.5,5,0
0,0,0,0,8.0,1,0
0,0,0,0,7.0,4,0
0,0,0,0,8.88888888888889,8,0
0,0,0,0,21.0,1,0
0,0,0,0,4.333333333333333,3,0
0,0,0,2,20.0,2,0
0,0,0,0,3.5,2,0
0,0,0,0,9.5,2,0
0,0,0,0,14.625,4,0
0,0,0,0,15.4,4,0
0,0,0,0,15.333333333333334,3,0
0,0,0,0,9.0,5,0
0,0,0,0,4.0,1,0
0,0,0,0,11.0,1,0
0,0,0,0,2.0,1,0
0,0,0,0,18.0,1,0
0,0,0,0,0.0,1,0
0,0,0,0,9.5,2,0
0,0,0,0,1.0,1,0
0,0,0,0,16.0,3,0
0,0,0,0,15.0,1,0
0,0,0,0,21.0,1,0
0,0,0,0,8.0,1,0
0,0,0,1,14.0,1,0
0,0,0,0,21.0,1,0
0,0,0,0,20.5,2,0
0,0,0,0,7.0,1,0
0,0,0,0,1.0,1,0
0,0,0,0,11.5,3,0
0,0,0,0,5.0,2,0
0,0,0,0,14.666666666666666,3,0
0,0,0,0,10.0,2,0
0,0,0,0,12.5,2,0
0,0,0,0,0.0,1,0
0,0,0,0,7.0,1,0
0,0,0,0,16.2,8,0
0,0,0,0,14.0,1,0
0,0,0,0,22.0,1,0
0,0,0,0,0.0,1,0
0,0,0,0,23.0,1,0
0,0,0,0,11.0,1,0
0,0,0,0,15.0,1,0
0,0,0,0,3.0,1,0
0,0,0,0,14.0,3,0
0,0,0,0,22.0,1,0
0,0,0,0,23.0,1,0
0,0,0,0,10.666666666666666,3,0
0,0,0,0,16.0,1,0
0,0,0,0,7.0,1,0
0,0,0,0,17.0,1,0
0,0,0,0,23.0,1,0
0,0,0,0,22.0,1,0
0,0,0,0,17.041666666666668,18,1
0,0,0,0,11.789473684210526,15,1
0,0,0,0,15.19047619047619,15,1
0,0,0,0,12.4,5,0
0,0,0,0,20.0,2,0
0,0,0,0,0.0,1,0
0,0,0,0,8.0,1,0
0,0,0,0,15.636363636363637,10,0
0,0,0,0,0.0,1,0
0,0,0,0,14.0,6,0
0,0,0,0,16.5,2,0
0,0,0,0,21.0,1,0
0,0,0,0,14.0,1,0
0,0,0,0,17.0,1,0
0,0,0,0,0.0,1,0
0,0,0,0,7.0,1,0
0,0,0,0,18.0,1,0
0,0,0,0,10.0,1,0
0,0,0,0,11.0,1,0
0,0,0,0,14.0,1,0
0,0,0,0,15.0,1,0
0,0,0,0,14.0,1,0
0,0,0,0,21.0,1,0
0,0,0,0,11.0,1,0
0,0,0,0,10.333333333333334,3,0
0,0,0,0,9.0,1,0
0,0,0,0,8.0,1,0
0,0,0,0,23.0,1,0
0,0,0,0,12.0,1,0
0,0,0,0,18.0,1,0
0,0,0,0,16.0,1,0
0,0,0,0,20.0,1,0
0,0,0,0,15.0,1,0
0,0,0,0,22.0,1,0
0,0,0,0,19.0,1,0
0,0,0,0,0.0,1,0
0,0,0,0,23.0,1,0
0,0,0,0,23.0,1,0
0,0,0,0,10.0,1,0
0,0,0,0,14.0,1,0
0,0,0,0,11.0,1,0
0,0,0,0,1.0,1,0
0,0,0,0,17.0,1,0
0,0,0,0,7.0,1,0
0,0,0,0,22.0,1,0
0,0,0,0,16.0,1,0
0,0,0,0,22.0,1,0
0,0,0,0,6.0,1,0
0,0,0,0,16.0,1,0
0,0,0,0,3.0,1,0
0,0,0,0,3.0,1,0
0,0,0,0,10.708860759493671,56,1
0,0,0,3,14.722222222222221,45,1
0,0,0,1,13.571428571428571,69,1
0,0,0,4,11.879310344827585,49,1
0,0,0,0,10.363636363636363,17,1
0,0,0,0,10.785714285714286,13,1
0,0,0,0,14.8,8,0
0,0,0,0,11.818181818181818,28,1
0,1,0,1,12.255813953488373,38,1
0,0,0,4,12.840909090909092,33,1
0,0,0,0,15.166666666666666,27,1
0,0,0,7,15.333333333333334,7,1
0,0,0,0,11.0,1,0
0,0,0,0,17.0,2,0
0,0,0,0,9.0,1,0
0,0,0,0,5.0,1,0
0,0,0,0,4.0,1,0
0,0,0,0,23.0,1,0
0,0,0,0,8.0,1,0
0,0,0,0,21.0,1,0
0,0,0,0,7.0,2,0
0,0,0,0,1.0,1,0
0,0,0,3,2.4,3,0
0,0,0,2,14.923076923076923,9,1
0,0,0,0,11.5,18,1
0,0,0,0,12.0,1,0
0,0,0,0,21.0,1,0
0,0,0,0,14.0,1,0
0,0,0,1,15.0,1,0
0,0,0,0,8.0,1,0
0,0,0,0,12.222222222222221,8,0
0,0,0,0,12.181818181818182,10,0
0,0,0,0,14.076923076923077,24,1
0,0,0,0,13.090909090909092,19,1
0,0,0,0,16.133333333333333,12,1
0,0,0,0,10.923076923076923,9,1
0,0,0,0,8.6875,12,1
0,0,0,0,10.846153846153847,11,1
0,0,0,0,10.0,11,1
0,0,0,0,13.875,8,0
0,0,0,0,16.166666666666668,5,0
0,0,0,0,6.0,1,0
0,0,0,0,2.0,1,0
0,0,0,0,11.0,1,0
0,0,0,0,12.0,1,0
0,0,0,0,12.0,11,1
0,0,0,0,11.833333333333334,6,0
0,0,0,1,15.142857142857142,12,1
0,0,0,0,12.461538461538462,12,1
0,0,0,0,12.75,4,0
0,0,0,0,6.333333333333333,4,0
0,0,0,0,20.0,1,0
0,0,0,0,15.0,1,0
0,0,0,0,16.0,1,0
0,0,0,0,17.0,1,0
0,0,0,0,9.0,1,0
0,0,0,0,1.0,2,0
0,0,0,0,13.875,7,0
0,0,0,0,12.125,7,0
0,0,0,0,12.833333333333334,6,0
0,0,0,0,10.0,1,0
0,0,0,0,0.0,1,0
0,0,0,0,0.0,1,0
0,0,0,0,13.142857142857142,7,0
0,0,0,0,14.571428571428571,7,0
0,0,0,0,14.25,4,0
0,0,0,0,0.0,1,0
0,0,0,0,16.666666666666668,3,0
0,2,0,0,14.25,3,0
0,0,0,0,0.0,1,0
0,0,0,0,19.666666666666668,2,0
0,0,0,0,18.0,1,0
0,0,0,0,10.0,1,0
0,0,0,0,23.0,1,0
0,0,0,0,1.0,1,0
0,0,0,0,19.0,1,0
0,0,0,0,17.0,1,0
0,0,0,0,22.0,1,0
0,0,0,0,6.0,1,0
0,0,0,0,0.0,1,0
0,0,0,0,11.0,1,0
0,0,0,0,2.0,1,0
0,0,0,0,2.0,1,0
0,0,0,0,21.0,1,0
0,0,0,0,20.0,1,0
0,0,0,0,19.0,1,0
0,0,0,0,7.25,2,0
0,0,0,0,9.0,1,0
0,0,0,0,1.0,1,0
0,0,0,0,1.0,1,0
0,0,0,0,23.0,1,0
0,0,0,0,11.5,2,0
0,0,0,0,22.0,1,0
0,0,0,0,14.0,1,0
0,0,0,0,0.0,1,0
0,0,0,0,20.0,1,0
0,0,0,0,23.0,1,0
0,0,0,0,9.0,1,0
0,0,0,0,7.0,1,0
0,0,0,0,17.5,2,0
0,0,0,0,11.5,4,0
0,0,0,0,19.0,3,0
0,0,0,0,14.0,2,0
0,0,0,0,7.0,1,0
0,0,0,0,1.0,1,0
0,0,0,0,18.0,1,0
0,0,0,0,0.0,1,0
0,0,0,0,21.0,1,0
0,0,0,0,15.0,1,0
0,0,0,0,14.0,2,0
0,0,0,0,23.0,1,0
0,0,0,0,19.5,5,0
0,0,0,0,20.5,2,0
0,0,0,0,13.333333333333334,3,0
0,0,0,1,9.5,2,0
0,0,0,0,18.5,3,0
0,0,0,1,16.0,1,0
0,0,0,0,16.666666666666668,2,0
0,0,0,0,3.0,1,0
0,0,0,1,16.0,2,0
0,0,0,0,14.0,1,0
0,0,0,0,14.0,2,0
0,0,0,0,8.0,1,0
0,0,0,0,1.0,1,0
0,0,0,0,20.666666666666668,2,0
0,0,0,0,1.0,1,0
0,0,0,0,16.0,1,0
0,0,0,0,14.0,1,0
0,0,0,0,8.0,1,0
0,0,0,0,8.0,1,0
0,0,0,0,18.0,1,0
0,0,0,0,2.0,1,0
0,0,0,0,8.0,1,0
0,0,0,0,22.0,1,0
0,0,0,0,7.0,1,0
0,0,0,0,2.0,1,0
0,0,0,0,10.0,1,0
0,0,0,0,15.0,1,0
0,0,0,0,8.0,1,0
0,0,0,0,22.0,1,0
0,0,0,0,22.0,1,0
0,0,0,0,10.0,1,0
0,0,0,0,14.0,1,0
0,0,0,0,22.0,1,0
0,0,0,0,18.0,1,0
0,0,0,0,9.0,1,0
0,0,0,0,9.0,1,0
0,0,0,0,13.0,1,0
0,0,0,0,19.0,1,0
0,0,0,0,12.0,1,0
0,0,0,0,18.0,1,0
0,0,0,0,11.0,1,0
0,0,0,0,16.0,1,0
0,0,0,0,7.0,1,0
0,0,0,0,7.0,1,0
0,0,0,0,23.0,1,0
0,0,0,0,21.0,1,0
0,0,0,0,23.0,1,0
0,0,0,0,11.0,1,0
0,0,0,0,11.0,1,0
0,0,0,0,22.0,1,0
0,0,0,0,13.0,1,0
0,0,0,0,14.0,3,0
0,0,0,0,8.0,1,0
0,0,0,0,16.0,1,0
0,0,0,0,10.0,1,0
0,0,0,0,17.0,1,0
0,0,0,0,10.0,1,0
0,0,0,0,15.0,1,0
0,0,0,0,16.0,1,0
0,0,0,0,17.0,1,0
0,0,0,0,10.0,6,0
0,0,0,0,15.0,3,0
0,0,0,0,15.666666666666666,3,0
0,0,0,0,1.0,1,0
0,0,0,0,10.0,1,0
0,0,0,0,17.0,1,0
0,0,0,0,2.0,1,0
0,0,0,0,0.0,1,0
0,0,0,0,11.333333333333334,3,0
0,0,0,0,21.5,2,0
0,0,0,0,11.0,2,0
0,0,0,0,7.0,1,0
0,0,0,0,17.0,1,0
0,0,0,0,8.0,1,0
0,0,0,0,10.0,1,0
0,0,0,0,0.0,1,0
0,0,0,0,16.0,1,0
0,0,0,0,23.0,1,0
0,0,0,0,9.0,1,0
0,0,0,0,0.0,1,0
0,0,0,0,17.0,1,0
0,0,0,0,10.0,1,0
0,0,0,0,11.0,1,0
0,0,0,0,11.0,1,0
0,0,0,0,21.0,1,0
0,0,0,0,13.0,1,0
0,0,0,0,2.0,1,0
0,0,0,0,10.0,1,0
0,0,0,0,23.0,1,0
0,0,0,0,12.0,1,0
0,0,0,0,14.0,1,0
0,0,0,0,10.0,1,0
0,0,0,0,19.0,1,0
0,0,0,0,6.0,1,0
0,0,0,0,11.0,1,0
0,0,0,0,7.0,1,0
0,0,0,0,2.0,1,0
0,0,0,0,7.0,1,0
0,0,0,0,8.0,1,0
0,0,0,1,8.0,1,0
0,0,0,0,21.0,1,0
0,0,0,0,18.0,1,0
0,0,0,0,20.0,1,0
0,0,0,0,13.0,1,0
0,0,0,0,4.0,1,0
0,0,0,0,15.0,1,0
0,0,0,0,8.0,1,0
0,0,0,0,10.0,1,0
0,0,0,0,12.0,1,0
0,0,0,0,20.0,1,0
0,0,0,0,7.0,1,0
0,0,0,0,13.0,1,0
0,0,0,0,6.0,1,0
0,0,0,0,10.0,1,0
0,0,0,0,9.0,1,0
0,0,0,0,12.0,1,0
0,0,0,1,9.0,1,0
0,0,0,0,13.0,1,0
0,0,0,0,13.0,1,0
0,0,0,0,11.0,1,0
0,0,0,1,8.0,2,0
0,0,0,0,10.0,1,0
0,0,0,0,10.0,2,0
0,0,0,0,9.0,1,0
0,0,0,1,14.0,1,0
0,0,0,0,12.0,1,0
0,0,0,0,11.0,1,0
0,0,0,0,10.0,1,0
0,0,0,0,10.0,2,0
0,0,0,0,13.0,1,0
0,0,0,0,6.0,1,0
0,0,0,0,7.0,1,0
0,0,0,0,16.0,1,0
0,0,0,0,10.0,1,0
0,0,0,0,7.0,1,0
0,0,0,0,11.0,1,0
0,0,0,0,14.0,1,0
0,0,0,0,16.0,1,0
0,0,0,0,16.0,2,0
0,0,0,0,11.0,1,0
0,0,0,0,9.0,1,0
0,0,0,0,10.5,2,0
0,0,0,1,19.0,1,0
0,0,0,0,9.0,1,0
0,0,0,0,9.0,1,0
0,0,0,0,1.3333333333333333,2,0
0,0,0,0,15.0,1,0
0,0,0,0,23.0,1,0
0,0,0,0,9.0,1,0
0,0,0,0,9.0,1,0
0,0,0,1,13.0,1,0
0,0,0,0,22.0,1,0
0,0,0,0,8.0,1,0
0,0,0,0,20.5,2,0
0,0,0,0,13.0,1,0
0,0,0,0,23.0,1,0
0,0,0,0,10.0,1,0
0,0,0,0,12.0,1,0
0,0,0,0,14.0,1,0
0,0,0,0,16.0,1,0
0,0,0,0,13.0,3,0
0,0,0,0,12.818181818181818,9,0
0,0,0,0,0.0,1,0
0,0,0,0,11.0,2,0
0,0,0,0,14.0,5,0
0,0,0,1,19.0,3,0
0,0,0,0,17.90909090909091,8,0
0,0,0,0,15.571428571428571,10,1
0,0,0,0,15.307692307692308,11,1
0,0,0,0,16.333333333333332,3,0
0,0,0,0,15.25,4,0
0,0,0,3,11.235294117647058,12,1
0,0,0,0,13.5,4,0
0,0,0,0,8.0,1,0
0,0,0,0,11.0,1,0
0,0,0,0,14.0,2,0
0,0,0,0,6.0,2,0
0,0,0,0,14.0,1,0
0,0,0,0,22.0,1,0
0,0,0,0,0.0,1,0
0,0,0,0,6.5,2,0
0,0,0,0,13.5,2,0
0,0,0,0,23.0,2,0
0,0,0,0,17.0,1,0
0,0,0,0,23.0,1,0
0,0,0,0,16.0,1,0
0,0,0,0,23.0,1,0
0,0,0,0,1.0,1,0
0,0,0,0,13.0,1,0
0,0,0,0,10.0,1,0
0,0,0,0,16.0,1,0
0,0,0,0,9.0,1,0
0,0,0,0,14.0,1,0
0,0,0,0,15.25,2,0
0,0,0,0,11.0,1,0
0,0,0,0,22.0,1,0
0,0,0,0,9.0,1,0
0,0,0,0,17.0,4,0
0,0,0,0,11.0,2,0
0,0,0,0,7.875,3,0
0,0,0,0,12.8,4,0
0,0,0,0,18.25,3,0
0,0,0,0,7.0,1,0
0,0,0,0,20.5,2,0
0,0,0,0,2.0,1,0
0,0,0,0,10.5,2,0
0,0,0,0,11.0,2,0
0,0,0,0,23.0,1,0
0,0,0,0,16.666666666666668,2,0
0,0,0,0,17.0,1,0
0,0,0,0,23.0,1,0
0,0,0,0,1.0,1,0
0,0,0,0,1.0,1,0
0,0,0,0,23.0,1,0
0,0,0,0,12.0,1,0
0,0,0,0,17.0,1,0
0,0,0,0,9.0,1,0
0,0,0,0,17.0,1,0
0,0,0,0,22.0,1,0
0,0,0,0,19.0,1,0
0,0,0,0,15.0,1,0
0,0,0,0,12.5,2,0
0,0,0,0,18.0,1,0
0,0,0,0,18.666666666666668,3,0
0,0,0,0,15.0,1,0
0,0,0,0,11.0,4,0
0,0,0,0,5.0,1,0
0,0,0,0,23.0,1,0
0,0,0,0,15.25,2,0
0,0,0,0,18.0,2,0
0,0,0,0,16.0,1,0
0,0,0,0,13.0,1,0
0,0,0,0,14.0,1,0
0,0,0,0,13.0,1,0
0,0,0,0,10.0,1,0
0,0,0,0,14.5,2,0
0,0,0,0,2.0,1,0
0,0,0,0,10.0,1,0
0,0,0,0,18.0,1,0
0,0,0,0,11.0,1,0
0,0,0,4,3.6,2,0
0,0,0,0,10.0,1,0
0,0,0,0,14.0,1,0
0,0,0,0,9.0,1,0
0,0,0,0,17.0,1,0
0,0,0,0,1.0,1,0
0,0,0,0,7.0,2,0
0,0,0,0,23.0,1,0
0,0,0,0,11.25,3,0
0,0,0,0,12.0,1,0
0,0,0,0,16.0,2,0
0,0,0,0,10.857142857142858,6,0
0,0,0,0,13.25,3,0
0,0,0,0,17.0,1,0
0,0,0,0,18.0,2,0
0,0,0,0,1.0,2,0
0,0,0,1,13.6,8,0
0,0,0,0,11.0,2,0
0,0,0,0,8.2,4,0
0,0,0,0,11.0,6,0
0,0,0,0,12.833333333333334,4,0
0,0,0,0,12.0,3,0
0,0,0,0,19.0,1,0
0,0,0,0,16.0,1,0
0,0,0,0,15.0,1,0
0,0,0,0,5.5,2,0
0,0,0,0,2.0,1,0
0,0,0,0,22.0,1,0
0,0,0,0,22.0,1,0
0,0,0,0,14.666666666666666,2,0
0,0,0,0,23.0,1,0
0,0,0,0,22.0,1,0
0,0,0,0,12.5,4,0
0,0,0,0,9.0,1,0
0,0,0,0,22.0,2,0
0,0,0,0,21.0,1,0
0,0,0,0,6.666666666666667,3,0
0,0,0,0,8.857142857142858,6,0
0,0,0,0,17.0,1,0
0,0,0,0,15.0,3,0
0,0,0,0,9.0,2,0
0,0,0,0,15.0,2,0
0,0,0,0,11.0,1,0
0,0,0,0,22.0,1,0
0,0,0,0,19.0,1,0
0,0,0,0,7.909090909090909,2,0
0,0,0,0,13.0,5,0
0,0,0,0,7.666666666666667,3,0
0,0,0,2,15.166666666666666,5,0
0,0,0,0,12.444444444444445,6,0
0,0,0,0,11.333333333333334,5,0
0,0,0,0,13.75,8,0
0,0,0,0,18.166666666666668,4,0
0,0,0,0,8.4,8,0
0,0,0,0,13.5,5,0
0,0,0,0,22.666666666666668,2,0
0,0,0,0,15.5,2,0
0,0,0,0,6.6,8,0
0,0,0,0,13.0,4,0
0,0,0,0,10.4,8,0
0,0,0,0,8.333333333333334,6,0
0,0,0,0,6.0,3,0
0,0,0,0,21.0,2,0
0,0,0,0,7.666666666666667,3,0
0,0,0,0,7.0,1,0
0,0,0,0,3.0,1,0
0,0,0,0,23.0,1,0
0,0,0,0,9.0,1,0
0,0,0,1,12.125,7,0
0,0,0,0,13.0,2,0
0,0,0,0,12.6,4,0
0,0,0,0,18.5,2,0
0,0,0,0,23.0,1,0
0,0,0,0,5.0,1,0
0,0,0,0,12.0,1,0
0,0,0,0,11.0,1,0
0,0,0,0,23.0,1,0
0,0,0,0,16.666666666666668,2,0
0,0,0,0,3.0,1,0
0,0,0,0,7.0,1,0
0,0,0,0,9.0,1,0
0,0,0,0,22.0,1,0
0,0,0,0,11.0,1,0
0,0,0,0,19.0,1,0
0,0,0,2,15.142857142857142,6,0
0,0,0,0,15.1,10,0
0,0,0,1,11.5,10,0
0,0,0,0,12.090909090909092,9,0
0,0,0,0,6.666666666666667,3,0
0,0,0,0,13.666666666666666,3,0
0,0,0,0,2.0,1,0
0,0,0,0,8.0,1,0
0,0,0,0,0.0,1,0
0,0,0,0,23.0,1,0
0,0,0,0,9.0,1,0
0,0,0,0,22.0,1,0
0,0,0,0,18.0,1,0
0,0,0,0,11.0,1,0
0,0,0,0,22.0,1,0
0,0,0,0,12.0,1,0
0,0,0,0,16.0,1,0
0,0,0,0,7.0,1,0
0,0,0,0,14.0,1,0
0,0,0,0,3.0,1,0
0,0,0,0,14.083333333333334,11,1
0,0,0,0,17.027027027027028,23,1
0,0,0,0,11.0,6,0
0,0,0,0,12.5,15,1
0,0,0,2,14.304347826086957,17,1
0,0,0,0,13.461538461538462,24,1
0,0,0,4,11.962962962962964,21,1
0,0,0,4,11.88888888888889,24,1
0,0,0,0,12.538461538461538,11,1
0,0,0,0,16.529411764705884,14,1
0,0,0,0,16.294117647058822,12,1
0,0,0,0,13.304347826086957,21,1
0,0,0,0,13.666666666666666,32,1
0,0,0,1,13.076923076923077,24,1
0,0,0,0,12.789473684210526,18,1
0,0,0,1,14.833333333333334,6,0
0,0,0,4,11.76923076923077,29,1
0,0,0,0,11.833333333333334,51,1
0,0,0,0,14.25,24,1
0,0,0,0,13.333333333333334,12,1
0,0,0,0,16.0,1,0
0,0,0,3,19.0,1,0
0,0,0,0,0.0,1,0
0,0,0,0,2.0,1,0
0,0,0,0,19.0,1,0
0,0,0,0,22.0,1,0
0,0,0,0,18.0,2,0
0,0,0,0,8.5,4,0
0,0,0,0,15.0,3,0
0,0,0,0,23.0,1,0
0,0,0,0,13.0,2,0
0,0,0,0,13.0,1,0
0,0,0,0,16.0,1,0
0,0,0,0,16.0,4,0
0,0,0,0,10.5,2,0
0,0,0,0,10.5,2,0
0,0,0,0,15.0,3,0
0,0,0,0,15.666666666666666,3,0
0,0,0,0,21.0,1,0
0,0,0,0,6.5,2,0
0,0,0,0,13.0,2,0
0,0,0,0,10.3,7,0
0,0,0,0,15.0,2,0
0,0,0,0,12.0,3,0
0,0,0,0,23.0,1,0
0,0,0,0,14.0,1,0
0,0,0,0,18.0,1,0
0,0,0,0,18.0,1,0
0,0,0,0,11.0,1,0
0,0,0,0,9.0,1,0
0,0,0,0,1.0,1,0
0,0,0,0,2.0,1,0
0,0,0,0,15.0,1,0
0,0,0,0,22.0,1,0
0,0,0,0,17.0,1,0
0,0,0,0,0.0,1,0
0,0,0,0,10.0,1,0
0,0,0,0,7.0,1,0
0,0,0,0,11.0,1,0
0,0,0,0,22.0,1,0
0,0,0,0,23.0,1,0
0,0,0,0,11.0,1,0
0,0,0,0,0.0,1,0
0,0,0,0,20.0,1,0
0,0,0,0,14.0,1,0
0,0,0,0,9.0,1,0
0,0,0,0,21.0,1,0
0,0,0,0,13.0,1,0
0,0,0,0,13.0,1,0
0,0,0,0,8.0,1,0
0,0,0,0,11.714285714285714,7,0
0,0,0,0,11.0,2,0
0,0,0,0,11.75,5,0
0,0,0,0,17.5,2,0
0,0,0,0,14.0,2,0
0,0,0,0,19.0,2,0
0,0,0,0,15.666666666666666,2,0
0,0,0,1,14.4,5,0
0,0,0,0,17.2,6,0
0,0,0,0,12.75,4,0
0,0,0,0,12.173913043478262,16,1
0,0,0,0,12.05,8,1
0,0,0,0,11.80952380952381,14,1
0,0,0,2,15.384615384615385,12,1
0,0,0,2,13.272727272727273,9,0
0,0,0,0,12.6,10,0
0,0,0,0,14.541666666666666,22,1
0,0,0,1,14.03448275862069,24,1
0,0,0,2,13.37037037037037,25,1
0,0,0,0,17.647058823529413,13,1
0,0,0,1,9.071428571428571,10,1
0,0,0,1,11.0,7,0
0,0,0,0,23.0,1,0
0,0,0,0,21.0,1,0
0,0,0,0,19.0,1,0
0,0,0,0,15.0,1,0
0,0,0,0,19.0,1,0
0,0,0,0,17.0,1,0
0,0,0,0,4.0,2,0
0,0,0,0,16.0,1,0
0,0,0,0,7.0,1,0
0,0,0,0,14.0,1,0
0,0,0,0,10.0,1,0
0,0,0,0,13.0,1,0
0,0,0,0,6.0,1,0
0,0,0,0,13.0,1,0
0,0,0,0,17.0,1,0
0,0,0,0,11.0,1,0
0,0,0,0,9.0,1,0
0,0,0,0,17.0,1,0
0,0,0,0,13.0,1,0
0,0,0,0,1.0,1,0
0,0,0,0,6.0,1,0
0,0,0,0,13.0,1,0
0,0,0,0,19.0,1,0
0,0,0,0,22.0,1,0
0,0,0,0,22.0,1,0
0,0,0,0,18.0,1,0
0,0,0,0,13.333333333333334,3,0
0,0,0,0,22.0,1,0
0,0,0,0,15.0,2,0
0,0,0,0,15.333333333333334,9,0
0,0,0,0,11.0,2,0
0,0,0,0,9.875,10,1
0,0,0,1,13.0,4,0
0,0,0,0,13.75,9,1
0,0,0,0,17.75,4,0
0,0,0,0,14.2,4,0
0,0,0,0,12.166666666666666,4,0
0,0,0,0,16.764705882352942,11,1
0,0,0,0,12.083333333333334,8,1
0,0,0,0,12.416666666666666,21,1
0,0,0,0,13.285714285714286,7,0
0,0,0,0,9.75,4,0
0,0,0,0,12.88888888888889,8,0
0,0,0,0,14.5,11,1
0,0,0,0,12.125,15,1
0,0,0,0,15.2,19,1
0,0,0,1,12.043478260869565,17,1
0,0,0,0,12.5,14,1
0,0,0,0,9.176470588235293,15,1
0,0,0,4,8.777777777777779,11,1
0,0,0,0,14.555555555555555,8,0
0,0,0,0,10.222222222222221,7,0
0,0,0,0,0.0,1,0
0,0,0,0,18.0,1,0
0,0,0,0,23.0,1,0
0,0,0,0,2.0,1,0
0,0,0,0,16.0,1,0
0,0,0,0,20.0,1,0
0,0,0,0,7.0,1,0
0,0,0,0,9.0,1,0
0,0,0,0,13.0,1,0
0,0,0,0,22.0,1,0
0,0,0,0,7.0,1,0
0,0,0,0,9.5,2,0
0,0,0,0,14.0,1,0
0,0,0,0,12.5,2,0
0,0,0,0,1.0,1,0
0,0,0,0,12.0,1,0
0,0,0,1,16.166666666666668,6,0
0,0,0,0,7.461538461538462,8,1
0,0,0,0,12.0,6,0
0,0,0,2,16.791666666666668,21,1
0,0,0,0,15.714285714285714,20,1
0,0,0,0,13.75,25,1
0,0,0,0,17.05,19,1
0,0,0,0,11.9375,15,1
0,0,0,0,13.555555555555555,26,1
0,0,0,0,13.3,18,1
0,0,0,3,12.68421052631579,16,1
0,0,0,0,12.91304347826087,19,1
0,0,0,0,16.466666666666665,15,1
0,0,0,0,15.095238095238095,17,1
0,0,0,1,10.584905660377359,39,1
0,0,0,0,11.379310344827585,28,1
0,0,0,0,13.027777777777779,30,1
0,0,0,0,13.93939393939394,28,1
0,0,0,0,13.064516129032258,29,1
0,0,0,0,14.7,17,1
0,0,0,0,8.333333333333334,8,0
0,0,0,0,8.0,1,0
0,0,0,0,15.0,1,0
0,0,0,0,2.0,1,0
0,0,0,0,1.0,1,0
0,0,0,0,7.0,1,0
0,0,0,0,3.0,1,0
0,0,0,0,13.0,1,0
0,0,0,0,22.0,1,0
0,0,0,0,19.0,1,0
0,0,0,0,12.0,1,0
0,0,0,0,18.0,1,0
0,0,0,0,22.0,1,0
0,0,0,0,7.0,1,0
0,0,0,0,16.0,1,0
0,0,0,0,12.0,1,0
0,0,0,0,23.0,1,0
0,0,0,0,16.0,1,0
0,0,0,1,20.0,1,0
0,0,0,0,11.0,1,0
0,0,0,0,19.0,1,0
0,0,0,0,5.0,1,0
0,0,0,0,8.0,1,0
0,0,0,0,12.5,2,0
0,0,0,0,0.0,1,0
0,0,0,0,10.0,1,0
0,0,0,0,23.0,1,0
0,0,0,0,11.0,1,0
0,0,0,0,12.0,1,0
0,0,0,0,15.5,2,0
0,0,0,0,20.0,1,0
0,0,0,0,16.5,4,0
0,0,0,0,20.0,2,0
0,0,0,0,21.0,1,0
0,0,0,0,16.9,7,0
0,0,0,0,17.5,3,0
0,0,0,1,13.5,3,0
0,0,0,0,21.0,1,0
0,0,0,0,22.0,1,0
0,0,0,0,22.0,1,0
0,0,0,0,21.0,1,0
0,0,0,0,23.0,1,0
0,0,0,0,17.0,1,0
0,0,0,0,17.0,1,0
0,0,0,0,23.0,1,0
0,0,0,0,15.5,2,0
0,0,0,0,6.0,2,0
0,0,0,0,18.0,2,0
0,0,0,0,12.0,2,0
0,0,0,0,11.5,4,0
0,0,0,0,17.0,1,0
0,0,0,0,6.0,1,0
0,0,0,0,19.0,2,0
0,0,0,0,15.8,5,0
0,0,0,0,14.0,1,0
0,0,0,0,9.4,5,0
0,0,0,0,8.0,1,0
0,0,0,0,9.0,1,0
0,0,0,0,9.0,1,0
0,0,0,0,9.0,1,0
0,0,0,0,15.0,1,0
0,0,0,0,10.0,1,0
0,0,0,0,1.0,1,0
0,0,0,0,17.0,1,0
0,0,0,0,16.0,1,0
0,0,0,0,22.0,1,0
0,0,0,0,8.0,1,0
0,0,0,0,3.0,2,0
0,0,0,0,1.0,1,0
0,0,0,0,13.25,7,0
0,0,0,0,9.714285714285714,6,0
0,0,0,1,14.4,5,0
0,0,0,0,17.25,7,0
0,0,0,0,13.714285714285714,6,0
0,0,0,0,11.333333333333334,3,0
0,0,0,0,14.25,3,0
0,0,0,0,10.285714285714286,7,0
0,0,0,0,12.666666666666666,9,0
0,0,0,0,14.166666666666666,10,1
0,0,0,0,14.8,5,0
0,0,0,0,8.0,1,0
0,0,0,1,10.6,5,0
0,0,0,0,15.454545454545455,9,0
0,0,0,1,10.142857142857142,12,1
0,0,0,0,12.333333333333334,12,1
0,0,0,0,13.166666666666666,13,1
0,0,0,0,12.636363636363637,11,0
0,0,0,1,13.0,5,0
0,0,0,0,9.5,4,0
0,0,0,0,2.0,1,0
0,0,0,0,9.0,1,0
0,0,0,0,23.0,1,0
0,0,0,0,14.0,1,0
0,0,0,0,14.0,1,0
0,0,0,0,20.0,1,0
0,0,0,0,10.0,1,0
0,0,0,0,11.0,1,0
0,0,0,0,23.0,1,0
0,0,0,0,23.0,1,0
0,0,0,0,11.0,2,0
0,0,0,0,4.0,2,0
0,0,0,0,15.166666666666666,6,0
0,0,0,0,13.5,2,0
0,0,0,0,8.0,1,0
0,0,0,0,16.5,7,0
0,0,0,0,21.5,2,0
0,2,0,0,15.181818181818182,6,0
0,0,0,0,9.333333333333334,3,0
0,0,0,0,14.0,1,0
0,0,0,0,15.0,1,0
0,0,0,0,14.0,1,0
0,0,0,0,21.0,1,0
0,0,0,0,1.0,1,0
0,0,0,0,12.0,1,0
0,0,0,0,8.0,1,0
0,0,0,0,17.0,2,0
0,0,0,0,1.0,1,0
0,0,0,0,23.0,1,0
0,0,0,0,14.0,1,0
0,0,0,0,21.0,1,0
0,0,0,0,15.0,1,0
0,0,0,0,1.0,1,0
0,0,0,0,13.0,2,0
0,0,0,0,17.0,2,0
0,0,0,0,10.0,1,0
0,0,0,0,3.0,1,0
0,0,0,0,9.5,2,0
0,0,0,0,13.0,1,0
0,0,0,0,23.0,1,0
0,0,0,0,21.0,1,0
0,0,0,0,22.0,1,0
0,0,0,0,15.0,1,0
0,0,0,0,21.0,1,0
0,0,0,0,14.0,1,0
0,0,0,0,0.0,1,0
0,0,0,0,20.0,1,0
0,0,0,0,0.0,1,0
0,0,0,0,18.23076923076923,9,1
0,0,0,0,13.555555555555555,7,0
0,0,0,1,10.833333333333334,6,0
0,0,0,0,14.5,4,0
0,0,0,1,19.0,2,0
0,0,0,0,14.25,7,0
0,0,0,0,0.0,1,0
0,0,0,0,15.0,2,0
0,0,0,0,13.5,6,0
0,0,0,0,19.0,1,0
0,0,0,0,18.3,7,0
0,0,0,0,13.625,6,0
0,0,0,0,10.933333333333334,13,1
0,0,0,0,12.0,8,0
0,0,0,0,16.31578947368421,14,1
0,0,0,0,2.0,1,0
0,0,0,0,9.0,1,0
0,0,0,0,15.0,2,0
0,0,0,0,11.5,5,0
0,0,0,0,15.666666666666666,3,0
0,0,0,0,17.0,1,0
0,0,0,0,19.0,1,0
0,0,0,0,0.0,1,0
0,0,0,0,21.0,1,0
0,0,0,0,21.0,1,0
0,0,0,0,20.0,1,0
0,0,0,0,12.0,1,0
0,0,0,0,9.0,1,0
0,0,0,0,14.0,1,0
0,0,0,0,22.0,1,0
0,0,0,0,16.0,1,0
0,0,0,0,6.0,1,0
0,0,0,0,10.0,1,0
0,0,0,0,1.0,1,0
0,0,0,0,23.0,1,0
0,0,0,0,11.0,1,0
0,0,0,0,11.0,1,0
0,0,0,0,11.333333333333334,3,0
0,0,0,0,0.0,1,0
0,0,0,0,9.0,1,0
0,0,0,0,14.0,1,0
0,0,0,0,17.0,1,0
0,0,0,0,5.714285714285714,5,0
0,0,0,0,18.0,2,0
0,0,0,0,0.0,1,0
0,0,0,0,17.0,1,0
0,0,0,0,21.0,1,0
0,0,0,0,16.0,1,0
0,0,0,0,14.0,1,0
0,0,0,0,21.0,1,0
0,0,0,0,8.0,1,0
0,0,0,0,10.0,1,0
0,0,0,0,22.0,1,0
0,0,0,0,14.0,1,0
0,0,0,0,1.0,1,0
0,0,0,0,17.0,1,0
0,0,0,0,16.0,2,0
0,0,0,0,16.5,2,0
0,0,0,0,23.0,1,0
0,0,0,0,12.0,1,0
0,0,0,0,0.0,1,0
0,0,0,0,15.5,2,0
0,0,0,0,21.5,2,0
0,0,0,0,2.0,1,0
0,0,0,0,9.0,1,0
0,0,0,0,10.0,1,0
0,0,0,0,20.0,1,0
0,0,0,0,12.0,1,0
0,0,0,0,7.0,1,0
0,0,0,0,7.0,1,0
0,0,0,0,16.0,1,0
0,0,0,0,13.0,1,0
0,0,0,0,12.0,1,0
0,0,0,0,8.0,1,0
0,0,0,0,6.0,1,0
0,0,0,0,11.75,8,0
0,0,0,0,11.142857142857142,7,0
0,0,0,0,17.75,3,0
0,0,0,0,23.0,1,0
0,0,0,0,13.8,5,0
0,0,0,0,15.0,1,0
0,0,0,0,11.0,3,0
0,0,0,0,16.142857142857142,5,0
0,0,0,0,13.588235294117647,16,1
0,0,0,0,10.416666666666666,9,1
0,0,0,0,13.631578947368421,14,1
0,0,0,0,11.444444444444445,17,1
0,0,0,0,13.705882352941176,15,1
0,0,0,2,13.962962962962964,23,1
0,0,0,0,13.090909090909092,10,0
0,0,0,0,12.823529411764707,15,1
0,0,0,0,7.714285714285714,7,0
0,0,0,0,12.85,19,1
0,0,0,0,10.916666666666666,11,1
0,0,0,0,12.0,10,1
0,0,0,0,10.538461538461538,10,1
0,0,0,0,14.631578947368421,17,1
0,0,0,1,14.6,5,0
0,0,0,0,11.125,6,0
0,0,0,0,22.0,1,0
0,0,0,0,9.0,1,0
0,0,0,0,22.0,1,0
0,0,0,0,13.0,1,0
0,0,0,0,1.0,1,0
0,0,0,0,18.0,1,0
0,0,0,0,2.0,1,0
0,0,0,0,13.0,1,0
0,0,0,0,10.0,1,0
0,0,0,1,17.0,1,0
0,0,0,0,8.0,1,0
0,0,0,0,7.0,2,0
0,0,0,0,21.0,1,0
0,0,0,0,9.0,1,0
0,0,0,0,16.0,1,0
0,0,0,0,23.0,1,0
0,0,0,0,12.0,1,0
0,0,0,0,16.5,2,0
0,0,0,0,8.25,3,0
0,0,0,0,0.0,1,0
0,0,0,0,8.0,2,0
0,0,0,0,10.2,4,0
0,0,0,0,11.0,4,0
0,0,0,0,15.6,4,0
0,0,0,1,18.666666666666668,5,0
0,0,0,0,12.0,3,0
0,0,0,0,18.333333333333332,2,0
0,0,0,0,14.333333333333334,6,0
0,0,0,0,14.0,11,0
0,0,0,0,13.625,7,0
0,0,0,0,10.5,3,0
0,0,0,0,9.333333333333334,3,0
0,0,0,1,9.75,4,0
0,0,0,0,11.428571428571429,6,0
0,0,0,0,13.666666666666666,3,0
0,0,0,0,16.166666666666668,4,0
0,0,0,0,16.0,1,0
0,0,0,0,12.0,1,0
0,0,0,0,2.0,1,0
0,0,0,1,19.5,2,0
0,0,0,0,8.0,1,0
0,0,0,0,9.0,1,0
0,0,0,0,11.0,1,0
0,0,0,0,23.0,2,0
0,0,0,0,15.0,2,0
0,0,0,0,23.0,1,0
0,0,0,0,22.0,2,0
0,0,0,0,11.0,1,0
0,0,0,0,23.0,1,0
0,0,0,2,11.0,1,0
0,0,0,0,15.0,1,0
0,0,0,0,11.0,1,0
0,0,0,0,18.0,1,0
0,0,0,3,4.0,1,0
0,0,0,0,10.0,1,0
0,0,0,0,7.0,1,0
0,0,0,0,10.0,1,0
0,0,0,0,0.0,1,0
0,0,0,0,1.0,1,0
0,0,0,0,0.0,1,0
0,0,0,0,11.0,2,0
0,0,0,1,9.0,2,0
0,0,0,0,4.0,2,0
0,0,0,0,19.75,4,0
0,0,0,0,19.666666666666668,2,0
0,0,0,0,13.0,2,0
0,0,0,0,10.0,1,0
0,0,0,2,18.5,3,0
0,0,0,0,12.5,6,0
0,0,0,0,16.0,2,0
0,0,0,0,7.0,1,0
0,0,0,0,6.5,2,0
0,0,0,0,17.0,1,0
0,0,0,0,23.0,1,0
0,0,0,0,11.0,1,0
0,0,0,1,8.0,1,0
0,0,0,0,0.0,1,0
0,0,0,0,20.0,1,0
0,0,0,0,22.0,1,0
0,0,0,0,8.0,2,0
0,0,0,0,0.0,1,0
0,0,0,0,8.0,1,0
0,0,0,0,18.0,1,0
0,0,0,0,16.0,1,0
0,0,0,0,23.0,1,0
0,0,0,0,18.0,3,0
0,0,0,0,14.0,1,0
0,0,0,0,22.0,1,0
0,0,0,0,18.0,1,0
0,0,0,0,17.25,4,0
0,0,0,0,17.0,1,0
0,0,0,0,20.5,2,0
0,0,0,0,10.0,3,0
0,0,0,0,20.333333333333332,4,0
0,0,0,0,18.0,2,0
0,0,0,0,9.0,3,0
0,0,0,0,2.5,2,0
0,0,0,0,9.666666666666666,3,0
0,0,0,0,7.4,4,0
0,0,0,0,13.666666666666666,3,0
0,0,0,0,8.0,1,0
0,0,0,0,9.0,1,0
0,0,0,0,16.0,1,0
0,0,0,0,22.0,1,0
0,0,0,0,10.0,1,0
0,0,0,0,2.0,1,0
0,0,0,0,6.0,1,0
0,0,0,0,19.0,2,0
0,0,0,0,20.0,1,0
0,0,0,0,19.0,1,0
0,0,0,0,11.0,1,0
0,0,0,0,20.5,2,0
0,0,0,0,2.0,1,0
0,0,0,0,22.0,2,0
0,0,0,0,13.5,2,0
0,0,0,0,16.444444444444443,7,0
0,0,0,0,9.5,2,0
0,0,0,0,13.285714285714286,7,0
0,0,0,0,12.333333333333334,3,0
0,0,0,1,12.666666666666666,6,0
0,0,0,0,10.833333333333334,6,0
0,0,0,0,8.5,2,0
0,0,0,0,17.25,4,0
0,0,0,0,8.0,1,0
0,0,0,0,10.75,4,0
0,0,0,0,12.76923076923077,11,1
0,0,0,0,18.0,2,0
0,0,0,1,7.166666666666667,4,0
0,0,0,0,15.666666666666666,3,0
0,0,0,0,18.333333333333332,3,0
0,0,0,0,16.666666666666668,3,0
0,0,0,0,6.5,2,0
0,0,0,0,8.0,1,0
0,0,0,0,11.0,1,0
0,0,0,0,6.0,1,0
0,0,0,0,20.0,1,0
0,0,0,0,2.0,1,0
0,0,0,0,23.0,1,0
0,0,0,1,9.0,1,0
0,0,0,0,22.0,1,0
0,0,0,0,3.0,1,0
0,0,0,0,0.0,1,0
0,0,0,0,22.0,1,0
0,0,0,0,1.0,1,0
0,0,0,0,5.333333333333333,2,0
0,0,0,0,6.0,1,0
0,0,0,0,23.0,1,0
0,0,0,0,19.0,1,0
0,0,0,0,5.5,2,0
0,0,0,0,7.5,2,0
0,0,0,0,16.0,2,0
0,0,0,0,10.0,1,0
0,0,0,0,11.0,3,0
0,0,0,0,11.0,3,0
0,0,0,0,9.0,1,0
0,0,0,0,9.0,1,0
0,0,0,0,7.0,1,0
0,0,0,0,12.5,2,0
0,0,0,0,7.0,1,0
0,0,0,0,11.666666666666666,3,0
0,0,0,0,13.0,2,0
0,0,0,0,7.0,1,0
0,0,0,0,8.0,1,0
0,0,0,0,14.0,1,0
0,0,0,0,7.0,1,0
0,0,0,0,11.0,1,0
0,0,0,0,10.0,2,0
0,0,0,0,8.0,1,0
0,0,0,0,21.0,1,0
0,0,0,0,10.666666666666666,3,0
0,0,0,0,10.8,4,0
0,0,0,0,9.857142857142858,6,0
0,0,0,0,14.375,7,0
0,0,0,0,15.636363636363637,11,0
0,0,0,0,16.46153846153846,12,1
0,0,0,1,10.9375,13,1
0,0,0,1,11.928571428571429,24,1
0,0,0,0,14.37037037037037,25,1
0,0,0,0,14.5,17,1
0,0,0,0,12.777777777777779,17,1
0,0,0,0,13.675675675675675,30,1
0,0,0,0,16.08695652173913,21,1
0,0,0,0,13.222222222222221,24,1
0,0,0,0,14.944444444444445,17,1
0,0,0,0,13.565217391304348,21,1
0,0,0,0,11.4,20,1
0,0,0,0,13.818181818181818,40,1
0,0,0,0,13.52,25,1
0,0,0,0,13.717948717948717,35,1
0,0,0,0,12.342105263157896,36,1
0,0,0,1,9.952380952380953,21,1
0,0,0,0,9.2,5,0
0,0,0,0,18.25,3,0
0,0,0,0,7.0,1,0
0,0,0,0,9.0,1,0
0,0,0,0,11.5,2,0
0,0,0,0,11.333333333333334,3,0
0,0,0,0,15.5,2,0
0,0,0,0,5.666666666666667,2,0
0,0,0,0,21.0,2,0
0,0,0,0,7.0,1,0
0,0,0,0,19.3,9,0
0,0,0,0,11.5,4,0
0,0,0,0,15.333333333333334,8,0
0,0,0,0,9.461538461538462,10,1
0,0,0,0,13.166666666666666,6,0
0,0,0,0,6.625,6,0
0,0,0,0,15.166666666666666,4,0
0,0,0,0,13.25,4,0
0,0,0,0,14.571428571428571,7,0
0,0,0,0,17.0,2,0
0,0,0,0,15.0,2,0
0,0,0,0,19.0,3,0
0,0,0,0,13.25,4,0
0,0,0,0,21.0,1,0
0,0,0,0,13.0,1,0
0,0,0,0,14.0,1,0
0,0,0,0,22.0,1,0
0,0,0,0,14.0,1,0
0,0,0,0,17.0,1,0
0,0,0,0,0.0,1,0
0,0,0,0,0.0,1,0
0,0,0,0,20.0,1,0
0,0,0,0,8.0,3,0
0,0,0,0,15.0,2,0
0,0,0,0,14.4,4,0
0,0,0,0,16.0,1,0
0,0,0,0,13.6,3,0
0,0,0,0,4.0,1,0
0,0,0,0,12.0,2,0
0,0,0,0,10.0,1,0
0,0,0,0,1.3333333333333333,2,0
0,0,0,0,22.0,1,0
0,0,0,0,16.5,2,0
0,0,0,0,19.0,1,0
0,0,0,0,4.0,3,0
0,0,0,0,18.0,1,0
0,0,0,0,10.0,1,0
0,0,0,0,18.0,1,0
0,0,0,0,23.0,1,0
0,0,0,0,23.0,1,0
0,0,0,0,17.0,1,0
0,0,0,0,13.0,1,0
0,0,0,0,2.0,1,0
0,0,0,0,21.0,1,0
0,0,0,0,23.0,1,0
0,0,0,0,6.0,1,0
0,0,0,0,8.0,1,0
0,0,0,0,9.0,1,0
0,0,0,0,17.0,1,0
0,0,0,0,11.0,1,0
0,0,0,0,17.0,1,0
0,0,0,0,10.0,1,0
0,0,0,0,17.0,1,0
0,0,0,0,17.0,1,0
0,0,0,0,16.0,1,0
0,0,0,0,16.0,1,0
0,0,0,0,16.0,1,0
0,0,0,0,21.0,1,0
0,0,0,0,16.0,1,0
0,0,0,0,1.0,1,0
0,0,0,0,6.0,1,0
0,0,0,0,8.0,1,0
0,0,0,0,8.0,1,0
0,0,0,0,20.0,1,0
0,0,0,0,10.0,1,0
0,0,0,0,17.0,1,0
0,0,0,0,19.0,1,0
0,0,0,0,10.0,1,0
0,0,0,0,2.0,1,0
0,0,0,0,0.0,1,0
0,0,0,0,23.0,1,0
0,0,0,0,20.0,1,0
0,0,0,0,1.0,1,0
0,0,0,0,8.0,1,0
0,0,0,0,23.0,1,0
0,0,0,0,11.0,1,0
0,0,0,0,16.0,1,0
0,0,0,0,5.5,2,0
0,0,0,0,20.0,1,0
0,0,0,0,9.0,1,0
0,0,0,0,23.0,1,0
0,0,0,0,7.0,1,0
0,0,0,0,16.0,1,0
0,0,0,0,3.0,1,0
0,0,0,0,1.0,1,0
0,0,0,0,3.0,2,0
0,0,0,0,23.0,1,0
0,0,0,0,19.0,1,0
0,0,0,3,21.0,1,0
0,0,0,0,1.0,1,0
0,0,0,0,11.0,1,0
0,0,0,0,14.5,2,0
0,0,0,0,20.0,1,0
0,0,0,0,2.0,1,0
0,0,0,0,8.0,1,0
0,0,0,0,13.0,1,0
0,0,0,0,17.0,2,0
0,0,0,0,21.0,1,0
0,0,0,0,5.5,2,0
0,0,0,0,7.5,2,0
0,0,0,0,21.0,1,0
0,0,0,0,0.0,1,0
0,0,0,0,23.0,1,0
0,0,0,0,13.0,1,0
0,0,0,0,22.0,1,0
0,0,0,0,0.0,1,0
0,0,0,0,20.0,1,0
0,0,0,0,22.0,1,0
0,0,0,0,22.5,2,0
0,0,0,0,8.0,1,0
0,0,0,1,15.0,1,0
0,0,0,0,12.0,1,0
0,0,0,0,22.0,1,0
0,0,0,0,16.0,1,0
0,0,0,0,16.0,1,0
0,0,0,0,22.0,1,0
0,0,0,0,2.0,1,0
0,0,0,0,17.0,1,0
0,0,0,0,17.0,1,0
0,0,0,0,13.0,1,0
0,0,0,0,9.0,1,0
0,0,0,0,16.0,1,0
0,0,0,0,10.0,1,0
0,0,0,0,11.333333333333334,1,0
0,0,0,0,20.0,2,0
0,0,0,0,23.0,1,0
0,0,0,0,17.0,1,0
0,0,0,0,14.0,1,0
0,0,0,0,14.0,2,0
0,0,0,0,15.0,1,0
0,0,0,0,22.0,1,0
0,0,0,0,5.0,1,0
0,0,0,0,15.0,1,0
0,0,0,0,10.0,1,0
0,0,0,0,13.0,1,0
0,0,0,0,18.0,1,0
0,0,0,0,14.0,1,0
0,0,0,0,13.0,1,0
0,0,0,0,9.0,1,0
0,0,0,0,0.0,1,0
0,0,0,0,8.0,1,0
0,0,0,0,20.0,1,0
0,0,0,0,6.0,1,0
0,0,0,0,0.0,1,0
0,0,0,0,16.0,1,0
0,0,0,0,23.0,1,0
0,0,0,0,11.0,1,0
0,0,0,0,14.0,1,0
0,0,0,0,17.0,1,0
0,0,0,0,17.0,1,0
0,0,0,0,2.0,1,0
0,0,0,0,1.0,1,0
0,0,0,0,1.0,1,0
0,0,0,0,18.0,1,0
0,0,0,0,23.0,1,0
0,0,0,0,19.25,3,0
0,0,0,0,9.0,2,0
0,0,0,0,0.0,1,0
0,0,0,0,9.0,1,0
0,0,0,0,21.0,1,0
0,0,0,0,21.0,1,0
0,0,0,0,8.0,1,0
0,0,0,0,23.0,1,0
0,0,0,0,23.0,1,0
0,0,0,0,9.0,1,0
0,0,0,0,11.0,1,0
0,0,0,0,1.0,1,0
0,0,0,0,20.0,1,0
0,0,0,0,0.0,1,0
0,0,0,0,23.0,1,0
0,0,0,0,23.0,1,0
0,0,0,0,1.0,1,0
0,0,0,0,22.0,1,0
0,0,0,0,20.0,1,0
0,0,0,0,16.0,1,0
0,0,0,0,13.0,1,0
0,0,0,0,2.0,1,0
0,0,0,0,18.0,1,0
0,0,0,0,10.0,1,0
0,0,0,0,1.0,1,0
0,0,0,0,0.0,1,0
0,0,0,0,14.5,2,0
0,0,0,0,21.0,1,0
0,0,0,0,10.0,1,0
0,0,0,0,10.0,1,0
0,0,0,0,8.0,1,0
0,0,0,0,12.0,1,0
0,0,0,0,10.0,1,0
0,0,0,0,10.0,1,0
0,0,0,0,18.4,2,0
0,0,0,0,8.0,1,0
0,0,0,0,17.0,1,0
0,0,0,0,12.0,1,0
0,0,0,0,13.0,1,0
0,0,0,0,22.0,1,0
0,0,0,0,7.333333333333333,2,0
0,0,0,0,21.0,2,0
0,0,0,0,10.0,1,0
0,0,0,0,8.0,1,0
0,0,0,0,19.5,2,0
0,0,0,0,14.333333333333334,3,0
0,0,0,0,16.333333333333332,2,0
0,0,0,0,20.0,1,0
0,0,0,0,10.0,1,0
0,0,0,1,17.0,1,0
0,0,0,0,11.0,1,0
0,0,0,0,22.0,1,0
0,0,0,0,2.0,1,0
0,0,0,0,15.0,1,0
0,0,0,0,18.0,1,0
0,0,0,0,20.0,1,0
0,0,0,0,14.0,1,0
0,0,0,0,15.0,1,0
0,0,0,0,0.0,1,0
0,0,0,0,6.0,1,0
0,0,0,0,13.0,1,0
0,0,0,1,12.0,1,0
0,0,0,0,23.0,1,0
0,0,0,0,20.0,1,0
0,0,0,0,12.0,1,0
0,0,0,0,11.333333333333334,3,0
0,0,0,0,10.0,1,0
0,0,0,0,0.0,1,0
0,0,0,0,18.0,1,0
0,0,0,0,18.0,1,0
0,0,0,0,22.0,1,0
0,0,0,0,17.0,1,0
0,0,0,0,22.0,1,0
0,0,0,0,22.0,1,0
0,0,0,0,16.0,1,0
0,0,0,0,16.0,1,0
0,0,0,0,23.0,1,0
0,0,0,0,10.0,1,0
0,0,0,0,16.0,1,0
0,0,0,0,8.0,1,0
0,0,0,0,21.0,1,0
0,0,0,0,19.0,1,0
0,0,0,0,3.0,1,0
0,0,0,0,16.0,1,0
0,0,0,0,2.0,1,0
0,0,0,0,23.0,1,0
0,0,0,0,20.0,1,0
0,0,0,0,12.0,2,0
0,0,0,0,3.3333333333333335,2,0
0,0,0,0,20.0,3,0
0,0,0,0,12.5,2,0
0,0,0,0,19.0,1,0
0,0,0,0,16.5,4,0
0,0,0,0,22.0,1,0
0,0,0,0,16.0,3,0
0,0,0,0,22.0,1,0
0,0,0,0,22.0,1,0
0,0,0,0,15.0,1,0
0,0,0,0,21.0,1,0
0,0,0,0,19.0,1,0
0,0,0,0,11.0,1,0
0,0,0,0,17.0,1,0
0,0,0,0,22.0,1,0
0,0,0,0,21.0,1,0
0,0,0,0,23.0,1,0
0,0,0,0,11.5,2,0
0,0,0,0,16.0,1,0
0,0,0,0,19.0,1,0
0,0,0,0,0.0,1,0
0,0,0,0,12.25,3,0
0,0,0,0,13.545454545454545,7,0
0,0,0,0,14.333333333333334,6,0
0,0,0,0,16.666666666666668,3,0
0,0,0,0,0.0,1,0
0,0,0,0,9.0,1,0
0,0,0,0,13.25,3,0
0,0,0,0,17.0,1,0
0,0,0,0,17.0,1,0
0,0,0,0,20.0,1,0
0,0,0,0,18.0,1,0
0,0,0,0,4.0,1,0
0,0,0,0,0.0,1,0
0,0,0,0,8.0,1,0
0,0,0,0,7.0,1,0
0,0,0,0,21.0,1,0
0,0,0,0,2.0,1,0
0,0,0,0,8.0,1,0
0,0,0,0,22.0,1,0
0,0,0,0,19.0,1,0
0,0,0,0,23.0,1,0
0,0,0,0,0.0,1,0
0,0,0,0,8.0,1,0
0,0,0,0,14.0,1,0
0,0,0,0,7.0,1,0
0,0,0,0,23.0,1,0
0,0,0,0,19.0,1,0
0,0,0,0,11.0,1,0
0,0,0,0,9.0,1,0
0,0,0,0,9.0,1,0
0,0,0,0,23.0,1,0
0,0,0,0,23.0,1,0
0,0,0,1,15.0,1,0
0,0,0,0,11.0,1,0
0,0,0,0,10.5,2,0
0,0,0,0,20.0,1,0
0,0,0,0,1.5,2,0
0,0,0,0,10.0,3,0
0,0,0,0,20.75,3,0
0,0,0,0,19.0,1,0
0,0,0,0,17.0,2,0
0,0,0,0,16.0,4,0
0,0,0,0,17.0,1,0
0,0,0,0,21.0,1,0
0,0,0,0,3.0,1,0
0,0,0,0,22.0,1,0
0,0,0,0,19.0,1,0
0,0,0,0,0.0,1,0
0,0,0,0,22.0,1,0
0,0,0,0,18.0,1,0
0,0,0,0,8.0,1,0
0,0,0,0,17.0,1,0
0,0,0,0,21.0,1,0
0,0,0,0,12.0,1,0
0,0,0,0,22.0,1,0
0,0,0,0,15.0,1,0
0,0,0,0,14.0,1,0
0,0,0,0,8.0,2,0
0,0,0,0,16.0,1,0
0,0,0,0,3.0,1,0
0,0,0,0,17.666666666666668,3,0
0,0,0,0,8.0,1,0
0,0,0,0,13.0,1,0
0,0,0,0,0.0,1,0
0,0,0,0,21.5,2,0
0,0,0,0,17.0,2,0
0,0,0,0,4.0,1,0
0,0,0,0,21.0,1,0
0,0,0,0,22.0,1,0
0,0,0,0,5.333333333333333,2,0
0,0,0,0,21.0,1,0
0,0,0,0,15.0,1,0
0,0,0,0,11.0,2,0
0,0,0,0,23.0,1,0
0,0,0,0,22.0,1,0
0,0,0,0,16.0,2,0
0,0,0,0,15.5,2,0
0,0,0,1,19.75,4,0
0,0,0,0,18.0,2,0
0,0,0,0,19.0,1,0
0,0,0,0,2.0,1,0
0,0,0,0,1.0,1,0
0,0,0,0,15.0,1,0
0,0,0,0,18.0,1,0
0,0,0,0,2.0,1,0
0,0,0,0,19.0,1,0
0,0,0,0,10.0,1,0
0,0,0,0,23.0,1,0
0,0,0,0,19.714285714285715,5,0
0,0,0,0,20.666666666666668,2,0
0,0,0,0,14.0,1,0
0,0,0,0,20.0,1,0
0,0,0,0,15.0,1,0
0,0,0,0,2.0,1,0
0,0,0,0,18.0,1,0
0,0,0,0,12.0,1,0
0,0,0,0,19.0,1,0
0,0,0,0,17.0,1,0
0,0,0,0,18.0,1,0
0,0,0,1,15.4,3,0
0,0,0,0,19.75,7,1
0,0,0,0,14.8,9,0
0,0,0,0,16.0,10,0
0,0,0,0,12.666666666666666,3,0
0,0,0,0,21.0,1,0
0,0,0,0,23.0,1,0
0,0,0,0,18.0,2,0
0,0,0,0,15.0,1,0
0,0,0,0,17.0,1,0
0,0,0,0,14.0,1,0
0,0,0,0,7.0,1,0
0,0,0,0,2.0,2,0
0,0,0,0,14.25,4,0
0,0,0,4,7.0,1,0
0,0,0,0,11.0,1,0
0,0,0,0,7.0,1,0
0,0,0,0,1.5,2,0
0,0,0,0,16.0,1,0
0,0,0,0,3.0,1,0
0,0,0,0,14.0,1,0
0,0,0,3,19.0,1,0
0,0,0,0,14.0,1,0
0,0,0,0,0.0,1,0
0,0,0,0,2.0,1,0
0,0,0,0,22.0,1,0
0,0,0,0,21.0,1,0
0,0,0,0,17.0,3,0
0,0,0,0,1.0,1,0
0,0,0,0,14.0,1,0
0,0,0,0,18.0,1,0
0,0,0,0,12.75,2,0
0,0,0,0,17.0,1,0
0,0,0,1,7.0,1,0
0,0,0,0,23.0,1,0
0,0,0,5,23.0,1,0
0,0,0,0,11.0,1,0
0,0,0,10,22.0,3,0
0,0,0,0,19.0,1,0
0,0,0,0,19.0,1,0
0,0,0,0,2.0,1,0
0,0,0,0,12.0,1,0
0,0,0,0,18.5,2,0
0,0,0,0,14.0,1,0
0,0,0,0,13.0,2,0
0,0,0,0,12.5,3,0
0,0,0,0,17.25,3,0
0,0,0,0,7.0,1,0
0,0,0,0,14.0,1,0
0,0,0,0,17.0,1,0
0,0,0,0,17.0,1,0
0,0,0,0,23.0,1,0
0,0,0,0,15.0,1,0
0,0,0,0,19.0,1,0
0,0,0,0,21.0,1,0
0,0,0,0,13.0,1,0
0,0,0,0,19.0,1,0
0,0,0,0,9.0,1,0
0,0,0,0,16.0,1,0
0,0,0,0,16.5,2,0
0,0,0,0,9.0,1,0
0,0,0,0,1.0,1,0
0,0,0,0,14.0,1,0
0,0,0,0,18.333333333333332,2,0
0,0,0,0,5.0,1,0
0,0,0,0,20.0,1,0
0,0,0,0,17.0,1,0
0,0,0,0,6.0,1,0
0,0,0,0,15.0,1,0
0,0,0,0,20.0,1,0
0,0,0,0,1.0,1,0
0,0,0,0,14.0,1,0
0,0,0,0,1.0,1,0
0,0,0,0,10.0,2,0
0,0,0,0,22.0,1,0
0,0,0,0,5.333333333333333,2,0
0,0,0,0,23.0,1,0
0,0,0,0,15.0,1,0
0,0,0,0,17.0,1,0
0,0,0,0,12.0,1,0
0,0,0,0,20.0,1,0
0,0,0,0,19.0,1,0
0,0,0,0,22.0,1,0
0,0,0,0,10.0,1,0
0,0,0,0,17.0,1,0
0,0,0,0,20.5,2,0
0,0,0,0,15.333333333333334,6,0
0,0,0,0,15.0,2,0
0,0,0,0,15.333333333333334,5,0
0,0,0,0,16.0,2,0
0,0,0,0,15.0,4,0
0,0,0,0,16.666666666666668,3,0
0,0,0,0,11.666666666666666,6,0
0,0,0,0,15.0,3,0
0,0,0,0,20.0,1,0
0,0,0,0,21.0,1,0
0,0,0,0,3.0,1,0
0,0,0,0,18.0,1,0
0,0,0,0,0.0,1,0
0,0,0,0,17.0,2,0
0,0,0,0,17.75,2,0
0,0,0,0,22.0,1,0
0,0,0,0,10.0,1,0
0,0,0,0,0.0,1,0
0,0,0,0,16.0,1,0
0,0,0,0,13.0,1,0
0,0,0,0,4.0,1,0
0,0,0,0,13.166666666666666,5,0
0,0,0,0,17.0,1,0
0,0,0,0,18.0,2,0
0,0,0,0,15.0,2,0
0,3,0,0,8.0,1,0
0,0,0,0,17.0,1,0
0,0,0,0,17.0,1,0
0,0,0,0,18.0,1,0
0,0,0,0,23.0,1,0
0,0,0,0,12.0,1,0
0,0,0,0,14.0,1,0
0,0,0,0,6.0,1,0
0,0,0,0,14.0,1,0
0,0,0,0,22.0,1,0
0,0,0,0,11.0,1,0
0,0,0,0,22.0,1,0
0,0,0,0,17.0,1,0
0,0,0,5,19.5,2,0
0,0,0,0,16.0,1,0
0,0,0,0,5.0,2,0
0,0,0,0,13.714285714285714,9,1
0,0,0,0,16.625,8,0
0,0,0,0,14.5,5,0
0,0,0,0,13.0,1,0
0,0,0,0,22.0,2,0
0,0,0,0,19.0,2,0
0,0,0,0,22.666666666666668,3,0
0,0,0,0,23.0,1,0
0,0,0,0,13.666666666666666,3,0
0,0,0,0,3.0,1,0
0,0,0,0,9.0,1,0
0,0,0,0,12.0,1,0
0,0,0,0,8.0,1,0
0,0,0,0,20.0,1,0
0,0,0,0,7.0,1,0
0,0,0,0,14.0,1,0
0,0,0,0,23.0,1,0
0,0,0,0,12.0,1,0
0,0,0,0,2.0,1,0
0,0,0,0,20.0,2,0
0,0,0,0,16.428571428571427,6,0
0,0,0,0,11.4,5,0
0,0,0,0,10.428571428571429,6,0
0,0,0,0,7.0,1,0
0,0,0,0,21.0,1,0
0,0,0,0,11.0,1,0
0,0,0,0,16.0,1,0
0,0,0,0,9.0,2,0
0,0,0,0,18.0,4,0
0,0,0,0,0.0,1,0
0,0,0,0,23.0,1,0
0,0,0,0,18.75,2,0
0,0,0,0,11.4,3,0
0,0,0,0,7.0,1,0
0,0,0,1,4.0,2,0
0,0,0,0,18.0,1,0
0,0,0,0,2.0,1,0
0,0,0,0,10.0,1,0
0,0,0,0,23.0,1,0
0,0,0,0,0.0,1,0
0,0,0,0,11.7,9,0
0,0,0,0,19.0,1,0
0,0,0,0,22.0,1,0
0,0,0,0,22.0,1,0
0,0,0,0,10.5,2,0
0,0,0,0,19.0,2,0
0,0,0,0,9.666666666666666,5,0
0,0,0,0,16.0,1,0
0,0,0,0,9.0,1,0
0,0,0,0,19.0,1,0
0,0,0,0,17.666666666666668,2,0
0,0,0,1,13.0,1,0
0,0,0,0,1.0,1,0
0,0,0,0,12.0,1,0
0,0,0,0,12.0,2,0
0,0,0,0,20.0,1,0
0,0,0,0,23.0,1,0
0,0,0,0,10.0,2,0
0,0,0,0,17.0,2,0
0,0,0,0,11.0,1,0
0,0,0,0,4.8,3,0
0,0,0,0,9.0,2,0
0,0,0,0,13.0,2,0
0,0,0,0,18.5,6,0
0,0,0,0,23.0,1,0
0,0,0,0,21.0,1,0
0,0,0,0,8.0,1,0
0,0,0,0,5.0,1,0
0,0,0,0,13.0,1,0
0,0,0,0,0.0,1,0
0,0,0,0,7.0,1,0
0,0,0,0,8.0,1,0
0,0,0,0,13.0,1,0
0,0,0,0,10.0,1,0
0,0,0,0,21.0,1,0
0,0,0,0,11.0,1,0
0,0,0,0,7.0,1,0
0,0,0,0,1.0,2,0
0,0,0,0,15.5,2,0
0,0,0,0,8.5,3,0
0,0,0,0,15.0,1,0
0,0,0,0,21.0,2,0
0,0,0,0,15.5,2,0
0,0,0,0,16.4,3,0
0,0,0,0,13.666666666666666,2,0
0,0,0,0,9.666666666666666,2,0
0,0,0,0,0.0,1,0
0,0,0,0,4.5,2,0
0,0,0,0,18.0,1,0
0,0,0,0,23.0,1,0
0,0,0,0,22.0,1,0
0,0,0,0,21.0,1,0
0,0,0,0,3.0,1,0
0,0,0,0,20.0,1,0
0,0,0,0,18.0,1,0
0,0,0,0,17.0,1,0
0,0,0,0,20.0,1,0
0,0,0,0,14.5,2,0
0,0,0,0,14.5,2,0
0,0,0,0,22.0,1,0
0,0,0,0,15.0,1,0
0,0,0,0,6.0,1,0
0,0,0,0,2.0,1,0
0,0,0,0,8.0,1,0
0,0,0,0,11.0,1,0
0,0,0,0,0.0,1,0
0,0,0,0,5.0,1,0
0,0,0,0,18.5,2,0
0,0,0,0,21.666666666666668,2,0
0,0,0,0,20.333333333333332,2,0
0,0,0,0,14.333333333333334,3,0
0,0,0,0,16.0,1,0
0,0,0,0,17.0,1,0
0,0,0,0,7.5,2,0
0,0,0,0,12.0,1,0
0,0,0,0,20.0,1,0
0,0,0,0,21.0,1,0
0,0,0,0,14.0,2,0
0,0,0,0,17.0,3,0
0,0,0,0,15.0,1,0
0,0,0,0,22.0,1,0
0,0,0,0,10.5,2,0
0,0,0,0,22.5,2,0
0,0,0,0,8.0,3,0
0,0,0,0,15.333333333333334,3,0
0,0,0,0,12.0,2,0
0,0,0,0,12.375,6,0
0,0,0,0,14.5,2,0
0,0,0,0,10.0,5,0
0,0,0,0,14.0,4,0
0,0,0,0,9.0,1,0
0,0,0,0,8.0,1,0
0,0,0,0,8.0,1,0
0,0,0,0,17.0,1,0
0,0,0,0,7.0,1,0
0,0,0,0,10.0,1,0
0,0,0,0,7.0,1,0
0,0,0,0,21.0,1,0
0,0,0,1,14.0,1,0
0,0,0,0,8.0,1,0
0,0,0,0,0.0,1,0
0,0,0,0,21.0,1,0
0,0,0,0,0.0,1,0
0,0,0,0,14.0,1,0
0,0,0,0,8.0,1,0
0,0,0,0,21.0,1,0
0,0,0,0,23.0,1,0
0,0,0,0,10.0,1,0
0,0,0,0,15.0,1,0
0,0,0,0,13.0,1,0
0,0,0,0,0.0,1,0
0,0,0,0,23.0,1,0
0,0,0,0,16.8,2,0
0,0,0,0,9.0,1,0
0,0,0,0,13.0,1,0
0,0,0,1,16.0,1,0
0,0,0,0,16.0,1,0
0,0,0,0,2.0,1,0
0,0,0,0,20.0,1,0
0,0,0,0,12.0,1,0
0,0,0,0,16.0,1,0
0,0,0,0,12.0,1,0
0,0,0,0,0.0,1,0
0,0,0,0,0.0,1,0
0,0,0,11,21.272727272727273,4,0
0,0,0,0,19.0,1,0
0,0,0,0,14.0,1,0
0,0,0,0,12.0,1,0
0,0,0,0,13.0,1,0
0,0,0,0,9.0,1,0
0,0,0,0,20.0,1,0
0,0,0,0,17.0,1,0
0,0,0,0,17.0,1,0
0,0,0,0,12.0,1,0
0,0,0,0,18.0,1,0
0,0,0,0,11.0,1,0
0,0,0,0,12.0,1,0
0,0,0,0,17.0,1,0
0,0,0,0,15.25,2,0
0,0,0,0,18.0,1,0
0,0,0,0,12.0,1,0
0,0,0,0,13.142857142857142,3,0
0,0,0,0,16.0,1,0
0,0,0,0,12.0,1,0
0,0,0,0,17.0,1,0
0,0,0,0,20.0,1,0
0,0,0,0,9.0,2,0
0,0,0,0,15.0,2,0
0,0,0,0,23.0,1,0
0,0,0,0,16.0,1,0
0,0,0,0,12.0,1,0
0,0,0,0,16.0,1,0
0,0,0,0,15.0,1,0
0,0,0,0,15.0,1,0
0,0,0,0,9.0,1,0
0,0,0,0,21.0,1,0
0,0,0,2,23.0,1,0
0,0,0,0,9.428571428571429,2,0
0,0,0,0,16.0,2,0
0,0,0,0,4.25,2,0
0,0,0,0,2.0,1,0
0,0,0,0,11.75,3,0
0,0,0,0,20.8,2,0
0,0,0,0,14.0,1,0
0,0,0,0,15.0,1,0
0,0,0,0,11.0,1,0
0,0,0,0,1.0,1,0
0,0,0,0,11.0,1,0
0,0,0,0,19.0,1,0
0,0,0,0,17.0,1,0
0,0,0,0,9.0,1,0
0,0,0,0,12.0,2,0
0,0,0,0,13.6,3,0
0,0,0,0,14.142857142857142,4,0
0,0,0,0,23.0,2,0
0,0,0,0,17.0,1,0
0,0,0,0,18.0,1,0
0,0,0,0,14.0,1,0
0,0,0,0,10.0,1,0
0,0,0,0,19.75,2,0
0,0,0,5,22.0,1,0
0,0,0,0,6.0,1,0
0,0,0,0,4.0,1,0
0,0,0,0,12.0,1,0
0,0,0,0,15.0,1,0
0,0,0,0,21.0,1,0
0,0,0,0,18.0,1,0
0,0,0,0,9.0,1,0
0,0,0,0,14.0,1,0
0,0,0,0,13.0,1,0
0,0,0,0,16.0,1,0
0,0,0,0,19.0,1,0
0,0,0,0,18.0,1,0
0,0,0,0,16.0,1,0
0,0,0,0,21.0,1,0
0,0,0,0,16.0,1,0
0,0,0,0,9.0,1,0
0,0,0,0,10.0,1,0
0,0,0,0,10.0,1,0
0,0,0,0,10.0,1,0
0,0,0,0,22.0,1,0
0,0,0,0,18.0,1,0
0,0,0,0,6.0,1,0
0,0,0,0,11.0,1,0
0,0,0,0,9.0,1,0
0,0,0,0,7.0,1,0
0,0,0,0,23.0,1,0
0,0,0,0,16.0,1,0
0,0,0,0,23.0,1,0
0,0,0,0,11.0,4,0
0,0,0,0,13.0,2,0
0,0,0,0,9.25,4,0
0,0,0,0,12.5,3,0
0,0,0,0,11.333333333333334,3,0
0,0,0,0,8.0,1,0
0,0,0,0,5.5,2,0
0,0,0,0,12.0,1,0
0,0,0,0,13.0,1,0
0,0,0,0,22.0,1,0
0,0,0,0,11.0,1,0
0,0,0,0,9.0,2,0
0,0,0,0,16.5,2,0
0,0,0,0,11.0,1,0
0,0,0,0,11.0,1,0
0,0,0,0,2.0,1,0
0,0,0,0,23.0,1,0
0,0,0,0,12.0,1,0
0,0,0,0,11.666666666666666,8,0
0,0,0,0,10.0,1,0
0,0,0,0,5.666666666666667,3,0
0,0,0,0,12.2,5,0
0,0,0,0,21.0,2,0
0,0,0,0,20.0,1,0
0,0,0,0,10.0,1,0
0,0,0,0,16.0,1,0
0,0,0,0,17.0,1,0
0,0,0,0,8.0,3,0
0,0,0,0,8.0,1,0
0,0,0,0,22.0,1,0
0,0,0,0,12.0,1,0
0,0,0,0,0.0,1,0
0,0,0,0,6.0,1,0
0,0,0,1,8.0,1,0
0,0,0,0,7.0,1,0
0,0,0,2,10.5,2,0
0,0,0,1,7.5,2,0
0,0,0,2,9.166666666666666,5,0
0,0,0,2,11.333333333333334,3,0
0,0,0,0,9.0,1,0
0,0,0,2,7.666666666666667,2,0
0,0,0,1,9.0,2,0
0,0,0,3,9.666666666666666,3,0
0,0,0,0,9.0,1,0
0,0,0,0,14.0,1,0
0,0,0,1,15.0,1,0
0,0,0,1,14.0,1,0
0,0,0,1,16.0,1,0
0,0,0,0,14.0,1,0
0,0,0,0,11.0,1,0
0,0,0,3,12.0,3,0
0,0,0,0,10.0,1,0
0,0,0,0,8.0,1,0
0,0,0,1,13.0,1,0
0,0,0,0,13.0,1,0
0,0,0,0,8.0,1,0
0,0,0,1,8.0,1,0
0,0,0,1,9.0,1,0
0,0,0,0,11.0,1,0
0,0,0,0,7.0,1,0
0,0,0,0,16.0,1,0
0,0,0,0,10.0,1,0
0,0,0,0,9.0,1,0
0,0,0,0,9.0,1,0
0,0,0,0,3.0,1,0
0,0,0,0,23.0,1,0
0,0,0,0,11.0,1,0
0,0,0,0,23.0,1,0
0,0,0,0,18.0,1,0
0,0,0,0,23.0,1,0
0,0,0,0,8.0,1,0
0,0,0,0,11.0,1,0
0,0,0,0,8.0,1,0
0,0,0,0,23.0,1,0
0,0,0,0,8.0,1,0
0,0,0,0,9.0,1,0
0,0,0,0,18.0,2,0
0,0,0,0,20.0,1,0
0,0,0,0,14.0,1,0
0,0,0,0,23.0,1,0
0,0,0,0,17.0,1,0
0,0,0,0,22.0,1,0
0,0,0,0,16.0,1,0
0,0,0,0,13.0,1,0
0,0,0,0,22.0,1,0
0,0,0,0,20.0,1,0
0,0,0,0,16.0,1,0
0,0,0,0,11.0,1,0
0,0,0,0,11.0,1,0
0,0,0,0,1.0,1,0
0,0,0,0,23.0,1,0
0,0,0,0,23.0,1,0
0,0,0,0,18.0,1,0
0,0,0,0,15.0,1,0
0,0,0,0,8.0,1,0
0,0,0,0,8.0,1,0
0,0,0,0,18.0,1,0
0,0,0,0,11.5,2,0
0,0,0,0,9.0,1,0
0,0,0,0,9.0,1,0
0,0,0,0,14.0,1,0
0,0,0,0,21.0,1,0
0,0,0,0,7.0,1,0
0,0,0,0,10.0,1,0
0,0,0,0,20.0,1,0
0,0,0,0,10.0,1,0
0,0,0,0,23.0,1,0
0,0,0,0,14.5,2,0
0,0,0,0,17.0,1,0
0,0,0,0,4.0,1,0
0,0,0,0,15.0,3,0
0,0,0,0,23.0,1,0
0,0,0,0,19.0,1,0
0,0,0,0,17.0,1,0
0,0,0,0,14.0,1,0
0,0,0,0,18.0,1,0
0,0,0,0,10.0,1,0
0,0,0,0,2.0,1,0
0,0,0,0,7.0,1,0
0,0,0,0,8.0,1,0
0,0,0,0,13.0,1,0
0,0,0,0,20.0,1,0
0,0,0,0,19.0,1,0
0,0,0,0,4.0,2,0
0,0,0,0,10.0,1,0
0,0,0,0,7.0,1,0
0,0,0,0,6.0,1,0
0,0,0,0,16.0,1,0
0,0,0,0,10.0,1,0
0,0,0,0,18.0,1,0
0,0,0,0,10.0,1,0
0,0,0,0,20.0,1,0
0,0,0,0,13.0,1,0
0,0,0,0,1.0,1,0
0,0,0,0,22.0,1,0
0,0,0,0,9.0,1,0
0,0,0,0,20.0,1,0
0,0,0,0,23.0,1,0
0,0,0,0,23.0,1,0
0,0,0,0,23.0,1,0
0,0,0,0,3.0,1,0
0,0,0,0,2.0,1,0
0,0,0,0,21.0,1,0
0,0,0,0,2.0,1,0
0,0,0,0,6.0,1,0
0,0,0,0,22.0,1,0
0,0,0,0,16.0,1,0
0,0,0,0,13.0,1,0
0,0,0,0,22.0,1,0
0,0,0,0,23.0,1,0
0,0,0,0,22.0,1,0
0,0,0,0,13.0,1,0
0,0,0,0,17.0,1,0
0,0,0,0,17.0,1,0
0,0,0,0,22.0,1,0
0,0,0,0,21.0,1,0
0,0,0,0,23.0,1,0
0,0,0,0,0.0,1,0
0,0,0,0,17.0,1,0
0,0,0,0,23.0,1,0
0,0,0,0,22.0,1,0
0,0,0,0,0.0,1,0
0,0,0,0,1.0,1,0
0,0,0,0,23.0,1,0
0,0,0,0,9.0,1,0
0,0,0,0,8.0,1,0
0,0,0,3,23.0,1,0
0,0,0,0,10.0,1,0
0,0,0,0,10.0,1,0
0,0,0,0,12.0,1,0
0,0,0,0,1.0,1,0
0,0,0,0,8.0,1,0
0,0,0,0,17.0,1,0
0,0,0,0,6.0,1,0
0,0,0,0,20.0,1,0
0,0,0,0,21.0,1,0
0,0,0,0,15.0,1,0
0,0,0,0,6.0,1,0
0,0,0,0,11.0,1,0
0,0,0,0,8.0,1,0
0,0,0,0,7.0,1,0
0,0,0,0,19.0,1,0
0,0,0,0,20.0,1,0
0,0,0,0,22.0,1,0
0,0,0,0,13.0,1,0
0,0,0,0,3.0,1,0
0,0,0,0,10.0,1,0
0,0,0,0,11.0,1,0
0,0,0,0,18.0,1,0
0,0,0,0,11.0,1,0
0,0,0,1,6.0,1,0
0,0,0,0,21.0,1,0
0,0,0,0,16.0,1,0
0,0,0,0,17.0,1,0
0,0,0,0,13.0,1,0
0,0,0,0,13.0,1,0
0,0,0,0,14.0,1,0
0,0,0,0,9.0,1,0
0,0,0,0,9.0,1,0
0,0,0,0,23.0,1,0
0,0,0,0,3.0,1,0
0,0,0,0,16.0,1,0
0,0,0,0,1.0,1,0
0,0,0,0,9.0,1,0
0,0,0,0,11.0,1,0
0,0,0,0,19.0,1,0
0,0,0,2,11.0,1,0
0,0,0,0,17.0,1,0
0,0,0,0,6.0,1,0
0,0,0,0,1.0,1,0
0,0,0,0,10.0,1,0
0,0,0,0,19.0,1,0
0,0,0,0,7.0,1,0
0,0,0,0,0.0,1,0
0,0,0,0,18.0,1,0
0,0,0,0,1.0,1,0
0,0,0,0,9.0,1,0
0,0,0,0,22.0,1,0
0,0,0,0,9.0,1,0
0,0,0,0,21.0,1,0
0,0,0,0,0.0,1,0
0,0,0,0,8.0,1,0
0,0,0,0,14.0,1,0
0,0,0,0,22.0,1,0
0,0,0,0,3.0,1,0
0,0,0,0,23.0,1,0
0,0,0,0,23.0,1,0
0,0,0,0,21.0,1,0
0,0,0,0,14.0,1,0
0,0,0,0,9.0,1,0
0,0,0,0,14.0,1,0
0,0,0,0,20.0,1,0
0,0,0,0,16.0,1,0
0,0,0,0,1.0,1,0
0,0,0,0,21.0,1,0
0,0,0,0,1.2,2,0
0,0,0,0,12.0,1,0
0,0,0,0,6.0,1,0
0,0,0,0,8.0,1,0
0,0,0,0,7.5,2,0
0,0,0,0,10.0,1,0
0,0,0,0,13.0,1,0
0,0,0,0,0.0,1,0
0,0,0,0,9.0,1,0
0,0,0,0,19.0,1,0
0,0,0,0,20.0,1,0
0,0,0,0,21.0,1,0
0,0,0,0,18.0,1,0
0,0,0,0,18.0,1,0
0,0,0,0,12.0,1,0
0,0,0,0,22.0,1,0
0,0,0,0,22.0,1,0
0,0,0,0,21.0,1,0
0,0,0,0,3.0,1,0
0,0,0,0,5.5,2,0
0,0,0,0,11.0,2,0
0,0,0,0,20.0,2,0
0,0,0,0,22.0,1,0
0,0,0,0,12.0,1,0
0,0,0,0,12.0,4,0
0,0,0,0,17.0,1,0
0,0,0,0,6.5,2,0
0,0,0,0,16.0,1,0
0,0,0,0,0.0,1,0
0,0,0,0,23.0,1,0
0,0,0,0,9.0,2,0
0,0,0,0,13.0,1,0
0,0,0,1,15.75,3,0
0,0,0,0,17.5,2,0
0,0,0,0,9.0,2,0
0,0,0,0,5.0,1,0
0,0,0,0,0.0,1,0
0,0,0,0,0.0,1,0
0,0,0,0,22.0,1,0
0,0,0,0,22.0,1,0
0,0,0,0,13.333333333333334,3,0
0,0,0,0,12.0,1,0
0,0,0,0,15.0,1,0
0,0,0,0,15.25,4,0
0,0,0,0,2.0,1,0
0,0,0,0,1.0,1,0
0,0,0,0,17.2,5,0
0,0,0,0,5.333333333333333,2,0
0,0,0,0,7.333333333333333,3,0
0,0,0,0,8.0,1,0
0,0,0,0,18.0,1,0
0,0,0,0,1.3333333333333333,2,0
0,0,0,0,12.0,2,0
0,0,0,0,23.0,1,0
0,0,0,0,12.5,2,0
0,0,0,0,1.0,1,0
0,0,0,0,17.0,1,0
0,0,0,0,13.0,2,0
0,0,0,0,7.0,1,0
0,0,0,0,23.0,1,0
0,0,0,0,1.0,1,0
0,0,0,0,13.25,5,0
0,0,0,0,14.0,1,0
0,0,0,0,17.666666666666668,3,0
0,0,0,0,9.0,1,0
0,0,0,0,1.0,1,0
0,0,0,0,20.666666666666668,3,0
0,0,0,0,15.0,4,0
0,0,0,5,3.6666666666666665,2,0
0,0,0,0,9.0,4,0
0,0,0,0,9.0,1,0
0,0,0,0,12.785714285714286,10,1
0,0,0,0,12.5,7,0
0,0,0,0,15.833333333333334,6,0
0,0,0,0,8.5,3,0
0,0,0,0,12.5,2,0
0,0,0,0,13.75,4,0
0,0,0,0,9.0,2,0
0,0,0,0,16.0,2,0
0,0,0,0,14.75,4,0
0,0,0,0,17.0,1,0
0,0,0,0,12.666666666666666,3,0
0,0,0,0,19.5,2,0
0,0,0,0,17.6,3,0
0,0,0,0,7.0,1,0
0,0,0,0,19.0,1,0
0,0,0,0,10.0,1,0
0,0,0,0,11.0,1,0
0,0,0,0,12.0,1,0
0,0,0,0,15.0,1,0
0,0,0,0,10.666666666666666,2,0
0,0,0,0,10.0,3,0
0,0,0,0,12.0,1,0
0,0,0,0,15.5,2,0
0,0,0,0,13.5,3,0
0,0,0,0,13.5,2,0
0,0,0,0,12.75,4,0
0,0,0,0,13.6,4,0
0,0,0,0,16.8,4,0
0,0,0,0,14.0,1,0
0,0,0,0,12.142857142857142,5,0
0,0,0,0,12.0,2,0
0,0,0,0,12.571428571428571,4,0
0,0,0,0,15.666666666666666,3,0
0,0,0,0,14.23076923076923,12,1
0,0,0,0,13.0,8,1
0,0,0,0,12.6,8,1
0,0,0,0,7.444444444444445,7,0
0,0,0,0,12.578947368421053,12,1
0,0,0,0,11.8,5,0
0,0,0,0,13.857142857142858,6,0
0,0,0,0,17.0,2,0
0,0,0,0,11.0,2,0
0,0,0,0,20.0,1,0
0,0,0,0,2.0,1,0
0,0,0,0,17.0,1,0
0,0,0,1,21.0,1,0
0,0,0,0,9.0,1,0
0,0,0,0,10.666666666666666,2,0
0,0,0,0,17.0,2,0
0,0,0,0,5.333333333333333,2,0
0,0,0,0,9.0,1,0
0,0,0,0,10.0,1,0
0,0,0,0,11.0,2,0
0,0,0,0,16.0,1,0
0,0,0,0,8.0,2,0
0,0,0,0,10.666666666666666,12,1
0,0,0,0,15.777777777777779,6,0
0,0,0,0,18.357142857142858,9,1
0,0,0,0,16.5,9,1
0,0,0,0,10.875,6,0
0,0,0,0,12.4,3,0
0,0,0,3,13.0,4,0
0,0,0,0,16.125,7,0
0,0,0,0,11.571428571428571,5,0
0,0,0,0,16.3,10,0
0,0,0,0,14.142857142857142,5,0
0,0,0,0,17.0,4,0
0,0,0,0,8.0,1,0
0,0,0,0,15.0,2,0
0,0,0,0,3.5,2,0
0,0,0,0,10.0,3,0
0,0,0,0,11.833333333333334,4,0
0,0,0,0,11.0,2,0
0,0,0,0,7.0,2,0
0,0,0,0,17.0,1,0
0,0,0,0,2.0,1,0
0,0,0,0,3.0,1,0
0,0,0,0,21.0,1,0
0,0,0,0,13.0,1,0
0,0,0,0,16.0,1,0
0,0,0,0,23.0,1,0
0,0,0,0,17.0,1,0
0,0,0,0,18.0,1,0
0,0,0,0,19.0,1,0
0,0,0,0,4.0,1,0
0,0,0,0,22.0,1,0
0,0,0,0,22.0,1,0
0,0,0,0,4.0,1,0
0,0,0,0,22.0,1,0
0,0,0,0,0.0,1,0
0,0,0,0,16.0,1,0
0,0,0,0,14.0,2,0
0,0,0,0,22.0,1,0
0,0,0,0,13.0,1,0
0,0,0,0,16.0,1,0
0,0,0,0,15.0,1,0
0,0,0,0,18.0,1,0
0,0,0,0,17.0,1,0
0,0,0,0,15.0,1,0
0,0,0,0,12.333333333333334,3,0
0,0,0,0,20.0,1,0
0,0,0,0,10.0,1,0
0,0,0,0,12.0,1,0
0,0,0,0,17.0,1,0
0,0,0,0,10.0,1,0
0,0,0,0,21.0,1,0
0,0,0,0,15.0,1,0
0,0,0,0,9.0,3,0
0,0,0,0,8.0,1,0
0,0,0,0,15.2,4,0
0,0,0,0,9.0,2,0
0,0,0,0,16.0,1,0
0,0,0,0,17.75,3,0
0,0,0,0,9.0,2,0
0,0,0,0,15.0,1,0
0,0,0,0,17.0,1,0
0,0,0,0,4.5,2,0
0,0,0,0,4.5,2,0
0,0,0,0,1.0,1,0
0,0,0,0,9.0,2,0
0,0,0,0,15.0,2,0
0,0,0,0,10.666666666666666,3,0
0,0,0,0,15.0,1,0
0,0,0,0,12.0,1,0
0,0,0,0,8.0,1,0
0,0,0,0,7.5,2,0
0,0,0,0,14.0,1,0
0,0,0,0,22.0,2,0
0,0,0,0,1.0,1,0
0,0,0,0,14.0,1,0
0,0,0,0,14.0,1,0
0,0,0,0,8.0,1,0
0,0,0,0,2.4,3,0
0,0,0,0,14.0,1,0
0,0,0,0,14.0,1,0
0,0,0,0,20.25,3,0
0,0,0,0,0.0,2,0
0,0,0,0,7.375,6,0
0,0,0,0,10.923076923076923,10,1
0,0,0,0,12.333333333333334,8,0
0,0,0,0,15.0,8,0
0,0,0,0,12.692307692307692,11,1
0,0,0,0,13.181818181818182,8,0
0,0,0,0,13.454545454545455,11,0
0,0,0,0,9.75,14,1
0,0,0,0,9.909090909090908,8,0
0,0,0,0,11.666666666666666,15,1
0,0,0,0,10.863636363636363,20,1
0,0,0,0,10.043478260869565,20,1
0,0,0,0,12.137931034482758,25,1
0,0,0,0,12.181818181818182,11,0
0,0,0,0,11.592592592592593,25,1
0,0,0,0,11.916666666666666,35,1
0,0,0,1,10.457142857142857,32,1
0,0,0,0,12.71111111111111,34,1
0,0,0,0,12.8,30,1
0,0,0,0,13.037037037037036,25,1
0,0,0,0,12.642857142857142,24,1
0,0,0,0,8.777777777777779,9,0
0,0,0,0,11.166666666666666,6,0
0,0,0,0,22.0,1,0
0,0,0,0,16.0,1,0
0,0,0,1,6.0,1,0
0,0,0,0,2.0,1,0
0,0,0,0,19.0,1,0
0,0,0,0,22.0,1,0
0,0,0,0,11.0,1,0
0,0,0,0,2.0,1,0
0,0,0,0,1.0,1,0
0,0,0,0,10.666666666666666,3,0
0,0,0,0,18.75,4,0
0,0,0,2,14.166666666666666,5,0
0,0,0,0,13.5,6,0
0,0,0,0,12.833333333333334,5,0
0,0,0,0,16.571428571428573,5,0
0,0,0,0,16.357142857142858,10,1
0,0,0,3,10.058823529411764,9,1
0,0,0,0,14.7,9,0
0,0,0,0,13.75,10,1
0,0,0,0,10.4,13,1
0,0,0,0,12.333333333333334,12,1
0,0,0,2,14.636363636363637,9,0
0,0,0,0,14.083333333333334,11,1
0,0,0,0,14.545454545454545,10,0
0,0,0,0,13.235294117647058,13,1
0,0,0,2,14.380952380952381,17,1
0,0,0,0,11.95,15,1
0,0,0,0,12.971428571428572,28,1
0,0,0,0,11.518518518518519,22,1
0,0,0,3,12.571428571428571,15,1
0,0,0,0,13.954545454545455,16,1
0,0,0,0,10.428571428571429,13,1
0,0,0,0,11.25,18,1
0,0,0,0,15.533333333333333,13,1
0,0,0,0,17.09090909090909,11,0
0,0,0,0,14.5,4,0
0,0,0,0,8.0,1,0
0,0,0,0,12.5,2,0
0,0,0,0,12.0,1,0
0,0,0,0,13.666666666666666,3,0
0,0,0,0,8.333333333333334,3,0
0,0,0,0,6.666666666666667,2,0
0,0,0,0,9.5,2,0
0,0,0,0,10.5,2,0
0,0,0,0,10.0,2,0
0,0,0,0,9.666666666666666,2,0
0,0,0,0,7.0,1,0
0,0,0,0,14.0,1,0
0,0,0,0,16.0,1,0
0,0,0,0,22.0,1,0
0,0,0,0,1.0,1,0
0,0,0,0,12.0,1,0
0,0,0,0,22.0,1,0
0,0,0,0,17.0,1,0
0,0,0,0,0.0,1,0
0,0,0,0,16.0,1,0
0,0,0,0,18.666666666666668,2,0
0,0,0,0,18.2,3,0
0,0,0,0,13.0,1,0
0,0,0,0,11.0,1,0
0,0,0,0,20.0,1,0
0,0,0,0,15.0,1,0
0,0,0,0,22.0,1,0
0,0,0,0,14.333333333333334,3,0
0,0,0,0,14.75,4,0
0,0,0,0,16.4,4,0
0,0,0,0,13.833333333333334,4,0
0,0,0,0,14.0,1,0
0,0,0,0,13.666666666666666,11,1
0,0,0,1,13.216216216216216,27,1
0,1,0,2,14.446808510638299,38,1
0,0,0,8,12.803030303030303,47,1
0,0,0,2,13.456521739130435,40,1
0,3,1,4,13.023809523809524,61,1
0,0,0,1,12.968253968253968,51,1
0,0,0,3,13.1875,51,1
0,3,0,0,13.311111111111112,37,1
0,0,0,1,13.53448275862069,50,1
0,0,0,0,14.0,41,1
0,0,0,0,13.571428571428571,45,1
0,0,0,1,13.263157894736842,35,1
0,0,0,0,13.03225806451613,29,1
0,0,0,0,15.894736842105264,16,1
0,0,0,0,12.133333333333333,13,1
0,0,0,1,11.666666666666666,13,1
0,0,0,0,13.294117647058824,15,1
0,0,0,0,9.933333333333334,12,1
0,0,0,0,13.705882352941176,10,1
0,0,0,0,10.0,16,1
0,0,0,0,14.8,4,0
0,0,0,0,2.0,1,0
0,0,0,0,2.0,1,0
0,0,0,0,22.0,1,0
0,0,0,0,3.0,1,0
0,0,0,0,21.0,1,0
0,0,0,0,13.0,1,0
0,0,0,0,19.0,1,0
0,0,0,0,23.0,1,0
0,0,0,0,1.0,1,0
0,0,0,0,22.0,1,0
0,0,0,0,0.0,1,0
0,0,0,0,0.0,1,0
0,0,0,0,18.0,1,0
0,0,0,0,23.0,1,0
0,0,0,0,12.0,1,0
0,0,0,0,22.0,1,0
0,0,0,0,19.0,1,0
0,0,0,0,14.0,1,0
0,0,0,0,2.0,2,0
0,0,0,0,1.0,1,0
0,0,0,0,16.0,1,0
0,0,0,0,21.0,1,0
0,0,0,0,9.0,1,0
0,0,0,0,23.0,1,0
0,0,0,0,17.0,1,0
0,0,0,0,22.0,2,0
0,0,0,0,20.0,1,0
0,0,0,0,21.0,1,0
0,0,0,0,16.0,1,0
0,0,0,0,22.0,1,0
0,0,0,0,3.0,1,0
0,0,0,0,0.0,1,0
0,0,0,0,2.0,1,0
0,0,0,0,12.0,2,0
0,0,0,0,15.5,2,0
0,0,0,0,13.857142857142858,4,0
0,0,0,0,10.428571428571429,6,0
0,0,0,7,11.80952380952381,13,1
0,0,0,0,14.545454545454545,18,1
0,0,0,1,12.282608695652174,35,1
0,0,0,0,11.157894736842104,15,1
0,0,0,1,12.837837837837839,34,1
0,0,0,0,14.76595744680851,35,1
0,0,0,0,12.86046511627907,33,1
0,0,0,0,10.804347826086957,38,1
0,0,0,0,13.404761904761905,37,1
0,0,0,1,11.90625,53,1
0,0,0,0,10.574468085106384,37,1
0,0,0,0,13.255813953488373,38,1
0,0,0,1,12.648148148148149,41,1
0,0,0,2,10.514285714285714,58,1
0,0,0,1,12.631578947368421,35,1
0,1,0,2,12.116883116883116,63,1
0,0,1,5,11.52,81,1
0,0,0,1,11.984615384615385,59,1
0,0,0,2,13.8,62,1
0,0,0,0,12.983870967741936,49,1
0,0,0,2,10.390243902439025,67,1
0,0,0,0,10.202898550724637,59,1
0,0,0,0,12.104166666666666,41,1
0,0,0,0,12.272727272727273,17,1
0,0,0,0,10.666666666666666,4,0
0,0,0,0,19.0,1,0
0,0,0,0,15.0,1,0
0,0,0,0,10.0,1,0
0,0,0,0,10.0,1,0
0,0,0,0,7.0,1,0
0,0,0,0,8.0,1,0
0,0,0,0,9.0,1,0
0,0,0,0,20.0,1,0
0,0,0,0,23.0,1,0
0,0,0,0,4.0,1,0
0,0,0,0,20.0,1,0
0,0,0,0,9.0,1,0
0,0,0,0,23.0,1,0
0,0,0,0,18.0,1,0
0,0,0,0,17.0,1,0
0,0,0,0,15.0,1,0
0,0,0,0,14.0,1,0
0,0,0,0,13.0,1,0
0,0,0,0,11.0,1,0
0,0,0,0,9.0,1,0
0,0,0,0,11.0,1,0
0,0,0,0,10.0,1,0
0,0,0,0,14.0,1,0
0,0,0,0,18.0,1,0
0,0,0,0,8.5,3,0
0,0,0,0,22.0,1,0
0,0,0,0,9.0,1,0
0,0,0,3,23.0,1,0
0,0,0,0,15.0,2,0
0,0,0,0,15.206896551724139,16,1
0,0,0,4,13.712121212121213,51,1
0,0,0,1,12.88888888888889,37,1
0,0,0,0,13.520833333333334,39,1
0,0,0,1,14.578947368421053,41,1
0,0,0,0,12.227848101265822,54,1
0,0,0,0,13.375,40,1
0,0,0,1,12.3125,34,1
0,0,0,5,14.065217391304348,34,1
0,0,0,0,15.526315789473685,22,1
0,0,0,0,13.84375,27,1
0,0,0,1,13.454545454545455,53,1
0,0,0,0,12.72972972972973,30,1
0,0,0,0,14.083333333333334,29,1
0,0,0,0,8.666666666666666,8,0
0,0,0,0,12.875,8,0
0,0,0,2,15.142857142857142,12,1
0,0,0,0,12.5,7,1
0,0,0,0,13.470588235294118,30,1
0,0,0,0,16.102040816326532,34,1
0,0,0,1,14.117647058823529,13,1
0,0,0,0,14.333333333333334,9,0
0,0,0,0,12.6,5,0
0,0,0,0,21.0,1,0
0,0,0,0,17.0,1,0
0,0,0,0,16.0,1,0
0,0,0,0,8.0,1,0
0,0,0,0,22.0,1,0
0,0,0,0,13.0,1,0
0,0,0,0,4.5,2,0
0,0,0,0,22.0,1,0
0,0,0,0,17.0,1,0
0,0,0,0,8.0,1,0
0,0,0,0,9.0,1,0
0,0,0,0,13.0,2,0
0,0,0,0,11.0,1,0
0,0,0,0,16.0,1,0
0,0,0,0,23.0,1,0
0,0,0,0,8.0,1,0
0,0,0,0,0.0,1,0
0,0,0,0,13.333333333333334,3,0
0,0,0,0,13.0,1,0
0,0,0,0,18.0,1,0
0,0,0,0,13.0,1,0
0,0,0,0,11.25,3,0
0,0,0,0,8.0,1,0
0,0,0,0,11.0,2,0
0,0,0,0,23.0,1,0
0,0,0,0,14.4,3,0
0,0,0,0,0.0,1,0
0,0,0,0,10.5,2,0
0,0,0,0,12.0,1,0
0,0,0,0,12.333333333333334,3,0
0,0,0,0,11.75,2,0
0,0,0,0,13.428571428571429,4,0
0,0,0,3,6.0,3,0
0,0,0,0,9.0,1,0
0,0,0,0,12.5,2,0
0,0,0,0,11.0,1,0
0,0,0,0,20.0,4,0
0,0,0,0,11.0,1,0
0,0,0,0,20.333333333333332,3,0
0,0,0,0,11.0,1,0
0,0,0,0,20.0,2,0
0,0,0,0,9.0,1,0
0,0,0,0,13.5,2,0
0,0,0,0,11.666666666666666,8,0
0,0,0,0,16.285714285714285,5,0
0,0,0,0,9.5,4,0
0,0,0,0,11.666666666666666,2,0
0,0,0,0,15.25,3,0
0,0,0,4,17.25,6,1
0,0,0,0,11.666666666666666,3,0
0,0,0,0,5.0,4,0
0,0,0,0,3.0,1,0
0,0,0,0,13.666666666666666,4,0
0,0,0,0,13.2,5,0
0,0,0,0,13.7,7,0
0,0,0,0,16.22222222222222,6,0
0,0,0,0,12.4,3,0
0,0,0,0,11.5,2,0
0,0,0,0,15.666666666666666,3,0
0,0,0,0,8.0,1,0
0,0,0,0,23.0,1,0
0,0,0,0,14.0,1,0
0,0,0,0,20.0,1,0
0,0,0,0,21.0,1,0
0,0,0,1,16.0,1,0
0,0,0,0,9.0,1,0
0,0,0,0,1.0,1,0
0,0,0,0,8.0,1,0
0,0,0,0,23.0,1,0
0,0,0,0,20.0,1,0
0,0,0,0,9.0,1,0
0,0,0,1,9.0,1,0
0,0,0,0,11.0,1,0
0,0,0,0,1.0,1,0
0,0,0,0,22.0,1,0
0,0,0,0,19.333333333333332,2,0
0,0,0,0,7.0,1,0
0,0,0,0,5.75,3,0
0,0,0,0,2.0,1,0
0,0,0,0,19.0,1,0
0,0,0,0,1.0,1,0
0,0,0,0,20.666666666666668,3,0
0,0,0,0,13.0,1,0
0,0,0,0,14.0,1,0
0,0,0,0,18.0,1,0
0,0,0,0,12.333333333333334,3,0
0,0,0,0,8.0,1,0
0,0,0,0,9.5,2,0
0,0,0,0,19.0,1,0
0,0,0,0,11.0,2,0
0,0,0,0,22.0,1,0
0,0,0,2,12.571428571428571,6,0
0,0,0,0,12.666666666666666,2,0
0,0,0,0,16.0,3,0
0,0,0,0,19.0,1,0
0,0,0,0,9.0,1,0
0,0,0,0,12.0,3,0
0,0,0,0,16.666666666666668,5,0
0,0,0,0,10.285714285714286,7,0
0,0,0,0,20.0,1,0
0,0,0,0,10.25,3,0
0,0,0,0,16.5,2,0
0,0,0,0,13.857142857142858,6,0
0,0,0,0,19.666666666666668,3,0
0,0,0,0,11.0,2,0
0,0,0,0,12.0,1,0
0,0,0,0,10.0,1,0
0,0,0,0,15.0,1,0
0,0,0,0,11.0,1,0
0,0,0,0,12.0,1,0
0,0,0,0,11.0,1,0
0,0,0,0,18.0,1,0
0,0,0,0,6.0,1,0
0,0,0,0,14.333333333333334,2,0
0,0,0,0,10.6,4,0
0,0,0,0,16.0,1,0
0,0,0,0,16.25,4,0
0,0,0,0,11.0,5,0
0,0,0,0,13.0,1,0
0,0,0,0,16.3,7,0
0,0,0,0,9.5,2,0
0,0,0,0,12.5,2,0
0,0,0,0,11.0,1,0
0,0,0,0,23.0,1,0
0,0,0,0,10.0,1,0
0,0,0,0,0.0,1,0
0,0,0,0,10.0,2,0
0,0,0,0,11.0,1,0
0,0,0,0,23.0,1,0
0,0,0,0,23.0,1,0
0,0,0,0,9.0,1,0
0,0,0,0,16.0,1,0
0,0,0,0,16.0,1,0
0,5,0,0,16.0,1,0
0,0,0,0,9.0,1,0
0,0,0,0,8.5,2,0
0,0,0,0,11.0,1,0
0,0,0,0,13.0,1,0
0,0,0,0,10.0,1,0
0,0,0,0,11.0,1,0
0,0,0,0,12.333333333333334,2,0
0,0,0,0,4.0,1,0
0,0,0,0,21.75,3,0
0,0,0,0,9.0,1,0
0,0,0,0,14.0,1,0
0,0,0,0,20.0,2,0
0,0,0,2,9.285714285714286,4,0
0,0,0,0,14.125,5,0
0,0,0,1,15.666666666666666,5,0
0,0,0,0,14.333333333333334,15,1
0,0,0,0,11.84,17,1
0,0,0,3,13.171875,49,1
0,0,0,0,13.243589743589743,53,1
0,0,0,1,13.769911504424778,85,1
0,0,0,2,13.427745664739884,129,1
0,0,0,4,14.23873873873874,184,1
0,0,0,11,13.252293577981652,158,1
0,0,0,13,13.766961651917404,238,1
0,0,0,13,13.7987987987988,261,1
0,0,0,4,14.017751479289942,254,1
0,1,0,2,14.447368421052632,210,1
0,0,0,14,13.280205655526993,289,1
0,0,0,8,14.553763440860216,290,1
0,0,0,10,13.869718309859154,230,1
0,0,0,9,13.729651162790697,273,1
0,0,0,5,12.737373737373737,143,1
0,0,1,8,13.233590733590734,406,1
0,0,0,1,11.626050420168067,179,1
0,0,0,34,13.55761316872428,361,1
0,0,0,8,13.587743732590528,276,1
0,0,0,10,13.185078909612626,525,1
0,0,0,8,13.511463844797179,442,1
0,0,0,3,12.50609756097561,264,1
0,0,0,10,12.213893967093236,426,1
0,4,0,4,12.048158640226628,274,1
0,0,0,3,11.519047619047619,176,1
0,0,0,4,13.240601503759398,103,1
0,0,0,0,14.931034482758621,24,1
0,0,0,0,14.0,1,0
0,0,0,0,16.0,1,0
0,0,0,0,1.0,1,0
0,0,0,0,6.0,1,0
0,0,0,0,11.0,1,0
0,0,0,0,14.0,1,0
0,0,0,0,12.0,1,0
0,0,0,0,19.0,1,0
0,0,0,0,6.0,1,0
0,0,0,0,17.0,1,0
0,0,0,0,22.0,1,0
0,0,0,0,12.0,2,0
0,0,0,0,1.0,1,0
0,0,0,0,21.0,1,0
0,0,0,0,23.0,1,0
0,0,0,0,11.0,1,0
0,0,0,0,4.0,1,0
0,0,0,0,0.0,1,0
0,0,0,0,9.0,1,0
0,0,0,0,14.0,1,0
0,0,0,0,1.0,1,0
0,0,0,0,0.0,1,0
0,0,0,0,9.0,1,0
0,0,0,0,23.0,1,0
0,0,0,0,17.0,1,0
0,0,0,0,22.0,1,0
0,0,0,0,18.0,1,0
0,0,0,0,1.0,1,0
0,0,0,0,17.0,1,0
0,0,0,0,22.0,1,0
0,0,0,0,10.0,1,0
0,0,0,0,8.0,1,0
0,0,0,0,18.0,1,0
0,0,0,0,23.0,1,0
0,0,0,0,3.0,1,0
0,0,0,1,17.0,1,0
0,0,0,0,5.0,1,0
0,0,0,0,15.0,1,0
0,0,0,0,7.0,1,0
0,0,0,0,18.0,3,0
0,0,0,0,22.0,1,0
0,0,0,0,13.285714285714286,7,0
0,0,0,1,11.0,4,0
0,0,0,2,5.666666666666667,5,0
0,0,0,1,5.777777777777778,6,0
0,0,0,0,14.909090909090908,7,0
0,0,0,0,6.0,4,0
0,0,0,0,15.11111111111111,6,0
0,0,0,0,8.8,2,0
0,0,0,0,10.571428571428571,6,0
0,0,0,1,11.909090909090908,10,0
0,0,0,0,11.0,2,0
0,0,0,0,11.833333333333334,4,0
0,0,0,1,8.4,6,0
0,0,0,0,12.714285714285714,7,0
0,0,0,0,9.666666666666666,2,0
0,0,0,0,19.666666666666668,2,0
0,0,0,0,10.0,1,0
0,0,0,0,23.0,1,0
0,0,0,0,10.0,1,0
0,0,0,0,21.0,1,0
0,0,0,0,22.0,1,0
0,0,0,0,21.0,1,0
0,0,0,0,6.0,1,0
0,0,0,0,22.0,1,0
0,0,0,0,2.0,1,0
0,0,0,0,17.0,1,0
0,0,0,0,9.0,1,0
0,0,0,0,17.0,1,0
0,0,0,0,22.0,1,0
0,0,0,0,10.0,1,0
0,0,0,0,8.0,1,0
0,0,0,0,20.0,1,0
0,0,0,0,16.0,1,0
0,0,0,0,17.0,1,0
0,0,0,0,13.5,2,0
0,0,0,0,12.0,1,0
0,0,0,0,6.0,2,0
0,0,0,0,17.666666666666668,2,0
0,0,0,0,9.0,1,0
0,0,0,0,13.0,1,0
0,0,0,0,23.0,1,0
0,0,0,0,8.0,1,0
0,0,0,0,0.0,1,0
0,0,0,0,20.0,1,0
0,0,0,0,18.0,1,0
0,0,0,0,13.0,1,0
0,0,0,0,17.75,4,0
0,0,0,0,16.25,4,0
0,0,0,2,14.5,4,0
0,0,0,0,21.0,1,0
0,0,0,1,12.642857142857142,10,1
0,0,0,0,8.5,8,0
0,0,0,1,9.25,5,0
0,0,0,3,20.09090909090909,8,0
0,0,0,0,0.0,2,0
0,0,0,0,11.625,7,0
0,0,0,0,14.557142857142857,54,1
0,0,0,2,12.58,35,1
0,0,0,0,15.73076923076923,22,1
0,0,0,0,11.529411764705882,13,1
0,0,0,1,11.785714285714286,12,1
0,0,0,0,7.75,3,0
0,0,0,0,21.0,1,0
0,0,0,0,21.0,1,0
0,0,0,0,3.0,1,0
0,0,0,0,21.0,1,0
0,0,0,0,22.0,1,0
0,0,0,0,22.0,1,0
0,0,0,0,7.0,1,0
0,0,0,0,19.5,2,0
0,0,0,0,21.0,1,0
0,0,0,1,8.166666666666666,4,0
0,0,0,0,17.0,1,0
0,0,0,0,7.0,1,0
0,0,0,0,20.0,1,0
0,0,0,1,8.0,1,0
0,0,0,0,13.0,1,0
0,0,0,0,23.0,1,0
0,0,0,0,13.0,1,0
0,0,0,0,20.0,1,0
0,0,0,0,15.5,2,0
0,0,0,0,9.0,1,0
0,0,0,0,10.0,1,0
0,0,0,0,2.0,1,0
0,0,0,0,15.0,1,0
0,0,0,0,18.0,1,0
0,0,0,0,15.0,1,0
0,0,0,0,12.0,1,0
0,0,0,0,17.0,1,0
0,0,0,0,23.0,1,0
0,0,0,0,22.0,1,0
0,0,0,0,14.0,1,0
0,0,0,0,19.0,1,0
0,0,0,0,0.0,1,0
0,0,0,2,13.0,1,0
0,0,0,0,18.0,1,0
0,0,0,0,10.0,1,0
0,0,0,0,19.666666666666668,2,0
0,0,0,0,23.0,1,0
0,0,0,0,23.0,1,0
0,0,0,0,16.0,1,0
0,0,0,0,11.0,1,0
0,0,0,1,9.0,1,0
0,0,0,0,18.666666666666668,3,0
0,0,0,0,14.0,1,0
0,0,0,0,21.0,1,0
0,0,0,0,0.0,1,0
0,0,0,0,16.666666666666668,3,0
0,0,0,1,16.333333333333332,3,0
0,0,0,2,1.0,1,0
0,0,0,0,15.0,2,0
0,0,0,0,8.333333333333334,3,0
0,0,0,0,8.4,5,0
0,0,0,0,9.4,4,0
0,0,0,0,17.0,1,0
0,0,0,0,16.0,1,0
0,0,0,0,21.0,1,0
0,0,0,0,22.0,1,0
0,0,0,0,3.0,1,0
0,0,0,0,21.0,1,0
0,0,0,0,9.0,1,0
0,0,0,0,16.0,1,0
0,0,0,0,22.0,1,0
0,0,0,0,1.0,1,0
0,0,0,0,9.0,1,0
0,0,0,0,13.0,1,0
0,0,0,0,16.0,1,0
0,0,0,0,13.5,2,0
0,0,0,0,15.0,1,0
0,0,0,0,10.0,1,0
0,2,0,2,18.0,1,0
0,0,0,0,11.0,1,0
0,0,0,0,22.0,1,0
0,0,0,0,9.0,1,0
0,0,0,0,4.0,1,0
0,0,0,0,14.333333333333334,2,0
0,0,0,0,13.333333333333334,3,0
0,0,0,0,1.0,2,0
0,0,0,0,0.0,1,0
0,0,0,0,1.0,1,0
0,0,0,0,1.0,1,0
0,0,0,0,16.0,2,0
0,0,0,0,16.5,2,0
0,0,0,0,21.0,1,0
0,0,0,0,17.0,2,0
0,0,0,0,13.75,3,0
0,0,0,0,10.25,4,0
0,0,0,0,0.0,1,0
0,0,0,0,16.333333333333332,3,0
0,0,0,0,12.0,3,0
0,0,0,0,14.0,5,0
0,0,0,0,12.0,1,0
0,0,0,0,9.5,2,0
0,0,0,0,11.25,6,0
0,0,0,0,1.3333333333333333,2,0
0,0,0,0,19.0,2,0
0,0,0,0,13.0,3,0
0,0,0,0,21.0,1,0
0,0,0,0,22.0,1,0
0,0,0,0,12.0,1,0
0,0,0,3,23.0,1,0
0,0,0,0,10.0,1,0
0,0,0,0,8.0,1,0
0,0,0,0,10.0,1,0
0,0,0,0,14.5,2,0
0,0,0,0,8.0,1,0
0,0,0,0,15.0,1,0
0,0,0,0,15.0,1,0
0,0,0,0,10.0,1,0
0,0,0,0,11.0,1,0
0,0,0,0,17.5,2,0
0,0,0,0,16.5,2,0
0,0,0,0,23.0,1,0
0,0,0,0,19.0,1,0
0,0,0,0,11.0,1,0
0,0,0,0,13.0,1,0
0,0,0,0,1.0,1,0
0,0,0,1,17.0,1,0
0,0,0,0,15.0,1,0
0,0,0,0,7.0,1,0
0,0,0,0,18.0,1,0
0,0,0,0,18.0,2,0
0,0,0,1,12.0,3,0
0,0,0,0,12.333333333333334,3,0
0,0,0,0,12.0,13,1
0,0,0,0,14.11111111111111,22,1
0,0,0,0,15.025641025641026,29,1
0,0,0,2,15.090909090909092,45,1
0,0,0,1,14.164948453608247,71,1
0,0,0,1,13.42156862745098,83,1
0,0,0,6,14.587412587412587,101,1
0,0,0,8,13.831932773109244,93,1
0,0,0,11,14.74793388429752,176,1
0,0,0,12,13.832258064516129,240,1
0,0,0,9,12.787330316742082,167,1
0,0,0,9,14.133986928104575,235,1
0,0,0,1,14.84375,154,1
0,1,0,16,13.332361516034986,262,1
0,0,0,3,13.642241379310345,192,1
0,0,0,12,13.1640625,290,1
0,0,0,8,13.124223602484472,263,1
0,0,0,13,13.107936507936508,233,1
0,0,0,0,11.558011049723756,147,1
0,0,0,8,12.876543209876543,312,1
0,0,0,17,12.775474956822107,450,1
0,0,0,7,13.829573934837093,300,1
0,0,0,9,13.0,223,1
0,0,0,5,13.48545861297539,343,1
0,0,0,3,12.115768463073852,384,1
0,0,0,8,12.955813953488372,332,1
0,0,0,12,12.851851851851851,252,1
0,0,0,4,13.8,99,1
0,0,0,0,7.928571428571429,10,1
0,0,0,0,18.0,1,0
0,0,0,0,22.0,1,0
0,0,0,0,11.0,1,0
0,0,0,0,15.0,1,0
0,0,0,0,15.0,1,0
0,0,0,0,2.0,1,0
0,0,0,0,1.0,1,0
0,0,0,0,22.0,1,0
0,0,0,0,11.0,1,0
0,0,0,0,20.0,1,0
0,0,0,0,15.0,1,0
0,0,0,0,11.0,1,0
0,0,0,0,15.0,1,0
0,0,0,0,23.0,1,0
0,0,0,0,12.0,1,0
0,0,0,0,9.0,1,0
0,0,0,0,23.0,1,0
0,0,0,0,9.0,1,0
0,0,0,0,23.0,1,0
0,0,0,0,10.0,1,0
0,0,0,0,9.0,1,0
0,0,0,0,8.833333333333334,3,0
0,0,0,0,15.0,1,0
0,0,0,0,4.75,3,0
0,0,0,0,0.0,1,0
0,0,0,0,0.0,1,0
0,0,0,0,9.333333333333334,2,0
0,0,0,0,7.333333333333333,4,0
0,0,0,0,0.0,1,0
0,0,0,0,10.5,2,0
0,0,0,0,14.333333333333334,6,0
0,0,0,0,21.5,2,0
0,0,0,0,12.428571428571429,5,0
0,0,0,0,20.0,4,0
0,0,0,0,19.333333333333332,3,0
0,0,0,0,18.0,3,0
0,0,0,0,10.0,2,0
0,0,0,0,11.5,2,0
0,0,0,0,8.0,1,0
0,0,0,0,18.0,1,0
0,0,0,0,5.0,1,0
0,0,0,0,20.0,2,0
0,0,0,0,9.2,3,0
0,0,0,0,1.0,1,0
0,0,0,0,9.666666666666666,3,0
0,0,0,1,10.0,2,0
0,0,0,0,16.333333333333332,3,0
0,0,0,0,20.0,2,0
0,0,0,0,17.0,3,0
0,0,0,0,15.5,4,0
0,0,0,0,17.6,4,0
0,0,0,0,2.0,2,0
0,0,0,0,6.857142857142857,6,0
0,0,0,0,23.0,1,0
0,0,0,0,8.25,4,0
0,0,0,0,15.142857142857142,6,0
0,0,0,0,11.714285714285714,5,0
0,0,0,1,16.0,7,0
0,0,0,0,0.0,1,0
0,0,0,0,22.0,1,0
0,0,0,0,20.0,1,0
0,0,0,0,18.0,1,0
0,0,0,0,18.5,2,0
0,0,0,0,23.0,1,0
0,0,0,0,19.0,1,0
0,0,0,0,8.0,1,0
0,0,0,0,13.0,1,0
0,0,0,0,15.0,1,0
0,0,0,1,8.0,1,0
0,0,0,2,16.0,1,0
0,0,0,0,11.0,1,0
0,0,0,0,10.0,1,0
0,0,0,0,1.0,1,0
0,0,0,0,23.0,1,0
0,0,0,0,10.0,1,0
0,0,0,0,12.0,1,0
0,0,0,0,12.0,1,0
0,0,0,0,16.0,1,0
0,0,0,0,0.0,1,0
0,0,0,0,22.0,1,0
0,0,0,0,19.0,1,0
0,0,0,0,8.0,1,0
0,0,0,0,22.0,1,0
0,0,0,0,8.0,1,0
0,0,0,0,21.0,1,0
0,0,0,0,12.0,1,0
0,0,0,0,12.0,2,0
0,0,0,0,10.5,2,0
0,0,0,0,21.0,1,0
0,0,0,0,11.0,1,0
0,0,0,0,10.0,2,0
0,0,0,0,0.0,1,0
0,0,0,0,18.0,1,0
0,0,0,0,23.0,1,0
0,0,0,0,10.0,1,0
0,0,0,0,10.0,1,0
0,0,0,0,23.0,1,0
0,0,0,0,18.0,3,0
0,0,0,0,15.5,4,0
0,0,0,0,22.0,1,0
0,0,0,0,19.5,2,0
0,0,0,0,10.0,1,0
0,0,0,0,10.0,1,0
0,0,0,0,10.0,1,0
0,0,0,0,11.851851851851851,24,1
0,0,0,1,14.153846153846153,21,1
0,0,0,0,10.894736842105264,14,1
0,0,0,2,15.217391304347826,22,1
0,0,0,0,17.0,1,0
0,0,0,0,6.0,1,0
0,0,0,0,16.0,1,0
0,0,0,0,0.0,1,0
0,0,0,0,21.0,1,0
0,0,0,0,23.0,1,0
0,0,0,0,23.0,1,0
0,0,0,0,7.0,1,0
0,0,0,0,13.0,1,0
0,0,0,0,13.294117647058824,12,1
0,0,0,0,11.444444444444445,5,0
0,0,0,0,13.142857142857142,5,0
0,0,0,0,6.333333333333333,2,0
0,0,0,0,15.0,1,0
0,0,0,0,15.0,1,0
0,0,0,0,15.0,1,0
0,0,0,0,9.333333333333334,6,0
0,0,0,0,14.333333333333334,3,0
0,0,0,0,16.0,2,0
0,0,0,0,23.0,1,0
0,0,0,0,0.0,1,0
0,0,0,0,21.0,1,0
0,0,0,0,15.0,1,0
0,0,0,0,9.571428571428571,6,0
0,0,0,0,13.0,1,0
0,0,0,0,23.0,1,0
0,0,0,0,14.0,1,0
0,0,0,0,9.5,2,0
0,0,0,0,9.0,1,0
0,0,0,0,15.0,1,0
0,0,0,0,21.0,1,0
0,0,0,0,18.0,1,0
0,0,0,0,13.0,2,0
0,0,0,0,21.0,1,0
0,0,0,0,10.0,1,0
0,0,0,0,6.0,1,0
0,0,0,0,22.0,1,0
0,0,0,0,7.0,1,0
0,0,0,0,8.0,1,0
0,0,0,0,23.0,1,0
0,0,0,0,8.0,1,0
0,0,0,0,22.0,1,0
0,0,0,0,7.0,1,0
0,0,0,0,13.0,1,0
0,0,0,0,9.0,1,0
0,0,0,0,16.0,1,0
0,0,0,0,13.0,1,0
0,0,0,0,23.0,1,0
0,0,0,0,17.0,1,0
0,0,0,0,14.0,1,0
0,0,0,0,14.0,1,0
0,0,0,0,14.0,1,0
0,0,0,0,11.5,2,0
0,0,0,0,19.0,1,0
0,0,0,0,20.0,1,0
0,0,0,0,8.666666666666666,2,0
0,0,0,1,13.046511627906977,36,1
0,0,0,2,12.660714285714286,45,1
0,0,0,2,15.8989898989899,82,1
0,0,0,3,12.321100917431192,92,1
0,0,0,5,12.79646017699115,86,1
0,0,0,7,12.973684210526315,93,1
0,0,0,5,12.034090909090908,68,1
0,0,0,4,14.115107913669064,117,1
0,0,0,0,13.96774193548387,51,1
0,0,0,2,13.662921348314606,75,1
0,0,0,0,13.095238095238095,44,1
0,0,0,4,11.813953488372093,96,1
0,0,0,1,14.451851851851853,111,1
0,0,0,2,12.875,38,1
0,0,0,0,13.64864864864865,65,1
0,0,0,2,10.272727272727273,27,1
0,0,0,0,15.9,19,1
0,0,0,0,11.666666666666666,3,0
0,0,0,0,23.0,1,0
0,0,0,0,7.0,1,0
0,0,0,0,3.0,1,0
0,0,0,0,23.0,1,0
0,0,0,0,17.0,1,0
0,0,0,0,21.0,1,0
0,0,0,0,17.0,1,0
0,0,0,0,16.0,1,0
0,0,0,0,23.0,1,0
0,0,0,0,14.0,1,0
0,0,0,0,13.0,2,0
0,0,0,0,9.0,1,0
0,0,0,0,14.0,1,0
0,0,0,0,18.0,1,0
0,0,0,0,19.0,1,0
0,0,0,0,0.0,1,0
0,0,0,0,8.0,1,0
0,0,0,0,20.0,1,0
0,0,0,0,4.0,1,0
0,0,0,0,16.0,1,0
0,0,0,0,12.0,1,0
0,0,0,0,23.0,1,0
0,0,0,0,2.0,1,0
0,0,0,0,9.0,1,0
0,0,0,0,0.0,1,0
0,0,0,0,18.0,1,0
0,0,0,0,8.0,2,0
0,0,0,0,15.0,1,0
0,0,0,0,3.5,2,0
0,0,0,0,8.5,2,0
0,0,0,0,15.0,1,0
0,0,0,0,10.0,1,0
0,0,0,0,8.8,4,0
0,0,0,0,4.0,2,0
0,0,0,0,9.0,1,0
0,0,0,0,9.0,1,0
0,0,0,0,17.88888888888889,8,0
0,0,0,0,14.0,1,0
0,0,0,0,21.0,1,0
0,0,0,0,11.0,3,0
0,0,0,0,9.0,1,0
0,0,0,0,22.0,1,0
0,0,0,0,17.0,1,0
0,0,0,0,21.0,1,0
0,0,0,0,15.0,1,0
0,0,0,0,10.0,2,0
0,0,0,0,14.0,3,0
0,0,0,0,17.5,6,0
0,0,0,0,2.875,3,0
0,0,0,0,16.166666666666668,5,0
0,0,0,0,14.666666666666666,9,0
0,0,0,0,11.0,3,0
0,0,0,0,9.5,2,0
0,0,0,0,23.0,1,0
0,0,0,0,6.333333333333333,3,0
0,0,0,0,17.0,1,0
0,0,0,0,20.666666666666668,3,0
0,0,0,0,14.0,1,0
0,0,0,0,10.0,1,0
0,0,0,0,11.0,2,0
0,0,0,0,22.0,1,0
0,0,0,0,15.0,1,0
0,0,0,0,7.0,1,0
0,0,0,0,7.0,1,0
0,0,0,0,11.0,1,0
0,0,0,0,0.0,1,0
0,0,0,0,23.0,1,0
0,0,0,0,18.0,1,0
0,0,0,0,23.0,1,0
0,0,0,0,5.0,1,0
0,0,0,0,23.0,1,0
0,0,0,0,17.166666666666668,4,0
0,0,0,0,11.0,2,0
0,0,0,0,7.333333333333333,2,0
0,0,0,0,6.0,1,0
0,0,0,0,10.0,1,0
0,0,0,0,17.0,1,0
0,0,0,0,2.0,1,0
0,0,0,0,19.0,1,0
0,0,0,0,14.0,1,0
0,0,0,0,11.0,1,0
0,0,0,0,22.0,1,0
0,0,0,0,16.0,1,0
0,0,0,0,9.0,1,0
0,0,0,0,19.5,2,0
0,0,0,0,3.0,1,0
0,0,0,0,17.0,1,0
0,0,0,0,3.0,1,0
0,0,0,0,0.0,1,0
0,0,0,0,21.0,1,0
0,0,0,0,13.0,1,0
0,0,0,0,22.0,1,0
0,0,0,0,12.0,1,0
0,0,0,0,21.0,1,0
0,0,0,0,0.0,1,0
0,0,0,7,11.818181818181818,38,1
0,0,0,1,14.074074074074074,43,1
0,0,0,1,11.106060606060606,44,1
0,0,0,2,11.051282051282051,27,1
0,0,0,1,13.6875,27,1
0,0,0,2,12.217391304347826,18,1
0,0,0,1,13.318181818181818,36,1
0,0,0,0,10.857142857142858,13,1
0,0,0,0,15.5,2,0
0,0,0,0,13.75,4,0
0,0,0,0,20.25,4,0
0,0,0,0,1.0,1,0
0,0,0,0,10.0,1,0
0,0,0,0,13.0,1,0
0,0,0,0,3.0,1,0
0,0,0,0,17.0,1,0
0,0,0,0,8.0,1,0
0,0,0,0,8.666666666666666,2,0
0,0,0,0,5.0,2,0
0,0,0,0,5.0,1,0
0,0,0,0,17.0,1,0
0,0,0,0,21.0,1,0
0,0,0,0,17.0,1,0
0,0,0,0,16.0,1,0
0,0,0,0,13.0,1,0
0,0,0,0,13.0,1,0
0,0,0,0,18.0,1,0
0,0,0,1,9.0,1,0
0,0,0,0,23.0,1,0
0,0,0,0,18.0,1,0
0,0,0,0,7.0,1,0
0,0,0,0,20.0,1,0
0,0,0,0,4.0,1,0
0,0,0,0,12.0,1,0
0,0,0,0,3.0,1,0
0,0,0,0,16.0,1,0
0,0,0,0,15.0,7,0
0,0,0,0,11.0,1,0
0,0,0,0,14.0,1,0
0,0,0,0,22.0,1,0
0,0,0,0,8.0,1,0
0,0,0,0,7.0,2,0
0,0,0,0,17.0,1,0
0,0,0,0,11.0,1,0
0,0,0,0,14.0,1,0
0,0,0,0,6.0,1,0
0,0,0,0,1.0,1,0
0,0,0,0,8.0,1,0
0,0,0,0,8.0,1,0
0,0,0,0,10.0,1,0
0,0,0,0,16.0,1,0
0,0,0,0,7.0,1,0
0,0,0,0,18.5,2,0
0,0,0,0,10.0,1,0
0,0,0,0,15.0,1,0
0,0,0,0,12.4,4,0
0,0,0,0,9.5,2,0
0,0,0,0,21.0,2,0
0,0,0,0,11.4,3,0
0,0,0,0,10.0,2,0
0,0,0,0,10.0,1,0
0,0,0,0,16.0,1,0
0,0,0,0,23.0,1,0
0,0,0,0,17.0,1,0
0,0,0,0,9.0,1,0
0,0,0,0,22.0,1,0
0,0,0,0,1.0,1,0
0,0,0,0,13.0,1,0
0,0,0,0,15.0,1,0
0,0,0,0,15.0,1,0
0,0,0,0,10.0,1,0
0,0,0,0,23.0,1,0
0,0,0,0,9.0,1,0
0,0,0,0,13.0,1,0
0,0,0,0,10.5,2,0
0,0,0,0,11.0,2,0
0,0,0,0,7.0,1,0
0,0,0,0,14.25,4,0
0,0,0,0,2.0,1,0
0,0,0,0,15.333333333333334,3,0
0,0,0,0,16.666666666666668,2,0
0,0,0,0,7.0,1,0
0,0,0,0,10.0,1,0
0,0,0,0,10.0,1,0
0,0,0,0,0.0,1,0
0,0,0,0,23.0,1,0
0,0,0,0,18.5,3,0
0,0,0,0,17.5,2,0
0,0,0,0,11.6,3,0
0,0,0,0,14.0,2,0
0,0,0,0,0.0,1,0
0,0,0,0,17.333333333333332,2,0
0,0,0,0,13.0,1,0
0,0,0,0,18.0,1,0
0,0,0,0,8.0,1,0
0,0,0,0,0.6666666666666666,2,0
0,0,0,0,7.0,1,0
0,0,0,0,16.0,1,0
0,0,0,0,10.0,1,0
0,0,0,0,7.0,1,0
0,0,0,0,11.0,1,0
0,0,0,0,23.0,1,0
0,0,0,0,2.0,1,0
0,0,0,0,22.0,1,0
0,0,0,0,9.0,1,0
0,0,0,0,1.0,1,0
0,0,0,0,10.0,1,0
0,0,0,0,13.0,1,0
0,0,0,0,11.0,1,0
0,0,0,0,10.583333333333334,6,1
0,0,0,0,8.0,2,0
0,0,0,0,21.333333333333332,2,0
0,0,0,0,9.5,6,0
0,0,0,0,14.0,1,0
0,0,0,0,14.0,1,0
0,0,0,0,12.0,1,0
0,0,0,0,7.0,1,0
0,0,0,0,23.0,1,0
0,0,0,0,23.0,1,0
0,0,0,0,8.0,1,0
0,0,0,0,8.0,1,0
0,0,0,0,8.0,1,0
0,0,0,0,17.0,1,0
0,0,0,0,23.0,1,0
0,0,0,0,20.0,1,0
0,0,0,0,8.0,1,0
0,0,0,0,7.0,1,0
0,0,0,0,12.0,1,0
0,0,0,0,20.0,1,0
0,0,0,0,11.0,1,0
0,0,0,0,9.0,1,0
0,0,0,0,11.0,1,0
0,0,0,0,1.0,1,0
0,0,0,0,2.0,1,0
0,0,0,0,9.0,1,0
0,0,0,0,1.0,1,0
0,0,0,0,8.0,1,0
0,0,0,0,21.0,1,0
0,0,0,0,11.5,2,0
0,0,0,1,7.5,2,0
0,0,0,0,7.0,1,0
0,0,0,0,8.0,1,0
0,0,0,0,9.0,1,0
0,0,0,0,22.0,1,0
0,0,0,0,19.0,2,0
0,0,0,0,13.0,1,0
0,0,0,0,15.333333333333334,3,0
0,0,0,0,12.583333333333334,9,1
0,0,0,0,16.88888888888889,16,1
0,0,0,1,13.166666666666666,10,1
0,0,0,1,13.152542372881356,45,1
0,0,0,5,14.442477876106194,98,1
0,0,0,1,15.636363636363637,62,1
0,0,0,1,13.054263565891473,106,1
0,0,0,1,14.429752066115702,112,1
0,0,0,1,15.0,76,1
0,3,1,3,14.052910052910052,162,1
0,0,0,0,11.30327868852459,100,1
0,0,0,3,13.319018404907975,142,1
0,0,0,1,12.352941176470589,103,1
0,0,0,0,13.028301886792454,92,1
0,0,0,0,13.181818181818182,74,1
0,0,0,0,11.487804878048781,35,1
0,0,0,0,14.821428571428571,22,1
0,0,0,0,18.666666666666668,2,0
0,0,0,0,9.0,1,0
0,0,0,0,15.0,1,0
0,0,0,0,16.0,1,0
0,0,0,0,23.0,1,0
0,0,0,0,8.0,1,0
0,0,0,0,10.0,1,0
0,0,0,0,19.0,1,0
0,0,0,0,19.0,1,0
0,0,0,0,21.0,1,0
0,0,0,0,2.0,1,0
0,0,0,0,22.0,1,0
0,0,0,0,9.833333333333334,4,0
0,0,0,0,19.0,4,0
0,0,0,0,0.0,2,0
0,0,0,0,0.0,1,0
0,0,0,0,23.0,1,0
0,0,0,0,10.0,1,0
0,0,0,0,2.0,1,0
0,0,0,0,22.0,1,0
0,0,0,0,20.0,1,0
0,0,0,0,17.0,1,0
0,0,0,0,12.0,1,0
0,0,0,0,17.0,1,0
0,0,0,0,7.0,1,0
0,0,0,0,8.0,1,0
0,0,0,0,23.0,1,0
0,0,0,0,15.0,1,0
0,0,0,0,21.0,1,0
0,0,0,0,16.0,1,0
0,0,0,0,19.0,1,0
0,0,0,0,13.0,1,0
0,0,0,0,14.0,1,0
0,0,0,0,9.0,1,0
0,0,0,0,11.0,1,0
0,0,0,0,11.0,2,0
0,0,0,3,3.0,3,0
0,0,0,0,0.0,2,0
0,0,0,0,14.333333333333334,3,0
0,0,0,0,11.333333333333334,6,0
0,0,0,0,15.833333333333334,13,1
0,0,0,0,15.0,4,0
0,0,0,0,13.8,9,0
0,0,0,0,11.375,13,1
0,0,0,0,19.166666666666668,5,0
0,0,0,0,9.846153846153847,12,1
0,0,0,0,14.083333333333334,6,1
0,0,0,0,11.11111111111111,7,0
0,0,0,0,15.944444444444445,13,1
0,0,0,1,9.73076923076923,21,1
0,0,0,1,14.647058823529411,14,1
0,0,0,0,12.2,23,1
0,0,0,1,12.714285714285714,13,1
0,0,0,0,12.818181818181818,19,1
0,0,0,0,16.4,10,1
0,0,0,0,10.0,5,0
0,0,0,0,10.0,2,0
0,0,0,0,8.0,1,0
0,0,0,0,21.0,1,0
0,0,0,0,22.0,1,0
0,0,0,0,9.0,2,0
0,0,0,0,12.0,1,0
0,0,0,3,18.0,1,0
0,0,0,1,19.0,1,0
0,0,0,0,12.0,4,0
0,0,0,0,9.0,1,0
0,0,0,0,1.0,1,0
0,0,0,0,13.333333333333334,2,0
0,0,0,0,16.0,2,0
0,0,0,0,2.0,1,0
0,0,0,1,8.6,5,0
0,0,0,0,21.0,1,0
0,0,0,0,10.0,1,0
0,0,0,0,12.0,1,0
0,0,0,0,16.0,1,0
0,0,0,0,9.0,1,0
0,0,0,0,13.0,1,0
0,0,0,0,17.0,1,0
0,0,0,1,14.0,1,0
0,0,0,0,0.0,1,0
0,0,0,0,20.5,2,0
0,0,0,0,0.0,1,0
0,0,0,0,0.0,1,0
0,0,0,0,7.0,1,0
0,0,0,0,21.0,1,0
0,0,0,0,9.0,1,0
0,0,0,0,11.0,1,0
0,0,0,0,12.0,1,0
0,0,0,0,11.0,1,0
0,0,0,0,11.0,1,0
0,0,0,0,1.0,1,0
0,0,0,0,21.0,1,0
0,0,0,0,7.0,1,0
0,0,0,0,15.0,4,0
0,0,0,0,14.941176470588236,14,1
0,0,0,0,13.352941176470589,17,1
0,5,0,0,14.447368421052632,27,1
0,0,0,1,13.0,30,1
0,0,0,0,13.78048780487805,35,1
0,0,0,0,13.014705882352942,56,1
0,0,0,1,14.824561403508772,48,1
0,0,0,0,13.975609756097562,35,1
0,0,0,1,13.506849315068493,55,1
0,0,0,1,13.9438202247191,70,1
0,0,0,3,11.814569536423841,116,1
0,0,0,0,12.0,80,1
0,0,0,2,13.294871794871796,66,1
0,0,0,5,13.341463414634147,100,1
0,0,0,9,13.308724832214764,120,1
0,0,0,0,12.764705882352942,142,1
0,0,0,2,14.029411764705882,141,1
0,0,0,1,12.676470588235293,88,1
0,0,0,3,12.825471698113208,174,1
0,0,0,0,13.219298245614034,97,1
0,0,0,3,12.308823529411764,61,1
0,0,0,0,6.909090909090909,9,0
0,0,0,0,12.0,1,0
0,0,0,0,15.0,1,0
0,0,0,0,20.0,1,0
0,0,0,0,14.0,1,0
0,0,0,0,0.0,1,0
0,0,0,0,16.0,2,0
0,0,0,0,8.0,1,0
0,0,0,0,9.0,1,0
0,0,0,0,10.0,1,0
0,0,0,0,8.0,1,0
0,0,0,0,22.0,1,0
0,0,0,0,22.0,1,0
0,0,0,0,13.0,1,0
0,0,0,0,15.5,2,0
0,0,0,0,17.0,1,0
0,0,0,0,18.5,2,0
0,0,0,0,9.0,1,0
0,0,0,0,11.5,2,0
0,0,0,0,23.0,1,0
0,0,0,0,8.0,1,0
0,0,0,0,18.0,1,0
0,0,0,0,8.0,1,0
0,0,0,0,23.0,1,0
0,0,0,0,8.0,1,0
0,0,0,0,23.0,1,0
0,0,0,0,10.0,1,0
0,0,0,0,13.0,2,0
0,0,0,0,9.0,1,0
0,0,0,0,10.0,1,0
0,0,0,0,16.0,1,0
0,0,0,0,1.0,1,0
0,0,0,0,1.0,1,0
0,0,0,1,13.0,4,0
0,0,0,0,1.7272727272727273,2,0
0,0,0,0,16.0,1,0
0,0,0,0,8.0,1,0
0,0,0,0,1.0,1,0
0,0,0,0,2.0,1,0
0,0,0,0,9.0,1,0
0,0,0,0,15.0,1,0
0,0,0,0,10.0,1,0
0,0,0,0,10.0,1,0
0,0,0,2,11.866666666666667,12,1
0,0,0,0,8.8125,11,1
0,0,0,1,14.875,6,0
0,0,0,0,14.571428571428571,5,0
0,0,0,0,18.666666666666668,5,0
0,0,0,0,17.0,4,0
0,0,0,0,9.0,4,0
0,0,0,0,14.375,5,0
0,0,0,0,22.0,1,0
0,0,0,0,19.0,1,0
0,0,0,0,2.0,1,0
0,0,0,0,13.0,1,0
0,0,0,0,23.0,1,0
0,0,0,0,19.0,1,0
0,0,0,0,19.0,1,0
0,0,0,0,6.0,1,0
0,0,0,0,10.0,1,0
0,0,0,0,10.333333333333334,3,0
0,0,0,0,18.0,5,0
0,0,0,0,16.1,8,0
0,0,0,0,11.6,4,0
0,0,0,0,22.0,1,0
0,0,0,0,23.0,1,0
0,0,0,0,12.285714285714286,4,0
0,0,0,0,16.0,2,0
0,0,0,0,11.0,2,0
0,0,0,0,6.0,1,0
0,0,0,0,13.666666666666666,2,0
0,0,0,0,5.0,1,0
0,0,0,0,16.0,1,0
0,0,0,0,11.0,1,0
0,0,0,0,10.0,1,0
0,0,0,0,15.0,2,0
0,0,0,0,10.6,4,0
0,0,0,0,12.921875,42,1
0,0,0,2,15.280701754385966,46,1
0,0,0,1,13.906976744186046,27,1
0,0,0,0,13.576923076923077,22,1
0,0,0,0,10.555555555555555,17,1
0,0,0,0,8.583333333333334,10,1
0,0,0,0,12.705882352941176,12,1
0,0,0,0,12.035714285714286,18,1
0,0,0,0,12.333333333333334,22,1
0,0,0,2,12.4,18,1
0,0,0,0,12.379310344827585,24,1
0,0,0,0,16.40909090909091,20,1
0,0,0,0,12.0,1,0
0,0,0,0,20.0,1,0
0,0,0,0,13.0,1,0
0,0,0,0,13.0,1,0
0,0,0,0,13.0,1,0
0,0,0,0,13.0,1,0
0,0,0,0,13.0,1,0
0,0,0,0,2.6,3,0
0,0,0,0,17.0,1,0
0,0,0,0,9.0,1,0
0,0,0,0,22.0,1,0
0,0,0,0,2.0,1,0
0,0,0,0,23.0,1,0
0,0,0,0,13.0,1,0
0,0,0,0,13.5,2,0
0,0,0,0,18.0,1,0
0,0,0,0,2.0,1,0
0,0,0,0,22.0,1,0
0,0,0,1,10.0,1,0
0,0,0,0,22.0,1,0
0,0,0,0,14.0,1,0
0,0,0,0,14.0,1,0
0,0,0,0,10.0,1,0
0,0,0,0,17.0,1,0
0,0,0,0,21.0,1,0
0,0,0,0,21.0,1,0
0,0,0,0,1.0,1,0
0,0,0,0,14.0,1,0
0,0,0,0,0.0,1,0
0,0,0,0,18.0,5,0
0,0,0,0,11.5,2,0
0,0,0,0,17.5,2,0
0,0,0,0,3.0,1,0
0,0,0,0,17.2,3,0
0,0,0,0,4.333333333333333,3,0
0,0,0,0,18.0,1,0
0,0,0,0,23.0,1,0
0,0,0,0,12.0,1,0
0,0,0,0,17.0,1,0
0,0,0,0,11.0,2,0
0,0,0,0,11.0,1,0
0,0,0,0,0.0,1,0
0,0,0,0,14.0,1,0
0,0,0,0,7.0,1,0
0,0,0,0,14.666666666666666,37,1
0,0,0,0,14.523809523809524,30,1
0,0,0,0,16.70967741935484,25,1
0,0,0,1,15.851851851851851,23,1
0,0,0,2,12.826086956521738,20,1
0,0,0,1,13.083333333333334,21,1
0,0,0,0,11.636363636363637,10,0
0,0,0,0,16.46153846153846,13,1
0,0,0,4,12.0,4,0
0,0,0,0,7.6,3,0
0,0,0,1,14.285714285714286,7,0
0,0,0,0,10.875,7,0
0,0,0,0,11.0,1,0
0,0,0,0,20.0,1,0
0,0,0,0,6.0,1,0
0,0,0,0,0.0,1,0
0,0,0,0,23.0,1,0
0,0,0,0,20.0,1,0
0,0,0,0,15.0,1,0
0,0,0,0,5.0,1,0
0,0,0,0,8.0,1,0
0,0,0,0,23.0,1,0
0,0,0,0,17.0,1,0
0,0,0,0,10.0,1,0
0,0,0,0,1.0,1,0
0,0,0,0,20.0,1,0
0,0,0,0,18.0,1,0
0,0,0,0,8.0,2,0
0,0,0,0,13.0,3,0
0,0,0,0,12.0,1,0
0,0,0,0,20.0,1,0
0,0,0,0,14.0,2,0
0,0,0,0,19.0,1,0
0,0,0,0,15.666666666666666,2,0
0,0,0,0,14.0,1,0
0,0,0,0,15.5,2,0
0,0,0,0,13.0,1,0
0,0,0,0,22.0,1,0
0,0,0,0,9.0,1,0
0,0,0,0,22.0,1,0
0,0,0,0,17.0,1,0
0,0,0,0,23.0,1,0
0,0,0,0,10.0,1,0
0,0,0,0,9.0,1,0
0,0,0,0,21.0,1,0
0,0,0,0,11.0,1,0
0,0,0,0,17.0,1,0
0,0,0,0,14.8,4,0
0,0,0,0,14.666666666666666,3,0
0,0,0,0,12.333333333333334,3,0
0,0,0,0,22.0,3,0
0,0,0,0,12.0,1,0
0,0,0,0,21.0,1,0
0,0,0,0,9.0,1,0
0,0,0,0,5.5,2,0
0,0,0,0,13.0,2,0
0,0,0,0,16.0,1,0
0,0,0,0,9.0,1,0
0,0,0,0,13.0,1,0
0,0,0,0,9.0,1,0
0,0,0,0,12.0,1,0
0,0,0,0,12.0,1,0
0,0,0,0,14.0,1,0
0,0,0,0,16.0,1,0
0,0,0,0,14.0,2,0
0,0,0,0,12.0,1,0
0,0,0,0,8.0,1,0
0,0,0,0,12.5,2,0
0,0,0,0,19.0,1,0
0,0,0,0,12.0,1,0
0,0,0,0,23.0,1,0
0,0,0,0,17.0,1,0
0,0,0,0,9.0,1,0
0,0,0,0,10.333333333333334,3,0
0,0,0,0,11.0,1,0
0,0,0,0,10.0,1,0
0,0,0,0,20.0,1,0
0,0,0,0,18.0,1,0
0,0,0,0,21.0,1,0
0,0,0,0,0.0,1,0
0,4,0,1,14.07843137254902,35,1
0,0,0,0,13.875,31,1
0,0,0,4,14.520833333333334,71,1
0,0,0,0,15.675,35,1
0,0,0,0,13.830769230769231,52,1
0,0,0,3,12.186046511627907,33,1
0,0,0,7,14.472361809045227,155,1
0,0,0,6,13.75,127,1
0,2,0,1,13.909952606635072,172,1
0,0,0,1,14.063291139240507,64,1
0,0,0,1,13.50909090909091,90,1
0,0,0,1,13.25,51,1
0,0,0,5,13.369565217391305,34,1
0,0,0,1,11.910569105691057,95,1
0,0,0,3,12.78888888888889,75,1
0,0,0,0,11.058823529411764,57,1
0,0,0,1,14.04054054054054,64,1
0,0,0,0,11.544117647058824,55,1
0,0,0,0,12.56,21,1
0,0,0,0,12.571428571428571,14,1
0,0,0,0,21.0,1,0
0,0,0,0,15.0,1,0
0,0,0,0,12.0,1,0
0,0,0,0,4.0,1,0
0,0,0,0,9.6,3,0
0,0,0,0,2.0,1,0
0,0,0,0,23.0,1,0
0,0,0,0,13.0,1,0
0,0,0,0,16.0,1,0
0,0,0,0,13.0,1,0
0,0,0,0,23.0,1,0
0,0,0,0,7.0,1,0
0,0,0,0,13.0,1,0
0,0,0,0,8.0,1,0
0,0,0,0,8.0,1,0
0,0,0,0,18.0,1,0
0,0,0,0,6.0,1,0
0,0,0,0,1.0,1,0
0,0,0,0,15.0,1,0
0,0,0,0,11.0,1,0
0,0,0,0,12.0,1,0
0,0,0,0,13.483333333333333,42,1
0,0,0,0,13.824561403508772,42,1
0,0,0,6,12.14,34,1
0,0,0,0,16.387096774193548,17,1
0,0,0,2,11.764705882352942,13,1
0,0,0,1,12.428571428571429,43,1
0,0,0,0,17.0,18,1
0,0,0,5,11.071428571428571,42,1
0,0,0,2,9.714285714285714,18,1
0,0,0,0,14.142857142857142,15,1
0,0,0,0,22.0,1,0
0,0,0,0,2.0,1,0
0,0,0,0,23.0,1,0
0,0,0,0,9.0,1,0
0,0,0,0,21.0,1,0
0,0,0,0,18.0,1,0
0,0,0,0,17.0,1,0
0,0,0,0,20.0,1,0
0,0,0,0,17.0,1,0
0,0,0,0,4.0,1,0
0,0,0,0,21.0,1,0
0,0,0,0,22.0,1,0
0,0,0,0,20.0,1,0
0,0,0,0,1.0,1,0
0,0,0,0,17.0,1,0
0,0,0,0,16.0,1,0
0,0,0,0,9.0,1,0
0,0,0,0,10.0,1,0
0,0,0,0,23.0,1,0
0,0,0,0,0.0,1,0
0,0,0,0,6.0,1,0
0,0,0,0,22.0,1,0
0,0,0,0,0.0,1,0
0,0,0,0,7.0,1,0
0,0,0,0,22.0,1,0
0,0,0,0,23.0,1,0
0,0,0,0,23.0,1,0
0,0,0,0,8.0,1,0
0,0,0,0,14.0,1,0
0,0,0,0,1.0,1,0
0,0,0,0,22.0,1,0
0,0,0,1,15.5,2,0
0,0,0,0,14.0,1,0
0,0,0,0,22.0,1,0
0,0,0,0,15.0,1,0
0,0,0,0,16.0,1,0
0,0,0,0,15.0,1,0
0,0,0,0,0.0,1,0
0,0,0,0,14.0,1,0
0,0,0,0,16.0,1,0
0,0,0,0,22.0,1,0
0,0,0,0,14.0,1,0
0,0,0,0,15.666666666666666,3,0
0,0,0,0,9.0,1,0
0,0,0,0,12.5,2,0
0,0,0,0,8.0,1,0
0,0,0,0,10.0,1,0
0,0,0,0,12.5,2,0
0,0,0,0,9.0,1,0
0,0,0,0,14.0,1,0
0,0,0,0,14.0,1,0
0,0,0,0,6.0,1,0
0,0,0,0,6.5,2,0
0,0,0,0,14.0,1,0
0,0,0,0,8.0,1,0
0,0,0,0,0.0,1,0
0,0,0,0,0.0,1,0
0,0,0,0,19.5,2,0
0,0,0,0,12.0,2,0
0,0,0,0,13.125,5,0
0,0,0,0,8.285714285714286,3,0
0,0,0,0,10.0,3,0
0,0,0,0,18.833333333333332,4,0
0,0,0,2,9.3,7,0
0,0,0,0,10.11111111111111,8,0
0,0,0,0,11.692307692307692,11,1
0,0,0,3,8.130434782608695,17,1
0,0,0,0,12.277777777777779,15,1
0,0,0,0,11.875,16,1
0,0,0,0,10.25,26,1
0,0,0,1,8.142857142857142,12,1
0,0,0,0,9.5,11,1
0,0,0,0,12.9,9,0
0,0,0,0,10.217391304347826,17,1
0,0,0,0,9.695652173913043,19,1
0,0,0,0,12.23076923076923,24,1
0,0,0,0,10.518518518518519,22,1
0,0,0,0,10.583333333333334,20,1
0,0,0,0,12.666666666666666,14,1
0,0,0,0,14.5,7,0
0,0,0,0,10.0,1,0
0,0,0,0,11.0,1,0
0,0,0,0,14.0,1,0
0,0,0,0,12.0,2,0
0,0,0,0,8.0,1,0
0,0,0,0,14.0,1,0
0,0,0,0,9.0,1,0
0,0,0,0,11.0,1,0
0,0,0,0,14.0,1,0
0,0,0,0,14.0,1,0
0,0,0,0,11.1,7,0
0,0,0,0,13.333333333333334,5,0
0,0,0,0,9.75,4,0
0,0,0,0,11.857142857142858,6,0
0,0,0,0,8.857142857142858,6,0
0,0,0,13,1.5333333333333334,3,1
0,0,0,0,9.222222222222221,5,0
0,0,0,0,11.0,3,0
0,0,0,0,10.0,3,0
0,0,0,0,10.666666666666666,3,0
0,0,0,0,21.0,1,0
0,0,0,0,19.0,1,0
0,0,0,0,13.25,2,0
0,0,0,0,14.666666666666666,2,0
0,0,0,0,11.5,2,0
0,0,0,0,20.5,2,0
0,0,0,0,10.0,1,0
0,0,0,0,11.0,1,0
0,0,0,0,10.0,1,0
0,0,0,0,7.0,1,0
0,0,0,0,19.333333333333332,2,0
0,0,0,0,16.5,2,0
0,0,0,0,9.0,1,0
0,0,0,0,14.75,4,0
0,0,0,0,10.5,3,0
0,0,0,0,13.5,2,0
0,0,0,0,14.0,1,0
0,0,0,0,22.0,1,0
0,0,0,0,23.0,1,0
0,0,0,0,21.0,1,0
0,0,0,0,0.0,1,0
0,0,0,0,16.0,1,0
0,0,0,0,13.666666666666666,2,0
0,0,0,0,6.0,1,0
0,0,0,0,21.0,1,0
0,0,0,0,14.0,4,0
0,0,0,2,12.5,13,1
0,0,0,0,10.571428571428571,5,0
0,0,0,0,13.0,2,0
0,0,0,0,16.0,1,0
0,0,0,0,22.0,1,0
0,0,0,0,4.0,1,0
0,0,0,0,16.0,1,0
0,0,0,0,17.0,2,0
0,0,0,0,0.0,1,0
0,0,0,0,21.0,1,0
0,0,0,0,12.0,1,0
0,0,0,0,14.0,1,0
0,0,0,0,15.0,1,0
0,0,0,0,22.0,1,0
0,0,0,0,14.0,1,0
0,0,0,0,21.0,1,0
0,0,0,0,15.0,2,0
0,0,0,0,16.0,1,0
0,0,0,0,11.0,1,0
0,0,0,0,9.0,1,0
0,0,0,0,22.0,1,0
0,0,0,0,18.0,1,0
0,0,0,0,22.0,2,0
0,0,0,0,14.333333333333334,2,0
0,0,0,1,14.0,1,0
0,0,0,0,20.333333333333332,2,0
0,0,0,0,23.0,1,0
0,0,0,1,11.857142857142858,6,0
0,0,0,1,7.75,11,1
0,0,0,0,12.806451612903226,19,1
0,0,0,0,13.1875,12,1
0,0,0,0,12.95,14,1
0,0,0,0,7.851851851851852,17,1
0,0,0,2,14.868421052631579,30,1
0,0,0,8,12.458333333333334,34,1
0,0,0,2,11.694915254237289,44,1
0,0,0,5,15.586206896551724,41,1
0,0,0,0,13.637931034482758,44,1
0,0,0,2,9.869565217391305,45,1
0,0,0,1,15.161290322580646,50,1
0,0,0,2,10.985294117647058,38,1
0,0,0,2,13.028571428571428,31,1
0,0,0,0,14.933333333333334,13,1
0,0,0,0,14.236842105263158,32,1
0,0,0,2,11.212121212121213,28,1
0,0,0,0,12.244897959183673,40,1
0,0,0,0,13.173076923076923,41,1
0,0,0,0,12.357142857142858,34,1
0,0,0,0,11.043478260869565,34,1
0,0,0,1,12.424242424242424,28,1
0,0,0,1,7.875,13,1
0,0,0,0,8.0,1,0
0,0,0,0,11.0,1,0
0,0,0,0,23.0,1,0
0,0,0,0,21.5,2,0
0,0,0,0,5.0,2,0
0,0,0,0,0.0,1,0
0,1,0,1,19.333333333333332,6,0
0,0,0,0,9.0,1,0
0,0,0,0,11.0,1,0
0,0,0,0,15.5,2,0
0,0,0,0,0.0,1,0
0,0,0,0,1.0,1,0
0,0,0,0,10.25,3,0
0,0,0,0,9.5,2,0
0,0,0,0,2.0,1,0
0,0,0,3,2.0,2,0
0,0,0,0,11.0,1,0
0,0,0,0,10.0,1,0
0,0,0,0,12.0,1,0
0,0,0,0,22.0,1,0
0,0,0,0,9.0,1,0
0,0,0,0,2.0,1,0
0,0,0,0,10.0,1,0
0,0,0,0,6.0,1,0
0,0,0,0,10.0,4,0
0,0,0,0,21.666666666666668,2,0
0,0,0,0,13.0,2,0
0,0,0,0,1.0,1,0
0,0,0,0,13.0,1,0
0,0,0,1,17.666666666666668,3,0
0,0,0,0,22.0,1,0
0,0,0,0,22.0,1,0
0,0,0,0,22.0,1,0
0,0,0,0,20.0,1,0
0,0,0,0,7.0,1,0
0,0,0,0,7.0,1,0
0,0,0,0,14.0,3,0
0,0,0,0,15.0,2,0
0,0,0,0,17.166666666666668,5,0
0,0,0,0,12.842105263157896,17,1
0,0,0,0,13.304347826086957,20,1
0,0,0,7,10.444444444444445,20,1
0,0,0,0,12.0,1,0
0,0,0,0,1.0,1,0
0,0,0,0,19.0,1,0
0,0,0,0,20.0,1,0
0,0,0,0,22.0,1,0
0,0,0,0,23.0,1,0
0,0,0,0,14.0,1,0
0,0,0,0,22.0,1,0
0,0,0,0,4.0,1,0
0,0,0,0,20.0,1,0
0,0,0,0,10.0,1,0
0,0,0,0,22.0,1,0
0,0,0,0,11.833333333333334,5,0
0,0,0,0,17.5,2,0
0,0,0,0,10.285714285714286,5,0
0,0,0,2,14.428571428571429,7,1
0,0,0,0,17.444444444444443,5,0
0,0,0,0,22.166666666666668,4,0
0,0,0,0,13.11111111111111,13,1
0,0,0,0,19.333333333333332,5,0
0,0,0,0,11.538461538461538,12,1
0,0,0,0,13.727272727272727,8,0
0,0,0,0,8.76923076923077,9,1
0,0,0,1,12.571428571428571,7,0
0,0,0,0,8.95,15,1
0,0,0,0,12.227272727272727,18,1
0,0,0,0,8.818181818181818,17,1
0,0,0,0,12.423076923076923,22,1
0,0,0,0,12.222222222222221,23,1
0,1,0,0,9.708333333333334,20,1
0,0,0,1,11.523809523809524,19,1
0,0,0,2,13.666666666666666,30,1
0,0,0,0,12.842105263157896,16,1
0,0,0,0,15.166666666666666,11,1
0,0,0,0,14.48,20,1
0,0,0,0,16.57894736842105,17,1
0,3,0,1,12.964285714285714,22,1
0,0,0,0,8.76923076923077,20,1
0,0,0,2,14.0,17,1
0,0,0,0,13.153846153846153,13,1
0,0,0,0,13.526315789473685,16,1
0,0,0,3,13.777777777777779,15,1
0,0,0,0,19.0,1,0
0,0,0,0,18.0,1,0
0,0,0,0,17.0,1,0
0,0,0,1,22.0,1,0
0,0,0,0,22.0,1,0
0,0,0,0,10.0,1,0
0,0,0,0,19.333333333333332,2,0
0,0,0,0,16.0,1,0
0,0,0,0,4.0,1,0
0,0,0,0,16.0,1,0
0,0,0,0,9.0,1,0
0,0,0,0,12.0,1,0
0,0,0,0,23.0,1,0
0,0,0,0,12.0,1,0
0,0,0,0,12.0,2,0
0,0,0,0,15.0,2,0
0,0,0,0,16.0,3,0
0,0,0,0,10.5,2,0
0,0,0,0,10.0,1,0
0,0,0,0,13.0,2,0
0,0,0,0,10.0,1,0
0,0,0,0,15.0,1,0
0,0,0,0,17.0,2,0
0,0,0,0,14.5,2,0
0,0,0,0,15.0,3,0
0,0,0,0,18.2,3,0
0,0,0,0,9.0,1,0
0,0,0,0,5.5,2,0
0,0,0,0,9.6,5,0
0,0,0,0,0.0,1,0
0,0,0,0,11.0,4,0
0,0,0,0,20.0,2,0
0,0,0,0,17.75,4,0
0,0,0,2,17.857142857142858,4,0
0,0,0,1,19.0,2,0
0,0,0,0,15.3,6,0
0,0,0,0,14.88888888888889,5,0
0,0,0,0,8.2,4,0
0,0,0,0,2.0,1,0
0,0,0,0,20.375,3,0
0,0,0,1,15.3,5,0
0,0,0,0,17.555555555555557,5,0
0,0,0,0,14.307692307692308,8,1
0,0,0,0,15.0,3,0
0,0,0,1,16.75,4,0
0,0,0,0,6.333333333333333,3,0
0,0,0,0,9.857142857142858,5,0
0,0,0,0,6.5,4,0
0,0,0,3,14.166666666666666,4,0
0,0,0,0,11.333333333333334,4,0
0,0,0,0,13.25,4,0
0,0,0,0,4.0,1,0
0,0,0,0,12.0,1,0
0,0,0,0,7.0,1,0
0,0,0,0,14.0,1,0
0,0,0,0,17.0,1,0
0,0,0,0,6.0,1,0
0,0,0,0,23.0,1,0
0,0,0,0,11.5,2,0
0,0,0,0,20.0,1,0
0,0,0,0,14.6,2,0
0,0,0,0,17.441860465116278,33,1
0,0,0,0,12.25,23,1
0,0,0,0,13.482758620689655,24,1
0,0,0,1,14.083333333333334,32,1
0,0,0,0,13.382352941176471,26,1
0,0,0,0,11.864864864864865,24,1
0,0,0,2,12.622641509433961,37,1
0,0,0,7,12.84375,41,1
0,0,0,0,12.3,30,1
0,0,0,0,10.428571428571429,5,0
0,0,0,0,10.96875,24,1
0,0,0,0,10.727272727272727,9,0
0,0,0,1,13.16,24,1
0,0,0,0,12.206896551724139,22,1
0,1,0,1,6.882352941176471,30,1
0,0,0,0,16.61111111111111,15,1
0,0,0,0,12.5,19,1
0,0,0,0,13.666666666666666,9,1
0,0,0,0,21.0,1,0
0,0,0,0,15.0,1,0
0,0,0,0,11.0,1,0
0,0,0,0,9.0,1,0
0,0,0,0,11.0,1,0
0,0,0,0,19.0,1,0
0,0,0,0,14.0,1,0
0,0,0,0,0.0,1,0
0,0,0,0,22.0,1,0
0,0,0,0,21.0,1,0
0,0,0,0,11.0,1,0
0,0,0,0,11.5,2,0
0,0,0,0,2.0,1,0
0,0,0,0,13.0,1,0
0,0,0,0,15.5,3,0
0,0,0,0,8.0,3,0
0,0,0,0,6.5,2,0
0,0,0,0,18.833333333333332,4,0
0,0,0,0,17.294117647058822,13,1
0,0,0,0,12.923076923076923,10,1
0,0,0,0,8.538461538461538,11,1
0,0,0,0,12.545454545454545,9,0
0,0,0,0,12.076923076923077,24,1
0,0,0,1,15.588235294117647,16,1
0,0,0,0,13.766666666666667,20,1
0,0,0,0,15.7,8,0
0,0,0,0,15.181818181818182,8,0
0,0,0,1,14.8,5,0
0,0,0,0,10.142857142857142,7,0
0,0,0,0,12.125,21,1
0,0,0,0,12.941176470588236,16,1
0,0,0,0,11.041666666666666,20,1
0,0,0,0,10.5,20,1
0,0,0,0,11.636363636363637,11,0
0,0,0,0,4.714285714285714,5,0
0,0,0,0,14.8,7,0
0,0,0,0,0.0,1,0
0,0,0,0,12.5,2,0
0,0,0,0,19.0,1,0
0,0,0,0,22.0,1,0
0,0,0,0,22.0,1,0
0,0,0,0,13.0,1,0
0,0,0,0,23.0,1,0
0,0,0,0,16.0,2,0
0,0,0,1,9.32258064516129,23,1
0,0,0,0,15.85,19,1
0,0,0,0,11.735294117647058,29,1
0,0,0,0,8.529411764705882,13,1
0,0,0,0,11.681818181818182,22,1
0,0,0,0,9.2,5,0
0,0,0,0,8.75,4,0
0,0,0,0,12.0,1,0
0,0,0,0,19.0,1,0
0,0,0,0,16.0,1,0
0,0,0,0,10.0,1,0
0,0,0,0,11.0,1,0
0,0,0,0,15.0,1,0
0,0,0,0,23.0,1,0
0,0,0,0,20.0,1,0
0,0,0,0,18.0,1,0
0,0,0,0,21.0,1,0
0,0,0,0,18.0,1,0
0,0,0,0,8.0,1,0
0,0,0,0,1.0,1,0
0,0,0,0,6.0,1,0
0,0,0,0,17.333333333333332,3,0
0,0,0,0,18.0,1,0
0,0,0,0,16.0,1,0
0,0,0,0,10.0,1,0
0,0,0,0,8.0,1,0
0,0,0,0,15.666666666666666,3,0
0,0,0,0,19.0,3,0
0,0,0,0,12.666666666666666,3,0
0,0,0,0,11.666666666666666,6,0
0,0,0,0,10.5,4,0
0,0,0,0,12.666666666666666,5,0
0,0,0,0,12.1,8,0
0,0,0,0,14.375,7,0
0,0,0,0,18.0,2,0
0,0,0,0,9.25,4,0
0,0,0,0,9.5,2,0
0,0,0,0,12.4,8,0
0,0,0,0,11.75,4,0
0,0,0,0,8.75,10,1
0,0,0,0,12.666666666666666,6,0
0,0,0,0,10.0,5,0
0,0,0,0,11.333333333333334,3,0
0,0,0,0,9.0,1,0
0,0,0,0,21.0,1,0
0,0,0,0,16.0,1,0
0,0,0,0,0.0,1,0
0,0,0,0,9.0,1,0
0,0,0,0,9.0,1,0
0,0,0,0,10.0,1,0
0,0,0,0,18.0,1,0
0,0,0,0,3.0,1,0
0,0,0,0,23.0,1,0
0,0,0,0,11.5,2,0
0,0,0,0,23.0,1,0
0,0,0,0,19.0,1,0
0,0,0,0,19.0,1,0
0,0,0,0,7.0,1,0
0,0,0,0,17.0,1,0
0,0,0,0,19.5,2,0
0,0,0,0,18.0,1,0
0,0,0,0,15.0,2,0
0,0,0,0,16.0,1,0
0,0,0,0,7.0,1,0
0,0,0,0,15.0,3,0
0,0,0,0,8.0,2,0
0,0,0,0,16.0,1,0
0,0,0,0,3.0,1,0
0,0,0,0,13.0,1,0
0,0,0,0,18.0,1,0
0,0,0,0,12.0,1,0
0,0,0,0,10.0,1,0
0,0,0,0,0.0,1,0
0,0,0,0,23.0,1,0
0,0,0,0,19.0,1,0
0,0,0,0,19.0,2,0
0,0,0,1,12.659574468085106,81,1
0,0,0,1,14.45,72,1
0,0,0,0,15.354166666666666,40,1
0,0,0,2,12.25,33,1
0,0,0,0,11.085714285714285,26,1
0,0,0,0,11.238095238095237,37,1
0,0,0,0,19.75,3,0
0,0,0,0,14.666666666666666,9,0
0,0,0,0,11.857142857142858,6,0
0,0,0,0,8.0,1,0
0,0,0,0,6.25,3,0
0,0,0,0,22.0,1,0
0,0,0,0,12.0,1,0
0,0,0,0,20.0,1,0
0,0,0,0,13.0,1,0
0,0,0,0,9.0,1,0
0,0,0,0,12.0,1,0
0,0,0,0,10.0,1,0
0,0,0,0,21.0,1,0
0,0,0,0,15.0,1,0
0,0,0,0,23.0,1,0
0,0,0,0,2.0,1,0
0,0,0,0,13.0,1,0
0,0,0,0,8.0,1,0
0,0,0,0,11.0,1,0
0,0,0,0,7.0,1,0
0,0,0,0,2.0,1,0
0,0,0,0,23.0,1,0
0,0,0,0,10.0,1,0
0,0,0,0,14.0,1,0
0,0,0,0,9.0,1,0
0,0,0,0,7.0,2,0
0,0,0,0,12.0,2,0
0,0,0,0,8.0,1,0
0,0,0,0,7.0,2,0
0,0,0,0,9.5,2,0
0,0,0,0,9.0,1,0
0,0,0,0,8.166666666666666,5,0
0,0,0,0,11.5,2,0
0,0,0,0,9.333333333333334,3,0
0,0,0,0,14.0,3,0
0,0,0,0,7.5,2,0
0,0,0,0,8.0,1,0
0,0,0,0,22.0,1,0
0,0,0,0,15.0,1,0
0,0,0,0,22.0,1,0
0,0,0,0,20.5,2,0
0,0,0,1,17.0,1,0
0,0,0,0,17.0,1,0
0,0,0,0,2.0,1,0
0,0,0,0,14.0,1,0
0,0,0,0,22.0,1,0
0,0,0,0,21.6,2,0
0,0,0,0,7.0,1,0
0,0,0,0,23.0,1,0
0,0,0,0,15.0,1,0
0,0,0,0,14.0,1,0
0,0,0,0,9.0,1,0
0,0,0,0,3.0,1,0
0,0,0,0,23.0,1,0
0,0,0,0,8.0,1,0
0,0,0,0,10.0,1,0
0,0,0,1,20.5,2,0
0,0,0,0,15.0,3,0
0,0,0,0,22.0,1,0
0,0,0,0,22.333333333333332,2,0
0,0,0,0,14.5,2,0
0,0,0,0,16.0,2,0
0,0,0,0,11.666666666666666,2,0
0,0,0,0,17.666666666666668,3,0
0,0,0,0,16.5,2,0
0,0,0,0,16.0,1,0
0,0,0,0,2.0,1,0
0,0,0,0,18.25,4,0
0,0,0,0,23.0,1,0
0,0,0,0,17.0,1,0
0,0,0,0,9.5,2,0
0,0,0,0,19.0,1,0
0,0,0,0,17.0,1,0
0,0,0,0,11.0,1,0
0,0,0,0,8.0,1,0
0,0,0,0,10.0,1,0
0,0,0,0,9.0,1,0
0,0,0,0,11.0,1,0
0,0,0,0,4.0,1,0
0,0,0,0,14.0,1,0
0,0,0,0,18.0,1,0
0,0,0,0,1.0,1,0
0,0,0,0,10.0,1,0
0,0,0,0,9.0,1,0
0,0,0,0,14.0,1,0
0,0,0,0,0.0,1,0
0,0,0,0,10.0,2,0
0,0,0,0,8.0,1,0
0,0,0,0,22.0,1,0
0,0,0,0,16.0,1,0
0,0,0,0,9.0,2,0
0,0,0,0,7.0,1,0
0,0,0,0,6.0,1,0
0,0,0,0,0.0,1,0
0,0,0,0,17.0,1,0
0,0,0,0,14.0,1,0
0,0,0,0,8.0,1,0
0,0,0,0,11.0,2,0
0,0,0,0,10.0,1,0
0,0,0,0,7.0,1,0
0,0,0,0,9.5,2,0
0,0,0,0,15.0,1,0
0,0,0,0,16.333333333333332,3,0
0,0,0,0,10.0,1,0
0,0,0,0,18.0,1,0
0,0,0,0,12.0,1,0
0,0,0,0,11.0,1,0
0,0,0,0,16.0,1,0
0,0,0,0,8.0,1,0
0,0,0,0,9.0,1,0
0,0,0,0,9.0,1,0
0,0,0,0,9.0,1,0
0,0,0,0,10.5,2,0
0,0,0,0,15.0,1,0
0,0,0,0,14.0,1,0
0,0,0,0,16.0,1,0
0,0,0,0,7.0,1,0
0,0,0,0,10.0,4,0
0,0,0,0,9.0,1,0
0,0,0,0,6.0,1,0
0,0,0,0,12.333333333333334,2,0
0,0,0,0,17.0,1,0
0,0,0,0,12.0,1,0
0,0,0,0,8.0,1,0
0,0,0,1,20.0,1,0
0,0,0,0,14.0,2,0
0,0,0,0,15.0,1,0
0,0,0,0,12.0,1,0
0,0,0,0,9.0,1,0
0,0,0,0,11.0,1,0
0,0,0,0,8.0,1,0
0,0,0,0,8.0,1,0
0,0,0,0,11.0,1,0
0,0,0,0,10.0,2,0
0,0,0,0,6.0,1,0
0,0,0,0,10.0,1,0
0,0,0,0,6.0,1,0
0,0,0,0,8.0,1,0
0,0,0,0,19.0,1,0
0,0,0,0,0.0,1,0
0,0,0,0,14.0,1,0
0,0,0,0,21.0,1,0
0,0,0,0,22.0,1,0
0,0,0,0,3.0,1,0
0,0,0,0,13.0,1,0
0,0,0,0,12.0,1,0
0,0,0,0,22.0,1,0
0,0,0,0,9.0,1,0
0,0,0,0,7.0,1,0
0,0,0,0,23.0,1,0
0,0,0,1,13.0,1,0
0,0,0,0,21.0,1,0
0,0,0,0,17.0,2,0
0,0,0,0,17.0,1,0
0,0,0,0,14.75,3,0
0,0,0,0,15.0,1,0
0,0,0,0,23.0,1,0
0,0,0,0,13.0,1,0
0,0,0,0,12.0,1,0
0,0,0,0,9.0,1,0
0,0,0,0,10.0,1,0
0,0,0,0,13.0,1,0
0,0,0,0,2.0,1,0
0,0,0,0,22.0,1,0
0,0,0,0,20.0,1,0
0,0,0,0,8.0,1,0
0,0,0,0,1.0,1,0
0,0,0,0,17.0,1,0
0,0,0,0,9.0,1,0
0,0,0,0,10.0,1,0
0,0,0,1,7.0,1,0
0,0,0,0,10.0,1,0
0,0,0,1,21.0,1,0
0,0,0,0,15.0,1,0
0,0,0,0,3.0,1,0
0,0,0,0,7.0,1,0
0,0,0,0,1.0,2,0
0,0,0,0,3.0,1,0
0,0,0,0,7.0,1,0
0,0,0,0,20.0,1,0
0,0,0,0,5.0,1,0
0,0,0,0,11.0,1,0
0,0,0,0,10.5,2,0
0,0,0,0,9.0,1,0
0,0,0,0,6.0,1,0
0,0,0,0,19.0,1,0
0,0,0,0,7.0,1,0
0,0,0,0,13.0,1,0
0,0,0,0,11.0,1,0
0,0,0,0,15.0,1,0
0,0,0,0,15.0,1,0
0,0,0,0,10.0,1,0
0,0,0,0,12.666666666666666,2,0
0,0,0,0,19.0,4,0
0,0,0,0,17.0,1,0
0,0,0,0,0.0,1,0
0,0,0,0,21.0,1,0
0,0,0,0,1.0,1,0
0,0,0,0,16.0,2,0
0,0,0,0,9.666666666666666,2,0
0,0,0,0,18.0,2,0
0,0,0,0,16.0,2,0
0,0,0,0,0.0,1,0
0,0,0,0,10.0,1,0
0,0,0,0,11.0,1,0
0,0,0,0,9.0,1,0
0,0,0,0,9.0,1,0
0,0,0,0,10.0,1,0
0,0,0,0,14.0,1,0
0,0,0,0,8.0,1,0
0,0,0,0,21.0,1,0
0,0,0,0,13.0,1,0
0,0,0,0,12.0,1,0
0,0,0,0,8.0,1,0
0,0,0,0,7.0,1,0
0,0,0,0,11.5,2,0
0,0,0,0,7.5,9,0
0,0,0,0,11.333333333333334,3,0
0,0,0,0,12.666666666666666,2,0
0,0,0,0,8.0,1,0
0,0,0,0,7.0,1,0
0,0,0,0,16.0,1,0
0,0,0,0,19.0,2,0
0,0,0,0,11.0,1,0
0,0,0,0,8.5,2,0
0,0,0,0,12.0,1,0
0,0,0,0,10.0,1,0
0,0,0,0,14.0,1,0
0,0,0,0,14.0,1,0
0,0,0,0,8.0,2,0
0,0,0,0,23.0,1,0
0,0,0,0,8.0,1,0
0,0,0,0,7.0,1,0
0,0,0,0,15.0,1,0
0,0,0,0,10.0,2,0
0,0,0,0,10.0,1,0
0,0,0,0,23.0,1,0
0,0,0,0,9.0,1,0
0,0,0,0,22.0,1,0
0,0,0,0,1.0,1,0
0,0,0,0,10.0,1,0
0,0,0,0,10.0,1,0
0,0,0,0,17.4,4,0
0,0,0,0,22.0,1,0
0,0,0,0,15.666666666666666,6,0
0,0,0,0,14.0,2,0
0,0,0,0,17.285714285714285,7,0
0,0,0,0,15.444444444444445,7,0
0,0,0,0,21.333333333333332,3,0
0,0,0,0,16.6,5,0
0,0,0,0,11.25,3,0
0,0,0,0,13.555555555555555,8,0
0,0,0,0,12.166666666666666,6,0
0,0,0,0,13.8,5,0
0,0,0,0,11.2,5,0
0,0,0,0,16.25,3,0
0,0,0,0,9.666666666666666,3,0
0,0,0,0,10.333333333333334,6,0
0,0,0,0,10.571428571428571,5,0
0,0,0,0,7.5,4,0
0,0,0,0,0.0,1,0
0,0,0,0,15.833333333333334,5,0
0,0,0,0,7.0,2,0
0,0,0,0,13.666666666666666,3,0
0,0,0,0,4.5,2,0
0,0,0,0,19.0,1,0
0,0,0,0,10.0,1,0
0,0,0,0,3.0,1,0
0,0,0,0,3.0,1,0
0,0,0,0,19.0,1,0
0,0,0,0,8.0,1,0
0,0,0,0,8.0,1,0
0,0,0,0,23.0,1,0
0,0,0,0,8.0,1,0
0,0,0,0,18.0,1,0
0,0,0,0,4.0,1,0
0,0,0,0,23.0,1,0
0,0,0,0,23.0,1,0
0,0,0,0,17.0,1,0
0,0,0,0,1.0,1,0
0,0,0,0,13.0,1,0
0,0,0,0,10.0,1,0
0,0,0,0,8.0,1,0
0,0,0,0,14.666666666666666,3,0
0,0,0,0,22.0,1,0
0,0,0,0,4.0,1,0
0,0,0,0,13.0,2,0
0,0,0,0,14.5,2,0
0,0,0,0,15.25,5,0
0,0,0,0,12.0,5,0
0,0,0,0,16.0,3,0
0,0,0,0,2.0,1,0
0,0,0,0,13.25,4,0
0,0,0,0,7.0,1,0
0,0,0,0,6.5,2,0
0,0,0,0,12.833333333333334,6,0
0,0,0,0,11.5,2,0
0,0,0,0,9.2,4,0
0,0,0,0,19.0,2,0
0,0,0,0,15.5,3,0
0,0,0,0,14.0,4,0
0,0,0,0,8.0,2,0
0,0,0,0,12.666666666666666,3,0
0,0,0,0,11.6,4,0
0,0,0,0,16.0,1,0
0,0,0,0,18.333333333333332,2,0
0,0,0,0,8.0,1,0
0,0,0,0,0.0,1,0
0,0,0,0,16.0,1,0
0,0,0,0,10.0,1,0
0,0,0,0,17.0,1,0
0,0,0,0,23.0,1,0
0,0,0,0,7.0,1,0
0,0,0,0,10.0,1,0
0,0,0,0,19.0,1,0
0,0,0,0,5.0,1,0
0,0,0,0,8.666666666666666,2,0
0,0,0,0,11.0,1,0
0,0,0,0,13.4,4,0
0,0,0,0,16.0,1,0
0,0,0,0,15.0,6,0
0,0,0,0,2.0,1,0
0,0,0,0,17.0,2,0
0,0,0,0,3.5,2,0
0,0,0,0,14.0,5,0
0,0,0,0,9.142857142857142,4,0
0,0,0,0,11.4,5,0
0,0,0,0,10.0,1,0
0,0,0,0,17.75,4,0
0,0,0,0,13.0,2,0
0,0,0,0,19.0,2,0
0,0,0,0,12.0,1,0
0,0,0,0,6.25,3,0
0,0,0,0,10.0,1,0
0,0,0,0,12.0,2,0
0,0,0,0,3.0,1,0
0,0,0,0,14.0,1,0
0,0,0,0,11.0,2,0
0,0,0,0,18.0,1,0
0,0,0,0,10.0,1,0
0,0,0,0,8.0,1,0
0,0,0,0,17.0,2,0
0,0,0,0,18.0,1,0
0,0,0,0,2.0,1,0
0,0,0,0,10.666666666666666,2,0
0,0,0,0,7.0,1,0
0,0,0,0,12.0,1,0
0,0,0,0,10.0,1,0
0,0,0,0,15.0,3,0
0,0,0,0,11.0,1,0
0,0,0,1,11.0,1,0
0,0,0,0,16.0,1,0
0,0,0,0,21.0,1,0
0,0,0,0,10.0,1,0
0,0,0,0,23.0,1,0
0,0,0,0,10.0,1,0
0,0,0,0,12.0,1,0
0,0,0,0,18.0,1,0
0,0,0,0,8.0,1,0
0,0,0,0,8.0,1,0
0,0,0,0,17.0,1,0
0,0,0,0,7.0,1,0
0,0,0,0,16.0,2,0
0,0,0,0,17.0,1,0
0,0,0,0,14.0,2,0
0,0,0,0,2.0,1,0
0,0,0,0,15.0,3,0
0,0,0,0,23.0,1,0
0,0,0,2,16.75,3,0
0,0,0,0,22.0,1,0
0,0,0,0,7.0,2,0
0,0,0,0,14.0,1,0
0,0,0,0,11.0,1,0
0,0,0,0,13.0,1,0
0,0,0,0,14.0,1,0
0,0,0,0,10.0,1,0
0,0,0,0,13.0,1,0
0,0,0,0,14.0,1,0
0,0,0,0,16.0,1,0
0,0,0,0,0.0,1,0
0,0,0,0,23.0,1,0
0,0,0,0,17.75,2,0
0,0,0,0,12.25,1,0
0,0,0,0,11.0,1,0
0,0,0,0,7.5,2,0
0,0,0,0,16.666666666666668,3,0
0,0,0,0,12.0,2,0
0,0,0,0,12.0,1,0
0,0,0,0,20.5,2,0
0,0,0,0,13.666666666666666,3,0
0,0,0,0,7.0,1,0
0,0,0,0,22.0,1,0
0,0,0,0,23.0,1,0
0,0,0,0,9.0,1,0
0,0,0,0,10.0,1,0
0,0,0,0,15.0,2,0
0,0,0,0,9.25,2,0
0,0,0,0,20.0,1,0
0,0,0,0,17.0,1,0
0,0,0,0,15.0,1,0
0,0,0,0,13.0,1,0
0,0,0,0,10.0,2,0
0,0,0,0,9.666666666666666,2,0
0,0,0,0,10.0,1,0
0,0,0,0,18.0,4,0
0,0,0,0,14.333333333333334,3,0
0,0,0,0,13.0,2,0
0,0,0,0,16.75,3,0
0,0,0,0,7.0,1,0
0,0,0,0,7.0,1,0
0,0,0,0,23.0,1,0
0,0,0,0,10.0,1,0
0,0,0,0,0.0,1,0
0,0,0,0,7.0,1,0
0,0,0,0,7.0,1,0
0,0,0,0,7.0,1,0
0,0,0,0,8.0,1,0
0,0,0,0,10.0,1,0
0,0,0,0,23.0,1,0
0,0,0,0,13.0,1,0
0,0,0,0,18.0,1,0
0,0,0,0,8.0,1,0
0,0,0,0,15.0,1,0
0,0,0,0,13.0,1,0
0,0,0,0,7.0,1,0
0,0,0,0,11.0,1,0
0,0,0,0,8.0,1,0
0,0,0,0,10.5,2,0
0,0,0,0,8.0,1,0
0,0,0,0,13.5,2,0
0,0,0,0,21.0,2,0
0,0,0,0,7.0,1,0
0,0,0,0,17.0,1,0
0,0,0,0,8.0,1,0
0,0,0,0,1.0,1,0
0,0,0,0,15.0,1,0
0,0,0,1,1.0,1,0
0,0,0,0,15.0,1,0
0,0,0,0,12.0,2,0
0,0,0,0,10.5,2,0
0,0,0,0,20.0,3,0
0,0,0,0,19.2,3,0
0,0,0,0,18.5,5,0
0,0,0,0,16.0,3,0
0,0,0,0,11.0,2,0
0,0,0,0,21.0,1,0
0,0,0,0,13.666666666666666,3,0
0,0,0,0,11.0,3,0
0,0,0,0,14.0,2,0
0,0,0,0,14.0,1,0
0,0,0,0,19.0,1,0
0,0,0,0,18.0,1,0
0,0,0,0,22.0,1,0
0,0,0,0,9.0,1,0
0,0,0,0,8.0,1,0
0,0,0,0,14.0,1,0
0,0,0,0,8.0,1,0
0,0,0,0,12.0,1,0
0,0,0,0,8.0,1,0
0,0,0,0,9.0,1,0
0,0,0,0,12.0,1,0
0,0,0,0,7.0,1,0
0,0,0,0,22.0,1,0
0,0,0,0,15.0,2,0
0,0,0,0,15.6,4,0
0,0,0,0,12.2,5,0
0,0,0,0,9.0,1,0
0,0,0,0,13.333333333333334,3,0
0,0,0,0,11.0,1,0
0,0,0,0,18.0,1,0
0,0,0,0,16.0,1,0
0,0,0,0,17.0,1,0
0,0,0,0,5.5,2,0
0,0,0,0,12.0,1,0
0,0,0,0,8.5,3,0
0,0,0,0,18.0,2,0
0,0,0,0,5.0,1,0
0,0,0,0,14.0,1,0
0,0,0,0,10.0,1,0
0,0,0,0,0.0,1,0
0,0,0,0,22.0,1,0
0,0,0,0,9.0,1,0
0,0,0,0,22.0,1,0
0,0,0,0,19.0,1,0
0,0,0,0,12.0,1,0
0,0,0,0,1.0,1,0
0,0,0,0,9.0,1,0
0,0,0,0,17.0,1,0
0,0,0,0,1.0,1,0
0,0,0,0,20.0,1,0
0,0,0,0,5.0,1,0
0,0,0,0,20.0,1,0
0,0,0,0,23.0,1,0
0,0,0,0,23.0,1,0
0,0,0,0,20.0,1,0
0,0,0,0,1.0,1,0
0,0,0,0,23.0,1,0
0,0,0,0,21.0,1,0
0,0,0,0,1.0,1,0
0,0,0,0,7.0,1,0
0,0,0,0,17.0,1,0
0,0,0,0,13.0,1,0
0,0,0,0,2.0,1,0
0,0,0,0,8.5,2,0
0,0,0,0,20.0,1,0
0,0,0,0,2.0,1,0
0,0,0,0,10.0,1,0
0,0,0,0,12.0,1,0
0,0,0,0,9.0,1,0
0,0,0,0,19.0,1,0
0,0,0,0,20.0,2,0
0,0,0,0,19.666666666666668,3,0
0,0,0,0,10.0,2,0
0,0,0,0,16.666666666666668,2,0
0,0,0,1,16.5,2,0
0,0,0,0,15.0,1,0
0,0,0,1,19.333333333333332,3,0
0,0,0,0,20.5,3,0
0,0,0,0,23.0,1,0
0,0,0,0,8.0,1,0
0,0,0,0,18.4,4,0
0,0,0,0,15.0,1,0
0,0,0,0,6.2,5,0
0,0,0,0,10.6,5,0
0,0,0,0,19.0,1,0
0,0,0,0,20.0,1,0
0,0,0,0,11.666666666666666,4,0
0,0,0,1,11.5,2,0
0,0,0,0,9.0,1,0
0,0,0,0,15.0,1,0
0,0,0,0,10.0,1,0
0,0,0,0,16.0,1,0
0,0,0,0,21.0,1,0
0,0,0,0,18.0,1,0
0,0,0,0,5.0,1,0
0,0,0,0,21.0,1,0
0,0,0,0,20.5,2,0
0,0,0,0,17.5,3,0
0,0,0,0,16.666666666666668,3,0
0,0,0,0,22.0,1,0
0,0,0,0,21.0,3,0
0,0,0,0,14.125,6,0
0,0,0,0,23.0,1,0
0,0,0,0,0.0,1,0
0,0,0,0,16.0,1,0
0,0,0,0,17.0,1,0
0,0,0,0,18.0,1,0
0,0,0,0,18.0,1,0
0,0,0,0,21.0,1,0
0,0,0,1,18.0,1,0
0,0,0,0,9.0,1,0
0,0,0,0,14.0,1,0
0,0,0,0,13.0,1,0
0,0,0,0,20.0,1,0
0,0,0,0,10.0,1,0
0,0,0,1,6.0,1,0
0,0,0,0,15.0,1,0
0,0,0,0,19.0,1,0
0,0,0,0,22.0,1,0
0,0,0,0,11.0,2,0
0,0,0,0,14.75,3,0
0,0,0,0,19.5,2,0
0,0,0,0,10.0,1,0
0,0,0,0,22.0,1,0
0,0,0,0,23.0,1,0
0,0,0,0,10.0,1,0
0,0,0,0,17.0,1,0
0,0,0,0,22.0,1,0
0,0,0,0,16.0,1,0
0,0,0,0,16.0,1,0
0,0,0,0,19.0,1,0
0,0,0,0,21.0,1,0
0,0,0,0,20.0,1,0
0,0,0,0,19.0,1,0
0,0,0,0,8.0,2,0
0,0,0,0,15.0,1,0
0,0,0,0,20.0,1,0
0,0,0,0,16.0,1,0
0,0,0,0,21.0,1,0
0,0,0,0,16.0,1,0
0,0,0,0,10.0,1,0
0,0,0,0,13.0,1,0
0,0,0,0,17.0,1,0
0,0,0,0,9.0,1,0
0,0,0,0,17.0,1,0
0,0,0,0,7.0,1,0
0,0,0,0,22.0,1,0
0,0,0,0,0.0,1,0
0,0,0,0,14.0,1,0
0,0,0,0,20.0,1,0
0,0,0,0,9.0,1,0
0,0,0,0,22.0,1,0
0,0,0,0,21.0,1,0
0,0,0,0,14.0,1,0
0,0,0,0,22.0,1,0
0,0,0,0,0.0,1,0
0,0,0,0,10.0,1,0
0,0,0,0,18.0,1,0
0,0,0,0,14.0,1,0
0,0,0,0,9.0,1,0
0,0,0,0,20.0,1,0
0,0,0,0,22.0,1,0
0,0,0,0,0.0,1,0
0,0,0,0,17.0,1,0
0,0,0,0,8.0,1,0
0,0,0,0,20.0,1,0
0,0,0,0,16.0,1,0
0,0,0,0,15.0,1,0
0,0,0,0,11.0,1,0
0,0,0,0,23.0,2,0
0,0,0,0,11.0,1,0
0,0,0,0,9.0,1,0
0,0,0,0,5.75,2,0
0,0,0,0,17.666666666666668,3,0
0,0,0,0,1.0,1,0
0,0,0,0,21.0,1,0
0,0,0,0,0.0,1,0
0,0,0,0,1.0,1,0
0,0,0,0,1.0,1,0
0,0,0,0,8.0,1,0
0,0,0,0,23.0,1,0
0,0,0,2,19.0,1,0
0,0,0,0,9.0,1,0
0,0,0,0,23.0,1,0
0,0,0,0,17.0,1,0
0,0,0,0,0.0,1,0
0,0,0,0,16.0,1,0
0,0,0,0,23.0,1,0
0,0,0,0,8.0,1,0
0,0,0,0,2.0,1,0
0,0,0,1,12.0,1,0
0,0,0,0,10.0,1,0
0,0,0,0,12.0,1,0
0,0,0,0,22.0,1,0
0,0,0,0,6.0,1,0
0,0,0,4,21.0,1,0
0,0,0,0,9.0,1,0
0,0,0,0,20.0,1,0
0,0,0,0,16.0,1,0
0,0,0,0,12.0,1,0
0,0,0,0,4.0,1,0
0,0,0,0,22.0,1,0
0,0,0,0,10.0,1,0
0,0,0,0,0.0,1,0
0,0,0,0,20.0,1,0
0,0,0,0,7.0,1,0
0,0,0,0,16.0,1,0
0,0,0,0,21.0,1,0
0,0,0,0,21.0,1,0
0,0,0,0,9.0,1,0
0,0,0,0,13.0,1,0
0,0,0,0,2.0,1,0
0,0,0,0,17.0,1,0
0,0,0,0,13.0,1,0
0,0,0,0,21.0,1,0
0,0,0,0,9.0,1,0
0,0,0,0,23.0,1,0
0,0,0,0,21.0,1,0
0,0,0,0,2.0,1,0
0,0,0,0,9.0,1,0
0,0,0,0,12.0,1,0
0,0,0,0,23.0,1,0
0,0,0,0,2.0,1,0
0,0,0,0,23.0,1,0
0,0,0,0,23.0,1,0
0,0,0,0,19.0,1,0
0,0,0,0,15.666666666666666,2,0
0,0,0,0,7.0,1,0
0,0,0,0,13.0,1,0
0,0,0,0,13.0,1,0
0,0,0,0,12.0,1,0
0,0,0,0,19.0,1,0
0,0,0,0,12.5,2,0
0,0,0,0,21.0,1,0
0,0,0,0,12.0,1,0
0,0,0,0,23.0,1,0
0,0,0,0,13.0,1,0
0,0,0,0,13.0,1,0
0,0,0,0,19.0,1,0
0,0,0,0,15.0,1,0
0,0,0,0,7.0,1,0
0,0,0,0,21.5,2,0
0,0,0,0,10.666666666666666,3,0
0,0,0,0,3.0,1,0
0,0,0,0,20.0,1,0
0,0,0,0,18.333333333333332,3,0
0,0,0,0,11.0,3,0
0,0,0,0,16.0,1,0
0,0,0,0,17.0,1,0
0,0,0,0,7.5,2,0
0,0,0,0,22.0,1,0
0,0,0,0,13.0,1,0
0,0,0,0,7.0,1,0
0,0,0,0,10.0,1,0
0,0,0,0,13.5,2,0
0,0,0,0,9.0,1,0
0,0,0,0,5.0,1,0
0,0,0,0,11.0,1,0
0,0,0,0,16.0,1,0
0,0,0,0,8.0,1,0
0,0,0,0,8.0,2,0
0,0,0,0,14.0,1,0
0,0,0,0,10.0,1,0
0,0,0,0,11.0,1,0
0,0,0,0,12.0,1,0
0,0,0,0,14.5,2,0
0,0,0,0,18.0,2,0
0,0,0,0,22.0,1,0
0,0,0,0,20.0,1,0
0,0,0,0,22.5,2,0
0,0,0,0,10.0,3,0
0,0,0,0,16.666666666666668,2,0
0,0,0,0,16.428571428571427,11,1
0,0,0,0,11.333333333333334,11,1
0,0,0,0,16.555555555555557,9,0
0,0,0,0,12.727272727272727,8,0
0,0,0,0,14.333333333333334,8,0
0,0,0,5,12.74,38,1
0,0,0,0,9.416666666666666,10,1
0,0,0,1,12.692307692307692,9,1
0,0,0,0,12.0,14,1
0,0,0,0,12.84,19,1
0,0,0,0,11.793103448275861,26,1
0,0,0,0,13.038461538461538,23,1
0,0,0,2,14.232558139534884,38,1
0,0,1,0,15.666666666666666,27,1
0,0,0,0,9.833333333333334,10,1
0,0,0,0,13.391304347826088,17,1
0,0,0,1,16.25,7,0
0,0,0,0,18.166666666666668,5,0
0,0,0,0,9.266666666666667,11,1
0,0,0,0,17.714285714285715,5,0
0,0,0,0,10.8,5,0
0,0,0,0,12.0,1,0
0,0,0,0,3.0,1,0
0,0,0,0,8.0,1,0
0,0,0,0,6.0,1,0
0,0,0,0,14.0,1,0
0,0,0,0,9.0,1,0
0,0,0,0,11.0,1,0
0,0,0,0,8.0,1,0
0,0,0,0,8.0,1,0
0,0,0,0,7.0,1,0
0,0,0,0,6.0,2,0
0,0,0,0,20.0,1,0
0,0,0,0,14.5,2,0
0,0,0,0,7.0,1,0
0,0,0,0,10.666666666666666,3,0
0,0,0,0,4.666666666666667,2,0
0,0,0,0,19.0,2,0
0,0,0,0,1.0,1,0
0,0,0,0,23.0,2,0
0,0,0,0,20.0,1,0
0,0,0,0,20.0,1,0
0,0,0,0,2.0,1,0
0,0,0,0,18.0,1,0
0,0,0,0,8.0,1,0
0,0,0,0,20.0,1,0
0,0,0,0,11.0,1,0
0,0,0,0,22.0,1,0
0,0,0,0,8.0,1,0
0,0,0,0,15.0,1,0
0,0,0,0,12.0,1,0
0,0,0,0,1.0,1,0
0,0,0,0,16.0,1,0
0,0,0,0,12.0,1,0
0,0,0,0,17.0,1,0
0,0,0,0,22.0,1,0
0,0,0,0,11.0,1,0
0,0,0,0,8.5,2,0
0,0,0,0,17.0,1,0
0,0,0,0,8.0,1,0
0,0,0,0,15.333333333333334,5,0
0,0,0,0,7.0,3,0
0,0,0,0,13.5,2,0
0,0,0,0,12.8,4,0
0,0,0,0,14.4,4,0
0,0,0,0,11.25,4,0
0,0,0,0,9.666666666666666,6,0
0,0,0,0,14.6,5,0
0,0,0,0,16.0,5,0
0,0,0,0,9.333333333333334,3,0
0,0,0,0,10.5,6,0
0,0,0,0,13.7,10,0
0,0,0,0,11.25,4,0
0,0,0,0,8.363636363636363,10,0
0,0,0,0,13.75,4,0
0,0,0,0,8.8,5,0
0,0,0,0,13.285714285714286,7,0
0,0,0,0,9.0,5,0
0,0,0,0,15.0,1,0
0,0,0,0,23.0,1,0
0,0,0,0,1.0,2,0
0,0,0,0,23.0,1,0
0,0,0,0,21.333333333333332,2,0
0,0,0,0,10.8,5,0
0,0,0,0,12.25,4,0
0,0,0,0,13.0,10,1
0,0,0,0,11.454545454545455,18,1
0,0,0,0,11.76923076923077,13,1
0,0,0,0,10.6,5,0
0,0,0,0,1.6666666666666667,4,0
0,0,0,0,6.2,4,0
0,0,0,0,11.5,6,0
0,0,0,0,14.4,8,0
0,0,0,0,9.3,10,0
0,0,0,0,12.636363636363637,9,0
0,0,0,0,8.833333333333334,6,0
0,0,0,1,13.909090909090908,7,0
0,0,0,0,10.571428571428571,7,0
0,0,0,0,11.866666666666667,11,1
0,0,0,0,14.363636363636363,8,0
0,0,0,0,12.285714285714286,6,0
0,0,0,0,14.142857142857142,7,0
0,0,0,0,9.88888888888889,8,0
0,0,0,0,11.071428571428571,9,1
0,0,0,0,11.5,2,0
0,0,0,0,15.5,2,0
0,0,0,0,15.0,1,0
0,0,0,0,20.0,1,0
0,0,0,0,15.0,1,0
0,0,0,0,10.5,2,0
0,0,0,0,19.0,1,0
0,0,0,0,7.5,3,0
0,0,0,0,12.0,4,0
0,0,0,0,14.0,3,0
0,0,0,0,15.714285714285714,6,0
0,0,0,0,17.0,1,0
0,0,0,0,16.571428571428573,6,0
0,0,0,0,11.0,3,0
0,0,0,0,14.571428571428571,14,1
0,0,0,0,14.294117647058824,16,1
0,0,0,0,12.88888888888889,8,0
0,0,0,0,11.11111111111111,9,0
0,0,0,0,18.0,7,0
0,0,0,0,12.5,2,0
0,0,0,1,12.88888888888889,8,0
0,0,0,0,19.5,2,0
0,0,0,0,18.666666666666668,3,0
0,0,0,0,8.0,1,0
0,0,0,0,8.0,1,0
0,0,0,0,8.0,1,0
0,0,0,0,10.0,1,0
0,0,0,0,14.0,1,0
0,0,0,0,18.0,1,0
0,0,0,0,23.0,1,0
0,0,0,0,20.0,1,0
0,0,0,0,22.0,1,0
0,0,0,1,13.0,1,0
0,0,0,0,4.5,2,0
0,0,0,0,16.0,4,0
0,0,0,0,17.5,2,0
0,0,0,0,14.125,20,1
0,0,0,0,17.0,3,0
0,0,0,0,14.090909090909092,9,0
0,0,0,0,14.346153846153847,19,1
0,0,0,0,11.2,14,1
0,0,0,0,14.217391304347826,19,1
0,0,0,1,15.571428571428571,11,1
0,0,0,0,13.923076923076923,11,1
0,0,0,0,13.933333333333334,13,1
0,0,0,0,11.375,8,0
0,0,0,0,12.681818181818182,14,1
0,0,0,0,21.666666666666668,3,0
0,0,0,0,16.5,4,0
0,0,0,0,12.375,7,0
0,0,0,0,18.666666666666668,3,0
0,0,0,0,12.25,3,0
0,0,0,0,0.0,1,0
0,0,0,0,7.5,2,0
0,0,0,0,23.0,1,0
0,0,0,0,18.0,1,0
0,0,0,0,22.0,1,0
0,0,0,0,11.0,1,0
0,0,0,0,11.0,1,0
0,0,0,0,22.0,1,0
0,0,0,0,21.0,1,0
0,0,0,0,14.0,1,0
0,0,0,0,9.0,1,0
0,0,0,1,2.0,1,0
0,0,0,0,13.0,1,0
0,0,0,0,7.0,1,0
0,0,0,0,8.0,1,0
0,0,0,0,11.0,1,0
0,0,0,0,23.0,1,0
0,0,0,0,11.0,1,0
0,0,0,0,11.0,1,0
0,0,0,0,10.0,1,0
0,0,0,0,11.0,1,0
0,0,0,0,16.5,2,0
0,0,0,0,11.5,2,0
0,0,0,0,15.25,4,0
0,0,0,0,8.6,4,0
0,0,0,0,11.75,4,0
0,0,0,0,8.5,3,0
0,0,0,0,10.0,4,0
0,0,0,0,17.166666666666668,6,0
0,0,0,0,4.0,3,0
0,0,0,1,12.0,2,0
0,0,0,0,11.142857142857142,6,0
0,0,0,0,12.857142857142858,6,0
0,0,0,0,15.0,4,0
0,0,0,1,13.2,8,0
0,0,0,0,10.666666666666666,3,0
0,0,0,0,12.0,1,0
0,0,0,1,6.6,5,0
0,0,0,0,8.5,2,0
0,0,0,0,10.0,1,0
0,0,0,0,9.666666666666666,3,0
0,0,0,0,15.0,1,0
0,0,0,0,10.666666666666666,3,0
0,0,0,0,12.0,4,0
0,0,0,0,1.0,1,0
0,0,0,0,8.0,1,0
0,0,0,0,14.0,1,0
0,0,0,0,14.0,3,0
0,0,0,0,10.0,6,0
0,0,0,0,12.333333333333334,3,0
0,0,0,0,15.0,1,0
0,0,0,0,13.11111111111111,6,0
0,0,0,0,8.6,5,0
0,0,0,0,12.5,4,0
0,0,0,0,15.333333333333334,2,0
0,0,1,0,11.833333333333334,5,0
0,0,0,0,18.0,2,0
0,0,0,0,3.0,1,0
0,0,0,0,12.5,2,0
0,0,0,0,17.0,1,0
0,0,0,0,14.0,1,0
0,0,0,0,19.0,1,0
0,0,0,0,23.0,1,0
0,0,0,0,14.0,1,0
0,0,0,0,14.0,1,0
0,0,0,0,9.0,1,0
0,0,0,0,10.5,2,0
0,0,0,0,17.0,1,0
0,0,0,0,22.0,1,0
0,0,0,0,8.0,1,0
0,0,0,0,5.0,1,0
0,0,0,0,11.0,1,0
0,0,0,0,13.0,1,0
0,0,0,1,9.0,1,0
0,0,0,1,10.0,1,0
0,0,0,0,7.0,1,0
0,0,0,0,10.0,1,0
0,0,0,0,1.0,1,0
0,0,0,0,6.0,1,0
0,0,0,0,9.0,1,0
0,0,0,0,6.0,1,0
0,0,0,0,12.0,1,0
0,0,0,0,18.0,2,0
0,0,0,0,14.0,1,0
0,0,0,0,18.0,1,0
0,0,0,0,16.0,1,0
0,0,0,0,0.0,1,0
0,0,0,0,10.0,1,0
0,0,0,0,15.0,2,0
0,0,0,0,0.0,2,0
0,0,0,0,11.8,4,0
0,0,0,0,13.7,10,0
0,0,0,0,14.095238095238095,17,1
0,0,0,0,15.375,22,1
0,0,0,0,13.578947368421053,36,1
0,0,0,0,13.164179104477611,59,1
0,0,0,4,12.585858585858587,77,1
0,2,0,2,13.880952380952381,100,1
0,0,0,1,12.402777777777779,122,1
0,0,0,1,12.567567567567568,150,1
0,0,0,2,13.251012145748987,219,1
0,0,0,5,13.12135922330097,180,1
0,0,0,1,13.573529411764707,176,1
0,0,0,2,14.04390243902439,181,1
0,0,0,5,12.692063492063491,267,1
0,0,0,0,12.2375,212,1
0,0,0,6,13.347972972972974,252,1
0,0,0,2,13.823529411764707,227,1
0,1,0,7,13.393700787401574,335,1
0,0,0,0,13.596330275229358,195,1
0,0,0,6,13.012084592145015,292,1
0,0,0,7,12.790190735694823,314,1
0,0,0,2,13.136507936507936,270,1
0,0,0,2,13.285123966942148,201,1
0,0,0,2,12.588957055214724,138,1
0,0,0,0,12.22972972972973,122,1
0,0,0,2,11.614583333333334,81,1
0,0,0,0,9.704545454545455,38,1
0,3,0,0,5.888888888888889,13,1
0,0,0,0,12.5,2,0
0,0,0,0,8.0,1,0
0,0,0,0,8.0,1,0
0,0,0,0,14.666666666666666,3,0
0,0,0,0,11.0,1,0
0,0,0,0,10.0,1,0
0,0,0,0,16.5,2,0
0,0,0,0,4.333333333333333,2,0
0,0,0,0,12.666666666666666,3,0
0,0,0,0,23.0,1,0
0,0,0,0,9.0,1,0
0,0,0,0,9.75,4,0
0,0,0,0,15.0,1,0
0,0,0,0,7.0,1,0
0,0,0,0,14.0,1,0
0,0,0,0,16.0,1,0
0,0,0,0,22.0,1,0
0,0,0,0,18.0,1,0
0,0,0,0,7.0,1,0
0,0,0,0,1.0,1,0
0,0,0,0,8.0,1,0
0,0,0,0,23.0,1,0
0,0,0,0,16.0,1,0
0,0,0,0,16.0,1,0
0,0,0,0,23.0,1,0
0,0,0,0,0.0,1,0
0,0,0,0,3.0,1,0
0,0,0,0,20.0,1,0
0,0,0,0,20.0,1,0
0,0,0,0,3.0,1,0
0,0,0,0,22.0,1,0
0,0,0,0,18.0,1,0
0,0,0,0,21.0,1,0
0,0,0,0,21.0,1,0
0,0,0,0,17.0,1,0
0,0,0,0,4.0,1,0
0,0,0,0,16.0,1,0
0,0,0,0,14.3,7,0
0,0,0,0,14.923076923076923,8,1
0,0,0,0,17.357142857142858,10,1
0,0,0,0,12.11111111111111,8,0
0,0,0,0,11.2,10,1
0,0,0,0,16.045454545454547,17,1
0,0,0,0,12.588235294117647,13,1
0,0,0,0,17.125,6,0
0,0,0,0,10.052631578947368,14,1
0,0,0,1,10.166666666666666,6,0
0,0,0,0,11.9,10,0
0,0,0,0,14.5,18,1
0,0,0,0,9.571428571428571,5,0
0,0,0,0,14.909090909090908,10,0
0,0,0,0,0.0,1,0
0,0,0,0,16.5,2,0
0,0,0,0,12.666666666666666,3,0
0,0,0,0,13.666666666666666,3,0
0,0,0,0,11.5,4,0
0,0,0,0,12.571428571428571,7,0
0,0,0,0,13.666666666666666,2,0
0,0,0,0,8.0,1,0
0,0,0,0,8.0,1,0
0,0,0,0,0.0,1,0
0,0,0,0,18.0,1,0
0,0,0,0,11.0,1,0
0,0,0,0,23.0,1,0
0,0,0,0,14.0,1,0
0,0,0,0,0.0,1,0
0,0,0,0,10.5,2,0
0,0,0,0,15.0,1,0
0,0,0,0,10.8,4,0
0,0,0,0,13.5,2,0
0,0,0,0,22.0,1,0
0,0,0,0,19.0,1,0
0,0,0,0,21.5,2,0
0,0,0,0,22.0,1,0
0,0,0,0,1.0,1,0
0,0,0,0,17.0,1,0
0,0,0,0,22.5,2,0
0,0,0,0,16.333333333333332,3,0
0,0,0,0,23.0,1,0
0,0,0,0,22.0,1,0
0,0,0,0,4.0,1,0
0,0,0,0,19.5,2,0
0,0,0,0,1.5,2,0
0,0,0,0,10.0,1,0
0,0,0,0,4.0,1,0
0,0,0,0,9.0,1,0
0,0,0,0,21.5,2,0
0,0,0,0,19.0,1,0
0,0,0,2,20.0,1,0
0,0,0,0,2.0,1,0
0,0,0,0,15.666666666666666,3,0
0,0,0,0,2.5,2,0
0,0,0,0,20.0,1,0
0,0,0,0,15.0,1,0
0,0,0,0,17.0,1,0
0,0,0,0,17.0,1,0
0,0,0,0,22.0,1,0
0,0,0,0,21.0,1,0
0,0,0,0,16.0,1,0
0,0,0,0,21.75,3,0
0,0,0,0,10.666666666666666,2,0
0,0,0,0,20.0,1,0
0,0,0,0,21.0,1,0
0,0,0,0,20.333333333333332,3,0
0,0,0,0,21.0,1,0
0,0,0,0,22.0,1,0
0,0,0,0,6.0,1,0
0,0,0,0,21.0,1,0
0,0,0,0,11.0,2,0
0,0,0,0,19.0,1,0
0,0,0,1,7.0,1,0
0,0,0,0,21.0,1,0
0,0,0,0,10.0,1,0
0,0,0,0,21.0,2,0
0,0,0,0,14.0,1,0
0,0,0,0,16.0,1,0
0,0,0,0,10.0,1,0
0,0,0,0,12.0,4,0
0,0,0,0,18.5,4,0
0,0,0,0,15.0,1,0
0,0,0,0,15.0,2,0
0,0,0,0,17.0,2,0
0,0,0,0,6.0,4,0
0,0,0,0,11.0,1,0
0,0,0,0,10.4,5,0
0,0,0,0,13.25,3,0
0,0,0,0,9.0,2,0
0,0,0,0,13.666666666666666,2,0
0,0,0,0,20.0,1,0
0,0,0,0,8.333333333333334,3,0
0,0,0,0,11.8,4,0
0,0,0,0,12.0,1,0
0,0,0,0,8.0,1,0
0,0,0,0,1.0,1,0
0,0,0,0,14.0,2,0
0,0,0,0,11.5,2,0
0,0,0,0,10.0,2,0
0,0,0,0,17.0,1,0
0,0,0,0,1.0,1,0
0,0,0,0,16.833333333333332,6,0
0,0,0,0,18.0,1,0
0,0,0,0,15.333333333333334,3,0
0,0,0,0,15.0,1,0
0,0,0,2,16.8,4,0
0,0,0,0,22.0,1,0
0,0,0,0,10.0,1,0
0,0,0,0,20.0,1,0
0,0,0,0,12.0,2,0
0,0,0,0,19.666666666666668,3,0
0,0,0,0,21.5,2,0
0,0,0,0,1.0,1,0
0,0,0,0,1.0,1,0
0,0,0,0,22.25,3,0
0,0,0,0,23.0,1,0
0,0,0,0,1.0,1,0
0,0,0,0,22.0,1,0
0,0,0,0,20.0,1,0
0,0,0,0,5.333333333333333,2,0
0,0,0,0,8.0,1,0
0,0,0,0,12.0,1,0
0,0,0,0,10.0,1,0
0,0,0,0,16.0,1,0
0,0,0,0,12.0,1,0
0,0,0,0,13.666666666666666,2,0
0,0,0,0,17.166666666666668,3,0
0,0,0,0,0.0,1,0
0,0,0,0,19.0,1,0
0,0,0,0,23.0,1,0
0,0,0,0,22.0,1,0
0,0,0,2,2.0,1,0
0,0,0,0,15.0,1,0
0,0,0,0,19.0,1,0
0,0,0,0,18.0,2,0
0,0,0,0,10.0,1,0
0,0,0,0,19.0,1,0
0,0,0,0,14.0,1,0
0,0,0,0,9.25,4,0
0,0,0,0,14.25,7,0
0,0,0,0,20.666666666666668,3,0
0,0,0,0,8.909090909090908,10,0
0,0,0,0,14.19047619047619,15,1
0,0,0,0,13.588235294117647,26,1
0,0,0,0,11.214285714285714,26,1
0,0,0,4,13.843137254901961,43,1
0,0,0,1,11.75,42,1
0,0,0,1,13.682539682539682,47,1
0,0,0,0,11.945205479452055,63,1
0,0,0,0,13.20754716981132,44,1
0,0,0,3,11.706896551724139,49,1
0,0,0,5,13.39080459770115,79,1
0,0,0,0,13.223529411764705,71,1
0,0,0,0,11.942028985507246,56,1
0,0,0,0,11.343434343434344,79,1
0,0,0,0,15.891304347826088,36,1
0,0,0,2,12.954887218045112,116,1
0,0,0,1,13.619047619047619,42,1
0,0,0,3,12.3,101,1
0,0,0,2,12.430769230769231,58,1
0,0,1,2,12.946969696969697,107,1
0,0,0,4,12.066666666666666,97,1
0,0,0,2,12.64406779661017,45,1
0,0,0,2,12.695121951219512,59,1
0,0,0,1,12.708333333333334,41,1
0,0,0,0,13.439024390243903,33,1
0,0,0,0,9.894736842105264,14,1
0,0,0,0,9.625,4,0
0,0,0,0,3.0,1,0
0,0,0,1,8.0,1,0
0,0,0,0,20.5,2,0
0,0,0,0,4.25,2,0
0,0,0,0,1.6666666666666667,3,0
0,0,0,0,7.0,1,0
0,0,0,0,13.0,1,0
0,0,0,0,10.0,1,0
0,0,0,0,9.5,3,0
0,0,0,0,11.0,3,0
0,0,0,1,3.0,2,0
0,0,0,0,0.75,3,0
0,0,0,0,1.0,1,0
0,0,0,0,23.0,1,0
0,0,0,0,14.0,1,0
0,0,0,0,11.0,1,0
0,0,0,0,22.0,1,0
0,0,0,0,11.5,2,0
0,0,0,0,9.0,1,0
0,0,0,0,22.0,1,0
0,0,0,0,16.0,1,0
0,0,0,0,0.0,1,0
0,0,0,0,10.0,1,0
0,0,0,0,22.0,1,0
0,0,0,0,19.0,1,0
0,0,0,0,15.0,1,0
0,0,0,0,8.5,2,0
0,0,0,0,6.0,1,0
0,0,0,0,17.0,1,0
0,0,0,0,10.0,1,0
0,0,0,0,10.0,1,0
0,0,0,0,4.0,1,0
0,0,0,0,14.0,1,0
0,0,0,0,21.0,1,0
0,0,0,0,22.0,1,0
0,0,0,0,1.0,1,0
0,0,0,0,15.0,2,0
0,0,0,0,8.0,1,0
0,0,0,0,20.0,1,0
0,0,0,0,17.0,1,0
0,0,0,0,18.428571428571427,6,0
0,0,0,0,22.333333333333332,2,0
0,0,0,0,9.5,5,0
0,0,0,3,9.25,2,0
0,0,0,0,12.714285714285714,5,0
0,0,0,0,23.0,1,0
0,0,0,0,2.0,1,0
0,0,0,0,2.0,1,0
0,0,0,0,11.0,1,0
0,0,0,0,10.0,1,0
0,0,0,2,9.0,1,0
0,0,0,0,11.0,1,0
0,0,0,0,12.0,1,0
0,0,0,0,18.0,1,0
0,0,0,0,22.0,1,0
0,0,0,0,13.0,1,0
0,0,0,0,16.0,1,0
0,0,0,0,12.333333333333334,3,0
0,0,0,0,16.5,2,0
0,0,0,0,12.5,2,0
0,0,0,0,23.0,1,0
0,0,0,0,7.25,4,0
0,0,0,0,12.4,5,0
0,0,0,0,13.0,9,0
0,0,0,0,23.0,1,0
0,0,0,0,1.0,1,0
0,0,0,0,23.0,1,0
0,0,0,0,21.5,2,0
0,0,0,0,22.0,1,0
0,0,0,0,0.0,1,0
0,0,0,0,20.0,1,0
0,0,0,0,9.5,2,0
0,0,0,0,4.0,1,0
0,0,0,0,22.0,1,0
0,0,0,0,21.0,1,0
0,0,0,0,20.0,1,0
0,0,0,0,11.5,2,0
0,0,0,0,23.0,1,0
0,0,0,0,15.0,1,0
0,0,0,0,0.0,1,0
0,0,0,0,12.0,1,0
0,0,0,0,11.0,1,0
0,0,0,0,9.5,2,0
0,0,0,0,16.0,1,0
0,0,0,0,6.5,2,0
0,0,0,0,2.0,1,0
0,0,0,0,11.0,1,0
0,0,0,0,10.0,1,0
0,0,0,0,19.0,1,0
0,0,0,0,0.6666666666666666,2,0
0,0,0,0,6.5,2,0
0,0,0,0,12.0,2,0
0,0,0,0,12.25,3,0
0,0,0,0,18.0,2,0
0,0,0,0,9.0,1,0
0,0,0,0,14.0,1,0
0,0,0,0,20.0,1,0
0,0,0,0,10.0,1,0
0,0,0,0,0.0,1,0
0,0,0,0,23.0,1,0
0,0,0,0,7.0,1,0
0,0,0,0,1.0,1,0
0,0,0,0,19.0,1,0
0,0,0,0,15.0,1,0
0,0,0,0,3.0,1,0
0,0,0,0,23.0,1,0
0,0,0,0,9.0,1,0
0,0,0,0,19.0,1,0
0,0,0,0,15.0,1,0
0,0,0,0,19.5,2,0
0,0,0,0,20.0,1,0
0,0,0,0,11.5,2,0
0,0,0,0,0.0,1,0
0,0,0,0,19.0,1,0
0,0,0,0,0.0,1,0
0,0,0,0,0.5,2,0
0,0,0,0,20.0,1,0
0,0,0,0,0.0,1,0
0,0,0,0,2.0,1,0
0,0,0,0,3.0,3,0
0,0,0,0,14.0,1,0
0,0,0,0,15.666666666666666,3,0
0,0,0,0,11.0,1,0
0,0,0,1,14.25,4,0
0,0,0,0,14.666666666666666,3,0
0,0,0,0,12.2,5,0
0,0,0,0,12.0,1,0
0,0,0,0,20.0,1,0
0,0,0,0,12.75,4,0
0,0,0,0,8.25,4,0
0,0,0,0,4.8,4,0
0,0,0,0,21.0,1,0
0,0,0,0,21.0,1,0
0,0,0,0,13.0,1,0
0,0,0,0,2.0,1,0
0,0,0,0,9.75,3,0
0,0,0,0,20.0,1,0
0,0,0,0,18.0,2,0
0,0,0,0,12.0,2,0
0,0,0,0,8.333333333333334,3,0
0,0,0,0,4.0,2,0
0,0,0,0,9.0,2,0
0,0,0,0,8.7,7,0
0,0,0,0,9.333333333333334,3,0
0,0,0,0,23.0,1,0
0,0,0,0,11.166666666666666,6,0
0,0,0,0,2.0,1,0
0,0,0,0,1.6666666666666667,2,0
0,0,0,0,16.0,4,0
0,0,0,0,23.0,2,0
0,0,0,0,0.0,1,0
0,0,0,0,21.0,1,0
0,0,0,0,10.0,1,0
0,0,0,0,3.0,1,0
0,0,0,0,22.0,1,0
0,0,0,0,20.0,2,0
0,0,0,0,11.0,3,0
0,0,0,0,17.0,1,0
0,0,0,0,10.0,1,0
0,0,0,0,23.0,1,0
0,0,0,0,21.0,2,0
0,0,0,0,9.0,1,0
0,0,0,0,10.0,3,0
0,0,0,0,10.666666666666666,3,0
0,0,0,0,16.11111111111111,7,0
0,0,0,0,12.88888888888889,7,0
0,0,0,0,13.764705882352942,15,1
0,0,0,1,14.166666666666666,17,1
0,0,0,0,11.454545454545455,25,1
0,0,0,1,13.365853658536585,28,1
0,0,0,2,12.382352941176471,30,1
0,0,0,0,14.311926605504587,79,1
0,0,0,2,13.642857142857142,36,1
0,0,0,3,14.865671641791044,55,1
0,0,0,1,13.75,26,1
0,0,0,1,11.815533980582524,74,1
0,0,0,2,14.453333333333333,64,1
0,0,0,2,13.150442477876107,87,1
0,0,0,4,11.357142857142858,85,1
0,0,0,2,13.142857142857142,61,1
0,0,0,0,12.386363636363637,32,1
0,0,1,1,13.027272727272727,96,1
0,0,0,6,13.429447852760736,137,1
0,0,0,2,12.932584269662922,75,1
0,0,0,2,13.479166666666666,40,1
0,0,0,4,14.177215189873417,66,1
0,0,0,0,13.924242424242424,60,1
0,0,0,0,12.162162162162161,55,1
0,0,0,0,10.414285714285715,48,1
0,0,0,3,9.814814814814815,17,1
0,0,0,3,7.0,1,0
0,0,0,0,17.0,1,0
0,0,0,0,9.0,1,0
0,0,0,0,14.0,1,0
0,0,0,0,3.0,1,0
0,0,0,0,21.333333333333332,2,0
0,0,0,0,1.0,1,0
0,0,0,0,22.0,1,0
0,0,0,0,1.0,1,0
0,0,0,0,16.0,1,0
0,0,0,0,21.0,1,0
0,0,0,0,1.0,1,0
0,0,0,2,20.0,1,0
0,0,0,0,19.0,1,0
0,0,0,0,17.5,2,0
0,0,0,0,2.0,1,0
0,0,0,0,23.0,1,0
0,0,0,0,2.0,1,0
0,0,0,0,9.0,2,0
0,0,0,0,11.0,1,0
0,0,0,0,22.0,1,0
0,0,0,0,16.0,1,0
0,0,0,0,18.0,1,0
0,0,0,0,22.0,1,0
0,0,0,0,2.6666666666666665,2,0
0,0,0,0,23.0,1,0
0,0,0,0,10.0,1,0
0,0,0,0,22.0,1,0
0,0,0,0,2.0,1,0
0,0,0,0,10.0,1,0
0,0,0,0,13.0,1,0
0,0,0,0,23.0,1,0
0,0,0,0,8.666666666666666,2,0
0,0,0,0,21.0,1,0
0,0,0,0,23.0,1,0
0,0,0,0,6.5,2,0
0,0,0,0,23.0,1,0
0,0,0,0,14.285714285714286,7,0
0,0,0,0,1.0,2,0
0,0,0,0,3.5,2,0
0,0,0,0,15.4,4,0
0,0,0,0,9.333333333333334,3,0
0,0,0,0,10.714285714285714,6,0
0,0,0,0,1.4,2,0
0,0,0,0,0.0,1,0
0,0,0,0,13.0,1,0
0,0,0,0,21.0,1,0
0,0,0,0,9.0,2,0
0,0,0,0,15.0,1,0
0,0,0,0,21.0,2,0
0,0,0,0,20.6,5,0
0,0,0,0,23.0,1,0
0,0,0,0,21.0,1,0
0,0,0,0,21.0,1,0
0,0,0,0,22.0,2,0
0,0,0,0,21.0,1,0
0,0,0,0,0.0,1,0
0,0,0,0,0.0,1,0
0,0,0,0,23.0,1,0
0,0,0,0,12.5,2,0
0,0,0,0,4.0,1,0
0,0,0,0,10.0,1,0
0,0,0,0,1.0,1,0
0,0,0,0,8.0,1,0
0,0,0,0,12.0,1,0
0,0,0,0,19.5,2,0
0,0,0,0,22.0,1,0
0,0,0,0,19.0,1,0
0,0,0,0,14.0,2,0
0,0,0,0,22.0,1,0
0,0,0,0,9.0,1,0
0,0,0,0,8.0,1,0
0,0,0,0,20.8,3,0
0,0,0,0,7.9,6,0
0,0,0,0,15.0,3,0
0,0,0,0,8.75,3,0
0,0,0,0,11.0,1,0
0,0,0,0,8.0,1,0
0,0,0,0,12.0,2,0
0,0,0,0,22.0,1,0
0,0,0,0,18.0,1,0
0,0,0,0,8.0,1,0
0,0,0,0,16.25,2,0
0,0,0,0,7.0,1,0
0,0,0,0,10.0,1,0
0,0,0,0,10.0,1,0
0,0,0,0,20.0,2,0
0,0,0,0,2.0,1,0
0,0,0,0,11.0,1,0
0,0,0,0,23.0,1,0
0,0,0,0,15.0,1,0
0,0,0,0,3.0,1,0
0,0,0,0,21.0,1,0
0,0,0,0,22.0,1,0
0,0,0,0,23.0,1,0
0,0,0,0,11.0,1,0
0,0,0,0,23.0,1,0
0,0,0,0,1.0,1,0
0,0,0,0,23.0,1,0
0,0,0,0,6.0,1,0
0,0,0,0,4.0,1,0
0,0,0,0,15.0,1,0
0,0,0,0,18.0,1,0
0,0,0,0,17.0,1,0
0,0,0,0,13.0,2,0
0,0,0,0,22.0,1,0
0,0,0,0,23.0,1,0
0,0,0,0,17.5,2,0
0,0,0,0,20.0,1,0
0,0,0,0,0.0,1,0
0,0,0,0,0.0,1,0
0,0,0,3,18.77777777777778,7,0
0,0,0,0,15.4,9,0
0,0,0,0,14.8,30,1
0,0,0,1,14.448275862068966,25,1
0,0,0,2,14.942857142857143,30,1
0,0,0,1,12.35,36,1
0,0,0,2,15.153846153846153,22,1
0,0,0,1,15.151515151515152,29,1
0,0,0,1,16.333333333333332,12,1
0,0,0,0,15.722222222222221,18,1
0,0,0,1,9.541666666666666,19,1
0,0,0,0,12.583333333333334,22,1
0,0,0,0,10.575757575757576,27,1
0,0,0,0,12.7,9,0
0,0,0,1,13.5,13,1
0,0,0,1,13.545454545454545,11,0
0,0,0,0,9.666666666666666,5,0
0,0,0,0,9.5,2,0
0,0,0,0,17.0,1,0
0,0,0,0,12.0,1,0
0,0,0,0,10.0,1,0
0,0,0,0,6.0,1,0
0,0,0,0,20.0,1,0
0,0,0,0,17.0,1,0
0,0,0,0,16.0,1,0
0,0,0,0,8.0,1,0
0,0,0,0,13.0,1,0
0,0,0,0,22.0,1,0
0,0,0,0,16.0,2,0
0,0,0,0,10.166666666666666,11,1
0,0,0,0,17.0,8,0
0,0,0,0,13.363636363636363,11,0
0,0,0,0,15.666666666666666,6,0
0,0,0,0,10.0,3,0
0,0,0,0,13.045454545454545,20,1
0,0,0,0,13.125,8,0
0,0,0,1,12.5,20,1
0,0,0,0,12.166666666666666,11,1
0,0,0,0,12.777777777777779,7,0
0,0,0,0,20.0,1,0
0,0,0,0,19.0,1,0
0,0,0,0,22.0,1,0
0,0,0,0,13.666666666666666,2,0
0,0,0,0,16.5,2,0
0,0,0,0,13.0,1,0
0,0,0,0,23.0,1,0
0,0,0,0,18.25,4,0
0,0,0,0,20.5,2,0
0,0,0,0,11.0,1,0
0,0,0,0,19.0,1,0
0,0,0,0,11.0,1,0
0,0,0,0,17.0,1,0
0,0,0,0,12.0,1,0
0,0,0,0,14.0,1,0
0,0,0,0,14.0,1,0
0,0,0,0,12.0,1,0
0,0,0,0,22.0,1,0
0,0,0,0,14.0,1,0
0,0,0,0,18.5,2,0
0,0,0,0,14.25,2,0
0,0,0,0,12.0,2,0
0,0,0,0,9.0,2,0
0,0,0,0,16.0,1,0
0,0,0,0,12.0,1,0
0,0,0,0,1.0,1,0
0,0,0,0,12.785714285714286,10,1
0,0,0,0,15.058823529411764,13,1
0,0,0,0,15.9,6,0
0,0,0,0,11.3125,11,1
0,0,0,0,14.285714285714286,7,0
0,0,0,0,15.333333333333334,5,0
0,0,0,0,9.166666666666666,9,1
0,0,0,0,18.4,5,0
0,0,0,0,21.0,1,0
0,0,0,0,23.0,1,0
0,0,0,0,21.0,1,0
0,0,0,0,14.666666666666666,3,0
0,0,0,0,2.0,1,0
0,0,0,0,23.0,1,0
0,0,0,0,17.0,1,0
0,0,0,0,1.0,1,0
0,0,0,0,23.0,1,0
0,0,0,0,11.0,1,0
0,0,0,0,11.0,1,0
0,0,0,0,15.0,1,0
0,0,0,0,11.625,7,0
0,0,0,0,7.666666666666667,3,0
0,0,0,0,10.0,3,0
0,0,0,2,13.0,5,0
0,0,0,0,8.0,1,0
0,0,0,0,23.0,1,0
0,0,0,0,7.0,1,0
0,0,0,0,15.0,1,0
0,0,0,0,16.0,1,0
0,0,0,0,17.0,1,0
0,0,0,0,7.0,1,0
0,0,0,0,0.5,2,0
0,0,0,0,13.0,1,0
0,0,0,0,16.0,1,0
0,0,0,0,23.0,1,0
0,0,0,0,1.0,1,0
0,0,0,0,7.0,1,0
0,0,0,0,17.0,1,0
0,0,0,0,1.0,1,0
0,0,0,0,22.0,1,0
0,0,0,0,18.0,3,0
0,0,0,0,16.0,1,0
0,0,3,0,16.0,1,0
0,0,0,0,20.0,1,0
0,0,0,0,22.0,1,0
0,0,0,0,20.0,1,0
0,0,0,0,20.0,1,0
0,0,0,0,10.0,1,0
0,0,0,0,17.0,1,0
0,0,0,0,13.0,1,0
0,0,0,0,15.333333333333334,2,0
0,0,0,0,18.0,2,0
0,0,0,0,0.0,1,0
0,0,0,0,19.0,1,0
0,0,0,0,1.0,1,0
0,0,0,0,0.0,1,0
0,0,0,0,15.5,3,0
0,0,0,0,8.0,1,0
0,0,0,0,20.0,1,0
0,0,0,0,5.0,1,0
0,0,0,0,0.0,1,0
0,0,0,0,19.0,1,0
0,0,0,0,17.0,1,0
0,0,0,0,0.0,1,0
0,0,0,0,18.0,1,0
0,0,0,0,17.75,3,0
0,0,0,0,13.857142857142858,6,0
0,0,0,0,17.333333333333332,2,0
0,0,0,0,4.0,2,0
0,0,0,1,12.371428571428572,28,1
0,0,0,0,16.764705882352942,15,1
0,0,0,1,12.694444444444445,33,1
0,0,0,1,14.34375,27,1
0,0,0,0,12.473684210526315,18,1
0,0,0,2,12.442307692307692,48,1
0,0,0,1,10.529411764705882,14,1
0,0,0,0,12.909090909090908,41,1
0,1,0,0,11.382352941176471,31,1
0,0,0,0,11.266666666666667,14,1
0,0,0,0,15.176470588235293,15,1
0,0,0,0,17.666666666666668,3,0
0,0,0,0,10.0,2,0
0,0,0,0,11.0,1,0
0,0,0,0,21.0,1,0
0,0,0,0,7.0,1,0
0,0,0,0,14.0,1,0
0,0,0,0,9.0,1,0
0,0,0,0,8.0,1,0
0,0,0,0,8.0,1,0
0,0,0,0,20.0,1,0
0,0,0,0,12.0,2,0
0,0,0,0,13.0,1,0
0,0,0,0,7.0,1,0
0,0,0,0,7.0,1,0
0,0,0,0,18.0,1,0
0,0,0,0,10.0,1,0
0,0,0,0,2.0,1,0
0,0,0,0,14.0,1,0
0,0,0,0,17.0,2,0
0,0,0,0,10.333333333333334,4,0
0,0,0,0,7.5,2,0
0,0,0,0,1.0,1,0
0,0,0,0,21.0,1,0
0,0,0,0,19.25,3,0
0,0,0,0,10.666666666666666,5,0
0,0,0,0,5.25,3,0
0,0,0,0,9.0,1,0
0,0,0,0,12.0,2,0
0,0,0,0,13.666666666666666,8,0
0,0,0,0,15.5,4,0
0,0,0,0,14.5,2,0
0,0,0,0,5.333333333333333,3,0
0,0,0,0,15.0,4,0
0,0,0,0,8.0,1,0
0,0,0,0,16.0,1,0
0,0,0,0,15.0,1,0
0,0,0,0,15.0,1,0
0,0,0,0,21.0,1,0
0,0,0,0,8.0,1,0
0,0,0,0,8.0,1,0
0,0,0,0,15.0,1,0
0,0,0,0,0.0,1,0
0,0,0,0,14.333333333333334,2,0
0,0,0,0,10.916666666666666,10,1
0,0,0,0,21.0,1,0
0,0,0,0,9.3,7,0
0,0,0,0,13.833333333333334,4,0
0,0,0,0,13.5,6,0
0,0,0,2,14.0,12,1
0,0,0,1,9.590909090909092,18,1
0,0,0,0,11.181818181818182,11,0
0,0,0,3,8.75,9,1
0,0,0,0,11.4,20,1
0,0,0,0,13.9,26,1
0,0,0,2,11.133333333333333,38,1
0,0,0,0,12.217391304347826,19,1
0,0,0,0,11.0,30,1
0,0,0,1,13.142857142857142,40,1
0,0,0,3,12.057142857142857,29,1
0,0,0,1,10.928571428571429,35,1
0,0,0,0,13.192307692307692,23,1
0,0,0,2,13.909090909090908,27,1
0,0,0,0,11.545454545454545,9,0
0,0,0,0,12.0,7,0
0,0,0,0,8.5,2,0
0,0,0,0,22.0,1,0
0,0,0,0,21.0,1,0
0,0,0,0,0.0,1,0
0,0,0,0,2.0,1,0
0,0,0,0,7.0,1,0
0,0,0,0,12.0,1,0
0,0,0,0,1.0,1,0
0,0,0,0,16.0,1,0
0,0,0,0,0.0,1,0
0,0,0,0,13.0,1,0
0,0,0,0,4.0,1,0
0,0,0,0,22.0,1,0
0,0,0,0,19.0,1,0
0,0,0,0,0.0,1,0
0,0,0,0,15.0,1,0
0,0,0,0,11.0,1,0
0,0,0,0,20.0,1,0
0,0,0,0,17.0,1,0
0,0,0,0,23.0,1,0
0,0,0,0,9.0,1,0
0,0,0,0,19.0,1,0
0,0,0,0,11.0,1,0
0,0,0,3,22.0,1,0
0,0,0,0,16.0,1,0
0,0,0,0,17.0,1,0
0,0,0,0,14.0,1,0
0,0,0,0,9.5,4,0
0,0,0,0,9.0,1,0
0,0,0,0,5.4,3,0
0,0,0,0,14.0,4,0
0,0,0,0,11.0,3,0
0,0,0,0,18.666666666666668,2,0
0,0,0,0,7.0,1,0
0,0,0,0,11.0,1,0
0,0,0,0,8.0,1,0
0,0,0,0,9.0,1,0
0,0,0,0,13.0,1,0
0,0,0,0,7.0,2,0
0,0,0,0,22.0,1,0
0,0,0,0,7.0,1,0
0,0,0,0,20.0,1,0
0,0,0,0,9.0,1,0
0,0,0,0,17.5,2,0
0,0,0,0,9.0,11,1
0,0,0,0,14.625,10,1
0,0,0,0,12.545454545454545,10,0
0,0,0,0,15.8,9,0
0,0,0,0,12.8,5,0
0,0,0,0,16.142857142857142,4,0
0,0,0,0,17.428571428571427,5,0
0,0,0,0,5.75,4,0
0,0,0,0,13.909090909090908,9,0
0,0,0,0,14.333333333333334,4,0
0,0,0,0,1.0,1,0
0,0,0,0,9.375,11,1
0,0,0,0,8.0,1,0
0,0,0,0,1.0,1,0
0,0,0,0,4.25,3,0
0,0,0,0,17.0,2,0
0,0,0,0,23.0,1,0
0,0,0,0,16.0,1,0
0,0,0,0,16.0,1,0
0,0,0,0,9.0,1,0
0,0,0,0,1.0,1,0
0,0,0,0,0.0,1,0
0,0,0,0,22.0,1,0
0,0,0,0,11.5,2,0
0,0,0,0,1.0,1,0
0,0,0,0,14.0,2,0
0,0,0,0,20.0,1,0
0,0,0,0,16.0,1,0
0,0,0,0,11.0,1,0
0,0,0,0,15.0,1,0
0,0,0,0,23.0,1,0
0,0,0,0,11.272727272727273,10,0
0,1,0,0,13.0,5,0
0,0,0,0,13.6,8,0
0,0,0,0,11.25,8,0
0,0,0,0,11.75,4,0
0,0,0,0,14.0,5,0
0,0,0,0,14.75,4,0
0,0,0,0,12.0,1,0
0,0,0,0,16.0,1,0
0,0,0,0,10.8,4,0
0,0,0,0,20.0,1,0
0,0,0,0,16.0,1,0
0,0,0,0,9.0,1,0
0,0,0,0,17.0,1,0
0,0,0,0,17.0,1,0
0,0,0,0,6.0,1,0
0,0,0,0,8.0,1,0
0,0,0,0,22.0,1,0
0,0,0,0,18.0,1,0
0,0,0,0,18.0,1,0
0,0,0,0,22.0,1,0
0,0,0,0,16.0,2,0
0,0,0,0,12.0,1,0
0,0,0,0,2.0,1,0
0,0,0,0,10.0,1,0
0,0,0,0,9.2,3,0
0,0,0,0,16.333333333333332,3,0
0,0,0,0,20.0,1,0
0,0,0,0,17.5,4,0
0,0,0,0,7.0,1,0
0,0,0,0,23.0,1,0
0,0,0,0,12.0,1,0
0,0,0,0,10.0,1,0
0,0,0,0,22.0,1,0
0,0,0,0,19.0,1,0
0,0,0,0,12.0,1,0
0,0,0,0,23.0,1,0
0,0,0,0,4.0,1,0
0,0,0,0,20.0,1,0
0,0,0,0,9.0,1,0
0,0,0,0,23.0,1,0
0,0,0,0,23.0,1,0
0,0,0,0,9.0,2,0
0,0,0,0,23.0,1,0
0,0,0,0,17.0,1,0
0,0,0,0,2.0,1,0
0,0,0,0,1.0,1,0
0,0,0,0,15.8,9,0
0,0,0,0,15.0,7,0
0,0,0,0,16.9,14,1
0,0,0,0,15.272727272727273,10,0
0,0,0,5,16.46153846153846,20,1
0,0,0,0,12.5,9,0
0,0,0,0,14.761904761904763,39,1
0,0,0,1,11.306122448979592,36,1
0,0,0,7,14.18,40,1
0,0,0,0,15.105263157894736,15,1
0,0,0,0,12.958333333333334,21,1
0,0,0,0,12.090909090909092,11,0
0,0,0,0,12.4375,14,1
0,0,0,2,12.71875,28,1
0,0,0,0,13.0,13,1
0,0,0,0,13.166666666666666,14,1
0,0,0,0,10.6,9,0
0,0,0,0,10.545454545454545,10,0
0,0,0,0,8.5,2,0
0,0,0,0,11.666666666666666,3,0
0,0,0,0,17.0,1,0
0,0,0,0,19.0,1,0
0,0,0,0,18.0,1,0
0,0,0,0,12.0,1,0
0,0,0,0,19.0,1,0
0,0,0,0,16.0,1,0
0,0,0,0,22.0,1,0
0,0,0,0,20.0,1,0
0,0,0,0,14.363636363636363,10,0
0,0,0,0,15.333333333333334,11,1
0,0,0,3,13.428571428571429,4,0
0,0,0,0,17.333333333333332,7,0
0,0,0,0,9.375,6,0
0,0,0,0,11.5,5,0
0,0,0,0,14.0,7,0
0,0,0,0,17.375,6,0
0,0,0,0,15.5,4,0
0,0,0,0,12.0,1,0
0,0,0,0,0.0,1,0
0,0,0,0,6.666666666666667,2,0
0,0,0,0,20.0,1,0
0,0,0,2,18.0,1,0
0,0,0,0,15.0,1,0
0,0,0,0,11.0,1,0
0,0,0,0,9.0,1,0
0,0,0,0,23.0,1,0
0,0,0,0,21.0,1,0
0,0,0,0,8.0,1,0
0,0,0,0,12.0,1,0
0,0,0,0,13.0,1,0
0,0,0,0,15.0,1,0
0,0,0,0,15.0,1,0
0,0,0,0,11.0,1,0
0,0,0,0,1.0,1,0
0,0,0,0,10.0,1,0
0,0,0,0,14.5,2,0
0,0,0,0,11.0,1,0
0,0,0,0,8.0,1,0
0,0,0,0,10.0,1,0
0,0,0,0,8.0,1,0
0,0,0,0,16.0,1,0
0,0,0,0,17.0,1,0
0,0,0,0,15.0,1,0
0,0,0,0,14.5,3,0
0,0,0,0,13.0,1,0
0,0,0,0,9.333333333333334,5,0
0,0,0,0,11.5,10,0
0,0,0,0,11.0,4,0
0,0,0,0,12.75,7,0
0,0,0,0,12.25,4,0
0,0,0,0,10.916666666666666,12,1
0,0,0,0,11.0,1,0
0,0,0,0,12.666666666666666,3,0
0,0,0,0,9.222222222222221,7,0
0,0,0,0,8.4,5,0
0,0,0,0,10.666666666666666,6,0
0,0,0,0,11.25,4,0
0,0,0,0,14.5,2,0
0,0,0,0,10.333333333333334,3,0
0,0,0,0,17.0,1,0
0,0,0,0,23.0,1,0
0,0,0,0,12.5,2,0
0,0,0,0,17.0,1,0
0,0,0,0,22.0,1,0
0,0,0,0,19.0,1,0
0,0,0,0,14.0,1,0
0,0,0,1,16.5,6,0
0,0,0,0,9.375,7,0
0,0,0,0,9.333333333333334,6,0
0,0,0,0,11.181818181818182,9,0
0,0,0,0,14.5625,13,1
0,0,0,0,14.129032258064516,30,1
0,0,0,0,10.85,16,1
0,0,0,0,14.945945945945946,32,1
0,0,0,0,11.756756756756756,34,1
0,0,0,2,12.03448275862069,28,1
0,0,0,0,12.5,19,1
0,0,0,0,10.5,12,1
0,0,0,0,12.666666666666666,3,0
0,0,0,0,0.0,1,0
0,0,0,0,14.0,1,0
0,0,0,0,9.0,1,0
0,0,0,0,9.0,1,0
0,0,0,0,11.0,1,0
0,0,0,0,10.0,1,0
0,0,0,0,8.0,1,0
0,0,0,0,18.0,2,0
0,0,0,0,21.0,1,0
0,0,0,0,10.0,1,0
0,0,0,0,22.0,2,0
0,0,0,0,10.0,1,0
0,0,0,0,6.0,2,0
0,0,0,0,15.0,2,0
0,0,0,0,10.333333333333334,3,0
0,0,0,0,10.0,1,0
0,0,0,0,22.0,3,0
0,0,0,0,14.0,7,0
0,0,0,0,10.6,10,0
0,0,0,0,12.777777777777779,8,0
0,0,0,0,14.5,10,0
0,0,0,0,10.181818181818182,11,0
0,0,0,0,7.0,1,0
0,0,0,0,13.0,4,0
0,0,0,0,13.909090909090908,10,0
0,0,0,0,13.777777777777779,9,0
0,0,0,0,15.0,4,0
0,0,0,0,22.0,1,0
0,0,0,0,10.0,1,0
0,0,0,0,22.0,1,0
0,0,0,0,0.6666666666666666,2,0
0,0,0,0,1.0,1,0
0,0,0,0,22.0,1,0
0,0,0,0,16.0,1,0
0,0,0,3,10.0,1,0
0,0,0,0,1.0,1,0
0,0,0,0,0.0,1,0
0,0,0,0,2.0,1,0
0,0,0,0,0.0,1,0
0,0,0,0,10.0,1,0
0,0,0,0,7.0,1,0
0,0,0,0,4.0,2,0
0,0,0,0,10.0,2,0
0,0,0,0,10.0,1,0
0,0,0,0,9.0,1,0
0,0,0,0,21.0,1,0
0,0,0,0,16.0,1,0
0,0,0,0,20.0,1,0
0,0,0,0,16.0,1,0
0,0,0,0,7.0,1,0
0,0,0,1,20.0,1,0
0,0,0,0,16.75,3,0
0,0,0,0,13.8,4,0
0,0,0,0,17.0,3,0
0,0,0,0,13.0,3,0
0,0,0,0,21.5,2,0
0,0,0,0,14.666666666666666,3,0
0,0,0,0,13.166666666666666,6,0
0,0,0,0,14.857142857142858,5,0
0,0,0,0,13.933333333333334,12,1
0,0,0,2,16.0,8,0
0,0,0,0,10.23076923076923,10,1
0,0,0,0,15.117647058823529,16,1
0,0,0,0,7.0,6,0
0,0,0,0,18.0,8,0
0,0,0,0,11.0,6,0
0,0,0,0,10.4,8,0
0,0,0,0,14.428571428571429,6,0
0,0,0,0,14.0,5,0
0,0,0,0,13.0,6,0
0,0,0,0,17.22222222222222,6,0
0,0,0,0,12.5,4,0
0,0,0,0,15.0,1,0
0,0,0,0,0.0,1,0
0,0,0,0,3.0,1,0
0,0,0,0,9.0,1,0
0,0,0,0,23.0,1,0
0,0,0,0,17.0,1,0
0,0,0,0,10.0,1,0
0,0,0,0,20.0,1,0
0,0,0,0,22.0,1,0
0,0,0,0,23.0,1,0
0,0,0,0,4.0,1,0
0,0,0,0,19.0,1,0
0,0,0,0,12.4,5,0
0,0,0,0,17.833333333333332,4,0
0,0,0,0,10.0,5,0
0,0,0,0,8.0,3,0
0,0,0,0,17.0,5,0
0,0,0,0,14.0,3,0
0,0,0,0,0.3333333333333333,2,0
0,0,0,0,12.0,1,0
0,0,0,0,22.0,1,0
0,0,0,0,14.2,5,0
0,0,0,0,17.0,1,0
0,0,0,0,15.0,1,0
0,0,0,0,13.0,1,0
0,0,0,0,3.0,1,0
0,0,0,0,12.0,1,0
0,0,0,0,19.833333333333332,2,0
0,0,0,0,18.0,1,0
0,0,0,0,16.0,1,0
0,0,0,0,16.0,1,0
0,0,0,0,18.333333333333332,2,0
0,0,0,0,7.0,2,0
0,0,0,0,13.0,1,0
0,0,0,0,17.0,1,0
0,0,0,0,21.0,1,0
0,0,0,0,7.5,2,0
0,0,0,0,23.0,1,0
0,0,0,0,5.0,1,0
0,0,0,0,1.0,1,0
0,0,0,0,9.0,1,0
0,0,0,0,13.0,1,0
0,0,0,0,15.0,1,0
0,0,0,0,20.0,1,0
0,0,0,0,22.0,1,0
0,0,0,0,10.0,1,0
0,0,0,0,8.5,2,0
0,0,0,0,16.0,1,0
0,0,0,0,8.0,1,0
0,0,0,0,15.0,1,0
0,0,0,0,8.0,1,0
0,0,0,0,7.0,1,0
0,0,0,0,8.666666666666666,2,0
0,0,0,0,19.0,1,0
0,0,0,0,20.0,1,0
0,0,0,0,18.0,1,0
0,0,0,0,12.0,3,0
0,0,0,0,19.5,2,0
0,0,0,0,22.0,1,0
0,0,0,0,21.0,1,0
0,0,0,1,17.333333333333332,3,0
0,0,0,0,16.0,4,0
0,0,0,0,9.545454545454545,8,0
0,0,0,0,10.333333333333334,9,1
0,0,0,0,13.571428571428571,7,0
0,0,0,0,15.761904761904763,19,1
0,0,0,0,12.885714285714286,28,1
0,0,0,0,11.897435897435898,30,1
0,0,0,0,14.11111111111111,23,1
0,0,0,0,11.674418604651162,36,1
0,0,0,3,14.1875,66,1
0,0,0,2,13.837209302325581,77,1
0,0,0,2,14.36231884057971,118,1
0,0,0,1,11.906474820143885,125,1
0,0,0,3,14.401360544217686,131,1
0,0,0,2,13.631944444444445,125,1
0,0,0,1,12.642045454545455,144,1
0,0,0,0,12.111888111888112,127,1
0,0,0,2,12.670212765957446,88,1
0,0,0,0,12.09375,28,1
0,0,0,0,13.108433734939759,75,1
0,0,0,0,12.0875,72,1
0,0,0,1,12.75,57,1
0,0,0,1,12.043478260869565,65,1
0,0,0,0,14.428571428571429,36,1
0,0,0,1,9.08108108108108,29,1
0,0,0,0,9.454545454545455,10,0
0,0,0,0,15.6,8,0
0,0,0,0,19.0,1,0
0,0,0,0,15.0,1,0
0,0,0,0,16.0,1,0
0,0,0,0,22.0,1,0
0,0,0,0,20.0,1,0
0,0,0,0,1.0,1,0
0,0,0,0,10.0,1,0
0,0,0,0,11.0,1,0
0,0,0,0,19.0,1,0
0,0,0,0,18.0,1,0
0,0,0,0,17.0,1,0
0,0,0,0,8.0,1,0
0,0,0,0,7.0,1,0
0,0,0,0,16.0,1,0
0,0,0,0,18.0,1,0
0,0,0,0,13.0,1,0
0,0,0,0,10.0,2,0
0,0,0,0,21.0,1,0
0,0,0,0,14.0,1,0
0,0,0,0,12.0,1,0
0,0,0,0,9.0,1,0
0,0,0,0,4.0,1,0
0,0,0,0,17.0,1,0
0,0,0,0,17.0,1,0
0,0,0,0,16.0,1,0
0,0,0,0,23.0,1,0
0,0,0,0,21.0,1,0
0,0,0,0,23.0,1,0
0,0,0,0,23.0,1,0
0,0,0,0,13.0,1,0
0,0,0,0,9.0,1,0
0,0,0,0,20.0,1,0
0,0,0,1,14.625,7,0
0,0,0,0,16.428571428571427,6,0
0,0,0,0,13.25,3,0
0,0,0,2,14.714285714285714,5,0
0,0,0,0,13.7,7,0
0,3,0,0,15.11111111111111,5,0
0,0,0,1,12.333333333333334,3,0
0,0,0,0,11.75,4,0
0,0,0,0,16.75,8,0
0,0,0,0,11.0,1,0
0,0,0,0,16.166666666666668,6,0
0,0,0,0,10.833333333333334,6,0
0,0,0,0,7.0,1,0
0,0,0,0,6.0,1,0
0,0,0,0,12.5,2,0
0,0,0,0,14.0,1,0
0,0,0,0,9.0,1,0
0,0,0,0,16.0,1,0
0,0,0,0,8.0,1,0
0,0,0,0,16.0,1,0
0,0,0,1,12.0,1,0
0,0,0,0,1.0,1,0
0,0,0,0,10.0,1,0
0,0,0,0,9.0,1,0
0,0,0,0,13.0,1,0
0,0,0,0,12.0,1,0
0,0,0,0,22.0,1,0
0,0,0,0,6.0,4,0
0,0,0,0,20.0,2,0
0,0,0,0,14.4,5,0
0,0,0,0,9.0,1,0
0,0,0,0,16.0,1,0
0,0,0,0,4.0,2,0
0,0,0,0,15.25,3,0
0,0,0,0,6.5,2,0
0,0,0,0,12.333333333333334,3,0
0,0,0,0,10.666666666666666,3,0
0,0,0,0,20.0,1,0
0,0,0,0,9.0,2,0
0,0,0,0,12.5,5,0
0,0,0,0,17.0,1,0
0,0,0,0,19.5,2,0
0,0,0,0,18.0,3,0
0,0,0,0,13.0,3,0
0,0,0,0,11.0,1,0
0,0,0,0,21.0,1,0
0,0,0,1,12.6,10,0
0,0,0,0,17.0,5,0
0,0,0,0,4.25,5,0
0,0,0,0,6.5,2,0
0,0,0,0,13.25,4,0
0,0,0,0,15.0,1,0
0,0,0,0,20.0,1,0
0,0,0,0,22.0,1,0
0,0,0,0,6.0,1,0
0,0,0,0,5.0,1,0
0,0,0,0,14.0,1,0
0,0,0,0,15.0,1,0
0,0,0,0,7.0,1,0
0,0,0,0,15.0,1,0
0,0,0,0,11.0,1,0
0,0,0,0,10.0,1,0
0,0,0,0,6.0,1,0
0,0,0,0,20.0,1,0
0,0,0,0,14.5,2,0
0,0,0,0,12.666666666666666,5,0
0,0,0,0,22.0,1,0
0,0,0,0,16.0,1,0
0,0,0,0,14.0,1,0
0,0,0,0,17.666666666666668,2,0
0,0,0,0,13.0,1,0
0,0,0,0,11.923076923076923,10,1
0,0,0,0,14.928571428571429,13,1
0,0,0,0,17.976744186046513,39,1
0,0,0,0,12.5,21,1
0,0,0,0,12.804878048780488,37,1
0,0,0,0,12.083333333333334,11,1
0,0,0,2,11.833333333333334,77,1
0,0,0,2,13.164179104477611,57,1
0,0,0,0,12.316455696202532,66,1
0,0,0,0,13.923076923076923,23,1
0,0,0,1,13.843137254901961,42,1
0,0,0,0,11.31578947368421,17,1
0,0,0,0,12.166666666666666,17,1
0,0,0,0,11.743589743589743,38,1
0,0,0,0,11.0,27,1
0,0,0,0,13.521739130434783,21,1
0,0,0,0,10.75,15,1
0,0,0,0,10.6,10,0
0,0,0,0,11.333333333333334,3,0
0,0,0,0,8.0,1,0
0,0,0,0,11.0,1,0
0,0,0,0,17.0,1,0
0,0,0,0,15.0,1,0
0,0,0,0,1.0,1,0
0,0,0,0,23.0,1,0
0,0,0,0,21.0,1,0
0,0,0,0,11.0,1,0
0,0,0,0,13.0,1,0
0,0,0,0,18.0,1,0
0,0,0,0,23.0,1,0
0,0,0,0,14.0,1,0
0,0,0,0,10.0,1,0
0,0,0,0,15.0,1,0
0,0,0,0,15.0,1,0
0,0,0,0,6.0,1,0
0,0,0,0,19.0,1,0
0,0,0,0,0.0,1,0
0,0,0,0,16.0,1,0
0,0,0,0,10.6,2,0
0,0,0,0,0.0,1,0
0,0,0,0,15.0,1,0
0,0,0,0,14.333333333333334,26,1
0,0,0,0,15.05,18,1
0,0,0,0,14.235294117647058,14,1
0,0,0,0,13.3,10,0
0,0,0,0,15.75,4,0
0,0,0,1,14.0,3,0
0,0,0,0,12.0,1,0
0,0,0,0,1.0,2,0
0,0,0,0,20.0,1,0
0,0,0,0,5.0,2,0
0,0,0,0,4.0,1,0
0,0,0,0,23.0,1,0
0,0,0,0,10.0,1,0
0,0,0,0,23.0,1,0
0,0,0,0,13.0,1,0
0,0,0,0,1.0,1,0
0,0,0,0,1.0,1,0
0,0,0,0,10.0,1,0
0,0,0,0,14.0,1,0
0,0,0,0,8.0,1,0
0,0,0,0,4.0,1,0
0,0,0,0,22.0,1,0
0,0,0,0,21.0,1,0
0,0,0,0,20.0,2,0
0,0,0,0,6.333333333333333,3,0
0,0,0,0,22.0,1,0
0,0,0,0,0.0,1,0
0,0,0,0,13.0,2,0
0,0,0,0,0.0,1,0
0,0,0,0,23.0,1,0
0,0,0,0,0.0,1,0
0,0,0,0,1.0,1,0
0,0,0,0,23.0,1,0
0,0,0,0,0.0,1,0
0,0,0,0,21.0,1,0
0,0,0,0,21.0,1,0
0,0,0,0,21.0,1,0
0,0,0,0,1.0,1,0
0,0,0,0,0.0,1,0
0,0,0,0,2.0,1,0
0,0,0,0,13.0,1,0
0,0,0,0,4.0,2,0
0,0,0,2,12.75,3,0
0,0,0,0,7.666666666666667,2,0
0,0,0,0,8.0,2,0
0,0,0,0,8.0,4,0
0,0,0,0,8.5,3,0
0,0,0,0,9.333333333333334,2,0
0,0,0,6,6.0,3,0
0,0,0,0,11.5,3,0
0,0,0,0,0.0,1,0
0,0,0,0,3.0,3,0
0,0,0,0,9.0,1,0
0,0,0,0,14.0,1,0
0,0,0,0,10.0,1,0
0,0,0,0,21.0,1,0
0,0,0,0,0.0,1,0
0,0,0,0,14.0,1,0
0,0,0,0,0.0,1,0
0,0,0,0,21.0,1,0
0,0,0,0,18.0,2,0
0,0,0,0,0.0,1,0
0,0,0,0,10.0,1,0
0,0,0,1,11.0,1,0
0,0,0,0,9.0,1,0
0,0,0,0,21.0,1,0
0,0,0,0,10.666666666666666,3,0
0,0,0,0,6.333333333333333,2,0
0,0,0,1,9.333333333333334,3,0
0,0,0,0,15.0,1,0
0,0,0,0,0.0,1,0
0,0,0,1,11.0,1,0
0,0,0,0,7.0,1,0
0,0,0,0,15.333333333333334,3,0
0,0,0,0,3.0,1,0
0,0,0,0,19.0,1,0
0,0,0,0,0.0,1,0
0,0,0,0,20.0,1,0
0,0,0,0,16.0,1,0
0,0,0,0,12.0,1,0
0,0,0,0,6.333333333333333,3,0
0,0,0,0,21.5,2,0
0,0,0,0,15.0,2,0
0,0,0,0,17.0,1,0
0,0,0,0,11.0,2,0
0,0,0,3,15.0,1,0
0,0,0,0,9.0,2,0
0,0,0,0,2.0,1,0
0,0,0,0,9.0,2,0
0,0,0,0,20.0,1,0
0,0,0,0,17.0,1,0
0,0,0,0,8.0,1,0
0,0,0,0,23.0,1,0
0,0,0,0,17.0,1,0
0,0,0,0,21.0,1,0
0,0,0,0,16.0,1,0
0,0,0,0,16.0,1,0
0,0,0,0,18.0,1,0
0,0,0,0,23.0,1,0
0,0,0,0,12.0,1,0
0,0,0,0,13.0,1,0
0,0,0,0,10.0,1,0
0,0,0,0,20.0,1,0
0,0,0,0,16.0,1,0
0,0,0,0,9.0,1,0
0,0,0,0,1.0,1,0
0,0,0,0,17.0,1,0
0,0,0,0,13.0,1,0
0,0,0,0,6.0,1,0
0,0,0,0,23.0,1,0
0,0,0,0,14.0,1,0
0,0,0,0,16.0,1,0
0,0,0,0,8.0,1,0
0,0,0,0,8.0,1,0
0,0,0,0,8.0,1,0
0,0,0,0,6.0,1,0
0,0,0,0,17.0,1,0
0,0,0,0,10.0,1,0
0,0,0,0,21.0,1,0
0,0,0,0,17.5,2,0
0,0,0,0,14.0,1,0
0,0,0,0,20.0,1,0
0,0,0,0,18.0,1,0
0,0,0,0,1.0,1,0
0,0,0,0,0.0,1,0
0,0,0,0,6.0,1,0
0,0,0,0,1.0,1,0
0,0,0,0,11.5,2,0
0,0,0,0,17.0,1,0
0,0,0,0,19.0,1,0
0,0,0,0,20.0,1,0
0,0,0,0,12.0,1,0
0,0,0,0,12.666666666666666,2,0
0,0,0,0,13.0,1,0
0,0,0,0,3.0,1,0
0,0,0,0,15.0,1,0
0,0,0,0,22.0,1,0
0,0,0,0,0.0,1,0
0,0,0,0,4.0,2,0
0,0,0,0,7.5,2,0
0,0,0,0,7.0,1,0
0,0,0,0,10.0,1,0
0,0,0,0,7.0,1,0
0,0,0,0,0.0,1,0
0,0,0,0,4.0,1,0
0,0,0,0,1.0,1,0
0,0,0,0,3.0,1,0
0,0,0,0,17.0,1,0
0,0,0,0,23.0,1,0
0,0,0,0,1.0,1,0
0,0,0,0,9.333333333333334,2,0
0,0,0,0,7.0,1,0
0,0,0,0,10.0,1,0
0,0,0,0,21.0,1,0
0,0,0,0,13.0,1,0
0,0,0,0,1.0,1,0
0,0,0,0,13.0,2,0
0,0,0,0,13.0,2,0
0,0,0,0,22.0,1,0
0,0,0,0,11.0,1,0
0,0,0,0,7.0,2,0
0,0,0,0,7.5,2,0
0,0,0,0,10.0,1,0
0,0,0,0,5.0,1,0
0,0,0,0,12.0,1,0
0,0,0,0,9.0,1,0
0,0,0,0,10.0,1,0
0,0,0,0,8.0,1,0
0,0,0,0,14.0,1,0
0,0,0,0,20.0,1,0
0,0,0,0,11.0,1,0
0,0,0,0,3.0,1,0
0,0,0,0,12.0,1,0
0,0,0,0,0.0,1,0
0,0,0,0,6.0,1,0
0,0,0,0,12.0,1,0
0,0,0,0,14.0,1,0
0,0,0,0,1.0,1,0
0,0,0,0,22.0,1,0
0,0,0,0,14.0,1,0
0,0,0,0,13.0,1,0
0,0,0,0,20.0,1,0
0,0,0,0,8.0,1,0
0,0,0,0,13.0,1,0
0,0,0,0,18.0,1,0
0,0,0,0,16.0,1,0
0,0,0,0,7.0,1,0
0,0,0,0,22.0,1,0
0,0,0,0,13.0,1,0
0,0,0,0,12.0,1,0
0,0,0,0,7.0,1,0
0,0,0,0,14.0,1,0
0,0,0,0,15.0,1,0
0,0,0,0,16.0,1,0
0,0,0,0,13.0,1,0
0,0,0,0,14.0,1,0
0,0,0,0,13.0,1,0
0,0,0,0,19.0,1,0
0,0,0,0,11.0,1,0
0,0,0,0,8.0,1,0
0,0,0,0,16.0,1,0
0,0,0,0,18.0,1,0
0,0,0,0,17.0,1,0
0,0,0,0,9.0,1,0
0,0,0,0,22.0,1,0
0,0,0,0,17.0,1,0
0,0,0,0,21.0,1,0
0,0,0,0,6.0,1,0
0,0,0,0,9.0,1,0
0,0,0,0,16.0,1,0
0,0,0,0,3.0,1,0
0,0,0,0,0.0,1,0
0,0,0,0,12.0,1,0
0,0,0,0,15.0,1,0
0,0,0,0,3.0,1,0
0,0,0,0,14.0,1,0
0,0,0,1,12.0,1,0
0,0,0,0,9.0,1,0
0,0,0,0,8.0,1,0
0,0,0,0,23.0,1,0
0,0,0,0,20.0,1,0
0,0,0,0,19.0,1,0
0,0,0,0,16.0,1,0
0,0,0,0,0.0,1,0
0,0,0,0,10.0,1,0
0,0,0,0,0.0,1,0
0,0,0,0,17.0,1,0
0,0,0,0,15.0,1,0
0,0,0,0,23.0,1,0
0,0,0,0,7.0,1,0
0,0,0,0,21.0,1,0
0,0,0,0,9.0,1,0
0,0,0,0,12.0,1,0
0,0,0,0,9.0,1,0
0,0,0,0,1.0,1,0
0,0,0,0,10.0,1,0
0,0,0,0,3.0,1,0
0,0,0,0,12.0,1,0
0,0,0,0,9.0,1,0
0,0,0,0,8.0,1,0
0,0,0,0,7.0,1,0
0,0,0,0,14.0,1,0
0,0,0,0,13.0,1,0
0,0,0,1,9.0,1,0
0,0,0,0,12.0,1,0
0,0,0,0,8.0,1,0
0,0,0,0,14.0,1,0
0,0,0,0,14.0,1,0
0,0,0,0,10.0,3,0
0,0,0,0,22.0,1,0
0,0,0,0,13.0,1,0
0,0,0,0,15.0,1,0
0,0,0,0,15.0,1,0
0,0,0,0,13.6,2,0
0,0,0,0,11.0,4,0
0,0,0,0,14.0,1,0
0,0,0,0,9.0,1,0
0,0,0,0,14.0,1,0
0,0,0,0,16.0,1,0
0,0,0,0,10.0,1,0
0,0,0,0,9.0,1,0
0,0,0,0,10.0,1,0
0,0,0,0,21.0,1,0
0,0,0,0,23.0,1,0
0,0,0,0,8.0,1,0
0,0,0,0,17.0,1,0
0,0,0,0,15.0,1,0
0,0,0,0,12.0,1,0
0,0,0,0,15.333333333333334,2,0
0,0,0,0,12.0,1,0
0,0,0,0,16.0,1,0
0,0,0,0,22.0,1,0
0,0,0,0,21.0,1,0
0,0,0,0,19.0,1,0
0,0,0,0,14.0,2,0
0,0,0,0,9.0,1,0
0,0,0,0,21.0,1,0
0,0,0,0,16.0,1,0
0,0,0,0,10.0,1,0
0,0,0,0,7.0,1,0
0,0,0,0,13.0,1,0
0,0,0,0,8.0,1,0
0,0,0,0,19.0,1,0
0,0,0,0,7.0,1,0
0,0,0,0,17.333333333333332,3,0
0,0,0,0,13.0,2,0
0,0,0,0,12.833333333333334,3,0
0,0,0,0,22.0,1,0
0,0,0,0,13.0,1,0
0,0,0,0,13.0,1,0
0,0,0,0,11.0,1,0
0,0,0,0,14.0,1,0
0,0,0,0,22.0,1,0
0,0,0,0,17.0,1,0
0,0,0,0,11.0,1,0
0,0,0,0,10.0,1,0
0,0,0,0,8.0,1,0
0,0,0,0,13.0,1,0
0,0,0,0,20.0,1,0
0,0,0,0,15.0,1,0
0,0,0,0,15.0,1,0
0,0,0,0,15.0,1,0
0,0,0,0,9.0,1,0
0,0,0,0,12.0,1,0
0,0,0,0,10.0,1,0
0,0,0,0,7.0,1,0
0,0,0,0,10.0,1,0
0,0,0,0,21.0,1,0
0,0,0,0,9.0,1,0
0,0,0,0,10.0,1,0
0,0,0,0,22.0,1,0
0,0,0,0,18.0,1,0
0,0,0,0,11.0,1,0
0,0,0,0,17.0,1,0
0,0,0,0,18.0,1,0
0,0,0,0,20.0,1,0
0,0,0,0,22.0,1,0
0,0,0,0,19.0,1,0
0,0,0,0,8.0,1,0
0,0,0,0,11.0,1,0
0,0,0,0,1.0,1,0
0,0,0,0,8.0,1,0
0,0,0,0,23.0,1,0
0,0,0,0,0.0,1,0
0,0,0,0,3.0,1,0
0,0,0,0,23.0,1,0
0,0,0,1,17.0,1,0
0,0,0,0,13.0,1,0
0,0,0,0,18.0,1,0
0,0,0,0,23.0,1,0
0,0,0,0,11.0,1,0
0,0,0,0,13.0,1,0
0,0,0,0,6.0,1,0
0,0,0,0,23.0,1,0
0,0,0,0,20.0,1,0
0,0,0,0,15.0,1,0
0,0,0,0,15.0,1,0
0,0,0,0,11.0,1,0
0,0,0,0,0.0,1,0
0,0,0,0,21.0,1,0
0,0,0,0,5.0,1,0
0,0,0,0,2.0,1,0
0,0,0,0,12.0,1,0
0,0,0,0,1.0,1,0
0,0,0,0,22.0,1,0
0,0,0,0,13.0,1,0
0,0,0,0,22.0,1,0
0,0,0,0,0.0,1,0
0,0,0,0,12.0,1,0
0,0,0,0,22.0,1,0
0,0,0,0,8.333333333333334,2,0
0,0,0,0,0.0,1,0
0,0,0,0,7.0,1,0
0,0,0,0,19.0,1,0
0,0,0,0,20.333333333333332,2,0
0,0,0,0,21.0,1,0
0,0,0,0,11.0,2,0
0,0,0,0,17.0,1,0
0,0,0,0,16.0,2,0
0,0,0,0,18.0,1,0
0,0,0,0,17.0,1,0
0,0,0,0,22.0,1,0
0,0,0,0,9.0,1,0
0,0,0,0,13.0,1,0
0,0,0,0,21.0,1,0
0,0,0,0,21.0,1,0
0,0,0,0,10.0,1,0
0,0,0,0,9.0,1,0
0,0,0,0,19.0,1,0
0,0,0,0,12.0,1,0
0,0,0,0,23.0,1,0
0,0,0,0,22.0,1,0
0,0,0,0,10.0,1,0
0,0,0,0,12.0,1,0
0,0,0,0,8.0,1,0
0,0,0,0,22.0,1,0
0,0,0,0,17.0,1,0
0,0,0,0,23.0,1,0
0,0,0,0,7.0,1,0
0,0,0,0,11.0,1,0
0,0,0,0,11.0,2,0
0,0,0,0,0.0,1,0
0,0,0,0,9.0,1,0
0,0,0,0,16.0,1,0
0,0,0,0,22.0,1,0
0,0,0,0,7.0,1,0
0,0,0,0,18.0,2,0
0,0,0,0,8.0,1,0
0,0,0,0,21.0,1,0
0,0,0,0,17.0,1,0
0,0,0,0,12.0,1,0
0,0,0,0,22.0,1,0
0,0,0,0,0.0,1,0
0,0,0,0,21.0,1,0
0,0,0,0,15.0,1,0
0,0,0,0,8.0,1,0
0,0,0,0,12.0,1,0
0,0,0,0,2.0,1,0
0,0,0,0,1.0,1,0
0,0,0,0,23.0,1,0
0,0,0,0,4.0,1,0
0,0,0,0,1.0,1,0
0,0,0,0,13.0,1,0
0,0,0,0,22.0,1,0
0,0,0,0,22.0,1,0
0,0,0,0,16.0,1,0
0,0,0,0,12.5,2,0
0,0,0,0,12.333333333333334,3,0
0,0,0,0,0.0,1,0
0,0,0,0,14.0,1,0
0,0,0,0,0.0,1,0
0,0,0,0,22.0,1,0
0,0,0,0,12.5,2,0
0,0,0,0,12.0,1,0
0,0,0,0,13.0,1,0
0,0,0,0,14.0,3,0
0,0,0,0,21.0,1,0
0,0,0,0,19.5,2,0
0,0,0,0,12.5,2,0
0,0,0,0,7.0,1,0
0,0,0,0,17.5,2,0
0,0,0,0,13.333333333333334,2,0
0,0,0,0,13.0,4,0
0,0,0,0,9.0,3,0
0,0,0,0,12.0,3,0
0,0,0,0,23.0,1,0
0,0,0,0,23.0,1,0
0,0,0,0,21.0,1,0
0,0,0,0,15.25,3,0
0,0,0,0,17.0,1,0
0,0,0,0,18.0,1,0
0,0,0,0,0.0,1,0
0,0,0,0,17.0,4,0
0,0,0,0,7.666666666666667,3,0
0,0,0,0,8.0,1,0
0,0,0,0,11.0,1,0
0,0,0,0,1.0,1,0
0,0,0,0,16.0,1,0
0,0,0,0,9.5,2,0
0,0,0,0,8.0,1,0
0,0,0,0,15.0,1,0
0,0,0,0,11.0,1,0
0,0,0,0,16.0,1,0
0,0,0,0,22.0,1,0
0,0,0,0,8.0,1,0
0,0,0,0,11.0,1,0
0,0,0,0,12.0,1,0
0,0,0,0,14.0,1,0
0,0,0,2,13.0,3,0
0,0,0,0,9.0,4,0
0,0,0,0,14.0,1,0
0,0,0,0,0.0,1,0
0,0,0,0,5.0,1,0
0,0,0,0,23.0,1,0
0,0,0,0,19.0,1,0
0,0,0,0,7.0,1,0
0,0,0,0,12.0,1,0
0,0,0,0,18.0,1,0
0,0,0,0,13.0,1,0
0,0,0,0,7.0,1,0
0,0,0,0,12.0,1,0
0,0,0,0,22.0,1,0
0,0,0,0,11.0,2,0
0,0,0,0,8.0,1,0
0,0,0,0,8.333333333333334,5,0
0,0,0,0,1.0,1,0
0,0,0,0,6.333333333333333,5,0
0,0,0,0,21.0,1,0
0,0,0,0,19.0,1,0
0,0,0,0,22.0,2,0
0,0,0,0,11.5,2,0
0,0,0,0,15.5,2,0
0,0,0,0,18.0,1,0
0,0,0,0,19.0,2,0
0,0,0,0,10.0,3,0
0,0,0,0,19.4,5,0
0,0,0,0,6.0,2,0
0,0,0,0,17.0,2,0
0,0,0,0,11.0,5,0
0,0,0,0,11.6,3,0
0,0,0,0,0.0,1,0
0,0,0,2,13.8,4,0
0,0,0,0,15.0,3,0
0,0,0,0,19.5,2,0
0,0,0,0,11.2,4,0
0,0,0,0,18.666666666666668,2,0
0,0,0,0,19.5,2,0
0,0,0,0,6.75,2,0
0,0,0,0,22.0,2,0
0,0,0,0,14.0,1,0
0,0,0,0,23.0,1,0
0,0,0,0,19.5,2,0
0,0,0,0,8.333333333333334,3,0
0,0,0,0,21.0,1,0
0,0,0,0,22.0,1,0
0,0,0,0,17.0,1,0
0,0,0,0,15.0,1,0
0,0,0,0,15.0,1,0
0,0,0,0,22.0,1,0
0,0,0,0,20.0,1,0
0,0,0,0,12.833333333333334,3,0
0,0,0,0,13.285714285714286,6,0
0,0,0,0,15.333333333333334,2,0
0,0,0,0,20.428571428571427,4,0
0,0,0,0,18.11111111111111,6,0
0,0,0,0,13.76923076923077,11,1
0,0,0,2,12.708333333333334,16,1
0,0,0,0,9.692307692307692,10,1
0,0,0,0,13.0,9,1
0,0,0,0,12.0,8,0
0,0,0,0,21.352941176470587,9,1
0,0,0,0,10.157894736842104,13,1
0,0,0,0,10.75,8,0
0,0,0,0,12.666666666666666,12,1
0,0,0,0,11.612903225806452,22,1
0,0,0,0,10.914285714285715,23,1
0,0,0,0,8.76923076923077,27,1
0,0,0,0,11.083333333333334,22,1
0,0,0,2,8.0,16,1
0,0,0,0,12.875,7,0
0,0,0,0,13.0,5,0
0,0,0,0,21.0,1,0
0,0,0,0,2.0,1,0
0,0,0,0,11.0,1,0
0,0,0,0,17.0,1,0
0,0,0,0,22.0,2,0
0,0,0,0,10.4,7,0
0,0,0,0,16.727272727272727,9,0
0,0,0,0,18.5,6,0
0,0,0,3,12.083333333333334,11,1
0,0,0,2,10.083333333333334,7,1
0,0,0,0,16.5,2,0
0,0,0,0,11.0,9,1
0,0,0,2,13.25,3,0
0,0,0,0,0.6666666666666666,3,0
0,0,0,0,5.777777777777778,4,0
0,0,0,0,6.333333333333333,3,0
0,0,0,0,0.0,1,0
0,0,0,0,11.166666666666666,9,1
0,0,0,0,9.157894736842104,12,1
0,0,0,1,20.0,4,0
0,0,0,0,8.818181818181818,8,0
0,0,0,0,23.0,1,0
0,0,0,0,9.0,1,0
0,0,0,0,23.0,1,0
0,0,0,0,17.0,1,0
0,0,0,0,9.0,1,0
0,0,0,0,7.0,2,0
0,0,0,2,9.5,4,0
0,0,0,0,7.0,1,0
0,0,0,0,11.0,1,0
0,0,0,0,17.0,1,0
0,0,0,0,11.0,2,0
0,0,0,0,12.0,1,0
0,0,0,0,14.333333333333334,2,0
0,0,0,0,16.0,2,0
0,0,0,0,23.0,1,0
0,0,0,0,3.0,1,0
0,0,0,0,2.0,1,0
0,0,0,0,21.0,1,0
0,0,0,0,12.0,1,0
0,0,0,0,8.0,1,0
0,0,0,0,10.0,1,0
0,0,0,0,9.0,1,0
0,0,0,0,13.0,3,0
0,0,0,0,16.0,1,0
0,0,0,0,11.0,1,0
0,0,0,0,16.5,3,0
0,0,0,0,11.0,1,0
0,0,0,0,0.0,1,0
0,0,0,0,16.0,1,0
0,0,0,0,15.0,1,0
0,0,0,0,2.0,1,0
0,0,0,0,22.0,1,0
0,0,0,0,14.2,3,0
0,0,0,0,2.0,1,0
0,0,0,0,1.0,1,0
0,0,0,0,1.0,1,0
0,0,0,0,21.0,1,0
0,0,0,0,7.0,1,0
0,0,0,0,2.0,1,0
0,0,0,0,10.0,1,0
0,0,0,0,16.0,1,0
0,0,0,0,3.0,1,0
0,0,0,0,11.0,1,0
0,0,0,0,11.0,1,0
0,0,0,0,9.0,1,0
0,0,0,0,21.0,1,0
0,0,0,0,0.0,1,0
0,0,0,0,17.0,1,0
0,0,0,0,14.0,1,0
0,0,0,0,8.0,1,0
0,0,0,0,23.0,1,0
0,0,0,0,14.0,1,0
0,0,0,0,10.0,1,0
0,0,0,0,22.0,1,0
0,0,0,0,0.0,1,0
0,0,0,0,9.0,1,0
0,0,0,0,0.0,1,0
0,0,0,0,20.0,1,0
0,0,0,0,18.0,1,0
0,0,0,0,3.0,1,0
0,0,0,0,8.0,1,0
0,3,0,0,9.0,1,0
0,0,0,0,10.0,1,0
0,0,0,0,16.0,1,0
0,0,0,0,8.5,2,0
0,0,0,0,20.0,1,0
0,0,0,0,20.0,1,0
0,0,0,0,22.0,1,0
0,0,0,0,16.0,1,0
0,3,0,0,17.0,1,0
0,0,0,0,23.0,1,0
0,0,0,0,13.0,1,0
0,0,0,0,9.0,1,0
0,0,0,0,10.0,1,0
0,0,0,0,9.0,2,0
0,0,0,0,9.5,3,0
0,0,0,0,17.0,2,0
0,0,0,0,14.0,1,0
0,0,0,0,15.0,1,0
0,0,0,0,21.0,1,0
0,0,0,0,18.0,2,0
0,0,0,0,1.0,1,0
0,0,0,0,12.0,1,0
0,0,0,0,2.0,1,0
0,0,0,0,15.0,1,0
0,0,0,0,15.0,1,0
0,0,0,0,8.0,1,0
0,0,0,0,14.0,1,0
0,0,0,0,14.0,1,0
0,0,0,0,11.5,2,0
0,3,0,0,11.3,3,0
0,0,0,0,18.0,1,0
0,0,0,0,11.0,1,0
0,0,0,0,12.0,1,0
0,0,0,0,8.0,1,0
0,0,0,0,11.0,2,0
0,0,0,0,8.5,2,0
0,0,0,0,9.0,1,0
0,0,0,0,11.0,1,0
0,0,0,0,18.0,2,0
0,0,0,0,13.5,2,0
0,0,0,0,10.0,3,0
0,0,0,0,8.0,1,0
0,0,0,0,15.5,2,0
0,0,0,0,17.0,1,0
0,0,0,0,0.0,1,0
0,0,0,0,12.0,1,0
0,0,0,0,10.0,1,0
0,0,0,0,4.0,1,0
0,0,0,0,10.0,4,0
0,0,0,0,9.333333333333334,3,0
0,0,0,0,11.6,3,0
0,0,0,0,15.0,1,0
0,5,0,0,10.5,3,0
0,0,0,0,15.0,3,0
0,0,0,0,7.333333333333333,3,0
0,0,0,0,12.333333333333334,6,0
0,0,0,0,12.75,6,0
0,0,0,0,13.333333333333334,3,0
0,0,0,0,9.666666666666666,3,0
0,0,0,0,23.0,1,0
0,0,0,0,13.0,1,0
0,0,0,0,9.0,1,0
0,0,0,0,23.0,1,0
0,0,0,0,2.0,1,0
0,0,0,0,18.666666666666668,2,0
0,0,0,0,16.0,1,0
0,0,0,0,15.0,1,0
0,0,0,0,20.0,2,0
0,0,0,0,17.0,1,0
0,0,0,0,23.0,1,0
0,0,0,0,6.75,4,0
0,0,0,0,16.0,1,0
0,0,0,0,10.0,1,0
0,0,0,0,17.0,1,0
0,0,0,0,9.0,1,0
0,0,0,0,23.0,1,0
0,0,0,0,1.0,1,0
0,0,0,0,8.0,1,0
0,0,0,0,15.857142857142858,5,0
0,0,0,1,4.25,3,0
0,0,0,0,10.0,2,0
0,0,0,0,15.5,2,0
0,0,0,0,15.0,1,0
0,3,0,0,18.0,1,0
0,0,0,0,15.5,2,0
0,0,0,0,14.0,3,0
0,0,0,0,15.0,1,0
0,0,0,0,11.0,1,0
0,0,0,0,0.0,1,0
0,0,0,0,14.8,5,0
0,0,3,0,12.0,5,0
0,0,0,0,12.0,4,0
0,0,0,0,15.666666666666666,4,0
0,0,0,0,15.6,3,0
0,0,0,0,6.5,2,0
0,0,0,0,15.0,1,0
0,0,0,0,10.0,1,0
0,0,0,0,6.5,2,0
0,0,0,0,22.0,1,0
0,0,0,0,8.0,1,0
0,0,0,0,17.6,4,0
0,0,0,0,14.5,2,0
0,0,0,0,20.0,1,0
0,0,0,0,18.0,1,0
0,0,0,0,19.5,2,0
0,0,0,0,23.0,1,0
0,0,0,0,2.6,2,0
0,0,0,0,10.0,4,0
0,0,0,0,14.5,3,0
0,0,0,0,0.0,1,0
0,0,0,0,10.0,1,0
0,0,0,0,10.0,1,0
0,0,0,0,8.0,1,0
0,0,0,0,22.0,1,0
0,0,0,0,2.0,1,0
0,0,0,0,21.5,2,0
0,0,0,0,20.75,2,0
0,0,0,0,9.0,1,0
0,0,0,0,10.0,1,0
0,0,0,0,23.0,1,0
0,0,0,0,15.0,1,0
0,0,0,0,14.5,2,0
0,0,0,0,21.0,1,0
0,0,0,0,0.0,1,0
0,0,0,0,23.0,1,0
0,0,0,0,14.0,1,0
0,0,0,0,11.0,1,0
0,0,0,0,19.0,1,0
0,0,0,0,13.0,1,0
0,0,0,2,7.5,2,0
0,0,0,0,13.0,1,0
0,0,0,0,7.666666666666667,2,0
0,0,0,0,23.0,1,0
0,0,0,0,18.6,3,0
0,0,0,0,13.0,1,0
0,0,0,0,23.0,1,0
0,0,0,0,8.0,1,0
0,0,0,0,16.0,1,0
0,0,0,0,17.0,1,0
0,0,0,0,21.0,1,0
0,0,0,0,1.0,1,0
0,0,0,1,19.0,1,0
0,0,0,0,22.0,1,0
0,0,0,0,10.6,4,0
0,0,0,0,14.5,2,0
0,0,0,0,9.0,1,0
0,0,0,0,12.0,1,0
0,0,0,0,14.0,1,0
0,0,0,0,19.0,1,0
0,0,0,0,8.0,1,0
0,0,0,0,23.0,1,0
0,0,0,0,22.0,1,0
0,0,0,0,7.0,1,0
0,0,0,0,23.0,1,0
0,0,0,0,2.0,1,0
0,0,0,0,11.5,2,0
0,0,0,1,14.5,4,0
0,0,0,0,17.333333333333332,3,0
0,0,0,0,14.0,6,0
0,0,0,0,16.5,2,0
0,0,0,1,17.2,5,0
0,0,0,0,19.0,1,0
0,0,0,0,21.0,2,0
0,0,0,0,6.0,1,0
0,0,0,0,22.0,1,0
0,0,0,0,23.0,1,0
0,0,0,0,18.75,4,0
0,0,0,0,15.0,3,0
0,0,0,1,12.0,4,0
0,0,0,0,9.428571428571429,4,0
0,0,0,0,20.5,2,0
0,0,0,0,7.0,1,0
0,0,0,0,15.0,1,0
0,0,0,0,22.0,1,0
0,0,0,0,21.0,1,0
0,0,0,0,20.0,2,0
0,0,0,0,0.0,1,0
0,0,0,0,18.714285714285715,5,0
0,0,0,0,3.6666666666666665,3,0
0,0,0,0,10.125,5,0
0,0,0,0,17.0,1,0
0,0,0,1,10.25,4,0
0,0,0,0,18.0,1,0
0,0,0,0,13.75,3,0
0,0,0,0,14.0,4,0
0,0,0,0,9.0,5,0
0,0,0,0,15.2,5,0
0,0,0,0,15.2,4,0
0,0,0,0,12.764705882352942,10,1
0,0,0,0,16.0,1,0
0,0,0,0,13.0,2,0
0,0,0,1,15.0,7,0
0,0,0,0,12.0,1,0
0,0,0,0,6.0,1,0
0,0,0,0,3.0,1,0
0,0,0,0,16.0,1,0
0,0,0,2,11.0,1,0
0,0,0,0,2.0,1,0
0,0,0,0,19.0,1,0
0,0,0,0,13.0,1,0
0,0,0,0,6.0,1,0
0,0,0,0,23.0,1,0
0,0,0,0,22.0,1,0
0,0,0,0,20.666666666666668,2,0
0,0,0,0,14.583333333333334,7,1
0,0,0,0,10.666666666666666,2,0
0,0,0,0,14.090909090909092,11,0
0,0,0,0,15.5,12,1
0,0,0,0,13.022222222222222,27,1
0,2,0,0,14.384615384615385,31,1
0,0,0,0,13.590909090909092,18,1
0,0,0,0,15.333333333333334,16,1
0,0,0,0,10.944444444444445,14,1
0,0,0,0,15.0,15,1
0,0,0,0,10.5,12,1
0,0,0,0,15.842105263157896,15,1
0,3,0,0,9.894736842105264,12,1
0,0,0,4,13.0,22,1
0,1,0,1,13.515151515151516,29,1
0,0,0,4,13.380952380952381,30,1
0,0,0,2,14.0,16,1
0,0,0,0,16.076923076923077,9,1
0,0,0,0,11.333333333333334,8,0
0,0,0,1,12.8,8,0
0,0,0,0,13.0,1,0
0,0,0,0,23.0,1,0
0,0,0,0,15.0,1,0
0,0,0,0,0.0,1,0
0,0,0,0,10.0,1,0
0,0,0,0,15.0,1,0
0,0,0,0,3.0,1,0
0,0,0,0,4.0,1,0
0,0,0,2,21.0,1,0
0,0,0,0,8.0,1,0
0,0,0,0,14.0,13,1
0,0,0,0,10.785714285714286,11,1
0,0,0,0,13.083333333333334,9,1
0,0,0,0,14.333333333333334,17,1
0,0,0,0,13.115384615384615,19,1
0,0,0,3,14.826086956521738,19,1
0,0,0,0,11.0,4,0
0,0,0,0,15.647058823529411,12,1
0,0,0,0,14.875,6,0
0,0,0,0,13.88888888888889,10,1
0,0,0,1,13.25,4,0
0,0,0,0,9.333333333333334,2,0
0,0,0,0,21.0,1,0
0,0,0,0,16.066666666666666,12,1
0,0,0,0,12.52,18,1
0,0,0,0,9.363636363636363,8,0
0,0,0,0,13.666666666666666,10,1
0,0,0,0,20.0,2,0
0,0,0,0,15.666666666666666,4,0
0,0,0,0,21.0,1,0
0,0,0,0,8.0,1,0
0,0,0,0,3.0,1,0
0,0,0,0,15.0,1,0
0,0,0,0,21.0,1,0
0,0,0,0,19.0,1,0
0,0,0,0,18.5,2,0
0,0,0,0,14.5,2,0
0,0,0,0,11.5,2,0
0,0,0,0,9.0,1,0
0,0,0,0,13.0,1,0
0,0,0,0,8.0,1,0
0,0,0,0,9.0,1,0
0,0,0,0,12.5,2,0
0,0,0,0,12.0,1,0
0,0,0,0,21.0,1,0
0,0,0,0,14.0,1,0
0,0,0,0,5.0,1,0
0,0,0,0,23.0,1,0
0,0,0,0,18.0,1,0
0,0,0,0,14.0,1,0
0,0,0,0,0.0,1,0
0,0,0,0,14.0,1,0
0,0,0,0,9.0,1,0
0,0,0,0,8.5,2,0
0,0,0,0,13.0,1,0
0,0,0,0,15.0,1,0
0,0,0,0,11.0,1,0
0,0,0,0,23.0,1,0
0,0,0,0,18.0,1,0
0,0,0,0,15.8,4,0
0,0,0,0,14.5,2,0
0,0,0,0,8.0,1,0
0,0,0,0,4.0,4,0
0,0,0,0,7.0,2,0
0,0,0,3,5.4,3,0
0,0,0,0,12.666666666666666,3,0
0,0,0,0,16.0,1,0
0,0,0,0,8.0,1,0
0,0,0,0,15.0,1,0
0,0,0,0,18.0,1,0
0,0,0,0,9.5,2,0
0,0,0,0,11.666666666666666,2,0
0,0,0,0,1.0,1,0
0,0,0,0,13.0,1,0
0,0,0,0,4.0,1,0
0,0,0,0,9.5,2,0
0,0,0,0,8.0,1,0
0,0,0,0,20.0,1,0
0,0,0,0,20.0,1,0
0,0,0,0,15.0,1,0
0,0,0,0,15.0,1,0
0,0,0,0,0.5,2,0
0,0,0,0,10.0,1,0
0,0,0,0,12.0,1,0
0,0,0,0,10.0,1,0
0,0,0,0,8.0,1,0
0,0,0,0,6.0,1,0
0,0,0,0,9.0,1,0
0,0,0,0,12.0,1,0
0,0,0,0,0.0,1,0
0,0,0,0,10.0,1,0
0,0,0,0,0.0,1,0
0,0,0,0,7.0,1,0
0,0,0,0,1.0,1,0
0,0,0,0,14.0,1,0
0,0,0,0,11.0,1,0
0,0,0,0,9.0,1,0
0,0,0,0,12.0,1,0
0,0,0,0,7.0,1,0
0,0,0,0,1.0,1,0
0,0,0,0,13.0,1,0
0,0,0,0,20.0,1,0
0,0,0,0,20.666666666666668,2,0
0,0,0,0,13.0,1,0
0,0,0,0,16.0,1,0
0,0,0,0,1.0,1,0
0,0,0,0,21.0,1,0
0,0,0,0,8.0,1,0
0,0,0,0,22.333333333333332,2,0
0,0,0,0,6.0,1,0
0,0,0,0,0.0,1,0
0,0,0,0,17.0,2,0
0,0,0,0,12.0,1,0
0,0,0,0,18.0,1,0
0,0,0,0,23.0,1,0
0,0,0,0,15.0,1,0
0,0,0,0,9.5,2,0
0,0,0,0,15.0,1,0
0,0,0,0,20.0,1,0
0,0,0,0,0.0,1,0
0,0,0,0,12.0,2,0
0,0,0,0,10.0,1,0
0,0,0,0,0.0,1,0
0,0,0,0,10.0,1,0
0,0,0,0,19.0,1,0
0,0,0,0,6.0,1,0
0,0,0,0,16.0,1,0
0,0,0,0,23.0,1,0
0,0,0,0,11.5,2,0
0,0,0,0,14.0,1,0
0,0,0,0,18.0,1,0
0,0,0,0,15.0,1,0
0,0,0,0,8.0,1,0
0,0,0,0,2.0,1,0
0,0,0,0,17.0,1,0
0,0,0,0,8.0,1,0
0,0,0,0,22.0,1,0
0,0,0,0,12.0,2,0
0,0,0,0,7.5,2,0
0,0,0,0,13.0,1,0
0,0,0,0,10.5,2,0
0,0,0,0,18.0,1,0
0,0,0,0,5.5,2,0
0,0,0,0,13.0,2,0
0,0,0,0,12.666666666666666,5,0
0,0,0,0,5.0,2,0
0,0,0,0,10.0,4,0
0,0,0,0,14.0,3,0
0,0,0,0,7.5,2,0
0,0,0,0,13.0,1,0
0,0,0,0,2.0,1,0
0,0,0,0,20.0,1,0
0,0,0,0,20.0,1,0
0,0,0,0,16.0,1,0
0,0,0,0,9.5,2,0
0,0,0,0,0.0,1,0
0,0,0,0,5.5,2,0
0,0,0,0,10.0,4,0
0,0,0,0,2.0,1,0
0,0,0,0,12.625,5,0
0,0,0,0,5.0,2,0
0,0,0,0,15.833333333333334,3,0
0,0,0,0,5.6,3,0
0,0,0,0,8.0,1,0
0,0,0,0,14.333333333333334,2,0
0,0,0,0,23.0,1,0
0,0,0,0,1.0,1,0
0,0,0,1,9.0,1,0
0,0,0,0,7.666666666666667,2,0
0,0,0,0,22.0,1,0
0,0,0,0,23.0,1,0
0,0,0,0,12.333333333333334,3,0
0,0,0,0,6.428571428571429,6,0
0,0,0,0,16.8,5,0
0,0,0,0,13.666666666666666,3,0
0,0,0,0,14.333333333333334,5,0
0,0,0,2,15.666666666666666,3,0
0,0,0,0,6.4,4,0
0,0,0,0,8.0,1,0
0,0,0,0,14.0,1,0
0,0,0,0,12.428571428571429,5,0
0,0,0,0,16.75,4,0
0,0,0,0,11.0,4,0
0,0,0,0,11.333333333333334,9,0
0,0,0,0,14.9375,10,1
0,0,0,0,8.833333333333334,10,1
0,0,0,1,14.727272727272727,8,0
0,0,0,0,13.0,5,0
0,0,0,0,14.333333333333334,3,0
0,0,0,0,0.0,1,0
0,0,0,0,10.0,3,0
0,0,0,0,8.333333333333334,2,0
0,0,0,0,18.0,1,0
0,0,0,0,3.0,1,0
0,0,0,0,7.0,1,0
0,0,0,0,0.0,1,0
0,0,0,0,23.0,1,0
0,0,0,0,23.0,1,0
0,0,0,0,17.0,1,0
0,0,0,0,17.0,1,0
0,0,0,0,23.0,1,0
0,0,0,0,22.0,1,0
0,0,0,0,21.0,1,0
0,0,0,0,23.0,1,0
0,0,0,0,6.0,1,0
0,0,0,0,1.0,2,0
0,0,0,0,8.0,1,0
0,0,0,0,8.0,1,0
0,0,0,0,10.0,1,0
0,0,0,0,15.0,1,0
0,0,0,0,1.0,1,0
0,0,0,0,23.0,1,0
0,0,0,0,8.0,1,0
0,0,0,0,11.0,1,0
0,0,0,0,1.0,1,0
0,0,0,1,17.0,1,0
0,0,0,0,8.0,1,0
0,0,0,0,7.0,1,0
0,0,0,0,19.0,1,0
0,0,0,0,18.0,1,0
0,0,0,0,7.0,1,0
0,0,0,0,23.0,1,0
0,0,0,0,23.0,1,0
0,0,0,0,11.0,1,0
0,0,0,0,2.0,1,0
0,0,0,0,18.0,1,0
0,0,0,0,17.0,1,0
0,0,0,0,4.0,1,0
0,0,0,0,9.0,1,0
0,0,0,0,19.0,1,0
0,0,0,0,11.0,1,0
0,0,0,0,14.0,2,0
0,0,0,0,13.333333333333334,3,0
0,0,0,0,14.2,4,0
0,0,0,0,18.0,2,0
0,0,0,0,11.0,1,0
0,0,0,0,22.0,1,0
0,0,0,0,15.0,1,0
0,0,0,0,8.0,2,0
0,0,0,0,1.0,1,0
0,0,0,1,6.2,5,0
0,0,0,0,11.0,1,0
0,0,0,5,17.857142857142858,3,0
0,0,0,0,10.6,4,0
0,0,0,0,16.0,1,0
0,0,0,0,8.0,1,0
0,0,0,0,9.0,1,0
0,0,0,0,10.0,1,0
0,0,0,0,13.0,1,0
0,0,0,0,16.4,4,0
0,0,0,0,19.6,3,0
0,0,0,0,19.666666666666668,3,0
0,0,0,0,11.5,2,0
0,0,0,0,10.333333333333334,3,0
0,0,0,0,14.666666666666666,3,0
0,0,0,0,19.333333333333332,2,0
0,0,0,0,13.5,3,0
0,0,0,0,9.0,1,0
0,0,0,0,0.0,1,0
0,0,0,0,3.0,1,0
0,0,0,0,4.0,1,0
0,0,0,0,19.0,1,0
0,0,0,0,20.0,1,0
0,0,0,0,15.0,1,0
0,0,0,0,1.0,1,0
0,0,0,0,16.0,1,0
0,0,0,0,15.0,1,0
0,0,0,0,8.0,1,0
0,0,0,0,11.0,1,0
0,0,0,0,23.0,1,0
0,0,0,0,9.0,1,0
0,0,0,0,9.0,1,0
0,0,0,0,18.333333333333332,2,0
0,0,0,0,17.76923076923077,8,1
0,0,0,0,9.5,6,0
0,0,0,0,16.615384615384617,13,1
0,0,0,0,12.384615384615385,9,1
0,0,0,0,12.80952380952381,15,1
0,0,0,1,11.428571428571429,19,1
0,0,0,0,14.2,13,1
0,0,0,0,13.052631578947368,15,1
0,0,0,0,13.88888888888889,14,1
0,0,0,0,13.9,10,0
0,0,0,0,15.5,9,0
0,0,0,0,10.666666666666666,14,1
0,0,0,0,9.882352941176471,13,1
0,0,0,0,12.166666666666666,20,1
0,0,0,0,9.9,22,1
0,0,0,0,11.695652173913043,20,1
0,0,0,0,13.235294117647058,14,1
0,0,0,0,15.615384615384615,10,1
0,0,0,0,8.0,6,0
0,0,0,0,17.0,1,0
0,0,0,0,2.0,1,0
0,0,0,0,13.0,1,0
0,0,0,0,23.0,1,0
0,0,0,0,1.0,1,0
0,0,0,0,10.0,1,0
0,0,0,0,12.0,1,0
0,0,0,0,23.0,1,0
0,0,0,0,23.0,1,0
0,0,0,0,0.0,1,0
0,0,0,0,22.0,1,0
0,0,0,0,13.6,5,0
0,0,0,0,12.125,4,0
0,0,0,0,11.75,8,0
0,0,0,0,13.4,14,1
0,0,0,0,15.222222222222221,13,1
0,0,0,0,11.055555555555555,10,1
0,0,0,0,14.333333333333334,3,0
0,0,0,0,12.727272727272727,11,0
0,0,0,0,16.571428571428573,6,0
0,0,0,0,17.0,5,0
0,0,0,0,21.0,2,0
0,0,0,1,16.5,4,0
0,0,0,0,13.636363636363637,17,1
0,0,0,0,13.8,10,0
0,0,0,0,9.727272727272727,8,0
0,0,0,0,6.0,8,0
0,0,0,0,17.5,2,0
0,0,0,0,23.0,1,0
0,0,0,0,16.0,1,0
0,0,0,0,13.0,1,0
0,0,0,0,17.0,1,0
0,0,0,0,18.0,1,0
0,0,0,0,13.0,1,0
0,0,0,1,17.0,1,0
0,0,0,0,15.5,2,0
0,0,0,0,15.0,1,0
0,0,0,0,17.333333333333332,2,0
0,0,0,0,9.0,1,0
0,0,0,0,20.0,1,0
0,0,0,0,23.0,1,0
0,0,0,0,2.0,1,0
0,0,0,0,8.0,1,0
0,0,0,0,7.0,2,0
0,0,0,0,12.0,1,0
0,0,0,0,10.0,1,0
0,0,0,0,18.0,1,0
0,0,0,0,12.0,1,0
0,0,0,1,14.5,2,0
0,0,0,0,10.0,1,0
0,0,0,0,7.0,1,0
0,0,0,0,14.6,4,0
0,0,0,0,20.0,1,0
0,0,0,0,8.0,1,0
0,0,0,0,8.0,1,0
0,0,0,0,10.0,1,0
0,0,0,0,16.333333333333332,3,0
0,0,0,0,17.5,2,0
0,0,0,0,14.5,3,0
0,0,0,0,18.5,2,0
0,0,0,0,7.0,1,0
0,0,0,0,23.0,1,0
0,0,0,0,8.0,1,0
0,0,0,0,8.0,1,0
0,0,0,0,15.0,1,0
0,0,0,0,11.0,1,0
0,0,0,0,11.0,1,0
0,0,0,0,16.0,1,0
0,0,0,0,21.0,1,0
0,0,0,0,20.0,2,0
0,0,0,0,22.0,1,0
0,0,0,0,10.5,2,0
0,0,0,0,13.0,1,0
0,0,0,0,22.0,1,0
0,0,0,0,18.0,1,0
0,0,0,0,14.0,2,0
0,0,0,0,17.0,1,0
0,0,0,0,9.0,2,0
0,0,0,0,0.0,1,0
0,0,0,0,9.0,1,0
0,0,0,0,12.0,1,0
0,0,0,0,12.0,1,0
0,0,0,0,0.0,1,0
0,0,0,0,20.0,1,0
0,0,0,0,22.0,1,0
0,0,0,0,0.0,1,0
0,0,0,0,20.0,1,0
0,0,0,0,13.0,1,0
0,0,0,0,16.0,1,0
0,0,0,0,19.0,1,0
0,0,0,0,8.0,1,0
0,0,0,0,7.0,1,0
0,0,0,0,17.0,1,0
0,0,0,0,17.0,1,0
0,0,0,0,8.0,1,0
0,0,0,0,19.0,1,0
0,0,0,0,2.0,1,0
0,0,0,0,13.0,1,0
0,0,0,0,23.0,1,0
0,0,0,0,23.0,1,0
0,0,0,0,12.0,1,0
0,0,0,0,21.0,1,0
0,0,0,0,11.0,1,0
0,0,0,0,10.0,2,0
0,0,0,0,21.0,1,0
0,0,0,0,7.0,1,0
0,0,0,0,11.0,1,0
0,0,0,0,21.0,1,0
0,0,0,0,21.0,1,0
0,0,0,0,23.0,1,0
0,0,0,0,16.0,1,0
0,0,0,0,14.0,1,0
0,0,0,0,2.0,1,0
0,0,0,0,5.0,1,0
0,0,0,0,11.0,1,0
0,0,0,0,16.0,1,0
0,0,0,0,16.0,1,0
0,0,0,0,10.0,1,0
0,0,0,0,16.0,1,0
0,0,0,0,18.0,1,0
0,0,0,0,11.0,1,0
0,0,0,0,18.0,1,0
0,0,0,0,16.0,1,0
0,0,0,0,9.0,1,0
0,0,0,0,15.0,1,0
0,0,0,0,22.0,1,0
0,0,0,0,12.0,1,0
0,0,0,0,12.0,1,0
0,0,0,0,18.0,1,0
0,0,0,0,9.0,1,0
0,0,0,0,22.0,1,0
0,0,0,0,17.0,1,0
0,0,0,0,19.0,1,0
0,0,0,0,22.0,1,0
0,0,0,0,0.0,1,0
0,0,0,0,0.0,1,0
0,0,0,0,18.0,2,0
0,0,0,0,10.0,1,0
0,0,0,0,22.0,1,0
0,0,0,0,19.0,1,0
0,0,0,0,8.0,1,0
0,0,0,0,17.0,1,0
0,0,0,0,15.0,1,0
0,0,0,0,11.0,1,0
0,0,0,0,19.0,2,0
0,0,0,0,14.0,1,0
0,0,0,0,19.0,1,0
0,0,0,0,22.0,1,0
0,0,0,0,14.0,2,0
0,0,0,0,0.0,1,0
0,0,0,0,21.0,1,0
0,0,0,0,8.0,1,0
0,0,0,0,2.0,2,0
0,0,0,0,18.5,2,0
0,0,0,0,17.0,1,0
0,0,0,0,8.0,1,0
0,0,0,0,7.0,1,0
0,0,0,0,5.0,1,0
0,0,0,0,16.0,1,0
0,0,0,0,14.0,2,0
0,0,0,0,10.0,2,0
0,0,0,0,22.0,1,0
0,0,0,0,10.0,1,0
0,0,0,0,8.0,1,0
0,0,0,0,11.0,1,0
0,0,0,0,0.0,1,0
0,0,0,0,8.0,1,0
0,0,0,0,11.0,1,0
0,0,0,0,19.0,1,0
0,0,0,0,14.0,1,0
0,0,0,0,13.0,2,0
0,0,0,0,10.0,1,0
0,0,0,0,21.0,1,0
0,0,0,0,12.0,1,0
0,0,0,0,6.666666666666667,3,0
0,0,0,0,14.5,9,0
0,0,0,0,13.692307692307692,12,1
0,0,0,0,16.357142857142858,11,1
0,0,0,0,13.714285714285714,11,1
0,0,0,0,8.75,13,1
0,0,0,0,13.88888888888889,9,0
0,0,0,0,10.333333333333334,9,1
0,0,0,0,12.375,12,1
0,0,0,0,9.5625,15,1
0,0,0,0,12.277777777777779,17,1
0,0,0,0,13.5,2,0
0,0,0,0,11.7,8,0
0,0,0,0,15.25,4,0
0,0,0,0,12.636363636363637,9,0
0,0,0,0,9.222222222222221,6,0
0,0,0,0,23.0,1,0
0,0,0,0,10.666666666666666,3,0
0,0,0,0,19.0,1,0
0,0,0,0,21.0,1,0
0,0,0,0,12.0,1,0
0,0,0,0,12.5,2,0
0,0,0,0,23.0,1,0
0,0,0,0,1.0,2,0
0,0,0,0,2.0,2,0
0,0,0,0,12.0,1,0
0,0,0,0,13.0,1,0
0,0,0,0,8.0,1,0
0,0,0,0,19.0,1,0
0,0,0,0,13.0,2,0
0,0,0,0,12.666666666666666,3,0
0,0,0,0,10.0,1,0
0,0,0,0,17.0,1,0
0,0,0,0,14.5,2,0
0,0,0,0,22.0,1,0
0,0,0,0,19.0,1,0
0,0,0,0,20.0,1,0
0,0,0,0,21.0,1,0
0,0,0,0,16.333333333333332,3,0
0,0,0,0,12.8,2,0
0,0,0,0,17.0,1,0
0,0,0,0,9.0,1,0
0,0,0,0,15.0,3,0
0,0,0,0,4.0,1,0
0,0,0,0,9.0,1,0
0,0,0,0,21.0,1,0
0,0,0,0,13.5,2,0
0,0,0,0,7.0,4,0
0,0,0,1,12.166666666666666,6,0
0,0,0,0,20.857142857142858,4,0
0,0,0,0,11.5,2,0
0,0,0,0,16.4,4,0
0,0,0,0,20.5,2,0
0,0,0,0,9.0,1,0
0,0,0,0,11.0,1,0
0,0,0,0,12.0,1,0
0,0,0,0,22.666666666666668,3,0
0,0,0,0,8.0,1,0
0,0,0,0,16.0,2,0
0,0,0,0,15.0,2,0
0,0,0,0,13.0,1,0
0,0,0,0,22.0,1,0
0,0,0,0,13.0,1,0
0,0,0,0,6.75,3,0
0,0,0,0,18.0,3,0
0,0,0,0,8.0,1,0
0,0,0,0,2.0,1,0
0,0,0,0,17.0,2,0
0,0,0,0,8.0,1,0
0,0,0,0,13.0,1,0
0,0,0,0,9.0,1,0
0,0,0,0,11.0,1,0
0,0,0,0,20.0,2,0
0,0,0,0,6.0,1,0
0,0,0,0,8.0,1,0
0,0,0,0,17.0,2,0
0,0,0,0,8.0,1,0
0,0,0,0,16.0,2,0
0,0,0,0,9.0,1,0
0,0,0,0,9.0,2,0
0,0,0,0,14.0,1,0
0,0,0,0,23.0,1,0
0,0,0,0,9.0,1,0
0,0,0,0,4.0,2,0
0,0,0,0,16.0,1,0
0,0,0,2,10.0,1,0
0,0,0,0,15.0,1,0
0,0,0,0,23.0,1,0
0,0,0,0,16.0,1,0
0,0,0,0,10.666666666666666,3,0
0,0,0,0,18.5,3,0
0,0,0,0,13.75,13,1
0,0,0,1,12.5,27,1
0,0,1,0,12.9,33,1
0,0,0,0,14.020833333333334,44,1
0,0,0,0,12.152173913043478,40,1
0,0,0,0,14.272727272727273,49,1
0,0,0,1,14.75,28,1
0,0,0,0,10.428571428571429,30,1
0,0,0,0,11.78,48,1
0,0,0,0,11.787878787878787,30,1
0,0,0,0,10.972222222222221,34,1
0,0,0,0,12.568181818181818,38,1
0,0,0,1,12.23076923076923,35,1
0,0,0,0,12.0,34,1
0,0,0,0,12.35064935064935,69,1
0,0,0,0,12.93939393939394,57,1
0,0,0,0,11.954545454545455,37,1
0,0,0,0,12.333333333333334,17,1
0,0,0,0,10.166666666666666,6,0
0,0,0,0,9.0,8,1
0,0,0,0,1.0,1,0
0,0,0,0,11.0,1,0
0,0,0,0,10.0,1,0
0,0,0,0,22.0,1,0
0,0,0,0,16.0,1,0
0,0,0,0,14.6,3,0
0,0,0,0,14.5,2,0
0,0,0,0,13.0,1,0
0,0,0,0,20.0,1,0
0,0,0,0,13.75,2,0
0,0,0,0,14.0,2,0
0,0,0,0,2.0,1,0
0,0,0,0,9.6,4,0
0,0,0,0,9.0,1,0
0,0,0,0,16.0,1,0
0,0,0,0,13.0,1,0
0,0,0,0,13.0,1,0
0,0,0,0,1.0,1,0
0,0,0,0,9.0,1,0
0,0,0,0,13.0,1,0
0,0,0,0,19.0,1,0
0,0,0,0,15.0,1,0
0,0,0,0,10.0,1,0
0,0,0,0,5.5,2,0
0,0,0,0,12.5,2,0
0,0,0,0,20.0,1,0
0,0,0,0,5.0,1,0
0,0,0,0,18.0,1,0
0,0,0,0,4.0,1,0
0,0,0,0,16.0,1,0
0,0,0,0,23.0,1,0
0,0,0,0,17.0,1,0
0,0,0,0,0.0,1,0
0,0,0,0,23.0,1,0
0,0,0,0,7.0,1,0
0,0,0,0,20.0,1,0
0,0,0,0,6.0,2,0
0,0,0,0,17.0,1,0
0,0,0,0,8.0,1,0
0,0,0,0,22.0,1,0
0,0,0,0,20.0,1,0
0,0,0,0,0.0,1,0
0,0,0,0,10.0,1,0
0,0,0,0,3.0,1,0
0,0,0,0,16.666666666666668,3,0
0,0,0,0,14.25,4,0
0,0,0,0,13.2,5,0
0,0,0,0,8.0,1,0
0,0,0,0,22.0,1,0
0,0,0,0,23.0,1,0
0,0,0,0,2.0,1,0
0,0,0,0,11.666666666666666,3,0
0,0,0,0,23.0,1,0
0,0,0,0,15.0,1,0
0,0,0,0,19.0,1,0
0,0,0,0,22.0,1,0
0,0,0,0,13.0,4,0
0,0,0,0,17.0,4,0
0,0,0,0,13.0,2,0
0,0,0,0,14.5,4,0
0,0,0,0,12.5,2,0
0,0,0,0,13.5,2,0
0,0,0,0,22.0,1,0
0,0,0,0,9.0,2,0
0,0,0,0,11.0,1,0
0,0,0,0,23.0,1,0
0,0,0,0,22.0,1,0
0,0,0,0,9.0,1,0
0,0,0,0,11.0,1,0
0,0,0,0,8.0,1,0
0,0,0,0,18.0,1,0
0,0,0,0,23.0,1,0
0,0,0,0,11.0,1,0
0,0,0,0,11.0,6,0
0,0,0,0,11.5,3,0
0,0,0,0,15.0,2,0
0,0,0,0,13.666666666666666,3,0
0,0,0,0,13.333333333333334,3,0
0,0,0,0,16.0,2,0
0,0,0,0,22.0,1,0
0,0,0,0,20.0,1,0
0,0,0,0,1.0,1,0
0,0,0,0,10.0,1,0
0,0,0,0,19.0,1,0
0,0,0,0,20.0,1,0
0,0,0,0,9.0,1,0
0,0,0,0,9.0,1,0
0,0,0,0,22.0,1,0
0,0,0,0,13.0,1,0
0,0,0,0,22.0,1,0
0,0,0,0,22.0,1,0
0,0,0,0,15.0,1,0
0,0,0,0,8.0,1,0
0,0,0,0,22.0,1,0
0,0,0,0,15.75,5,0
0,0,0,0,13.25,4,0
0,0,0,0,9.333333333333334,6,0
0,0,0,0,12.11111111111111,8,0
0,0,0,0,12.0,5,0
0,0,0,0,3.8,2,0
0,0,0,0,12.0,1,0
0,0,0,0,10.0,3,0
0,0,0,0,1.0,1,0
0,0,0,0,18.666666666666668,3,0
0,0,0,0,4.0,2,0
0,0,0,2,19.0,5,0
0,0,0,4,7.545454545454546,8,0
0,0,0,0,11.0,4,0
0,0,0,0,7.5,4,0
0,0,0,0,16.0,1,0
0,0,0,0,10.5,2,0
0,0,0,0,20.0,1,0
0,0,0,0,0.0,1,0
0,0,0,0,1.0,1,0
0,0,0,0,11.0,1,0
0,0,0,0,20.0,1,0
0,0,0,0,16.0,1,0
0,0,0,0,8.666666666666666,2,0
0,0,0,0,15.666666666666666,3,0
0,0,0,0,18.333333333333332,3,0
0,0,0,0,18.25,3,0
0,0,0,0,17.0,1,0
0,0,0,0,16.8,4,0
0,0,0,0,18.857142857142858,4,0
0,0,0,0,13.0,4,0
0,0,0,0,10.0,1,0
0,0,0,0,17.8,4,0
0,0,0,0,10.75,4,0
0,0,0,0,12.555555555555555,8,0
0,0,0,0,9.75,3,0
0,0,0,0,11.5,6,0
0,0,0,0,8.0,1,0
0,0,0,0,15.0,1,0
0,0,0,0,2.0,1,0
0,0,0,0,22.0,1,0
0,0,0,0,9.0,1,0
0,0,0,0,0.0,1,0
0,0,0,0,9.0,1,0
0,0,0,0,10.0,1,0
0,0,0,0,22.0,1,0
0,0,0,0,7.0,1,0
0,0,0,0,17.0,1,0
0,0,0,0,2.0,1,0
0,0,0,0,7.0,1,0
0,0,0,0,15.333333333333334,2,0
0,0,0,0,12.0,1,0
0,0,0,0,20.0,1,0
0,0,0,0,21.0,1,0
0,0,0,0,16.0,1,0
0,0,0,0,14.0,2,0
0,0,0,0,16.0,1,0
0,0,0,0,7.0,1,0
0,0,0,0,20.0,1,0
0,0,0,0,13.0,1,0
0,0,0,0,7.5,2,0
0,0,0,0,1.0,2,0
0,0,0,0,23.0,1,0
0,0,0,0,14.0,2,0
0,0,0,0,6.0,1,0
0,0,0,0,21.0,1,0
0,0,0,0,21.0,1,0
0,0,0,0,16.0,1,0
0,0,0,0,13.0,1,0
0,0,0,0,10.0,1,0
0,0,0,0,9.0,1,0
0,0,0,0,17.0,1,0
0,0,0,0,15.0,1,0
0,0,0,0,3.75,3,0
0,0,0,0,5.0,4,0
0,0,0,0,14.692307692307692,10,1
0,0,0,0,12.095238095238095,15,1
0,0,0,0,9.083333333333334,19,1
0,0,0,0,11.885714285714286,25,1
0,0,0,0,13.090909090909092,26,1
0,0,0,0,14.923076923076923,20,1
0,0,0,0,15.352941176470589,14,1
0,0,0,0,11.68421052631579,18,1
0,0,0,0,12.904761904761905,16,1
0,0,0,0,10.846153846153847,20,1
0,0,0,1,12.142857142857142,19,1
0,0,0,0,15.35483870967742,22,1
0,0,0,1,11.048780487804878,34,1
0,0,0,0,12.5,29,1
0,0,0,2,9.121212121212121,23,1
0,0,0,0,9.380952380952381,16,1
0,0,0,0,12.88888888888889,14,1
0,0,0,1,10.133333333333333,12,1
0,0,0,0,9.866666666666667,11,1
0,0,0,0,14.0,1,0
0,0,0,0,18.0,1,0
0,0,0,0,15.0,1,0
0,0,0,0,9.0,1,0
0,0,0,0,8.0,1,0
0,0,0,0,8.0,1,0
0,0,0,0,18.0,1,0
0,0,0,0,21.0,1,0
0,0,0,0,20.0,1,0
0,0,0,0,10.0,1,0
0,0,0,0,15.0,1,0
0,0,0,0,13.0,1,0
0,0,0,0,8.0,1,0
0,0,0,0,0.0,1,0
0,0,0,0,16.333333333333332,3,0
0,0,0,0,10.0,1,0
0,0,0,0,23.0,1,0
0,0,0,0,14.0,1,0
0,0,0,0,9.0,1,0
0,0,0,0,15.0,1,0
0,0,0,0,9.0,1,0
0,0,0,1,5.0,1,0
0,0,0,0,20.0,1,0
0,0,0,0,14.666666666666666,3,0
0,0,0,0,17.3,9,0
0,0,0,0,12.055555555555555,14,1
0,0,0,0,13.214285714285714,10,1
0,0,0,0,13.285714285714286,16,1
0,0,0,0,13.956521739130435,17,1
0,0,0,0,10.357142857142858,12,1
0,0,0,0,14.777777777777779,8,0
0,0,0,0,11.894736842105264,15,1
0,0,0,0,8.0,6,0
0,1,0,1,9.071428571428571,11,1
0,0,0,0,14.0,3,0
0,0,0,0,1.5,2,0
0,0,0,0,7.0,1,0
0,0,0,0,13.25,17,1
0,0,0,0,12.555555555555555,23,1
0,0,0,0,12.9375,15,1
0,0,0,0,15.857142857142858,6,0
0,0,0,0,8.0,1,0
0,0,0,0,7.0,3,0
0,0,0,0,0.0,1,0
0,0,0,0,14.0,1,0
0,0,0,0,22.0,1,0
0,0,0,0,4.0,1,0
0,0,0,0,18.4,3,0
0,0,0,1,5.333333333333333,3,0
0,0,0,0,20.0,1,0
0,0,0,0,12.5,2,0
0,0,0,0,17.0,4,0
0,0,0,0,20.333333333333332,2,0
0,0,0,0,4.5,2,0
0,0,0,0,16.0,1,0
0,0,0,1,15.75,4,0
0,0,0,0,16.0,1,0
0,0,0,0,15.0,1,0
0,0,0,0,0.0,1,0
0,0,0,0,12.0,1,0
0,0,0,0,9.0,1,0
0,0,0,0,15.0,2,0
0,0,0,0,11.0,1,0
0,0,0,0,10.0,1,0
0,0,0,0,0.0,1,0
0,0,0,0,11.0,1,0
0,0,0,0,12.0,1,0
0,0,0,0,14.0,2,0
0,0,0,0,12.0,1,0
0,0,0,0,14.0,4,0
0,0,0,0,15.0,4,0
0,0,0,0,1.0,1,0
0,0,0,1,16.8,5,0
0,0,0,0,15.333333333333334,5,0
0,0,0,0,8.8,8,0
0,0,0,0,16.333333333333332,2,0
0,0,0,0,11.0,2,0
0,0,0,0,4.2,3,0
0,0,0,0,15.285714285714286,5,0
0,0,0,0,16.0,7,0
0,0,0,0,16.333333333333332,3,0
0,0,0,0,11.666666666666666,3,0
0,0,0,0,11.8,5,0
0,0,0,0,11.5,2,0
0,0,0,0,16.0,1,0
0,0,0,0,19.0,1,0
0,0,0,0,6.0,1,0
0,0,0,0,5.0,3,0
0,0,0,0,14.25,4,0
0,0,0,0,14.0,2,0
0,0,0,0,16.666666666666668,3,0
0,0,0,0,1.0,1,0
0,0,0,0,11.0,2,0
0,0,0,0,14.0,2,0
0,0,0,0,23.0,1,0
0,0,0,0,15.5,3,0
0,0,0,0,3.0,1,0
0,0,0,1,18.0,1,0
0,0,0,0,10.333333333333334,3,0
0,0,0,0,17.0,1,0
0,0,0,0,16.333333333333332,2,0
0,0,0,0,13.0,1,0
0,0,0,0,1.0,1,0
0,0,0,0,4.5,2,0
0,0,0,0,5.888888888888889,6,0
0,0,0,0,13.0,6,0
0,0,0,0,17.0,2,0
0,0,0,0,23.0,1,0
0,0,0,0,10.5,2,0
0,0,0,0,18.0,1,0
0,0,0,0,13.0,1,0
0,0,0,0,23.0,1,0
0,0,0,0,8.0,1,0
0,0,0,0,1.0,1,0
0,0,0,0,16.0,1,0
0,0,0,0,9.0,1,0
0,0,0,0,3.0,1,0
0,0,0,0,11.0,1,0
0,0,0,0,16.0,1,0
0,0,0,0,8.0,1,0
0,0,0,0,10.0,1,0
0,0,0,0,9.222222222222221,5,0
0,0,0,0,14.333333333333334,4,0
0,0,0,0,22.0,1,0
0,0,0,0,9.333333333333334,3,0
0,0,0,0,13.0,2,0
0,0,0,0,22.0,1,0
0,0,0,0,10.0,1,0
0,0,0,0,21.0,1,0
0,0,0,0,12.0,1,0
0,0,0,0,10.0,1,0
0,0,0,0,8.0,1,0
0,0,0,0,15.0,1,0
0,0,0,0,0.0,1,0
0,0,0,0,1.0,1,0
0,0,0,0,10.0,1,0
0,0,0,0,11.0,1,0
0,0,0,0,14.0,1,0
0,0,0,0,20.0,1,0
0,0,0,0,23.0,1,0
0,0,0,0,9.0,1,0
0,0,0,0,14.0,1,0
0,0,0,0,8.0,1,0
0,0,0,0,10.0,1,0
0,0,0,0,12.0,2,0
0,0,0,0,8.0,1,0
0,0,0,0,10.0,1,0
0,0,0,0,1.0,1,0
0,0,0,0,20.0,1,0
0,0,0,0,22.0,1,0
0,0,0,0,13.0,1,0
0,0,0,0,14.0,1,0
0,0,0,0,3.0,1,0
0,0,0,0,8.0,1,0
0,0,0,0,15.0,1,0
0,0,0,0,21.0,1,0
0,0,0,0,2.0,1,0
0,0,0,0,0.0,1,0
0,0,0,0,10.0,1,0
0,0,0,0,22.0,1,0
0,0,0,0,9.0,1,0
0,0,0,0,2.0,1,0
0,0,0,0,16.0,1,0
0,0,0,0,7.0,1,0
0,0,0,0,8.0,1,0
0,0,0,0,19.0,1,0
0,0,0,0,18.0,1,0
0,0,0,0,10.0,1,0
0,0,0,0,10.0,1,0
0,0,0,0,21.0,1,0
0,0,0,0,17.666666666666668,2,0
0,0,0,0,22.0,1,0
0,0,0,0,21.0,1,0
0,0,0,0,2.0,1,0
0,0,0,0,11.5,2,0
0,0,0,0,0.0,2,0
0,0,0,0,19.0,1,0
0,0,0,0,18.0,4,0
0,0,0,0,16.0,2,0
0,0,0,0,19.0,1,0
0,0,0,0,22.0,2,0
0,0,0,1,13.727272727272727,7,0
0,0,0,0,0.0,1,0
0,0,0,0,14.0,1,0
0,0,0,0,1.0,1,0
0,0,0,0,8.0,1,0
0,0,0,0,10.0,1,0
0,0,0,0,8.0,1,0
0,0,0,0,4.0,1,0
0,0,0,0,16.5,2,0
0,0,0,0,2.0,1,0
0,0,0,0,22.0,1,0
0,0,0,0,17.5,2,0
0,0,0,0,12.0,1,0
0,0,0,0,8.6,2,0
0,0,0,0,9.0,4,0
0,0,0,0,12.0,1,0
0,0,0,0,18.0,1,0
0,0,0,0,16.875,3,0
0,0,0,0,8.5,2,0
0,0,0,0,9.0,1,0
0,0,0,0,12.0,2,0
0,0,0,0,9.0,1,0
0,0,0,0,18.0,1,0
0,0,0,0,22.0,1,0
0,0,0,0,3.0,1,0
0,0,0,0,15.0,1,0
0,0,0,0,17.0,1,0
0,0,0,0,16.0,1,0
0,0,0,0,16.0,1,0
0,0,0,0,16.0,1,0
0,0,0,0,14.0,1,0
0,0,0,0,12.0,1,0
0,0,0,0,20.0,1,0
0,0,0,0,8.0,3,0
0,0,0,0,13.0,2,0
0,0,0,0,12.0,4,0
0,0,0,0,20.0,3,0
0,0,0,0,21.0,1,0
0,0,0,0,19.0,2,0
0,0,0,0,15.25,4,0
0,0,0,0,18.0,2,0
0,0,0,0,13.0,1,0
0,0,0,0,7.5,3,0
0,0,0,0,7.833333333333333,3,0
0,0,0,0,17.0,1,0
0,0,0,0,14.666666666666666,2,0
0,0,0,0,4.166666666666667,4,0
0,0,0,0,20.0,1,0
0,0,0,0,11.0,1,0
0,0,0,0,10.5,2,0
0,0,0,0,16.0,1,0
0,0,0,0,23.0,1,0
0,0,0,0,18.666666666666668,2,0
0,0,0,0,14.0,2,0
0,0,0,0,20.0,1,0
0,0,0,0,19.5,2,0
0,0,0,0,11.75,4,0
0,0,0,0,20.0,2,0
0,0,0,0,15.909090909090908,9,0
0,0,0,0,17.25,7,0
0,0,0,0,21.333333333333332,3,0
0,0,0,0,20.0,2,0
0,0,0,0,8.333333333333334,2,0
0,0,0,0,22.0,1,0
0,0,0,0,19.0,3,0
0,0,0,0,18.0,1,0
0,0,0,0,12.0,1,0
0,0,0,0,6.0,1,0
0,0,0,0,8.0,1,0
0,0,0,0,4.5,2,0
0,0,0,0,1.0,1,0
0,0,0,0,22.0,1,0
0,0,0,0,13.0,1,0
0,0,0,0,1.0,1,0
0,0,0,0,21.0,1,0
0,0,0,0,17.0,5,0
0,0,0,0,8.75,4,0
0,0,0,0,11.2,5,0
0,0,0,0,9.0,7,0
0,0,0,0,9.5,9,0
0,0,0,0,10.0,8,0
0,0,0,0,12.75,3,0
0,0,0,0,15.95,14,1
0,0,0,1,9.8,4,0
0,0,0,0,12.0,10,1
0,0,0,0,9.222222222222221,7,0
0,0,0,0,7.75,4,0
0,0,0,0,11.833333333333334,6,0
0,0,0,0,11.0,2,0
0,0,0,0,12.5,2,0
0,0,0,0,11.0,3,0
0,0,0,0,6.0,3,0
0,0,0,0,15.0,2,0
0,0,0,1,9.0,1,0
0,0,0,0,22.0,1,0
0,0,0,0,19.0,1,0
0,0,0,0,22.0,1,0
0,0,0,0,21.0,1,0
0,0,0,0,22.0,1,0
0,0,0,0,20.0,1,0
0,0,0,0,5.0,1,0
0,0,0,0,23.0,1,0
0,0,0,0,8.0,1,0
0,0,0,0,15.0,3,0
0,0,0,0,4.0,2,0
0,0,0,0,10.0,1,0
0,0,0,0,17.5,2,0
0,0,0,0,23.0,1,0
0,0,0,0,2.0,1,0
0,0,0,0,15.0,1,0
0,0,0,0,20.0,1,0
0,0,0,0,1.0,1,0
0,0,0,0,23.0,1,0
0,0,0,0,8.8,5,0
0,0,0,2,9.631578947368421,9,1
0,0,0,0,12.0625,14,1
0,0,0,0,14.846153846153847,12,1
0,0,0,0,21.0,1,0
0,0,0,0,21.0,1,0
0,0,0,0,19.0,1,0
0,0,0,0,21.0,1,0
0,0,0,0,23.0,1,0
0,0,0,0,7.0,1,0
0,0,0,0,8.0,1,0
0,0,0,0,17.0,1,0
0,0,0,0,0.0,1,0
0,0,0,0,17.0,1,0
0,0,0,0,18.0,2,0
0,0,0,0,21.5,2,0
0,0,0,0,21.0,4,0
0,0,0,0,17.0,1,0
0,0,0,0,11.5,2,0
0,0,0,0,15.0,3,0
0,0,0,0,1.0,1,0
0,0,0,0,21.0,1,0
0,0,0,0,1.0,1,0
0,0,0,0,1.0,1,0
0,0,0,0,14.0,1,0
0,0,0,0,17.2,3,0
0,0,0,0,13.333333333333334,3,0
0,0,0,0,9.0,2,0
0,0,0,0,16.0,1,0
0,0,0,0,9.0,1,0
0,0,0,0,14.0,1,0
0,0,0,0,17.0,1,0
0,0,0,0,6.0,1,0
0,0,0,0,21.0,1,0
0,0,0,0,8.8,3,0
0,0,0,0,11.333333333333334,3,0
0,0,0,0,7.666666666666667,2,0
0,0,0,0,17.5,2,0
0,0,0,0,9.0,1,0
0,0,0,0,9.6,4,0
0,0,0,0,20.5,2,0
0,0,0,0,19.166666666666668,5,0
0,0,0,0,12.666666666666666,4,0
0,0,0,0,11.4,3,0
0,0,0,0,23.0,1,0
0,0,0,0,1.0,1,0
0,0,0,0,19.0,1,0
0,0,0,0,18.0,1,0
0,0,0,0,23.0,1,0
0,0,0,0,20.0,1,0
0,0,0,0,22.0,1,0
0,0,0,0,18.0,1,0
0,0,0,0,7.0,1,0
0,0,0,0,1.0,1,0
0,0,0,1,19.0,1,0
0,0,0,0,17.0,1,0
0,0,0,0,17.0,1,0
0,0,0,1,18.0,1,0
0,0,0,0,19.0,1,0
0,0,0,0,14.857142857142858,2,0
0,0,0,0,12.0,1,0
0,0,0,0,11.0,1,0
0,0,0,0,9.0,1,0
0,0,0,0,11.0,1,0
0,0,0,0,11.0,1,0
0,0,0,0,11.0,1,0
0,0,0,0,20.0,1,0
0,0,0,0,10.0,1,0
0,0,0,0,8.0,1,0
0,0,0,0,20.0,1,0
0,0,0,0,7.0,1,0
0,0,0,0,10.0,1,0
0,0,0,0,23.0,1,0
0,0,0,0,17.0,1,0
0,0,0,0,7.0,1,0
0,0,0,0,18.0,1,0
0,0,0,0,8.0,1,0
0,0,0,0,19.0,1,0
0,0,0,0,21.0,1,0
0,0,0,0,22.0,1,0
0,0,0,0,23.0,1,0
0,0,0,0,21.0,1,0
0,0,0,0,9.0,1,0
0,0,0,0,8.0,1,0
0,0,0,0,17.0,1,0
0,0,0,0,2.0,1,0
0,0,0,0,0.0,1,0
0,0,0,0,0.0,1,0
0,0,0,0,13.0,1,0
0,0,0,0,13.863636363636363,16,1
0,0,0,0,14.868421052631579,20,1
0,0,0,0,12.444444444444445,7,0
0,0,0,0,8.0,1,0
0,0,0,0,13.789473684210526,13,1
0,0,0,3,15.636363636363637,7,0
0,0,0,0,13.3125,13,1
0,0,0,1,12.11111111111111,7,0
0,0,0,0,12.444444444444445,7,0
0,0,0,0,19.333333333333332,4,0
0,0,0,1,12.857142857142858,6,0
0,0,0,0,16.333333333333332,5,0
0,0,0,0,19.0,1,0
0,0,0,0,16.0,1,0
0,0,0,0,4.0,1,0
0,0,0,0,22.0,1,0
0,0,0,0,22.0,1,0
0,0,0,0,9.0,1,0
0,0,0,0,18.0,1,0
0,0,0,0,9.0,1,0
0,0,0,0,10.0,1,0
0,0,0,0,13.0,1,0
0,0,0,0,16.0,1,0
0,0,0,0,15.0,1,0
0,0,0,0,0.0,1,0
0,0,0,2,13.954545454545455,17,1
0,0,0,0,14.11111111111111,21,1
0,0,0,0,7.6923076923076925,9,1
0,0,0,0,11.714285714285714,17,1
0,0,0,1,11.76923076923077,11,1
0,0,0,0,10.076923076923077,13,1
0,0,0,0,12.222222222222221,8,0
0,0,0,0,15.76923076923077,9,1
0,0,0,0,10.2,5,0
0,0,0,0,7.0,1,0
0,0,0,0,8.5,2,0
0,0,0,0,9.166666666666666,14,1
0,0,0,0,12.083333333333334,9,1
0,0,0,0,13.625,7,0
0,0,0,0,13.1,7,0
0,0,0,0,15.75,4,0
0,0,0,1,12.0,3,0
0,0,0,0,13.0,1,0
0,0,0,0,5.0,1,0
0,0,0,0,11.871794871794872,30,1
0,0,0,2,12.181818181818182,13,1
0,0,0,0,16.82608695652174,16,1
0,0,0,0,20.0,1,0
0,0,0,0,3.0,1,0
0,0,0,0,14.0,1,0
0,0,0,0,15.0,1,0
0,0,0,0,22.0,1,0
0,0,0,0,16.0,2,0
0,0,0,0,13.666666666666666,4,0
0,0,0,0,13.666666666666666,9,1
0,0,0,0,12.416666666666666,12,1
0,0,0,0,14.478260869565217,16,1
0,0,0,0,19.5,3,0
0,0,0,0,12.454545454545455,9,0
0,0,0,0,21.0,1,0
0,0,0,0,14.5,4,0
0,0,0,0,12.0,3,0
0,0,0,0,13.5,4,0
0,0,0,0,13.6,4,0
0,0,0,0,10.0,2,0
0,0,0,0,13.0,1,0
0,0,0,0,10.0,2,0
0,0,0,0,3.0,1,0
0,0,0,0,19.0,1,0
0,0,0,0,7.0,1,0
0,0,0,0,17.0,1,0
0,0,0,0,7.0,1,0
0,0,0,0,12.0,1,0
0,0,0,0,21.0,1,0
0,0,0,0,14.0,1,0
0,0,0,0,12.0,4,0
0,0,0,0,12.666666666666666,3,0
0,0,0,0,16.0,1,0
0,0,0,0,23.0,1,0
0,0,0,0,16.0,1,0
0,0,0,0,0.0,1,0
0,0,0,0,19.0,1,0
0,0,0,0,11.0,1,0
0,0,0,0,23.0,1,0
0,0,0,0,2.0,1,0
0,0,0,0,23.0,1,0
0,0,0,0,7.0,1,0
0,0,0,0,12.0,1,0
0,0,0,0,1.0,1,0
0,0,0,0,1.6666666666666667,2,0
0,0,0,0,8.0,1,0
0,0,0,0,22.0,1,0
0,0,0,0,12.0,1,0
0,0,0,0,18.0,1,0
0,0,0,0,20.0,1,0
0,0,0,0,10.0,1,0
0,0,0,0,14.125,7,0
0,0,0,0,12.166666666666666,5,0
0,0,0,0,17.0,1,0
0,0,0,0,15.0,1,0
0,0,0,0,14.0,2,0
0,0,0,0,14.0,1,0
0,0,0,0,10.0,8,0
0,0,0,0,12.0,4,0
0,0,0,0,9.0,3,0
0,0,0,0,12.5,3,0
0,0,0,0,18.0,1,0
0,0,0,0,15.75,7,0
0,0,0,0,6.5,2,0
0,0,0,0,9.0,1,0
0,0,0,2,19.0,1,0
0,0,0,0,7.0,1,0
0,0,0,0,7.0,1,0
0,0,0,0,18.0,1,0
0,0,0,0,8.0,1,0
0,0,0,0,8.0,1,0
0,0,0,0,22.0,1,0
0,0,0,0,19.0,1,0
0,0,0,0,2.0,1,0
0,0,0,0,23.0,1,0
0,0,0,0,10.5,2,0
0,0,0,0,11.5,2,0
0,0,0,0,10.0,1,0
0,0,0,0,15.375,5,0
0,0,0,0,20.0,1,0
0,0,0,0,14.333333333333334,3,0
0,0,0,0,16.714285714285715,6,0
0,0,0,0,15.0,2,0
0,0,0,0,18.666666666666668,2,0
0,0,0,0,16.363636363636363,9,0
0,0,0,0,17.5,2,0
0,0,0,0,16.666666666666668,3,0
0,0,0,0,15.0,4,0
0,0,0,0,15.333333333333334,3,0
0,0,0,0,10.0,2,0
0,0,0,0,12.0,1,0
0,0,0,0,18.0,2,0
0,0,0,0,9.0,1,0
0,0,0,0,7.0,1,0
0,0,0,0,7.0,1,0
0,0,0,0,12.5,2,0
0,0,0,0,22.0,1,0
0,0,0,0,19.0,1,0
0,0,0,0,7.0,1,0
0,0,0,0,20.0,1,0
0,0,0,0,15.0,1,0
0,0,0,0,22.0,1,0
0,0,0,0,12.0,1,0
0,0,0,0,15.0,1,0
0,0,0,0,9.0,1,0
0,0,0,0,12.333333333333334,3,0
0,0,0,0,21.0,1,0
0,0,0,0,4.0,2,0
0,2,0,0,12.833333333333334,5,0
0,0,0,0,8.0,1,0
0,0,0,0,1.0,1,0
0,0,0,0,8.0,1,0
0,0,0,0,16.0,1,0
0,0,0,0,15.0,1,0
0,0,0,0,17.0,2,0
0,0,0,0,10.0,1,0
0,0,0,2,18.0,1,0
0,0,0,0,15.0,1,0
0,0,0,0,2.0,1,0
0,0,0,0,8.0,1,0
0,0,0,0,8.0,1,0
0,0,0,0,9.0,1,0
0,0,0,0,1.0,1,0
0,0,0,0,11.0,1,0
0,0,0,0,17.0,1,0
0,0,0,0,5.0,1,0
0,0,0,0,10.0,1,0
0,0,0,0,1.0,1,0
0,0,0,1,10.0,1,0
0,0,0,0,15.0,1,0
0,0,0,0,23.0,1,0
0,0,0,0,17.0,1,0
0,0,0,0,21.0,1,0
0,0,0,0,9.0,1,0
0,0,0,0,8.0,1,0
0,0,0,0,22.0,1,0
0,0,0,0,13.8,5,0
0,0,0,0,17.0,1,0
0,0,0,0,11.0,1,0
0,0,0,0,9.666666666666666,2,0
0,0,0,0,15.0,1,0
0,0,0,0,19.0,1,0
0,0,0,0,21.0,1,0
0,0,0,0,8.0,1,0
0,0,0,0,18.0,1,0
0,0,0,0,19.0,1,0
0,0,0,0,17.0,1,0
0,0,0,0,22.0,1,0
0,0,0,0,17.0,3,0
0,0,0,0,22.0,1,0
0,0,0,0,20.0,1,0
0,0,0,0,7.0,1,0
0,0,0,0,12.0,1,0
0,0,0,0,14.333333333333334,2,0
0,0,0,0,3.0,1,0
0,0,0,0,15.5,2,0
0,0,0,0,12.6,4,0
0,0,0,0,14.0,1,0
0,0,0,0,11.0,1,0
0,0,0,4,12.615384615384615,10,1
0,0,0,0,16.333333333333332,3,0
0,0,0,0,12.625,7,0
0,0,0,1,13.083333333333334,11,1
0,0,0,0,8.090909090909092,9,0
0,0,0,0,14.666666666666666,3,0
0,0,0,0,15.571428571428571,5,0
0,0,0,0,4.5,2,0
0,0,0,0,13.0,2,0
0,0,0,0,8.0,1,0
0,0,0,0,10.0,1,0
0,0,0,0,10.0,1,0
0,0,0,0,13.0,2,0
0,0,0,0,17.0,1,0
0,0,0,0,8.0,1,0
0,0,0,0,6.0,1,0
0,0,0,0,8.0,1,0
0,0,0,0,12.0,1,0
0,0,0,0,13.0,1,0
0,0,0,0,15.0,1,0
0,0,0,0,18.0,1,0
0,0,0,0,22.0,1,0
0,0,0,0,22.0,1,0
0,0,0,0,22.0,1,0
0,0,0,0,8.0,1,0
0,0,0,0,15.0,1,0
0,0,0,0,7.0,1,0
0,0,0,0,20.0,1,0
0,0,0,0,14.0,1,0
0,0,0,0,18.0,1,0
0,0,0,0,11.0,1,0
0,0,0,0,11.0,1,0
0,0,0,0,10.0,1,0
0,0,0,0,16.0,1,0
0,0,0,0,12.0,1,0
0,0,0,0,22.0,1,0
0,0,0,0,13.666666666666666,10,1
0,0,0,0,10.0,3,0
0,0,0,0,17.0,5,0
0,0,0,0,12.625,8,0
0,0,0,0,13.333333333333334,3,0
0,0,0,0,16.11111111111111,9,0
0,0,0,0,9.571428571428571,10,1
0,0,0,0,17.5,2,0
0,0,0,0,14.0,1,0
0,0,0,0,10.0,1,0
0,0,0,0,18.0,1,0
0,0,0,0,8.0,1,0
0,0,0,0,10.0,1,0
0,0,0,0,14.0,2,0
0,0,0,1,15.181818181818182,8,0
0,0,0,0,13.5,2,0
0,0,0,0,9.5,4,0
0,0,0,0,15.285714285714286,5,0
0,0,0,0,11.25,4,0
0,0,0,0,2.0,1,0
0,0,0,0,17.0,1,0
0,0,0,0,18.8,4,0
0,0,0,0,13.333333333333334,3,0
0,0,0,0,12.0,2,0
0,0,0,0,11.333333333333334,3,0
0,0,0,0,11.333333333333334,2,0
0,0,0,0,8.0,1,0
0,0,0,0,1.0,1,0
0,0,0,0,0.0,1,0
0,0,0,0,23.0,1,0
0,0,0,0,14.0,1,0
0,0,0,0,13.0,1,0
0,0,0,0,14.5,2,0
0,0,0,0,8.0,1,0
0,0,0,0,19.666666666666668,6,0
0,0,0,0,14.619047619047619,17,1
0,0,0,1,11.642857142857142,13,1
0,0,0,0,16.5625,13,1
0,0,0,0,8.882352941176471,13,1
0,0,0,0,14.705882352941176,14,1
0,0,0,0,15.0,2,0
0,0,0,0,13.8,5,0
0,0,0,0,14.75,7,0
0,0,0,0,13.0,1,0
0,0,0,0,14.625,7,0
0,0,0,0,19.75,2,0
0,0,0,0,10.090909090909092,10,0
0,0,0,0,14.0,7,0
0,0,0,0,19.0,1,0
0,0,0,0,17.0,1,0
0,0,0,0,1.0,1,0
0,0,0,0,20.0,1,0
0,0,0,0,9.0,1,0
0,0,0,0,7.0,1,0
0,0,0,0,15.0,1,0
0,0,0,0,8.0,1,0
0,0,0,0,13.0,1,0
0,0,0,0,1.0,1,0
0,0,0,0,21.0,1,0
0,0,0,0,23.0,1,0
0,0,0,0,0.0,1,0
0,0,0,0,18.0,1,0
0,0,0,0,16.0,1,0
0,0,0,0,17.0,1,0
0,0,0,0,8.0,1,0
0,0,0,0,7.0,1,0
0,0,0,0,8.75,3,0
0,0,0,0,6.0,1,0
0,0,0,0,16.0,1,0
0,0,0,0,20.0,1,0
0,0,0,0,9.0,1,0
0,0,0,0,8.0,1,0
0,0,0,0,9.0,1,0
0,0,0,0,18.0,2,0
0,0,0,0,17.0,1,0
0,0,0,0,17.0,1,0
0,0,0,0,19.0,2,0
0,0,0,0,22.0,1,0
0,0,0,0,12.333333333333334,3,0
0,0,0,0,13.5,2,0
0,0,0,0,7.0,1,0
0,0,0,0,7.0,1,0
0,0,0,0,23.0,1,0
0,0,0,0,10.0,1,0
0,0,0,0,12.5,2,0
0,0,0,0,1.0,1,0
0,0,0,0,7.0,1,0
0,0,0,0,22.0,1,0
0,0,0,0,18.0,1,0
0,0,0,0,12.0,1,0
0,0,0,0,23.0,1,0
0,0,0,0,23.0,1,0
0,0,0,0,13.0,1,0
0,0,0,0,13.0,1,0
0,0,0,0,15.0,1,0
0,0,0,0,8.0,1,0
0,0,0,0,15.0,1,0
0,0,0,0,20.0,2,0
0,0,0,0,23.0,1,0
0,0,0,0,14.0,3,0
0,0,0,0,3.5,2,0
0,0,0,0,19.0,2,0
0,0,0,0,18.4,4,0
0,0,0,0,6.909090909090909,7,0
0,0,0,0,18.571428571428573,5,0
0,0,0,0,6.818181818181818,8,0
0,0,0,0,14.222222222222221,16,1
0,0,0,0,6.0,6,0
0,0,0,0,12.95,16,1
0,0,0,1,14.32258064516129,24,1
0,0,0,2,15.344827586206897,19,1
0,0,0,0,12.1,10,0
0,0,0,0,13.761904761904763,17,1
0,0,0,2,11.470588235294118,16,1
0,0,0,1,13.08695652173913,22,1
0,0,0,0,15.217391304347826,21,1
0,0,0,0,13.538461538461538,13,1
0,0,0,0,15.375,7,0
0,0,0,0,12.5,6,0
0,0,0,0,11.857142857142858,7,0
0,0,0,0,11.1,8,0
0,0,0,0,11.0,1,0
0,0,0,0,10.0,1,0
0,0,0,0,9.0,1,0
0,0,0,0,17.0,1,0
0,0,0,0,21.0,1,0
0,0,0,0,3.0,1,0
0,0,0,0,8.0,1,0
0,0,0,0,20.0,3,0
0,0,0,0,17.5,2,0
0,0,0,0,7.0,1,0
0,0,0,0,1.0,1,0
0,0,0,0,13.0,1,0
0,0,0,0,3.0,1,0
0,0,0,0,19.0,1,0
0,0,0,0,23.0,1,0
0,0,0,0,17.0,1,0
0,0,0,0,23.0,1,0
0,0,0,0,12.333333333333334,2,0
0,0,0,0,16.0,1,0
0,0,0,0,15.0,2,0
0,0,0,0,17.0,1,0
0,0,0,0,21.0,1,0
0,0,0,0,9.0,2,0
0,0,0,0,14.0,1,0
0,0,0,0,9.333333333333334,3,0
0,0,0,0,21.0,1,0
0,0,0,0,6.0,1,0
0,0,0,0,17.5,2,0
0,0,0,0,18.0,1,0
0,0,0,0,19.0,1,0
0,0,0,0,7.0,1,0
0,0,0,0,22.0,1,0
0,0,0,0,20.0,1,0
0,0,0,0,23.0,1,0
0,0,0,1,13.5,2,0
0,0,0,0,13.0,3,0
0,0,0,0,23.0,1,0
0,0,0,0,12.0,2,0
0,0,0,0,9.5,2,0
0,0,0,0,6.0,2,0
0,0,0,0,2.0,1,0
0,0,0,0,1.0,1,0
0,0,0,0,17.0,1,0
0,0,0,0,7.0,1,0
0,0,0,0,16.0,6,0
0,0,0,0,10.5,2,0
0,0,0,0,20.0,4,0
0,0,0,1,14.4,4,0
0,0,0,0,10.75,4,0
0,0,0,0,9.0,2,0
0,0,0,1,12.8,5,0
0,0,0,0,11.0,1,0
0,0,0,2,14.181818181818182,8,0
0,0,0,0,15.666666666666666,2,0
0,0,0,0,22.0,2,0
0,0,0,0,17.0,1,0
0,0,0,3,15.4,3,0
0,0,0,0,5.6,5,0
0,0,0,0,18.0,1,0
0,0,0,0,19.0,1,0
0,0,0,0,9.0,1,0
0,0,0,0,22.0,1,0
0,0,0,0,8.2,4,0
0,0,0,0,6.0,1,0
0,0,0,0,21.0,1,0
0,0,0,0,17.0,1,0
0,0,0,0,6.0,1,0
0,0,0,0,21.0,1,0
0,0,0,0,8.0,1,0
0,0,0,0,23.0,1,0
0,0,0,0,15.0,1,0
0,0,0,0,15.0,1,0
0,0,0,0,4.5,2,0
0,0,0,0,17.0,1,0
0,0,0,0,14.0,1,0
0,0,0,0,23.0,1,0
0,0,0,0,9.4,5,0
0,0,0,0,3.0,1,0
0,0,0,0,18.0,1,0
0,0,0,0,9.0,1,0
0,0,0,2,14.333333333333334,2,0
0,0,0,0,11.8,4,0
0,0,0,0,14.0,5,0
0,0,0,0,8.0,3,0
0,0,0,0,12.0,2,0
0,0,0,0,14.0,1,0
0,0,0,0,20.0,1,0
0,0,0,0,11.0,1,0
0,0,0,0,18.0,1,0
0,0,0,0,20.0,1,0
0,0,0,0,22.5,2,0
0,0,0,0,18.0,1,0
0,0,0,0,13.333333333333334,3,0
0,0,0,0,10.5,3,0
0,0,0,0,22.0,1,0
0,0,0,1,14.6,5,0
0,0,0,0,11.5,2,0
0,0,0,0,6.5,2,0
0,0,0,0,12.727272727272727,9,0
0,0,0,0,14.5,6,0
0,0,0,1,19.8,4,0
0,0,0,0,12.642857142857142,14,1
0,0,0,0,8.833333333333334,4,0
0,0,0,0,14.666666666666666,5,0
0,0,0,0,20.0,1,0
0,0,0,0,10.333333333333334,3,0
0,0,0,0,13.0,1,0
0,0,0,0,8.5,2,0
0,0,0,0,11.5,2,0
0,0,0,0,15.0,2,0
0,0,0,0,14.0,2,0
0,0,0,0,21.0,1,0
0,0,0,0,16.0,1,0
0,0,0,0,6.0,1,0
0,0,0,0,22.0,1,0
0,0,0,0,8.0,1,0
0,0,0,0,7.0,1,0
0,0,0,0,9.153846153846153,10,1
0,0,1,1,14.818181818181818,11,0
0,0,0,0,13.777777777777779,8,0
0,0,0,0,13.9,8,0
0,0,0,0,14.5,4,0
0,0,0,0,8.0,1,0
0,0,0,0,12.8,5,0
0,0,0,0,10.11111111111111,9,0
0,0,0,0,9.5,2,0
0,0,0,0,7.333333333333333,6,0
0,0,0,0,10.666666666666666,3,0
0,0,0,0,9.0,1,0
0,0,0,0,7.0,1,0
0,0,0,0,1.0,1,0
0,0,0,0,18.0,1,0
0,0,0,0,8.0,1,0
0,0,0,0,19.0,1,0
0,0,0,0,14.0,1,0
0,0,0,0,10.333333333333334,3,0
0,0,0,0,22.0,1,0
0,0,0,0,0.0,1,0
0,0,0,0,22.0,1,0
0,0,0,0,4.333333333333333,2,0
0,0,0,0,4.0,1,0
0,0,0,0,8.0,1,0
0,0,0,0,9.0,1,0
0,0,0,0,18.0,1,0
0,0,0,0,23.0,1,0
0,0,0,0,22.0,1,0
0,0,0,0,7.0,1,0
0,0,0,0,17.0,1,0
0,0,0,0,19.0,1,0
0,0,0,0,16.0,2,0
0,0,0,0,5.0,2,0
0,0,0,0,17.0,1,0
0,0,0,0,12.0,1,0
0,0,0,0,11.0,1,0
0,0,0,0,16.714285714285715,4,0
0,0,0,0,14.0,2,0
0,0,0,0,21.0,1,0
0,0,0,0,16.0,1,0
0,0,0,0,7.0,1,0
0,0,0,0,15.0,1,0
0,0,0,0,22.0,1,0
0,0,0,0,22.0,1,0
0,0,0,0,0.0,1,0
0,0,0,0,10.0,1,0
0,0,0,0,19.333333333333332,6,0
0,0,0,0,11.333333333333334,3,0
0,0,0,0,9.5,2,0
0,0,0,0,12.0,2,0
0,0,0,0,16.0,1,0
0,0,0,0,15.0,2,0
0,0,0,0,17.0,2,0
0,0,0,0,14.5,4,0
0,0,0,0,10.0,1,0
0,0,0,0,4.0,1,0
0,0,0,0,22.0,1,0
0,0,0,0,8.0,1,0
0,0,0,0,8.0,1,0
0,0,0,0,12.0,1,0
0,0,0,0,17.0,1,0
0,0,0,0,2.0,1,0
0,0,0,0,23.0,1,0
0,0,0,0,22.0,1,0
0,0,0,0,22.0,1,0
0,0,0,0,20.0,1,0
0,0,0,0,16.0,1,0
0,0,0,0,17.0,1,0
0,0,0,0,22.0,1,0
0,0,0,0,23.0,1,0
0,0,0,0,10.0,1,0
0,0,0,0,18.0,1,0
0,0,0,0,10.0,1,0
0,0,0,0,5.0,2,0
0,0,0,0,22.0,1,0
0,0,0,0,19.0,1,0
0,0,0,0,12.0,1,0
0,0,0,0,23.0,1,0
0,0,0,0,18.0,1,0
0,0,0,0,23.0,1,0
0,0,0,0,22.0,1,0
0,0,0,0,23.0,1,0
0,0,0,0,0.0,1,0
0,0,0,0,22.0,1,0
0,0,0,0,23.0,1,0
0,0,0,0,0.0,1,0
0,0,0,0,8.0,1,0
0,0,0,0,0.0,1,0
0,0,0,0,23.0,1,0
0,0,0,0,14.0,1,0
0,0,0,0,13.0,1,0
0,0,0,0,18.0,1,0
0,0,0,0,14.0,1,0
0,0,0,0,22.0,1,0
0,0,0,0,19.0,1,0
0,0,0,0,22.0,1,0
0,0,0,0,21.0,1,0
0,0,0,0,22.0,1,0
0,0,0,0,0.0,1,0
0,0,0,0,23.0,1,0
0,0,0,0,13.0,1,0
0,0,0,0,15.0,1,0
0,0,0,0,0.0,1,0
0,0,0,0,2.0,1,0
0,0,0,0,1.0,1,0
0,0,0,0,21.0,1,0
0,0,0,0,8.0,1,0
0,0,0,0,7.5,2,0
0,0,0,0,18.333333333333332,2,0
0,0,0,0,21.0,1,0
0,0,0,0,0.0,1,0
0,0,0,0,16.5,2,0
0,0,0,0,9.0,2,0
0,0,0,0,2.0,1,0
0,0,0,0,10.0,1,0
0,0,0,0,3.0,1,0
0,0,0,0,11.5,2,0
0,0,0,0,18.0,1,0
0,0,0,0,12.5,2,0
0,0,0,0,14.666666666666666,3,0
0,0,0,0,9.0,1,0
0,0,0,0,7.5,2,0
0,0,0,0,4.0,2,0
0,0,0,0,11.666666666666666,3,0
0,0,0,0,8.6,5,0
0,0,0,0,12.4,5,0
0,0,0,0,23.0,1,0
0,0,0,0,18.5,2,0
0,0,0,0,6.8,4,0
0,0,0,0,11.666666666666666,3,0
0,0,0,0,9.5,2,0
0,0,0,0,17.666666666666668,3,0
0,0,0,0,22.0,1,0
0,0,0,0,18.5,2,0
0,0,0,0,18.0,1,0
0,0,0,0,13.5,2,0
0,0,0,0,16.666666666666668,2,0
0,0,0,0,14.333333333333334,5,0
0,0,0,0,23.0,1,0
0,0,0,0,11.5,2,0
0,0,0,0,8.5,2,0
0,0,0,0,20.0,1,0
0,0,0,0,0.0,1,0
0,0,0,0,13.0,1,0
0,0,0,0,4.333333333333333,2,0
0,0,0,0,13.0,2,0
0,0,0,0,8.333333333333334,3,0
0,0,0,0,16.5,3,0
0,0,0,0,14.333333333333334,3,0
0,0,0,0,7.0,7,0
0,0,0,0,3.0,1,0
0,0,0,0,8.0,3,0
0,0,0,0,21.0,2,0
0,0,0,0,13.428571428571429,6,0
0,0,0,0,8.666666666666666,10,1
0,0,0,0,5.909090909090909,8,0
0,0,0,0,16.666666666666668,7,0
0,0,0,1,13.4,4,0
0,0,0,0,14.666666666666666,2,0
0,0,0,0,14.0,1,0
0,0,0,0,3.0,1,0
0,0,0,0,2.0,1,0
0,0,0,0,11.0,1,0
0,0,0,0,12.0,1,0
0,0,0,0,21.0,1,0
0,0,0,0,16.666666666666668,2,0
0,0,0,0,12.333333333333334,3,0
0,0,0,0,18.0,1,0
0,0,0,0,5.0,1,0
0,0,0,0,14.0,1,0
0,0,0,0,9.0,1,0
0,0,0,0,20.0,2,0
0,0,0,0,13.0,2,0
0,0,0,0,16.0,1,0
0,0,0,0,16.0,1,0
0,0,0,0,9.0,1,0
0,0,0,0,3.0,1,0
0,0,0,0,11.0,1,0
0,0,0,0,14.0,1,0
0,0,0,0,16.0,1,0
0,0,0,0,10.5,2,0
0,0,0,0,10.571428571428571,5,0
0,0,0,0,9.0,3,0
0,0,0,0,7.0,2,0
0,0,0,0,12.0,1,0
0,0,0,0,8.0,1,0
0,0,0,0,11.5,2,0
0,0,0,0,18.0,1,0
0,0,0,0,11.666666666666666,2,0
0,0,0,0,9.0,1,0
0,0,0,0,17.0,1,0
0,0,0,0,11.666666666666666,2,0
0,0,0,0,14.666666666666666,2,0
0,0,0,0,23.0,1,0
0,0,0,0,7.0,1,0
0,0,0,0,14.0,7,0
0,0,0,0,13.333333333333334,3,0
0,0,0,0,8.25,4,0
0,0,0,0,14.666666666666666,5,0
0,0,0,0,11.333333333333334,2,0
0,0,0,0,23.0,1,0
0,0,0,0,9.0,1,0
0,0,0,0,23.0,1,0
0,0,0,0,2.0,1,0
0,0,0,0,1.0,1,0
0,0,0,0,19.0,1,0
0,0,0,0,23.0,1,0
0,0,0,0,8.0,1,0
0,0,0,0,21.0,1,0
0,0,0,0,15.0,1,0
0,0,0,0,8.0,2,0
0,0,0,0,13.25,4,0
0,0,0,0,19.0,1,0
0,0,0,0,14.0,1,0
0,0,0,0,13.0,1,0
0,0,0,0,22.0,1,0
0,0,0,0,19.0,1,0
0,0,0,0,5.0,2,0
0,0,0,0,20.0,1,0
0,0,0,0,23.0,1,0
0,0,0,0,15.25,6,0
0,0,0,0,10.0,3,0
0,0,0,0,16.857142857142858,7,0
0,0,0,0,9.5,2,0
0,0,0,0,14.333333333333334,3,0
0,0,0,0,15.0,3,0
0,0,0,0,16.5,2,0
0,0,0,0,9.5,2,0
0,0,0,0,9.0,3,0
0,0,0,0,18.0,1,0
0,0,0,0,5.0,3,0
0,0,0,0,10.2,3,0
0,0,0,0,8.714285714285714,7,0
0,0,0,0,15.0,3,0
0,0,0,0,11.6,5,0
0,0,0,1,12.5,4,0
0,0,0,0,16.333333333333332,3,0
0,0,0,0,14.0,1,0
0,0,0,0,23.0,1,0
0,0,0,0,4.0,1,0
0,0,0,0,17.0,1,0
0,0,0,0,12.0,2,0
0,0,0,0,1.0,2,0
0,0,0,0,22.0,1,0
0,0,0,0,14.0,1,0
0,0,0,0,1.0,1,0
0,0,0,0,15.5,5,0
0,0,0,0,0.0,1,0
0,0,0,0,16.0,1,0
0,0,0,0,14.666666666666666,3,0
0,0,0,0,9.666666666666666,3,0
0,0,0,0,7.166666666666667,5,0
0,0,0,0,8.0,1,0
0,0,0,0,20.0,2,0
0,0,0,0,8.5,2,0
0,0,0,0,10.5,6,0
0,0,0,0,14.5,4,0
0,0,0,0,7.0,3,0
0,0,0,0,14.555555555555555,12,1
0,0,0,0,21.666666666666668,2,0
0,0,0,0,18.0,1,0
0,0,0,0,22.0,1,0
0,0,0,0,8.0,1,0
0,0,0,0,18.0,1,0
0,0,0,0,13.0,1,0
0,0,0,0,5.0,1,0
0,0,0,0,14.0,1,0
0,0,0,0,9.0,1,0
0,0,0,0,23.0,1,0
0,0,0,0,1.0,1,0
0,0,0,0,17.0,1,0
0,0,0,0,13.0,1,0
0,0,0,0,9.0,1,0
0,0,0,0,1.0,1,0
0,0,0,0,10.0,1,0
0,0,0,0,11.0,3,0
0,0,0,0,12.0,1,0
0,0,0,0,9.0,1,0
0,0,0,0,23.0,1,0
0,0,0,0,8.0,1,0
0,0,0,0,11.0,1,0
0,0,0,0,13.0,1,0
0,0,0,0,18.2,3,0
0,0,0,0,7.4,3,0
0,0,0,0,15.75,4,0
0,0,0,0,8.68421052631579,16,1
0,0,0,0,12.714285714285714,21,1
0,0,0,0,13.210526315789474,16,1
0,0,0,0,11.037037037037036,20,1
0,0,0,0,15.31578947368421,15,1
0,0,0,1,14.5625,13,1
0,0,0,0,10.3125,15,1
0,0,1,0,10.0,11,0
0,0,0,0,10.529411764705882,14,1
0,0,0,0,12.9375,16,1
0,0,0,2,8.75,13,1
0,0,0,0,11.421052631578947,32,1
0,0,0,3,10.823529411764707,25,1
0,0,0,0,13.305555555555555,33,1
0,0,0,0,9.025,28,1
0,0,0,0,18.0,8,0
0,0,0,2,14.68421052631579,17,1
0,0,0,0,10.88888888888889,8,0
0,0,0,0,14.0,2,0
0,0,0,0,22.0,1,0
0,0,0,0,15.0,1,0
0,0,0,0,9.0,1,0
0,0,0,0,9.0,1,0
0,0,0,0,9.0,1,0
0,0,0,0,8.0,1,0
0,0,0,0,9.0,1,0
0,0,0,0,10.0,1,0
0,0,0,0,21.0,1,0
0,0,0,0,10.0,1,0
0,0,0,0,23.0,1,0
0,0,0,0,1.0,1,0
0,0,0,0,15.0,1,0
0,0,0,0,9.0,1,0
0,0,0,0,22.0,1,0
0,0,0,0,12.0,1,0
0,0,0,0,11.153846153846153,10,1
0,0,0,0,13.333333333333334,4,0
0,0,0,0,17.818181818181817,8,0
0,0,0,0,11.9375,12,1
0,0,0,0,15.777777777777779,8,0
0,0,0,0,12.375,7,0
0,0,0,0,8.0,2,0
0,0,0,0,10.0,14,1
0,0,0,0,9.0,10,0
0,0,0,0,14.714285714285714,6,0
0,0,0,0,13.25,4,0
0,0,0,0,3.0,1,0
0,0,0,0,10.818181818181818,11,0
0,0,0,0,13.133333333333333,26,1
0,0,0,0,10.538461538461538,9,1
0,0,0,0,11.88888888888889,9,0
0,0,0,0,12.0,4,0
0,0,0,0,13.0,3,0
0,0,0,0,18.0,1,0
0,0,0,0,16.0,1,0
0,0,0,0,7.0,1,0
0,0,0,0,12.0,1,0
0,0,0,0,8.0,1,0
0,0,0,0,8.0,1,0
0,0,0,0,23.0,1,0
0,0,0,0,19.0,1,0
0,0,0,0,18.0,1,0
0,0,0,0,9.0,1,0
0,0,0,0,15.5,2,0
0,0,0,0,10.0,1,0
0,0,0,0,9.0,1,0
0,0,0,0,11.0,1,0
0,0,0,0,10.5,2,0
0,0,0,0,0.0,1,0
0,0,0,0,0.0,1,0
0,0,0,0,0.0,1,0
0,0,0,0,16.0,1,0
0,0,0,0,11.0,1,0
0,0,0,0,10.0,1,0
0,0,0,0,0.0,1,0
0,0,0,0,13.0,1,0
0,0,0,0,10.0,1,0
0,0,0,0,4.666666666666667,2,0
0,0,0,0,12.5,2,0
0,0,0,0,23.0,1,0
0,0,0,0,11.0,1,0
0,0,0,0,10.0,1,0
0,0,0,0,0.0,1,0
0,0,0,0,21.0,1,0
0,0,0,0,14.0,2,0
0,0,0,1,17.0,1,0
0,0,0,0,10.0,1,0
0,0,0,0,9.0,1,0
0,0,0,0,14.5,2,0
0,0,0,0,15.0,2,0
0,0,0,0,5.333333333333333,2,0
0,0,0,0,19.333333333333332,3,0
0,0,0,0,11.2,5,0
0,0,0,0,10.0,1,0
0,0,0,0,14.0,1,0
0,0,0,0,8.0,1,0
0,0,0,0,13.0,1,0
0,0,0,0,8.0,1,0
0,0,0,0,20.0,1,0
0,0,0,0,22.0,1,0
0,0,0,0,3.0,1,0
0,0,0,0,19.0,1,0
0,0,0,0,23.0,1,0
0,0,0,0,15.0,1,0
0,0,0,0,11.0,1,0
0,0,0,0,16.333333333333332,2,0
0,0,0,0,17.0,1,0
0,0,0,0,20.0,1,0
0,0,0,0,12.0,1,0
0,0,0,0,22.0,1,0
0,0,0,0,9.0,1,0
0,0,0,0,22.0,1,0
0,0,0,0,13.0,1,0
0,0,0,0,4.0,1,0
0,0,0,0,9.0,2,0
0,0,0,0,6.333333333333333,2,0
0,0,0,0,18.0,1,0
0,0,0,0,9.0,1,0
0,0,0,0,18.0,1,0
0,0,0,0,11.0,1,0
0,0,0,0,13.0,1,0
0,0,0,0,23.0,1,0
0,0,0,0,8.0,1,0
0,0,0,0,23.0,1,0
0,0,0,0,8.0,1,0
0,0,0,0,0.0,1,0
0,0,0,0,21.0,1,0
0,0,0,0,7.0,1,0
0,0,0,0,23.0,1,0
0,0,0,0,14.0,1,0
0,0,0,0,23.0,1,0
0,0,0,0,10.0,1,0
0,0,0,0,22.0,1,0
0,0,0,0,2.0,1,0
0,0,0,0,16.0,1,0
0,0,0,0,21.0,1,0
0,0,0,0,7.0,1,0
0,0,0,0,21.0,1,0
0,0,0,0,21.0,1,0
0,0,0,0,22.0,1,0
0,0,0,0,21.0,1,0
0,0,0,0,10.0,1,0
0,0,0,0,10.0,1,0
0,0,0,0,12.0,1,0
0,0,0,0,8.0,1,0
0,0,0,0,8.0,1,0
0,0,0,0,11.0,1,0
0,0,0,0,16.0,1,0
0,0,0,0,21.0,1,0
0,0,0,0,12.0,1,0
0,0,0,0,7.0,1,0
0,0,0,0,0.0,1,0
0,0,0,0,9.0,1,0
0,0,0,0,16.0,1,0
0,0,0,0,12.0,1,0
0,0,0,0,11.0,1,0
0,0,0,0,8.0,1,0
0,0,0,0,9.0,1,0
0,0,0,0,1.0,1,0
0,0,0,0,14.0,1,0
0,0,0,0,18.0,2,0
0,0,0,0,20.0,1,0
0,0,0,0,21.666666666666668,2,0
0,0,0,0,19.0,1,0
0,0,0,0,14.375,4,0
0,0,0,0,3.0,1,0
0,0,0,0,17.0,1,0
0,0,0,0,12.333333333333334,2,0
0,0,0,0,10.0,1,0
0,0,0,0,10.0,1,0
0,0,0,0,23.0,1,0
0,0,0,0,15.0,1,0
0,0,0,0,8.0,1,0
0,0,0,0,8.0,1,0
0,0,0,0,17.0,1,0
0,0,0,0,17.0,1,0
0,0,0,0,6.0,1,0
0,0,0,0,21.0,1,0
0,0,0,0,11.0,1,0
0,0,0,0,20.0,1,0
0,0,0,0,8.0,1,0
0,0,0,0,19.0,1,0
0,0,0,0,19.0,1,0
0,0,0,0,22.0,1,0
0,0,0,4,5.0,1,0
0,0,0,3,19.0,1,0
0,0,0,0,0.0,1,0
0,0,0,0,15.0,1,0
0,0,0,0,9.0,1,0
0,0,0,0,18.0,1,0
0,0,0,0,22.0,1,0
0,0,0,0,21.0,1,0
0,0,0,0,20.0,1,0
0,0,0,0,13.0,1,0
0,0,0,0,16.6,3,0
0,0,0,0,18.5,3,0
0,0,0,0,13.666666666666666,3,0
0,0,0,0,22.0,2,0
0,0,0,0,2.0,1,0
0,0,0,0,14.333333333333334,7,0
0,0,0,0,22.0,1,0
0,0,0,0,12.75,3,0
0,0,0,0,23.0,1,0
0,0,0,0,10.666666666666666,2,0
0,0,0,0,19.0,1,0
0,0,0,0,20.0,1,0
0,0,0,0,0.0,1,0
0,0,0,0,14.0,2,0
0,0,0,0,21.0,1,0
0,0,0,0,17.666666666666668,2,0
0,0,0,0,8.0,1,0
0,0,0,0,12.333333333333334,2,0
0,0,0,0,22.0,1,0
0,0,0,0,11.0,1,0
0,0,0,0,16.0,1,0
0,0,0,0,14.0,1,0
0,0,0,0,22.0,1,0
0,0,0,0,20.0,1,0
0,0,0,0,18.0,1,0
0,0,0,0,7.0,1,0
0,0,0,0,8.0,1,0
0,0,0,0,17.0,1,0
0,0,0,0,23.0,1,0
0,0,0,0,19.6,3,0
0,0,0,0,22.0,1,0
0,0,0,0,11.0,2,0
0,0,0,0,17.0,1,0
0,0,0,0,13.333333333333334,2,0
0,0,0,0,15.875,2,0
0,0,0,0,22.0,1,0
0,0,0,0,12.0,1,0
0,0,0,0,16.0,1,0
0,0,0,0,6.0,1,0
0,0,0,0,11.5,2,0
0,0,0,0,20.0,1,0
0,0,0,0,18.0,1,0
0,0,0,0,17.0,1,0
0,0,0,0,19.0,1,0
0,0,0,0,19.0,1,0
0,0,0,0,21.0,1,0
0,0,0,0,15.0,1,0
0,0,0,0,21.0,1,0
0,0,0,0,17.0,1,0
0,0,0,0,0.0,1,0
0,0,0,0,19.0,1,0
0,0,0,0,14.0,1,0
0,0,0,0,10.0,1,0
0,0,0,0,23.0,1,0
0,0,0,0,12.0,1,0
0,0,0,0,1.0,1,0
0,0,0,0,12.5,2,0
0,0,0,0,18.0,1,0
0,0,0,0,17.0,1,0
0,0,0,0,17.0,1,0
0,0,0,0,17.0,1,0
0,0,0,0,18.0,1,0
0,0,0,0,14.0,1,0
0,0,0,0,11.333333333333334,3,0
0,0,0,0,19.0,1,0
0,0,0,1,12.0,3,0
0,0,0,0,13.6,6,0
0,0,0,0,8.5,2,0
0,0,0,0,9.5,4,0
0,0,0,0,11.0,1,0
0,0,0,0,23.0,1,0
0,0,0,0,16.0,1,0
0,0,0,0,22.0,1,0
0,0,0,0,20.0,1,0
0,0,0,0,15.0,1,0
0,0,0,0,12.0,1,0
0,0,0,0,14.0,1,0
0,0,0,0,10.0,1,0
0,0,0,0,18.0,1,0
0,0,0,0,17.0,1,0
0,0,0,0,22.0,1,0
0,0,0,0,11.0,1,0
0,0,0,0,14.0,1,0
0,0,0,0,21.0,1,0
0,0,0,0,9.0,1,0
0,0,0,0,17.0,1,0
0,0,0,0,23.0,1,0
0,0,0,0,0.0,1,0
0,0,0,0,16.0,1,0
0,0,0,6,13.0,1,0
0,0,0,0,19.0,1,0
0,0,0,0,14.0,1,0
0,0,0,0,15.0,1,0
0,0,0,0,16.0,1,0
0,0,0,0,7.0,1,0
0,0,0,0,21.0,1,0
0,0,0,0,16.0,1,0
0,0,0,0,23.0,1,0
